timestamps,Fz,C3,Cz,C4,Pz,PO7,Oz,PO8,stim
1762651844.7229078,72837.0078125,72563.15625,73123.5546875,72916.3984375,73012.0625,73106.2109375,73203.21875,73365.578125,0.0
1762651844.7253711,73566.03125,73292.0859375,73853.1171875,73645.515625,73741.1796875,73835.1484375,73932.78125,74095.6796875,0.0
1762651844.72764,73409.4765625,73135.265625,73696.65625,73488.875,73584.2734375,73678.8671875,73776.40625,73938.9453125,0.0
1762651844.7307868,72604.3671875,72330.15625,72890.828125,72683.671875,72779.1640625,72873.6640625,72970.578125,73132.765625,0.0
1762651844.7331152,72869.375,72595.1640625,73155.5625,72948.8515625,73044.0703125,73138.3984375,73235.3125,73397.765625,0.0
1762651844.7355127,73720.3515625,73445.78125,74006.8984375,73799.5625,73894.9609375,73988.65625,74086.5625,74249.640625,0.0
1762651844.7482708,73704.96875,73430.3125,73991.34375,73784.453125,73879.5859375,73973.3671875,74071.2734375,74234.53125,0.0
1762651844.7483473,72931.6015625,72657.5703125,73217.96875,73010.6328125,73106.390625,73200.1796875,73297.71875,73460.265625,0.0
1762651844.7508783,72919.2578125,72645.2265625,73205.8984375,72998.65625,73094.0546875,73188.109375,73285.4765625,73447.75,0.0
1762651844.750954,73840.3359375,73565.9453125,74126.96875,73919.90625,74014.765625,74109.0,74206.71875,74369.890625,0.0
1762651844.7530603,73971.3125,73697.1953125,74258.0390625,74051.15625,74145.921875,74240.0703125,74337.703125,74501.046875,0.0
1762651844.7552726,73282.4296875,73008.21875,73568.984375,73362.09375,73456.7734375,73551.546875,73648.640625,73811.2734375,0.0
1762651844.755324,73000.4453125,72726.5859375,73286.8125,73079.75,73175.0546875,73269.3828125,73366.65625,73529.109375,0.0
1762651844.75819,73927.7734375,73653.3828125,74214.140625,74007.1640625,74102.1171875,74196.0859375,74294.1640625,74457.2421875,0.0
1762651844.7606337,74211.015625,73936.7109375,74497.65625,74290.5859375,74385.625,74479.5,74577.671875,74740.9296875,0.0
1762651844.7628324,73640.421875,73366.296875,73926.96875,73719.9921875,73815.1171875,73909.0859375,74006.984375,74169.6171875,0.0
1762651844.7657833,73128.1171875,72854.0859375,73414.484375,73207.328125,73302.90625,73397.0546875,73494.1484375,73656.8671875,0.0
1762651844.7658591,73984.8125,73710.15625,74271.5390625,74064.03125,74159.25,74253.2109375,74351.203125,74514.28125,0.0
1762651844.770642,74424.25,74150.0390625,74711.2421875,74503.8203125,74598.859375,74692.6484375,74790.8203125,74954.609375,0.0
1762651844.773379,73989.5546875,73715.6953125,74276.4609375,74068.9453125,74164.34375,74258.578125,74356.125,74519.2890625,0.0
1762651844.7759323,73307.5546875,73033.2578125,73594.375,73386.4140625,73482.34375,73576.4921875,73673.859375,73836.578125,0.0
1762651844.776012,74016.4609375,73742.0703125,74303.546875,74095.9453125,74191.34375,74285.578125,74382.8515625,74546.2890625,0.0
1762651844.778099,74612.5390625,74337.6171875,74899.4453125,74692.109375,74787.15625,74881.296875,74979.109375,75142.6328125,0.0
1762651844.785627,74322.953125,74047.9375,74609.5,74402.2578125,74497.5625,74591.4375,74689.34375,74852.7734375,0.0
1762651844.8207498,73542.4296875,73268.125,73829.3359375,73621.734375,73717.3046875,73811.1875,73908.8203125,74071.5390625,0.0
1762651844.8208258,74040.0703125,73765.5,74326.8828125,74119.640625,74214.765625,74308.9140625,74406.3671875,74569.7109375,0.0
1762651844.8229067,74779.375,74504.5390625,75066.28125,74858.765625,74953.71875,75047.6875,75145.765625,75310.09375,0.0
1762651844.8229833,74633.1953125,74358.8046875,74920.4609375,74712.9453125,74807.8046875,74902.1328125,75000.2109375,75164.1796875,0.0
1762651844.825276,73824.0625,73549.578125,74111.0546875,73903.8125,73998.671875,74093.171875,74190.6328125,74354.0625,0.0
1762651844.8282113,74059.734375,73785.4375,74346.640625,74139.484375,74234.53125,74328.765625,74426.3046875,74590.1015625,0.0
1762651844.8306096,74917.953125,74643.296875,75204.953125,74997.6171875,75092.7421875,75186.625,75284.703125,75449.03125,0.0
1762651844.833115,74915.8984375,74641.5078125,75202.984375,74995.828125,75090.5078125,75184.2109375,75282.734375,75446.796875,0.0
1762651844.835601,74145.75,73871.7109375,74432.921875,74225.5,74320.4453125,74414.4140625,74512.3125,74675.84375,0.0
1762651844.838163,74106.9453125,73833.0,74394.03125,74187.3203125,74281.8203125,74375.7890625,74473.6953125,74637.3046875,0.0
1762651844.8382401,75030.4296875,74756.125,75317.6015625,75111.0703125,75205.3984375,75299.0078125,75397.8046875,75561.5078125,0.0
1762651844.8403308,75175.359375,74900.609375,75462.3515625,75255.2890625,75349.609375,75443.3125,75542.28125,75705.984375,0.0
1762651844.840436,74492.375,74217.8125,74779.375,74572.125,74666.5390625,74760.8671875,74858.765625,75022.3828125,0.0
1762651844.8431156,74184.3671875,73909.9765625,74471.0078125,74264.03125,74358.8046875,74453.3046875,74550.7578125,74714.1953125,0.0
1762651844.851762,75109.4609375,74834.625,75396.1015625,75189.390625,75284.078125,75377.953125,75476.3046875,75640.1875,0.0
1762651844.8754916,75404.328125,75129.8515625,75691.1484375,75484.2578125,75579.2109375,75672.640625,75771.34375,75935.3203125,0.0
1762651844.8755426,74843.390625,74568.640625,75129.9375,74922.875,75018.09375,75111.96875,75210.140625,75373.75,0.0
1762651844.8893676,74313.4765625,74039.171875,74600.2890625,74393.046875,74488.265625,74582.5,74680.3984375,74843.8359375,0.0
1762651844.892033,75160.515625,74885.6796875,75447.515625,75240.359375,75334.9453125,75428.9140625,75527.265625,75691.4140625,0.0
1762651844.8943696,75613.8984375,75338.8828125,75900.984375,75693.921875,75788.2421875,75881.9375,75980.6484375,76144.890625,0.0
1762651844.8966424,75191.71875,74917.0625,75478.984375,75271.734375,75366.1484375,75460.296875,75558.375,75722.6171875,0.0
1762651844.8993468,74496.046875,74221.5625,74783.21875,74576.421875,74670.8359375,74764.7109375,74862.7890625,75026.5859375,0.0
1762651844.9019353,75188.234375,74913.484375,75475.140625,75268.4296875,75362.578125,75456.71875,75555.0703125,75719.1328125,0.0
1762651844.904219,75796.9140625,75521.71875,76083.5546875,75876.9375,75971.2578125,76064.953125,76163.75,76328.171875,0.0
1762651844.9066935,75518.140625,75242.9453125,75804.875,75598.0703125,75692.84375,75786.546875,75885.0703125,76049.3125,0.0
1762651844.9067647,74731.984375,74457.2421875,75018.5390625,74811.7421875,74906.5078125,75000.4765625,75098.6484375,75262.4375,0.0
1762651844.9093585,75206.3828125,74931.6328125,75493.203125,75286.578125,75380.9921875,75474.78125,75573.3046875,75737.3671875,0.0
1762651844.912398,75958.4765625,75683.28125,76245.5625,76038.9375,76132.9921875,76226.875,76325.84375,76490.0,0.0
1762651844.9142618,75825.4375,75550.0625,76112.4296875,75905.453125,75999.8671875,76093.7421875,76192.5390625,76356.6015625,0.0
1762651844.9167511,75018.359375,74742.984375,75305.1796875,75098.109375,75192.8828125,75286.7578125,75384.9296875,75548.71875,0.0
1762651844.9193797,75233.203125,74957.7421875,75519.75,75312.7734375,75407.7265625,75501.3359375,75599.859375,75763.921875,0.0
1762651844.9194326,76099.203125,75824.1875,76386.109375,76179.3046875,76273.71875,76366.8828125,76466.3046875,76631.078125,0.0
1762651844.9216697,76109.3046875,75834.8203125,76396.4765625,76189.59375,76283.9140625,76377.2578125,76476.40625,76641.453125,0.0
1762651844.9243803,75341.7421875,75067.3515625,75629.0078125,75421.8515625,75516.4453125,75610.234375,75709.1171875,75873.359375,0.0
1762651844.9244542,75278.0859375,75003.0703125,75564.90625,75357.8359375,75452.6953125,75546.21875,75645.1875,75809.0703125,0.0
1762651844.930683,76208.0078125,75932.546875,76495.09375,76288.1171875,76382.3515625,76476.046875,76575.109375,76739.7109375,0.0
1762651844.9666295,76363.0390625,76087.84375,76650.3046875,76443.5078125,76537.3828125,76631.171875,76730.0546875,76895.1875,0.0
1762651844.9666739,75688.9140625,75413.8046875,75975.7265625,75768.6640625,75863.078125,75956.8671875,76055.75,76220.1640625,0.0
1762651844.9666836,75361.953125,75087.0234375,75648.9453125,75441.96875,75536.296875,75630.171875,75728.875,75893.203125,0.0
1762651844.9720807,76283.0234375,76007.734375,76570.2890625,76363.484375,76457.2734375,76550.8828125,76650.21875,76814.9921875,0.0
1762651844.9721556,76590.2265625,76314.8515625,76877.7578125,76670.6015625,76764.65625,76858.3515625,76957.59375,77122.640625,0.0
1762651844.9744081,76037.5078125,75762.7578125,76324.859375,76118.15625,76212.390625,76305.90625,76404.8828125,76569.65625,0.0
1762651844.9744847,75488.015625,75213.0859375,75775.1875,75568.4765625,75662.890625,75756.59375,75855.03125,76019.359375,0.0
1762651844.976622,76322.625,76047.8828125,76610.4296875,76403.359375,76497.59375,76591.1171875,76690.0,76854.9609375,0.0
1762651844.9791389,76788.8828125,76514.046875,77076.7734375,76869.53125,76963.8515625,77057.28125,77156.3515625,77321.84375,0.0
1762651844.982211,76379.9375,76105.1015625,76667.46875,76460.4921875,76554.640625,76648.15625,76746.953125,76912.1796875,0.0
1762651844.9878933,75673.7109375,75398.9609375,75960.9765625,75754.0,75848.3203125,75941.9296875,76040.8203125,76205.4140625,0.0
1762651844.990732,76350.5234375,76075.59375,76638.1484375,76430.9921875,76524.953125,76619.015625,76718.1640625,76882.9453125,0.0
1762651844.992892,76971.8984375,76696.9765625,77259.5234375,77052.4609375,77146.2421875,77240.3046875,77339.453125,77504.5859375,0.0
1762651844.995362,76706.359375,76431.703125,76993.984375,76787.1875,76881.15625,76974.9375,77074.0078125,77239.046875,0.0
1762651844.9981039,75913.859375,75639.109375,76200.9453125,75994.6796875,76089.0078125,76182.3515625,76281.0546875,76445.921875,0.0
1762651845.0006752,76365.3671875,76090.171875,76652.1796875,76446.0078125,76540.0625,76633.4921875,76732.2890625,76897.3359375,0.0
1762651845.0007496,77127.0234375,76851.7421875,77414.5546875,77207.84375,77302.171875,77395.0625,77494.84375,77659.890625,0.0
1762651845.00315,77006.9453125,76731.84375,77294.6640625,77087.953125,77181.7421875,77274.9921875,77374.5,77539.6328125,0.0
1762651845.003224,76200.40625,75925.3046875,76487.4921875,76280.9609375,76374.84375,76468.09375,76567.421875,76732.0234375,0.0
1762651845.0656796,76387.5390625,76112.609375,76674.8046875,76468.0,76562.328125,76655.3984375,76754.9140625,76919.7734375,0.0
1762651845.0733569,77257.734375,76982.8984375,77544.8203125,77338.46875,77432.34375,77525.6015625,77625.46875,77790.78125,0.0
1762651845.07345,77279.015625,77004.0859375,77566.28125,77359.8359375,77453.8046875,77547.328125,77646.7421875,77812.1484375,0.0
1762651845.073472,76518.875,76244.0390625,76805.78125,76598.984375,76693.578125,76786.921875,76886.15625,77051.203125,0.0
1762651845.0766509,76432.6875,76157.8515625,76719.6875,76512.796875,76607.296875,76700.640625,76799.96875,76964.9296875,0.0
1762651845.076733,77359.65625,77084.015625,77646.921875,77439.5859375,77533.9140625,77627.5234375,77727.125,77892.34375,0.0
1762651845.07677,77524.703125,77248.8828125,77811.703125,77604.90625,77698.9609375,77792.390625,77892.2578125,78057.390625,0.0
1762651845.0806472,76859.875,76584.6796875,77146.6953125,76940.0703125,77034.21875,77127.6484375,77227.515625,77392.1171875,0.0
1762651845.080728,76513.9609375,76238.9453125,76801.046875,76594.0703125,76688.65625,76782.09375,76881.421875,77045.6640625,0.0
1762651845.0807643,77428.953125,77153.3984375,77716.390625,77509.859375,77603.7421875,77696.9921875,77796.6796875,77961.6328125,0.0
1762651845.0843513,77746.7890625,77471.5078125,78034.328125,77827.796875,77921.5859375,78014.921875,78114.34375,78279.921875,0.0
1762651845.084426,77205.078125,76929.609375,77492.25,77285.71875,77379.59375,77472.8515625,77572.4453125,77737.671875,0.0
1762651845.0844536,76643.421875,76368.1328125,76930.234375,76723.7109375,76817.4921875,76911.1015625,77010.5234375,77175.3046875,0.0
1762651845.0867476,77469.0078125,77193.359375,77756.1796875,77549.6484375,77643.3515625,77736.6015625,77836.1953125,78001.6875,0.0
1762651845.0891464,77943.6640625,77668.203125,78231.2890625,78024.4921875,78118.28125,78211.3515625,78311.125,78477.15625,0.0
1762651845.105375,77541.9609375,77266.765625,77829.3125,77622.6015625,77716.3046875,77809.6484375,77909.421875,78075.2734375,0.0
1762651845.1081,76827.7734375,76552.8515625,77115.1328125,76908.421875,77002.296875,77095.640625,77195.2421875,77360.5546875,0.0
1762651845.110775,77485.546875,77210.4375,77772.8125,77566.4609375,77660.6015625,77753.2265625,77853.2734375,78018.859375,0.0
1762651845.113212,78116.84375,77841.828125,78404.6484375,78198.1171875,78292.171875,78384.796875,78485.203125,78650.875,0.0
1762651845.1133041,77861.765625,77586.3046875,78149.3046875,77942.7734375,78036.5625,78129.546875,78229.5859375,78395.2578125,0.0
1762651845.1153903,77066.671875,76791.5703125,77353.9375,77147.5859375,77241.640625,77334.890625,77434.1328125,77599.5390625,0.0
1762651845.1183736,77499.2265625,77223.7578125,77786.578125,77580.140625,77673.75,77767.1796875,77866.7734375,78032.4453125,0.0
1762651845.122805,78270.0,77995.078125,78557.625,78351.71875,78444.8828125,78538.046875,78638.265625,78804.4765625,0.0
1762651845.1253264,78159.2265625,77884.5703125,78447.203125,78241.2109375,78334.28125,78427.71875,78527.5859375,78693.609375,0.0
1762651845.1278615,77352.0625,77077.2265625,77639.59375,77433.1484375,77526.671875,77620.28125,77719.96875,77885.1953125,0.0
1762651845.1304572,77517.640625,77242.5390625,77805.265625,77598.9140625,77692.4296875,77785.59375,77885.4609375,78051.046875,0.0
1762651845.1331704,78395.7109375,78120.3359375,78683.328125,78477.0703125,78570.3203125,78663.484375,78763.703125,78929.734375,0.0
1762651845.1356316,78424.671875,78148.9453125,78711.7578125,78505.5,78598.84375,78692.09375,78791.9609375,78958.2578125,0.0
1762651845.1381,77669.453125,77393.6328125,77956.453125,77750.1875,77843.890625,77937.140625,78036.5625,78202.5,0.0
1762651845.140592,77557.25,77281.609375,77844.515625,77638.1640625,77731.6796875,77824.9296875,77924.53125,78090.46875,0.0
1762651845.1406684,78483.859375,78208.671875,78771.75,78565.3125,78658.7421875,78751.8125,78851.859375,79018.0703125,0.0
1762651845.1456733,78662.140625,78387.03125,78950.2109375,78743.9453125,78836.9296875,78930.0,79030.046875,79196.5234375,0.0
1762651845.1481488,78004.375,77729.0,78291.8203125,78085.734375,78178.8046875,78272.328125,78372.015625,78538.046875,0.0
1762651845.1482232,77636.4609375,77360.9140625,77923.546875,77717.375,77810.71875,77904.6875,78003.8359375,78169.328125,0.0
1762651845.1507275,78545.734375,78270.1796875,78832.90625,78626.828125,78719.984375,78813.5078125,78913.4609375,79079.2265625,0.0
1762651845.1531336,78875.5546875,78600.1796875,79163.0859375,78957.1796875,79049.984375,79143.1484375,79243.640625,79409.7578125,0.0
1762651845.1532104,78346.53125,78071.0703125,78634.0703125,78427.71875,78521.1484375,78614.3046875,78714.4453125,78880.3828125,0.0
1762651845.155713,77765.4765625,77490.1015625,78052.828125,77846.390625,77939.9140625,78033.609375,78132.9375,78298.96875,0.0
1762651845.1593854,78577.203125,78301.828125,78864.5546875,78658.7421875,78751.4609375,78844.9765625,78944.9375,79111.234375,0.0
1762651845.1966455,79067.15625,78791.15625,79354.7734375,79148.78125,79241.6796875,79335.015625,79435.15625,79601.359375,0.0
1762651845.196715,78679.125,78403.21875,78966.390625,78760.3125,78853.46875,78946.6328125,79047.0390625,79212.9765625,0.0
1762651845.199358,77954.6640625,77678.9296875,78241.65625,78035.21875,78128.6484375,78222.078125,78321.765625,78487.8828125,0.0
1762651845.199432,78594.28125,78319.0859375,78882.53125,78675.7265625,78768.8046875,78862.4140625,78962.0078125,79128.578125,0.0
1762651845.2018545,79238.1015625,78962.7265625,79525.9921875,79320.0,79412.625,79505.78125,79606.3671875,79772.84375,0.0
1762651845.2043543,78992.5859375,78717.21875,79280.2109375,79074.125,79166.6640625,79259.9140625,79360.6796875,79526.5234375,0.0
1762651845.2067444,78190.0703125,77914.96875,78477.515625,78270.984375,78364.1484375,78457.6640625,78557.8046875,78723.3828125,0.0
1762651845.2093549,78599.734375,78324.359375,78887.359375,78680.9140625,78774.1640625,78867.5078125,78967.46875,79133.765625,0.0
1762651845.2120337,79382.3125,79106.8515625,79669.9375,79463.671875,79557.1953125,79650.0859375,79750.3125,79917.1484375,0.0
1762651845.2141104,79282.4453125,79007.25,79570.4296875,79364.078125,79457.328125,79550.6640625,79650.984375,79817.28125,0.0
1762651845.2142365,78476.4453125,78201.9609375,78764.8671875,78558.4296875,78651.9453125,78745.0234375,78845.0703125,79011.0078125,0.0
1762651845.2167397,78617.4375,78342.328125,78905.328125,78699.15625,78792.40625,78885.5703125,78985.796875,79151.8203125,0.0
1762651845.2192683,79500.5078125,79224.8671875,79788.21875,79582.046875,79675.296875,79768.1015625,79868.953125,80035.1640625,0.0
1762651845.221854,79545.03125,79269.8359375,79832.921875,79626.3046875,79719.734375,79812.71875,79913.125,80079.8671875,0.0
1762651845.2219307,78798.9296875,78524.0078125,79087.0,78880.296875,78973.7265625,79066.8828125,79167.2890625,79333.5,0.0
1762651845.2241435,78663.9296875,78388.5546875,78951.8203125,78745.5546875,78838.71875,78931.609375,79032.015625,79198.3125,0.0
1762651845.2277691,79594.2109375,79318.390625,79881.4765625,79675.65625,79768.734375,79861.8046875,79962.1171875,80128.953125,0.0
1762651845.2615323,79784.109375,79508.375,80071.640625,79865.46875,79958.8125,80052.0625,80152.640625,80319.4765625,0.0
1762651845.2616007,79136.0,78860.4453125,79423.6171875,79217.265625,79310.7890625,79403.59375,79504.3515625,79670.828125,0.0
1762651845.263894,78747.078125,78471.7890625,79034.7890625,78828.4375,78922.046875,79015.03125,79115.4375,79281.90625,0.0
1762651845.2639108,79649.640625,79374.265625,79937.4453125,79731.265625,79824.609375,79917.59375,80018.265625,80185.3671875,0.0
1762651845.2665668,79994.484375,79718.75,80282.4609375,80076.109375,80169.2734375,80262.4375,80363.375,80529.8515625,0.0
1762651845.2689817,79476.1875,79200.90625,79763.90625,79557.90625,79650.8046875,79744.140625,79844.546875,80010.9375,0.0
1762651845.2714794,78882.3515625,78606.9765625,79169.703125,78963.6171875,79056.78125,79150.125,79250.53125,79416.1953125,0.0
1762651845.2739785,79682.09375,79406.453125,79969.71875,79764.078125,79856.7109375,79949.8671875,80050.6328125,80216.8359375,0.0
1762651845.276774,80183.671875,79908.65625,80471.9140625,80266.1015625,80358.28125,80451.625,80552.7421875,80719.484375,0.0
1762651845.279538,79806.28125,79531.1796875,80094.53125,79888.359375,79980.890625,80074.1484375,80175.265625,80341.828125,0.0
1762651845.2819493,79071.0,78795.4453125,79358.6171875,79152.5390625,79245.1640625,79338.328125,79439.0859375,79605.5625,0.0
1762651845.2841258,79693.0,79417.453125,79981.0703125,79775.34375,79867.6171875,79960.8671875,80061.8046875,80228.375,0.0
1762651845.2842033,80351.0390625,80075.484375,80639.109375,80433.46875,80525.828125,80618.3671875,80720.0234375,80886.8515625,0.0
1762651845.2869973,80119.1171875,79843.65625,80407.09375,80200.7421875,80293.546875,80386.3515625,80487.921875,80654.3984375,0.0
1762651845.2891903,79314.3671875,79038.9921875,79601.984375,79395.8125,79488.7109375,79581.8671875,79682.71875,79849.109375,0.0
1762651845.289243,79700.3359375,79424.421875,79987.78125,79782.0546875,79874.5859375,79967.6640625,80068.421875,80235.2578125,0.0
1762651845.2966404,80493.1953125,80217.2890625,80781.171875,80575.359375,80667.8046875,80760.8828125,80862.1796875,81029.1015625,0.0
1762651845.3044248,80406.109375,80130.828125,80694.1796875,80488.546875,80581.0859375,80674.0625,80775.2734375,80942.015625,0.0
1762651845.3045022,79603.234375,79327.953125,79890.859375,79685.1328125,79777.8515625,79871.015625,79972.1328125,80138.3359375,0.0
1762651845.3406005,79721.34375,79446.1484375,80009.328125,79803.328125,79896.1328125,79989.390625,80090.4140625,80256.8046875,0.0
1762651845.340676,80612.109375,80336.2890625,80900.0859375,80694.0,80786.8984375,80879.8828125,80981.0859375,81148.28125,0.0
1762651845.3431463,80668.34375,80392.609375,80956.5,80750.5078125,80843.2265625,80936.4765625,81037.5078125,81205.0546875,0.0
1762651845.343222,79927.609375,79652.5,80216.03125,80010.1328125,80102.6640625,80196.0078125,80296.6796875,80463.6015625,0.0
1762651845.3454876,79770.515625,79495.4140625,80058.5859375,79852.7734375,79945.21875,80038.6484375,80139.59375,80306.3359375,0.0
1762651845.350798,80700.0859375,80424.7109375,80988.0625,80782.6953125,80874.6953125,80967.6796875,81069.2421875,81236.6171875,0.0
1762651845.3533323,80902.4140625,80626.859375,81190.390625,80984.9375,81076.9296875,81169.828125,81271.484375,81439.03125,0.0
1762651845.355631,80266.3671875,79991.0,80554.4375,80348.625,80441.1640625,80534.140625,80635.0859375,80802.09375,0.0
1762651845.3580918,79860.4609375,79585.0859375,80148.3515625,79942.625,80035.0703125,80128.4140625,80229.0,80396.1015625,0.0
1762651845.360654,80757.0390625,80481.75,81045.28125,80839.46875,80931.734375,81025.078125,81126.015625,81293.65625,0.0
1762651845.363089,81113.9453125,80838.9296875,81402.640625,81196.7421875,81288.6484375,81381.9921875,81483.1953125,81651.015625,0.0
1762651845.3684433,80608.0859375,80332.796875,80896.6875,80690.78125,80782.6953125,80876.125,80977.3359375,81144.5234375,0.0
1762651845.3685443,80000.0234375,79725.1875,80288.453125,80082.546875,80175.0859375,80268.515625,80369.2734375,80536.0234375,0.0
1762651845.370388,80786.2734375,80510.8046875,81074.1640625,80868.4375,80961.2421875,81054.046875,81155.2578125,81322.7109375,0.0
1762651845.373122,81299.6484375,81024.0078125,81587.71875,81381.8984375,81474.4375,81567.2421875,81668.71875,81836.625,0.0
1762651845.3731737,80936.203125,80660.5625,81224.3671875,81018.28125,81110.90625,81204.15625,81305.28125,81472.828125,0.0
1762651845.375409,80191.71875,79916.25,80479.875,80273.96875,80366.6875,80459.6640625,80560.6953125,80727.7109375,0.0
1762651845.3777626,80795.75,80520.2890625,81084.171875,80878.2734375,80970.5390625,81063.4296875,81164.734375,81332.1015625,0.0
1762651845.3805947,81463.2578125,81187.6171875,81751.5078125,81545.875,81637.6953125,81730.5,81832.3359375,81999.703125,0.0
1762651845.4094725,81244.125,80968.3046875,81532.375,81326.6484375,81418.828125,81511.984375,81613.375,81780.8359375,0.0
1762651845.4095488,80439.1953125,80163.640625,80727.4453125,80521.1796875,80613.8046875,80707.234375,80808.0859375,80975.3671875,0.0
1762651845.444034,80804.5078125,80528.6875,81092.7578125,80886.671875,80979.125,81072.28125,81173.3125,81340.859375,0.0
1762651845.4440784,81604.8828125,81329.1484375,81893.0390625,81687.40625,81779.3125,81872.4765625,81974.046875,82142.0390625,0.0
1762651845.4465408,81528.3515625,81252.7109375,81816.59375,81611.40625,81703.046875,81796.125,81897.6875,82065.7734375,0.0
1762651845.4491277,80730.125,80454.484375,81018.375,80813.09375,80905.09375,80998.078125,81099.375,81266.7421875,0.0
1762651845.4516873,80822.65625,80547.1953125,81110.8203125,80905.359375,80997.453125,81090.4375,81191.9140625,81359.28125,0.0
1762651845.4539604,81715.2109375,81439.8359375,82003.546875,81798.5390625,81890.1796875,81983.34375,82084.90625,82252.7265625,0.0
1762651845.456437,81782.1796875,81506.625,82070.3359375,81865.328125,81957.1484375,82049.953125,82151.875,82319.3359375,0.0
1762651845.4589658,81047.515625,80771.609375,81335.3203125,81129.953125,81222.21875,81314.84375,81416.765625,81583.9609375,0.0
1762651845.4616125,80864.953125,80588.859375,81152.9296875,80947.46875,81039.3828125,81132.2734375,81233.9296875,81400.9453125,0.0
1762651845.4639335,81789.8671875,81514.046875,82077.84375,81873.015625,81964.5625,82057.640625,82159.3828125,82326.9296875,0.0
1762651845.466373,82002.8359375,81726.7421875,82290.7265625,82085.625,82177.1796875,82270.4296875,82372.265625,82540.171875,0.0
1762651845.46897,81373.765625,81098.03125,81662.1953125,81456.375,81548.6484375,81641.453125,81743.4609375,81911.0078125,0.0
1762651845.4715369,80942.640625,80666.6484375,81230.359375,81024.984375,81117.078125,81210.0625,81311.71875,81479.0859375,0.0
1762651845.4739673,81829.0234375,81552.671875,82116.6484375,81911.9921875,82003.28125,82096.53125,82198.1875,82366.09375,0.0
1762651845.4762404,82195.0546875,81919.4140625,82483.0390625,82278.203125,82369.578125,82462.921875,82564.578125,82732.6640625,0.0
1762651845.4902775,81699.0234375,81423.203125,81986.828125,81781.640625,81873.1953125,81966.625,82068.1875,82235.9140625,0.0
1762651845.4928365,81070.765625,80794.9453125,81358.4765625,81153.2890625,81244.9296875,81338.2734375,81439.75,81607.203125,0.0
1762651845.4928565,81839.3046875,81563.3984375,82127.375,81922.1875,82013.7421875,82106.8984375,82208.6484375,82376.375,0.0
1762651845.4951634,82366.71875,82090.8984375,82655.0546875,82449.6015625,82541.421875,82634.40625,82736.59375,82904.4140625,0.0
1762651845.49518,82012.3125,81736.578125,82301.1796875,82095.28125,82187.1875,82279.9921875,82382.1875,82549.9140625,0.0
1762651845.4978445,81257.4453125,80981.625,81545.875,81339.8828125,81431.96875,81525.21875,81626.6953125,81794.515625,0.0
1762651845.4978597,81840.46875,81564.734375,82128.984375,81923.078125,82015.078125,82108.6015625,82209.984375,82378.0703125,0.0
1762651845.5002089,82517.640625,82242.265625,82806.5078125,82600.96875,82692.609375,82785.59375,82887.78125,83055.8671875,0.0
1762651845.5027895,82307.3515625,82032.15625,82595.8671875,82390.765625,82482.3203125,82575.3984375,82677.40625,82845.046875,0.0
1762651845.502806,81496.0703125,81220.5234375,81784.4140625,81578.7734375,81670.6875,81763.84375,81865.6796875,82032.78125,0.0
1762651845.506441,81834.8359375,81558.9296875,82122.90625,81917.4453125,82008.9140625,82102.0703125,82204.0859375,82371.8125,0.0
1762651845.5064569,82643.703125,82367.7890625,82931.953125,82727.03125,82818.2265625,82911.1171875,83013.6640625,83182.0234375,0.0
1762651845.506464,82578.609375,82302.7890625,82866.953125,82661.9375,82753.2265625,82846.390625,82948.4921875,83117.109375,0.0
1762651845.5151896,81781.015625,81504.921875,82069.6171875,81863.625,81955.7109375,82048.875,82150.625,82318.53125,0.0
1762651845.517634,81845.8359375,81569.7421875,82134.3515625,81928.8046875,82020.4453125,82113.6953125,82215.4453125,82383.2578125,0.0
1762651845.5176537,82744.109375,82468.1953125,83032.625,82827.609375,82918.625,83011.703125,83114.34375,83282.515625,0.0
1762651845.5201845,82823.0546875,82547.3203125,83112.015625,82906.5546875,82997.75,83091.09375,83193.375,83361.640625,0.0
1762651845.5227983,82093.3125,81817.3125,82381.7421875,82176.28125,82267.921875,82361.171875,82462.921875,82631.09375,0.0
1762651845.5251255,81887.6796875,81611.765625,82176.1015625,81970.46875,82062.109375,82155.2734375,82257.4609375,82424.921875,0.0
1762651845.5569441,82814.203125,82538.203125,83102.984375,82897.796875,82988.8984375,83081.703125,83184.2578125,83352.1640625,0.0
1762651845.5570903,83041.5625,82765.65625,83329.9921875,83124.9765625,83216.4453125,83309.4296875,83411.53125,83579.8828125,0.0
1762651845.58769,82423.578125,82147.4921875,82712.0078125,82506.640625,82598.28125,82691.4453125,82793.1015625,82961.2734375,0.0
1762651845.5877528,81970.828125,81695.09375,82259.5234375,82053.703125,82145.4375,82238.6875,82340.34375,82508.4296875,0.0
1762651845.5914135,82852.2890625,82577.0,83141.1640625,82935.8828125,83027.078125,83120.2421875,83222.34375,83390.875,0.0
1762651845.5914314,83234.1484375,82958.328125,83522.6640625,83317.3828125,83408.7578125,83501.6484375,83604.2890625,83773.265625,0.0
1762651845.5914392,82749.46875,82473.2890625,83037.8984375,82832.3515625,82923.8125,83016.8828125,83119.2578125,83287.7890625,0.0
1762651845.591446,82109.140625,81833.2265625,82397.3828125,82192.375,82283.65625,82376.8203125,82478.7421875,82646.828125,0.0
1762651845.5939004,82866.6796875,82590.859375,83155.5546875,82950.7265625,83041.828125,83134.453125,83236.9140625,83405.1796875,0.0
1762651845.593916,83408.1328125,83132.3984375,83697.09375,83492.171875,83583.0078125,83675.90625,83778.453125,83946.8984375,0.0
1762651845.5963733,83068.5625,82793.0078125,83357.171875,83151.890625,83243.171875,83336.3359375,83438.890625,83606.96875,0.0
1762651845.5988724,82304.2265625,82028.9375,82592.828125,82387.546875,82479.015625,82572.1796875,82674.28125,82842.2734375,0.0
1762651845.6013749,82864.625,82589.0703125,83153.5859375,82948.3125,83039.6875,83132.7578125,83234.953125,83403.390625,0.0
1762651845.603845,83555.203125,83279.7421875,83844.171875,83639.4296875,83730.171875,83823.515625,83925.796875,84094.328125,0.0
1762651845.6063695,83360.2109375,83084.390625,83648.6328125,83444.0703125,83535.0,83628.25,83730.3515625,83898.9765625,0.0
1762651845.6089325,82545.53125,82269.625,82834.046875,82629.125,82720.59375,82813.578125,82915.765625,83083.9453125,0.0
1762651845.616369,82861.40625,82585.5859375,83149.921875,82945.1796875,83036.1953125,83129.09375,83231.734375,83400.171875,0.0
1762651845.6188772,83682.7890625,83407.4140625,83971.75,83767.1015625,83857.7578125,83951.1875,84053.7421875,84222.453125,0.0
1762651845.618894,83629.3203125,83353.953125,83918.1953125,83713.2734375,83804.5625,83897.3671875,84000.1875,84168.5390625,0.0
1762651845.6213796,82833.421875,82557.8671875,83122.03125,82916.8359375,83008.390625,83101.1953125,83203.5703125,83372.0078125,0.0
1762651845.623917,82874.8203125,82598.7265625,83162.890625,82957.875,83049.25,83142.0546875,83244.78125,83413.140625,0.0
1762651845.6289363,83779.078125,83502.90625,84067.59375,83862.6796875,83953.6015625,84046.40625,84149.2265625,84318.203125,0.0
1762651845.6289651,83870.0078125,83593.828125,84158.6171875,83953.6953125,84044.53125,84136.9765625,84240.421875,84409.3125,0.0
1762651845.6313791,83150.1953125,82873.921875,83438.7109375,83233.34375,83324.984375,83417.609375,83520.3359375,83688.78125,0.0
1762651845.6338732,82915.3203125,82639.234375,83203.8359375,82998.203125,83089.5703125,83182.5546875,83285.109375,83453.28125,0.0
1762651845.6364167,83836.3046875,83560.390625,84125.0859375,83919.8984375,84010.734375,84103.625,84206.625,84375.421875,0.0
1762651845.63885,84079.9375,83803.9375,84368.6328125,84163.796875,84254.8125,84347.4375,84450.2578125,84619.1484375,0.0
1762651845.64137,83472.328125,83196.4140625,83760.9296875,83556.1015625,83646.9375,83739.828125,83842.5625,84011.09375,0.0
1762651845.643881,83003.921875,82728.1875,83292.53125,83087.515625,83178.3515625,83271.515625,83373.9765625,83542.2421875,0.0
1762651845.643901,83873.5859375,83597.8515625,84162.546875,83957.4453125,84048.2890625,84141.359375,84244.0859375,84412.6171875,0.0
1762651845.646423,84275.0234375,83999.109375,84564.34375,84359.5078125,84449.71875,84542.796875,84645.8828125,84814.5,0.0
1762651845.6554132,83800.359375,83524.2734375,84089.140625,83884.2265625,83974.7890625,84067.8671875,84170.6796875,84339.3046875,0.0
1762651845.6554563,83145.2734375,82869.1875,83433.96875,83228.6015625,83319.9765625,83412.78125,83515.1484375,83683.859375,0.0
1762651845.6613889,83885.3828125,83609.7421875,84174.2578125,83969.4296875,84060.265625,84153.515625,84256.15625,84424.78125,0.0
1762651845.6614227,84443.9140625,84168.4453125,84733.140625,84528.3984375,84619.4140625,84712.3984375,84815.3046875,84983.9296875,0.0
1762651845.6955009,84114.625,83839.0703125,84403.6796875,84198.6640625,84289.859375,84382.6640625,84485.6640625,84654.109375,0.0
1762651845.7015564,83349.125,83073.5703125,83638.0859375,83432.8046875,83524.09375,83617.078125,83719.890625,83888.0703125,0.0
1762651845.7016294,83896.296875,83620.921875,84185.8828125,83980.515625,84071.4453125,84164.15625,84267.15625,84435.6875,0.0
1762651845.7016456,84600.1015625,84324.5546875,84889.515625,84684.7734375,84775.1640625,84868.4140625,84971.4140625,85140.3046875,0.0
1762651845.70387,84415.5703125,84139.75,84704.53125,84500.1484375,84590.71875,84683.7890625,84786.7890625,84955.40625,0.0
1762651845.7065246,83602.4140625,83326.953125,83891.1953125,83686.546875,83777.5625,83870.3671875,83973.09375,84141.71875,0.0
1762651845.7089467,83892.625,83617.5234375,84181.859375,83977.203125,84067.953125,84160.7578125,84263.7578125,84432.1953125,0.0
1762651845.711498,84722.1484375,84446.7734375,85011.5546875,84807.2578125,84897.203125,84990.3671875,85093.6328125,85262.34375,0.0
1762651845.7138991,84684.59375,84408.953125,84974.0078125,84768.90625,84859.4765625,84952.546875,85055.8984375,85224.7890625,0.0
1762651845.7139144,83895.84375,83620.0234375,84184.9921875,83979.6171875,84070.7265625,84163.6171875,84266.703125,84434.8828125,0.0
1762651845.7165353,83910.6015625,83634.8671875,84199.3828125,83994.375,84085.390625,84178.28125,84281.1875,84449.6328125,0.0
1762651845.7226424,84817.1875,84541.546875,85106.328125,84902.03125,84992.15625,85085.3203125,85188.578125,85357.6484375,0.0
1762651845.7226512,84921.2578125,84645.609375,85210.578125,85005.7421875,85096.4921875,85189.3828125,85292.6484375,85461.8125,0.0
1762651845.7250912,84212.2578125,83936.6171875,84501.21875,84296.296875,84387.2265625,84480.1171875,84582.8515625,84751.7421875,0.0
1762651845.7276442,83957.4453125,83681.4453125,84246.3203125,84041.1328125,84132.2421875,84225.3125,84327.6796875,84496.484375,0.0
1762651845.7276628,84879.234375,84603.234375,85168.109375,84963.546875,85054.0234375,85147.0078125,85250.1796875,85419.0703125,0.0
1762651845.7301307,85135.828125,84860.1015625,85424.6171875,85219.9609375,85310.8046875,85403.4296875,85506.8671875,85676.03125,0.0
1762651845.7340312,84539.7578125,84264.1171875,84828.71875,84623.796875,84714.546875,84807.0859375,84910.6171875,85079.5078125,0.0
1762651845.767917,84050.4296875,83774.875,84339.21875,84134.5625,84225.3125,84318.1171875,84421.203125,84590.0,0.0
1762651845.7679737,84915.9765625,84640.25,85204.9453125,85000.6484375,85090.953125,85184.109375,85287.5546875,85456.4453125,0.0
1762651845.806437,85325.4609375,85050.0,85614.6953125,85410.3984375,85500.609375,85593.59375,85697.125,85866.375,0.0
1762651845.8127625,84866.5390625,84590.984375,85155.4140625,84951.203125,85041.1484375,85134.3125,85237.578125,85406.734375,0.0
1762651845.8127909,84196.5234375,83920.96875,84485.3984375,84280.921875,84371.1328125,84464.3828125,84567.1171875,84736.1796875,0.0
1762651845.8151565,84920.6328125,84645.078125,85209.6796875,85005.4765625,85095.6875,85188.40625,85292.1171875,85460.9140625,0.0
1762651845.8176105,85488.6328125,85213.34375,85777.859375,85573.75,85663.515625,85756.765625,85860.296875,86029.6328125,0.0
1762651845.8201296,85172.9375,84897.203125,85461.9921875,85257.515625,85347.8125,85440.890625,85544.6015625,85713.21875,0.0
1762651845.8227262,84393.9296875,84118.203125,84682.2734375,84477.9765625,84568.7265625,84661.4375,84764.7890625,84932.96875,0.0
1762651845.8378727,84913.65625,84637.8359375,85202.2578125,84997.7890625,85088.4453125,85181.0703125,85284.515625,85453.4921875,0.0
1762651845.840272,85628.2890625,85352.734375,85917.515625,85712.8671875,85803.2578125,85896.328125,85999.59375,86169.1953125,0.0
1762651845.8426175,85456.53125,85180.890625,85745.765625,85541.1171875,85631.59375,85724.484375,85827.84375,85997.0859375,0.0
1762651845.8451335,84642.0390625,84366.3046875,84931.0859375,84726.2578125,84817.09375,84909.71875,85012.984375,85181.96875,0.0
1762651845.8476436,84908.203125,84632.5625,85197.4296875,84992.8671875,85082.9921875,85176.2421875,85279.5078125,85448.6640625,0.0
1762651845.8501108,85743.6171875,85468.421875,86033.03125,85828.828125,85919.0390625,86012.0234375,86115.8203125,86284.9765625,0.0
1762651845.8525867,85714.7421875,85439.8125,86004.2421875,85800.0390625,85890.25,85983.234375,86086.671875,86256.1875,0.0
1762651845.8551042,84929.8359375,84654.640625,85219.0703125,85014.7734375,85104.8046875,85198.0625,85301.1484375,85470.484375,0.0
1762651845.8576145,84920.1796875,84644.6328125,85209.1484375,85004.4921875,85094.8828125,85187.953125,85291.4921875,85460.2890625,0.0
1762651845.8601546,85830.078125,85554.078125,86119.1328125,85915.015625,86005.1328125,86097.7578125,86201.828125,86371.2578125,0.0
1762651845.862609,85946.0390625,85670.3984375,86235.1796875,86031.3359375,86121.0078125,86213.9921875,86318.0625,86487.3046875,0.0
1762651845.865158,85241.421875,84965.421875,85530.1171875,85326.1796875,85416.125,85509.109375,85612.8203125,85781.8828125,0.0
1762651845.8651755,84963.09375,84687.0078125,85251.6171875,85047.8515625,85138.0703125,85230.78125,85334.4921875,85503.3828125,0.0
1762651845.8688812,85882.6484375,85606.6484375,86171.609375,85968.03125,86057.9765625,86150.6015625,86254.7578125,86424.0078125,0.0
1762651845.8689,86148.453125,85872.6328125,86437.59375,86233.9296875,86323.78125,86416.2265625,86520.7421875,86689.9921875,0.0
1762651845.8689084,85560.6015625,85284.6953125,85849.5703125,85645.5390625,85735.5703125,85828.5546875,85932.359375,86101.6953125,0.0
1762651845.871232,85050.0,84774.0,85338.7890625,85134.578125,85225.2421875,85317.8671875,85421.484375,85590.109375,0.0
1762651845.8763714,85902.765625,85626.9453125,86191.7265625,85988.328125,86078.1796875,86170.8046875,86274.875,86443.9453125,0.0
1762651845.8788643,86325.03125,86049.03125,86613.90625,86410.59375,86500.2734375,86592.8046875,86697.1484375,86866.75,0.0
1762651845.8813622,85875.765625,85600.125,86164.7265625,85961.0546875,86050.9140625,86143.8984375,86247.6953125,86417.03125,0.0
1762651845.8852167,85191.3515625,84915.4453125,85480.3203125,85276.0234375,85366.140625,85459.578125,85562.75,85731.8203125,0.0
1762651845.8852353,85901.2421875,85625.3359375,86190.5625,85986.359375,86076.484375,86169.8203125,86273.0859375,86442.6953125,0.0
1762651845.8852432,86481.046875,86205.40625,86770.1875,86566.609375,86656.9140625,86749.2734375,86853.3359375,87022.859375,0.0
1762651845.8876605,86175.1015625,85899.28125,86463.796875,86260.3046875,86350.421875,86443.3203125,86547.1171875,86716.546875,0.0
1762651845.8876803,85388.671875,85112.671875,85677.28125,85473.25,85563.734375,85656.5390625,85760.1640625,85929.5859375,0.0
1762651845.890138,85888.28125,85612.28125,86177.15625,85973.0390625,86063.515625,86156.140625,86259.9453125,86429.375,0.0
1762651845.8927753,86615.9609375,86340.140625,86904.75,86701.171875,86791.2890625,86884.0078125,86987.984375,87157.859375,0.0
1762651845.895116,86454.140625,86178.4921875,86742.921875,86539.1640625,86629.375,86722.1796875,86826.0703125,86995.8515625,0.0
1762651845.8951304,85636.421875,85360.6875,85924.9375,85721.0859375,85811.3046875,85904.375,86007.90625,86177.3359375,0.0
1762651845.8976078,85874.6015625,85598.9609375,86163.5625,85959.8984375,86050.015625,86143.0,86246.7109375,86416.140625,0.0
1762651845.9001498,86719.2265625,86443.3203125,87008.546875,86804.703125,86894.9140625,86987.6328125,87091.4296875,87261.0390625,0.0
1762651845.902609,86703.40625,86427.765625,86992.4609375,86788.6953125,86879.0859375,86971.625,87075.3359375,87245.2109375,0.0
1762651845.9051003,85921.453125,85645.71875,86210.1484375,86006.296875,86096.5078125,86189.7578125,86293.203125,86462.6328125,0.0
1762651845.944138,85884.6171875,85608.5234375,86173.3984375,85969.375,86059.4921875,86152.65625,86256.1875,86425.796875,0.0
1762651845.9441807,86797.90625,86522.0859375,87087.140625,86883.46875,86973.1484375,87066.125,87170.2890625,87340.0703125,0.0
1762651845.9441895,86928.0859375,86652.265625,87217.671875,87014.09375,87103.6796875,87196.484375,87300.8203125,87470.515625,0.0
1762651845.9463575,86233.2109375,85957.2109375,86522.0859375,86318.4140625,86408.6328125,86501.1640625,86605.0546875,86774.6640625,0.0
1762651845.9489808,85931.4609375,85655.375,86220.4296875,86016.3125,86106.8828125,86199.6875,86303.1328125,86472.8203125,0.0
1762651845.9489965,86851.1015625,86575.1953125,87140.15625,86936.6640625,87026.609375,87119.4140625,87223.3046875,87393.1796875,0.0
1762651845.9515038,87130.234375,86854.7734375,87419.8203125,87216.421875,87306.09375,87398.9921875,87502.8828125,87673.203125,0.0
1762651845.9515193,86554.359375,86278.8125,86843.59375,86640.1015625,86730.40625,86822.765625,86926.4765625,87096.796875,0.0
1762651845.95394,86026.4140625,85750.7734375,86315.46875,86111.6171875,86201.828125,86294.1875,86398.5234375,86567.8671875,0.0
1762651845.9564,86870.5078125,86595.21875,87160.2734375,86956.25,87046.7265625,87139.265625,87243.2421875,87412.8515625,0.0
1762651845.9564157,87308.8671875,87033.4921875,87598.6328125,87395.1484375,87485.265625,87577.625,87681.9609375,87851.65625,0.0
1762651845.959106,86870.1484375,86594.5078125,87159.46875,86955.9765625,87045.921875,87138.546875,87242.7109375,87412.2265625,0.0
1762651845.9617996,86173.84375,85898.296875,86463.078125,86259.0546875,86349.265625,86442.15625,86545.78125,86715.0234375,0.0
1762651845.9638972,86865.5,86589.9453125,87154.8203125,86951.0625,87041.1875,87133.8984375,87238.0546875,87407.75,0.0
1762651845.963915,87460.859375,87184.953125,87750.5390625,87546.8671875,87636.546875,87729.2578125,87833.8671875,88003.7421875,0.0
1762651845.9688869,87168.3203125,86892.4140625,87458.0,87254.328125,87343.828125,87436.71875,87541.1484375,87710.6640625,0.0
1762651845.9713633,86376.625,86100.3515625,86665.4921875,86461.828125,86551.859375,86644.578125,86748.2890625,86918.25,0.0
1762651845.9756212,86855.75,86579.84375,87144.8984375,86941.40625,87031.3515625,87124.0625,87227.953125,87398.0078125,0.0
1762651845.9756825,87595.5078125,87319.328125,87885.0078125,87681.6953125,87771.015625,87863.7265625,87968.3359375,88138.4765625,0.0
1762651845.988947,87446.1953125,87170.109375,87735.3359375,87532.3828125,87621.8828125,87714.328125,87818.84375,87988.984375,0.0
1762651845.991654,86628.2109375,86351.9453125,86917.265625,86713.6875,86803.5390625,86896.34375,87000.5,87169.84375,0.0
1762651845.9916952,86844.1328125,86568.4921875,87133.71875,86930.0546875,87019.640625,87112.6171875,87217.046875,87386.4765625,0.0
1762651846.0253673,87699.3125,87424.0234375,87989.078125,87785.765625,87874.9921875,87967.796875,88072.671875,88242.3671875,0.0
1762651846.029015,87691.9765625,87416.6953125,87981.8359375,87778.5234375,87867.5703125,87960.2890625,88064.984375,88234.765625,0.0
1762651846.029065,86914.671875,86638.8515625,87203.90625,87000.4140625,87089.9140625,87182.5390625,87287.0546875,87456.4765625,0.0
1762651846.0290787,86856.9140625,86581.09375,87145.8828125,86942.296875,87032.15625,87124.78125,87229.1171875,87398.71875,0.0
1762651846.031671,87773.609375,87497.875,88063.109375,87859.9765625,87949.0234375,88041.9140625,88146.703125,88316.578125,0.0
1762651846.0369709,87912.453125,87636.546875,88202.3125,87998.8203125,88088.2265625,88180.5859375,88285.640625,88455.6015625,0.0
1762651846.0393512,87225.984375,86950.078125,87515.484375,87311.640625,87401.5859375,87493.8515625,87598.6328125,87768.421875,0.0
1762651846.0418372,86903.9453125,86628.484375,87193.625,86989.953125,87079.984375,87172.34375,87276.7734375,87446.5546875,0.0
1762651846.04436,87817.1484375,87542.3125,88107.2734375,87904.2265625,87993.546875,88085.8125,88190.6875,88361.0078125,0.0
1762651846.0467367,88110.3125,87835.3828125,88400.171875,88197.3984375,88286.8046875,88378.890625,88484.03125,88654.3515625,0.0
1762651846.049117,87547.5859375,87272.2109375,87837.53125,87634.1328125,87723.71875,87815.8984375,87920.859375,88090.8203125,0.0
1762651846.0552275,87002.2890625,86726.5625,87291.96875,87088.03125,87178.2421875,87270.2421875,87374.671875,87544.7265625,0.0
1762651846.057948,87837.9765625,87562.3359375,88127.921875,87924.8828125,88014.203125,88106.46875,88211.078125,88381.3046875,0.0
1762651846.0601988,88287.6953125,88012.5,88578.0,88374.8671875,88464.09375,88556.6328125,88661.4140625,88831.3828125,0.0
1762651846.0602536,87861.40625,87585.8515625,88151.171875,87947.953125,88037.265625,88129.984375,88234.5859375,88404.375,0.0
1762651846.0633144,87153.5703125,86878.015625,87442.9765625,87239.84375,87329.34375,87422.0546875,87526.21875,87695.8203125,0.0
1762651846.0633655,87830.0234375,87554.734375,88120.0546875,87916.8359375,88006.3359375,88098.5078125,88203.65625,88373.5234375,0.0
1762651846.0656416,88437.2734375,88161.9921875,88727.3984375,88524.53125,88613.5859375,88705.9453125,88810.90625,88981.2265625,0.0
1762651846.0657182,88154.75,87879.28125,88444.78125,88241.6484375,88330.7890625,88423.4140625,88528.2890625,88698.25,0.0
1762651846.101918,87358.0390625,87082.21875,87647.5390625,87444.3203125,87533.8125,87626.171875,87731.046875,87900.5625,0.0
1762651846.1019945,87815.625,87539.8984375,88105.3046875,87902.4375,87991.3984375,88084.1171875,88188.8984375,88358.5078125,0.0
1762651846.1044047,88564.859375,88289.6640625,88854.71875,88652.2109375,88740.71875,88833.8828125,88938.7578125,89108.6328125,0.0
1762651846.10448,88425.3828125,88150.0078125,88715.5078125,88512.375,88601.421875,88694.3203125,88799.375,88969.15625,0.0
1762651846.1066484,87607.6640625,87331.84375,87897.2578125,87694.125,87783.171875,87876.15625,87980.8515625,88150.7265625,0.0
1762651846.1093194,87800.6953125,87525.140625,88090.5546875,87887.2421875,87976.3828125,88069.2734375,88173.8828125,88344.2890625,0.0
1762651846.1119163,88660.7890625,88385.2421875,88950.9140625,88748.140625,88836.921875,88929.90625,89034.6875,89205.0078125,0.0
1762651846.114349,88666.8671875,88391.5,88957.3515625,88754.21875,88843.5390625,88935.8984375,89040.953125,89211.09375,0.0
1762651846.1226125,87896.5390625,87621.078125,88186.84375,87983.4453125,88072.8515625,88165.4765625,88270.2578125,88439.6875,0.0
1762651846.1466224,87814.734375,87539.1796875,88104.859375,87901.6328125,87990.7734375,88083.7578125,88188.6328125,88357.96875,0.0
1762651846.1551385,88736.96875,88461.4140625,89027.1796875,88824.3203125,88912.828125,89005.546875,89110.6875,89281.2734375,0.0
1762651846.158244,88887.796875,88612.3359375,89178.0078125,88975.4140625,89063.75,89156.28125,89261.515625,89432.28125,0.0
1762651846.1631188,88210.5390625,87935.1640625,88500.21875,88297.7109375,88386.3125,88479.0234375,88584.171875,88754.3984375,0.0
1762651846.163196,87865.515625,87590.5859375,88155.640625,87952.8671875,88041.828125,88134.6328125,88239.1484375,88409.3828125,0.0
1762651846.169449,88775.9453125,88500.6640625,89066.25,88863.296875,88952.5234375,89045.2421875,89150.203125,89320.34375,0.0
1762651846.171357,89084.3984375,88809.1171875,89374.3515625,89171.5703125,89260.625,89353.515625,89458.390625,89628.9765625,0.0
1762651846.1739533,88531.6875,88256.1328125,88821.6328125,88618.4140625,88707.90625,88800.53125,88905.0546875,89075.28125,0.0
1762651846.1766424,87967.4375,87691.9765625,88257.390625,88054.34375,88143.390625,88236.1953125,88340.8046875,88510.5859375,0.0
1762651846.1793156,88789.265625,88513.8984375,89079.5703125,88876.890625,88965.4921875,89058.4765625,89163.4375,89333.671875,0.0
1762651846.1815808,89254.1875,88978.6328125,89544.578125,89341.984375,89430.40625,89523.65625,89628.53125,89799.1171875,0.0
1762651846.1844127,88840.5,88564.9453125,89130.625,88927.7578125,89016.6328125,89109.796875,89214.84375,89385.1640625,0.0
1762651846.1865373,88123.8125,87847.9921875,88413.671875,88210.359375,88299.2265625,88392.390625,88497.4453125,88667.40625,0.0
1762651846.1891932,88782.1171875,88506.1171875,89072.0625,88869.109375,88957.625,89050.25,89155.8359375,89326.25,0.0
1762651846.1917143,89400.1015625,89124.546875,89690.4921875,89487.8046875,89576.3203125,89668.8515625,89774.53125,89945.125,0.0
1762651846.2293484,89131.1640625,88855.7890625,89421.46875,89218.6875,89307.828125,89400.1015625,89505.6015625,89676.09375,0.0
1762651846.2294247,88329.984375,88054.7890625,88620.203125,88417.0703125,88506.5625,88599.0078125,88703.703125,88874.1171875,0.0
1762651846.2315896,88762.1796875,88486.8046875,89052.3046875,88849.7109375,88938.671875,89031.203125,89136.34375,89306.4921875,0.0
1762651846.2317083,89520.171875,89244.9765625,89810.5625,89608.0546875,89696.75,89789.1953125,89894.875,90065.109375,0.0
1762651846.2345145,89395.4453125,89120.078125,89685.75,89483.15625,89571.8515625,89664.7421875,89770.2421875,89940.6484375,0.0
1762651846.2345912,88582.2890625,88306.921875,88872.5078125,88669.9140625,88758.6953125,88851.5859375,88956.4609375,89126.8671875,0.0
1762651846.2366304,88752.34375,88477.0625,89042.2890625,88839.6015625,88928.3828125,89021.3671875,89126.2421875,89296.8359375,0.0
1762651846.2367015,89617.0859375,89342.25,89907.75,89705.0625,89793.4921875,89886.2890625,89991.5234375,90162.203125,0.0
1762651846.2393987,89637.4765625,89362.28125,89928.046875,89725.71875,89813.9609375,89906.40625,90012.265625,90182.5,0.0
1762651846.2418284,88875.8125,88600.3515625,89165.8515625,88963.2578125,89051.9453125,89144.5703125,89250.1640625,89420.2109375,0.0
1762651846.2578435,88768.2578125,88492.8828125,89058.4765625,88855.609375,88944.5703125,89037.375,89142.515625,89312.65625,0.0
1762651846.2605894,89687.8125,89412.6171875,89977.84375,89775.7890625,89864.1171875,89956.8359375,90062.15625,90232.4765625,0.0
1762651846.262714,89854.640625,89579.4453125,90144.859375,89942.53125,90031.1328125,90123.4921875,90229.34375,90399.578125,0.0
1762651846.26524,89187.9375,88912.6484375,89478.5078125,89275.640625,89364.3359375,89456.6953125,89562.1015625,89732.6015625,0.0
1762651846.26827,88820.296875,88544.7421875,89110.6015625,88907.5546875,88996.25,89088.9609375,89194.375,89364.515625,0.0
1762651846.2705476,89722.140625,89446.9453125,90012.8046875,89810.4765625,89898.8984375,89991.34375,90096.9375,90267.6171875,0.0
1762651846.273278,90040.0703125,89765.1484375,90331.2734375,90128.8515625,90217.1015625,90309.6328125,90415.3125,90585.90625,0.0
1762651846.2789693,89498.7109375,89223.34375,89789.375,89586.9609375,89675.2890625,89768.0078125,89873.328125,90043.3828125,0.0
1762651846.2818477,88918.1953125,88642.5546875,89208.40625,89005.8984375,89094.59375,89187.1328125,89292.0078125,89462.1484375,0.0
1762651846.2819245,89725.8984375,89450.5234375,90016.3828125,89814.0546875,89902.8359375,89994.65625,90100.3359375,90270.65625,0.0
1762651846.2843719,90202.1640625,89926.9765625,90493.1875,90290.6796875,90379.1015625,90471.1953125,90577.2265625,90747.7265625,0.0
1762651846.2844603,89799.75,89524.734375,90090.3203125,89887.8984375,89976.4140625,90068.7734375,90174.453125,90344.953125,0.0
1762651846.2881308,89069.828125,88794.8125,89360.3125,89157.4453125,89246.046875,89338.765625,89444.0,89614.3203125,0.0
1762651846.2882063,89710.1640625,89434.96875,90000.734375,89798.046875,89886.5625,89978.828125,90084.6875,90255.1875,0.0
1762651846.2882283,90343.1640625,90067.7890625,90633.6484375,90431.671875,90519.5625,90611.6484375,90717.78125,90888.7265625,0.0
1762651846.2905753,90084.59375,89809.4921875,90375.3515625,90173.2890625,90261.1796875,90353.7109375,90459.390625,90630.4296875,0.0
1762651846.2931404,89277.875,89002.59375,89568.1796875,89365.9453125,89454.28125,89546.90625,89652.1328125,89822.6328125,0.0
1762651846.293213,89686.2890625,89411.0078125,89976.859375,89774.7109375,89862.9609375,89955.5859375,90061.265625,90231.671875,0.0
1762651846.2956588,90454.3828125,90179.28125,90745.5859375,90543.1640625,90631.234375,90723.765625,90829.71875,91000.75,0.0
1762651846.2957335,90344.4140625,90069.3984375,90635.34375,90432.75,90520.9921875,90613.6171875,90719.5625,90890.6015625,0.0
1762651846.298052,89531.4375,89256.328125,89821.7421875,89619.234375,89707.8359375,89800.4609375,89905.78125,90076.28125,0.0
1762651846.298128,89673.6796875,89398.7578125,89964.1640625,89761.8359375,89850.3515625,89942.796875,90047.9375,90218.6171875,0.0
1762651846.3005788,90547.3671875,90272.3515625,90838.296875,90636.328125,90724.3046875,90816.84375,90922.5234375,91093.46875,0.0
1762651846.30308,90578.75,90303.9140625,90869.7734375,90667.796875,90755.7734375,90848.3125,90954.078125,91125.0234375,0.0
1762651846.305626,89821.1171875,89546.3671875,90111.8671875,89909.71875,89998.0546875,90090.6796875,90196.265625,90366.765625,0.0
1762651846.3090315,89687.71875,89412.4375,89978.2890625,89776.0546875,89864.5703125,89957.1015625,90062.515625,90233.015625,0.0
1762651846.309085,90609.328125,90334.3984375,90900.34375,90698.375,90786.625,90878.9765625,90984.75,91155.78125,0.0
1762651846.343086,90786.4453125,90511.875,91077.640625,90875.8515625,90963.6484375,91056.1796875,91162.0390625,91333.5234375,0.0
1762651846.346656,90127.6953125,89853.03125,90418.7109375,90216.5625,90304.625,90397.25,90502.6640625,90674.1484375,0.0
1762651846.3467257,89739.3984375,89463.9375,90030.0625,89827.375,89915.7109375,90008.515625,90114.1015625,90284.8671875,0.0
1762651846.3467464,90637.3125,90362.1171875,90927.9765625,90726.0,90814.15625,90906.6015625,91012.734375,91183.765625,0.0
1762651846.3467622,90968.5625,90693.3671875,91259.4921875,91057.96875,91145.859375,91238.125,91344.25,91515.2890625,0.0
1762651846.3507097,90437.1328125,90161.84375,90727.7890625,90525.8203125,90614.15625,90706.8671875,90812.3671875,90983.140625,0.0
1762651846.350786,89840.4296875,89565.5,90131.265625,89928.7578125,90017.5390625,90110.078125,90215.578125,90386.078125,0.0
1762651846.3508155,90634.8984375,90360.2421875,90926.3671875,90724.21875,90812.3671875,90905.0859375,91011.2109375,91181.53125,0.0
1762651846.3508427,91123.5078125,90848.7578125,91415.2421875,91213.2734375,91300.9765625,91393.875,91499.8203125,91670.6796875,0.0
1762651846.3581035,90735.9296875,90461.0,91027.21875,90824.9765625,90913.3125,91005.671875,91111.6171875,91282.6484375,0.0
1762651846.360296,89996.7109375,89721.15625,90287.28125,90084.953125,90173.9140625,90266.0078125,90371.59375,90542.359375,0.0
1762651846.363124,90618.625,90343.34375,90909.5546875,90707.3203125,90795.921875,90888.2734375,90994.046875,91165.078125,0.0
1762651846.3653605,91262.890625,90987.875,91553.8203125,91352.390625,91440.1875,91532.8125,91638.7578125,91810.328125,0.0
1762651846.368086,91016.6640625,90741.5625,91307.8671875,91106.25,91194.140625,91286.8515625,91392.3515625,91563.8359375,0.0
1762651846.376609,90206.546875,89931.4453125,90497.65625,90295.6015625,90383.6640625,90476.5546875,90582.1484375,90752.828125,0.0
1762651846.3766809,90596.5390625,90320.9921875,90887.46875,90685.59375,90773.390625,90866.1953125,90972.140625,91143.1796875,0.0
1762651846.3794184,91377.8671875,91102.8515625,91669.3359375,91467.2734375,91555.34375,91647.875,91753.828125,91925.578125,0.0
1762651846.379495,91277.9140625,91002.8984375,91569.3828125,91367.140625,91455.65625,91547.921875,91653.6875,91825.265625,0.0
1762651846.3918228,90464.7578125,90189.6484375,90755.953125,90553.8984375,90642.2265625,90734.5,90840.265625,91011.3046875,0.0
1762651846.4280877,90583.3984375,90308.1171875,90874.328125,90672.4453125,90760.875,90853.2265625,90958.8203125,91129.765625,0.0
1762651846.4281616,91462.359375,91187.4296875,91753.6484375,91551.9453125,91639.8359375,91732.3671875,91838.2265625,92009.7109375,0.0
1762651846.428184,91506.6171875,91231.15625,91797.546875,91595.6640625,91683.4609375,91775.8203125,91882.0390625,92053.6953125,0.0
1762651846.4282064,90756.2265625,90480.8515625,91046.9765625,90844.828125,90933.0703125,91025.4296875,91131.5546875,91302.5,0.0
1762651846.4305787,90598.953125,90323.671875,90889.8828125,90687.734375,90776.0703125,90868.3359375,90974.2890625,91145.140625,0.0
1762651846.43308,91521.90625,91246.890625,91813.28125,91611.3125,91699.2890625,91791.46875,91897.859375,92069.078125,0.0
1762651846.433156,91711.1796875,91435.71875,92002.2890625,91800.046875,91888.296875,91980.5625,92087.046875,92258.171875,0.0
1762651846.4352944,91062.4453125,90786.625,91353.1015625,91151.2265625,91239.2890625,91331.9140625,91437.953125,91608.8046875,0.0
1762651846.4379857,90652.6875,90377.2265625,90943.171875,90741.3828125,90829.0859375,90921.984375,91028.1953125,91198.7890625,0.0
1762651846.4407308,91543.453125,91268.2578125,91834.5625,91632.9453125,91720.390625,91813.1953125,91919.8515625,92090.890625,0.0
1762651846.4430676,91887.4921875,91612.6484375,92179.2265625,91977.5234375,92065.2265625,92157.40625,92264.515625,92435.5546875,0.0
1762651846.4456604,91368.125,91093.109375,91659.234375,91457.53125,91545.5078125,91637.6875,91744.6171875,91915.3828125,0.0
1762651846.4481163,90754.34375,90479.5078125,91045.2734375,90843.484375,90931.4609375,91023.8203125,91130.390625,91301.25,0.0
1762651846.450497,91535.9375,91260.75,91826.78125,91625.3515625,91712.4296875,91805.5,91912.2578125,92083.109375,0.0
1762651846.4532912,92038.5859375,91763.5703125,92329.4296875,92128.3515625,92215.609375,92308.328125,92414.8984375,92586.5625,0.0
1762651846.4554005,91662.359375,91387.703125,91953.203125,91751.859375,91839.4765625,91932.1953125,92038.765625,92209.9765625,0.0
1762651846.455507,90915.546875,90640.7109375,91206.1171875,91004.59375,91092.484375,91184.75,91291.3203125,91462.09375,0.0
1762651846.4605007,91518.328125,91243.671875,91809.2578125,91607.9140625,91695.8046875,91787.7109375,91894.5546875,92065.765625,0.0
1762651846.4644227,92175.6484375,91901.171875,92467.0234375,92265.9453125,92353.390625,92445.921875,92552.0546875,92723.984375,0.0
1762651846.4644747,91943.546875,91669.0703125,92234.8359375,92033.578125,92121.375,92213.5546875,92319.6796875,92491.609375,0.0
1762651846.4990685,91129.765625,90854.9296875,91420.875,91218.9921875,91307.1484375,91399.1484375,91505.6328125,91676.6640625,0.0
1762651846.5018704,91492.0390625,91217.5625,91783.8671875,91581.984375,91669.6953125,91762.0546875,91868.7109375,92039.8359375,0.0
1762651846.5019464,92284.0078125,92009.53125,92575.921875,92374.21875,92461.9296875,92553.75,92660.7734375,92832.5234375,0.0
1762651846.5043192,92196.8359375,91922.265625,92488.484375,92286.8671875,92374.4921875,92466.7578125,92573.421875,92745.3515625,0.0
1762651846.5064547,91387.4375,91113.046875,91678.6328125,91477.3828125,91565.0,91657.625,91763.484375,91934.6953125,0.0
1762651846.5455976,91477.734375,91203.703125,91769.203125,91567.6796875,91655.390625,91748.375,91853.9609375,92025.1796875,0.0
1762651846.545658,92364.4765625,92090.0,92656.296875,92454.6015625,92541.859375,92635.0234375,92741.0546875,92912.8984375,0.0
1762651846.545668,92421.6953125,92147.21875,92713.34375,92512.265625,92599.3515625,92691.796875,92798.4609375,92970.296875,0.0
1762651846.5480652,91677.828125,91403.3515625,91969.3828125,91768.0390625,91855.484375,91948.015625,92054.4140625,92225.625,0.0
1762651846.5507412,91497.40625,91223.109375,91788.875,91587.2578125,91674.96875,91767.6875,91874.1640625,92045.0234375,0.0
1762651846.5530732,92424.0234375,92149.6328125,92715.6640625,92514.5,92601.671875,92694.03125,92800.9609375,92972.265625,0.0
1762651846.5531485,92626.8828125,92352.2265625,92918.4375,92717.09375,92804.359375,92896.890625,93003.6484375,93175.125,0.0
1762651846.5557756,91986.4609375,91711.71875,92278.015625,92076.3203125,92164.203125,92256.46875,92362.8671875,92534.53125,0.0
1762651846.5558531,91554.4453125,91279.5234375,91845.734375,91643.765625,91732.1875,91824.3671875,91930.5859375,92101.9765625,0.0
1762651846.571534,92442.2578125,92167.9609375,92733.90625,92532.3828125,92620.265625,92712.71875,92819.109375,92990.7734375,0.0
1762651846.5715823,92801.40625,92527.375,93093.234375,92892.0625,92979.59375,93072.0390625,93178.796875,93350.6328125,0.0
1762651846.5754404,92293.125,92019.0078125,92584.953125,92383.7890625,92471.4921875,92563.8515625,92670.0703125,92841.8203125,0.0
1762651846.575516,91666.296875,91391.7265625,91958.03125,91756.2421875,91844.484375,91937.0234375,92042.7890625,92214.1796875,0.0
1762651846.5755372,92440.203125,92165.546875,92731.9375,92530.4140625,92618.125,92710.8359375,92817.234375,92988.625,0.0
1762651846.5793352,92957.6015625,92683.390625,93249.6015625,93048.3515625,93135.609375,93228.1484375,93335.078125,93507.09375,0.0
1762651846.579412,92591.5703125,92317.0,92883.3046875,92681.6953125,92769.671875,92862.0234375,92968.421875,93140.171875,0.0
1762651846.5794456,91831.1640625,91556.234375,92122.5390625,91920.75,92009.0859375,92101.0859375,92207.4765625,92378.9609375,0.0
1762651846.5816052,92414.8125,92139.6171875,92706.1875,92504.84375,92592.375,92684.734375,92791.125,92963.0546875,0.0
1762651846.5816808,93086.4375,92811.78125,93378.3515625,93177.453125,93264.5390625,93356.984375,93463.46875,93635.484375,0.0
1762651846.584313,92865.0625,92590.5,93157.0703125,92955.90625,93043.34375,93135.7890625,93242.1875,93413.84375,0.0
1762651846.5869122,92047.53125,91773.140625,92339.171875,92137.921875,92225.359375,92317.8046875,92424.203125,92595.7734375,0.0
1762651846.5869892,92385.6640625,92111.0078125,92677.21875,92476.234375,92563.40625,92655.9453125,92762.3359375,92934.0,0.0
1762651846.5893493,93188.0,92913.8828125,93479.9140625,93279.109375,93366.1953125,93458.546875,93565.75,93737.2265625,0.0
1762651846.5919733,93113.171875,92838.9609375,93405.3515625,93203.9140625,93291.265625,93383.359375,93490.375,93661.953125,0.0
1762651846.5942776,92309.046875,92034.4765625,92600.9609375,92399.34375,92486.875,92579.234375,92685.5390625,92857.375,0.0
1762651846.5969253,92376.3671875,92101.796875,92668.1875,92466.578125,92553.8359375,92646.46875,92752.6796875,92924.703125,0.0
1762651846.5991056,93270.171875,92996.046875,93562.53125,93361.5390625,93448.265625,93540.984375,93647.6484375,93819.578125,0.0
1762651846.599188,93336.5078125,93062.1171875,93628.8671875,93427.6171875,93514.609375,93606.9609375,93713.984375,93886.09375,0.0
1762651846.6019208,92602.03125,92327.7265625,92894.3046875,92692.6875,92780.125,92872.3046875,92978.96875,93150.8125,0.0
1762651846.6080203,92395.234375,92120.84375,92687.4140625,92485.171875,92573.2421875,92665.1484375,92772.0859375,92943.8359375,0.0
1762651846.6417024,93316.75,93042.359375,93609.46875,93407.8515625,93495.203125,93587.1171875,93694.3125,93866.515625,0.0
1762651846.6417544,93535.078125,93260.6875,93827.890625,93626.453125,93713.359375,93805.71875,93912.5546875,94084.578125,0.0
1762651846.6443183,92907.1796875,92632.609375,93199.625,92998.1015625,93085.1875,93177.453125,93284.203125,93456.046875,0.0
1762651846.6443944,92456.2109375,92181.640625,92748.4765625,92547.1328125,92634.3984375,92726.3046875,92833.0546875,93004.984375,0.0
1762651846.6465852,93333.203125,93058.6328125,93625.5625,93424.75,93511.2109375,93603.296875,93710.40625,93882.3359375,0.0
1762651846.6493514,93705.8515625,93431.9921875,93998.4765625,93797.7578125,93884.3046875,93976.21875,94083.5,94255.7890625,0.0
1762651846.6580455,93212.9453125,92938.9140625,93505.3125,93304.0546875,93391.40625,93483.671875,93590.421875,93762.625,0.0
1762651846.6605632,92570.5625,92296.078125,92862.46875,92661.0390625,92748.296875,92840.921875,92947.3203125,93119.4296875,0.0
1762651846.6630597,93324.4375,93049.78125,93616.6171875,93415.3671875,93502.1796875,93595.1640625,93701.9140625,93874.0234375,0.0
1762651846.6656551,93854.796875,93580.4140625,94147.25,93946.0859375,94033.1640625,94125.703125,94232.9921875,94404.7421875,0.0
1762651846.6743276,93505.9375,93231.453125,93798.0234375,93596.859375,93684.03125,93776.4765625,93883.859375,94055.4296875,0.0
1762651846.6767418,92737.75,92462.734375,93029.21875,92827.6015625,92915.1328125,93007.8515625,93114.328125,93286.0859375,0.0
1762651846.676798,93299.765625,93025.1953125,93592.03125,93390.6015625,93477.7734375,93570.125,93677.1484375,93848.8984375,0.0
1762651846.6794364,93979.8828125,93705.2265625,94272.421875,94071.5234375,94158.4296875,94250.515625,94357.625,94529.8203125,0.0
1762651846.679489,93773.4375,93498.6015625,94065.7109375,93864.9921875,93951.8046875,94044.078125,94151.1875,94322.9375,0.0
1762651846.6820917,92955.8125,92681.421875,93247.90625,93046.5625,93133.9140625,93226.265625,93333.109375,93504.5078125,0.0
1762651846.6842945,93269.5390625,92995.2421875,93561.8125,93360.6484375,93447.640625,93539.8203125,93647.015625,93818.4140625,0.0
1762651846.686714,94080.9140625,93806.703125,94373.453125,94172.734375,94259.453125,94351.28125,94459.1015625,94631.125,0.0
1762651846.6893816,94017.96875,93743.84375,94310.421875,94109.703125,94196.6953125,94288.6953125,94395.984375,94568.265625,0.0
1762651846.6894572,93218.671875,92944.0078125,93510.8515625,93309.6875,93396.765625,93489.21875,93596.234375,93767.8984375,0.0
1762651846.6916308,93259.6171875,92985.140625,93551.796875,93350.7265625,93437.71875,93530.078125,93637.2734375,93809.0234375,0.0
1762651846.6943784,94154.1328125,93879.921875,94446.671875,94245.7734375,94332.7734375,94424.7734375,94532.5078125,94704.2578125,0.0
1762651846.6980612,94235.2265625,93960.8359375,94527.859375,94326.9609375,94413.7734375,94506.1328125,94613.6875,94785.3515625,0.0
1762651846.698136,93507.09375,93232.53125,93799.4609375,93598.0234375,93685.375,93777.5546875,93884.6640625,94056.3203125,0.0
1762651846.731543,93277.0546875,93002.484375,93569.0546875,93367.625,93454.8828125,93547.1484375,93653.9921875,93826.0078125,0.0
1762651846.7340243,94197.40625,93923.015625,94489.859375,94288.875,94375.8671875,94467.7734375,94575.15625,94747.7109375,0.0
1762651846.7340739,94426.5546875,94152.4375,94719.1875,94518.2890625,94605.015625,94697.1015625,94804.6640625,94976.6796875,0.0
1762651846.7368557,93809.0234375,93534.8125,94101.203125,93899.953125,93987.2109375,94079.390625,94186.765625,94358.4296875,0.0
1762651846.7393067,93335.703125,93061.40625,93627.796875,93426.5390625,93513.625,93606.25,93713.1796875,93884.75,0.0
1762651846.742103,94207.3359375,93933.296875,94499.6953125,94298.796875,94385.609375,94478.0546875,94585.5234375,94757.2734375,0.0
1762651846.7439504,94591.515625,94317.5703125,94883.9609375,94683.6015625,94770.2421875,94862.5078125,94969.8828125,95142.0859375,0.0
1762651846.7467535,94105.8515625,93831.734375,94398.125,94197.40625,94284.4921875,94376.4921875,94483.78125,94655.9765625,0.0
1762651846.7499528,93448.890625,93174.4140625,93740.984375,93539.7265625,93627.3515625,93719.4375,93826.3671875,93998.4765625,0.0
1762651846.751951,94188.109375,93914.078125,94480.109375,94279.5703125,94366.65625,94458.7421875,94565.8515625,94738.3203125,0.0
1762651846.7542524,94732.7734375,94458.4765625,95024.78125,94824.5078125,94911.0546875,95003.5,95110.703125,95283.1640625,0.0
1762651846.7567368,94392.1328125,94117.75,94684.3203125,94483.6875,94570.328125,94662.5,94769.8828125,94942.078125,0.0
1762651846.7567892,93618.2265625,93343.9296875,93910.234375,93709.15625,93796.2421875,93888.5078125,93995.3515625,94167.546875,0.0
1762651846.7589922,94161.46875,93886.984375,94453.3828125,94252.5703125,94339.3828125,94431.7421875,94539.03125,94711.3203125,0.0
1762651846.7655404,94855.53125,94581.0546875,95148.1640625,94947.4453125,95033.8125,95126.1640625,95233.7265625,95406.1015625,0.0
1762651846.7767959,94659.734375,94385.609375,94952.09375,94751.640625,94838.1015625,94930.6328125,95038.1015625,95210.4765625,0.0
1762651846.7768652,93838.078125,93563.6953125,94129.8203125,93929.0078125,94016.0,94108.71875,94215.6484375,94387.6640625,0.0
1762651846.7768888,94129.28125,93854.9765625,94421.640625,94220.65625,94307.6484375,94400.09375,94507.0234375,94679.21875,0.0
1762651846.7793157,94949.859375,94675.5546875,95242.125,95041.765625,95128.40625,95220.4921875,95328.2265625,95500.6953125,0.0
1762651846.7793927,94896.03125,94621.8203125,95188.3984375,94988.125,95074.578125,95166.4921875,95274.40625,95446.515625,0.0
1762651846.7818089,94100.046875,93825.65625,94392.2265625,94191.5078125,94278.4140625,94370.5,94477.875,94649.625,0.0
1762651846.7856069,94115.2421875,93840.765625,94407.3359375,94206.4375,94293.609375,94385.5234375,94492.8125,94665.2734375,0.0
1762651846.81915,95015.6640625,94741.453125,95307.9296875,95107.2109375,95194.3828125,95286.203125,95394.03125,95566.5859375,0.0
1762651846.844433,95107.9296875,94833.453125,95400.46875,95199.75,95286.296875,95378.3828125,95486.296875,95658.6796875,0.0
1762651846.844508,94387.3984375,94112.7421875,94679.671875,94478.59375,94565.5,94657.9453125,94765.140625,94937.25,0.0
1762651846.8445354,94132.5,93857.84375,94424.6796875,94223.515625,94310.59375,94403.046875,94510.2421875,94682.265625,0.0
1762651846.850587,95051.0625,94776.765625,95343.6953125,95142.7109375,95229.5234375,95321.8828125,95429.5234375,95601.8125,0.0
1762651846.853061,95294.703125,95020.3125,95587.2421875,95386.34375,95472.9765625,95565.6015625,95673.15625,95845.625,0.0
1762651846.8555944,94690.578125,94416.09375,94983.0234375,94782.0390625,94868.9453125,94961.125,95068.9453125,95241.3203125,0.0
1762651846.8579462,94199.2890625,93924.1796875,94491.2890625,94290.65625,94377.65625,94469.7421875,94577.5703125,94749.2265625,0.0
1762651846.860559,95060.546875,94785.9765625,95353.2578125,95152.5390625,95239.0859375,95331.0,95439.1796875,95611.734375,0.0
1762651846.8630633,95460.375,95186.6953125,95753.71875,95553.0,95639.453125,95731.09375,95839.546875,96012.015625,0.0
1762651846.8656683,94990.71875,94716.6875,95283.5234375,95082.71875,95169.4375,95261.4375,95369.3515625,95541.9140625,0.0
1762651846.8680625,94319.5390625,94045.5078125,94612.1640625,94411.4453125,94497.9921875,94590.4375,94698.0,94870.015625,0.0
1762651846.870288,95042.6640625,94768.984375,95335.734375,95134.9296875,95221.296875,95313.7421875,95421.390625,95593.765625,0.0
1762651846.876748,95599.1328125,95325.546875,95892.4765625,95691.84375,95778.2109375,95870.5703125,95978.125,96150.953125,0.0
1762651846.9165149,95271.9921875,94998.3125,95565.2421875,95364.5234375,95450.984375,95543.25,95650.8046875,95823.71875,0.0
1762651846.9189656,94489.9453125,94215.6484375,94782.484375,94581.59375,94668.40625,94760.5859375,94868.2265625,95040.6015625,0.0
1762651846.9215107,95007.96875,94733.578125,95300.6015625,95099.8828125,95186.515625,95278.4296875,95386.4296875,95558.6328125,0.0
1762651846.9243703,95711.25,95437.484375,96004.234375,95804.0546875,95889.96875,95982.421875,96090.3359375,96262.796875,0.0
1762651846.924444,95529.0390625,95255.0,95822.3828125,95622.109375,95708.1171875,95800.3828125,95908.4765625,96081.2109375,0.0
1762651846.926612,94709.6171875,94435.6796875,95002.875,94802.15625,94888.5234375,94980.96875,95088.6171875,95260.7265625,0.0
1762651846.926685,94975.4296875,94701.125,95268.7734375,95068.0546875,95154.6015625,95246.421875,95353.9765625,95526.265625,0.0
1762651846.9292853,95800.3828125,95526.4453125,96094.0859375,95893.3671875,95979.828125,96071.46875,96179.6484375,96352.4765625,0.0
1762651846.9293365,95760.5078125,95486.5703125,96054.3046875,95853.40625,95939.859375,96031.6796875,96140.046875,96312.421875,0.0
1762651846.9319887,94967.7421875,94693.53125,95260.8125,95059.9140625,95147.0,95238.4609375,95346.46875,95518.578125,0.0
1762651846.9320652,94958.2578125,94684.140625,95251.15625,95050.6171875,95137.1640625,95228.984375,95336.9921875,95509.3671875,0.0
1762651846.9342906,95858.6796875,95584.46875,96151.84375,95951.390625,96037.9375,96129.5859375,96238.125,96410.859375,0.0
1762651846.9369268,95963.4609375,95689.25,96256.984375,96056.1796875,96142.546875,96234.7265625,96343.3515625,96515.640625,0.0
1762651846.9393637,95254.9140625,94980.5234375,95547.71875,95347.0,95433.7265625,95525.640625,95633.5546875,95806.109375,0.0
1762651846.9415824,94978.2890625,94704.078125,95271.09375,95070.2890625,95157.3671875,95249.015625,95356.8359375,95529.390625,0.0
1762651846.9442942,95893.7265625,95619.3359375,96186.0859375,95985.8125,96072.1796875,96164.1796875,96272.6328125,96445.1875,0.0
1762651846.9469557,96152.0234375,95877.8125,96444.921875,96244.46875,96330.9296875,96422.8359375,96531.2890625,96704.2890625,0.0
1762651846.9492164,95557.828125,95283.703125,95850.546875,95650.5390625,95737.0859375,95828.8203125,95937.0,96109.734375,0.0
1762651846.9515414,95049.3671875,94774.890625,95342.0859375,95141.7265625,95228.2734375,95320.09375,95428.0078125,95600.46875,0.0
1762651846.9643364,95903.5625,95629.53125,96196.90625,95996.1875,96082.8203125,96174.5546875,96282.734375,96455.7421875,0.0
1762651846.9665358,96316.3515625,96042.5,96609.6953125,96409.4296875,96495.6171875,96587.1640625,96695.7109375,96868.890625,0.0
1762651846.9692962,95856.3515625,95581.9609375,96148.984375,95948.8046875,96035.078125,96126.8984375,96235.3515625,96408.3515625,0.0
1762651846.9730716,95171.8515625,94897.375,95464.21875,95263.6796875,95350.3125,95442.3125,95550.4921875,95722.78125,0.0
1762651846.9731483,95881.03125,95607.0,96174.109375,95973.8359375,96060.109375,96152.2890625,96260.4765625,96433.1171875,0.0
1762651846.9731784,96451.625,96177.953125,96744.8828125,96545.1484375,96630.890625,96723.0625,96831.4296875,97004.609375,0.0
1762651846.9755497,96136.828125,95862.703125,96429.8125,96229.984375,96315.9921875,96407.9921875,96516.4453125,96689.2734375,0.0
1762651846.978106,95349.7734375,95075.4765625,95642.4921875,95441.6875,95528.3203125,95620.859375,95728.59375,95901.0546875,0.0
1762651846.9781797,95852.328125,95578.390625,96145.40625,95944.6015625,96031.234375,96123.59375,96231.5078125,96403.96875,0.0
1762651846.9804835,96572.59375,96298.6484375,96865.9375,96665.7578125,96751.5859375,96843.765625,96952.3046875,97124.953125,0.0
1762651846.9827683,96397.359375,96123.3203125,96690.703125,96490.609375,96576.3515625,96668.53125,96776.6171875,96949.8046875,0.0
1762651846.9893117,95576.78125,95303.015625,95870.03125,95669.5859375,95755.859375,95848.0390625,95955.5078125,96128.6875,0.0
1762651846.995306,95823.6328125,95549.78125,96116.9765625,95916.34375,96002.8046875,96094.890625,96202.625,96375.8984375,0.0
1762651846.9977953,96662.1796875,96387.8828125,96955.34375,96755.4296875,96841.171875,96933.3515625,97041.3515625,97214.71875,0.0
1762651847.0006096,96629.9921875,96355.3359375,96923.0703125,96723.0625,96808.8046875,96901.078125,97009.4375,97182.3515625,0.0
1762651847.002822,95844.109375,95569.984375,96137.09375,95936.640625,96022.921875,96115.1875,96223.015625,96396.1953125,0.0
1762651847.002898,95810.6640625,95536.3671875,96103.4765625,95903.296875,95989.2109375,96081.75,96189.578125,96362.3984375,0.0
1762651847.0058024,96718.8671875,96444.921875,97012.03125,96812.4765625,96897.765625,96990.2109375,97098.3046875,97271.3984375,0.0
1762651847.0106218,96835.0,96561.1484375,97128.4375,96928.609375,97014.0859375,97106.171875,97214.359375,97387.8046875,0.0
1762651847.0106964,96133.0703125,95858.9453125,96426.234375,96225.875,96312.2421875,96403.96875,96511.9765625,96685.421875,0.0
1762651847.010723,95835.5234375,95561.671875,96128.6875,95928.328125,96014.4296875,96106.3359375,96214.4296875,96387.25,0.0
1762651847.010741,96752.484375,96478.5390625,97045.9140625,96845.9140625,96931.7421875,97023.6484375,97132.1953125,97305.015625,0.0
1762651847.013191,97019.71875,96745.8671875,97313.328125,97113.234375,97199.15625,97291.15625,97399.4296875,97572.609375,0.0
1762651847.0132933,96436.0703125,96161.59375,96729.234375,96528.78125,96614.8828125,96707.328125,96815.3359375,96987.9765625,0.0
1762651847.0463924,95910.265625,95635.875,96203.1640625,96002.8046875,96089.3515625,96181.6171875,96289.0859375,96461.7265625,0.0
1762651847.0506988,96755.34375,96481.1328125,97048.2421875,96848.6796875,96934.515625,97026.515625,97134.609375,97307.6953125,0.0
1762651847.0507777,97179.7578125,96905.90625,97473.1875,97273.1875,97358.9296875,97450.8359375,97559.5546875,97732.9140625,0.0
1762651847.0508108,96731.2890625,96456.9921875,97024.9921875,96824.5390625,96910.28125,97002.4609375,97110.8203125,97284.09375,0.0
1762651847.0543597,96033.5625,95759.5234375,96327.171875,96126.71875,96212.734375,96305.1796875,96412.734375,96585.6484375,0.0
1762651847.0544348,96726.8203125,96453.234375,97020.34375,96819.984375,96906.0859375,96998.3515625,97106.53125,97279.8046875,0.0
1762651847.054462,97310.6484375,97037.2421875,97604.6171875,97404.5234375,97490.0,97582.4453125,97691.078125,97864.34375,0.0
1762651847.054482,97007.3828125,96734.2421875,97301.4375,97101.4375,97187.0,97279.0,97387.359375,97560.71875,0.0
1762651847.056562,96213.4453125,95939.953125,96506.96875,96306.515625,96392.6171875,96484.703125,96592.890625,96765.8046875,0.0
1762651847.0592897,96692.84375,96419.0859375,96986.546875,96786.2734375,96872.015625,96964.2890625,97072.6484375,97245.6484375,0.0
1762651847.061577,97422.671875,97149.265625,97716.6484375,97516.734375,97602.3828125,97694.3828125,97803.1015625,97976.734375,0.0
1762651847.0656104,97259.8671875,96986.4609375,97553.8359375,97353.921875,97439.5703125,97531.3046875,97640.1171875,97813.5625,0.0
1762651847.096597,96439.6484375,96165.96875,96733.3515625,96532.5390625,96618.8203125,96710.90625,96819.0,96992.359375,0.0
1762651847.0966668,96660.3046875,96386.625,96953.9140625,96753.4609375,96839.921875,96931.921875,97039.921875,97213.1953125,0.0
1762651847.1005528,97508.328125,97234.828125,97801.9375,97602.203125,97688.125,97780.0390625,97888.84375,98061.9375,0.0
1762651847.1006286,97489.1015625,97215.609375,97783.078125,97582.890625,97668.9921875,97760.546875,97869.53125,98042.890625,0.0
1762651847.1006496,96704.734375,96431.1484375,96998.796875,96797.9921875,96884.359375,96976.265625,97084.71875,97257.8984375,0.0
1762651847.1029665,96645.7265625,96371.875,96939.5234375,96738.7109375,96825.171875,96917.078125,97025.4375,97198.625,0.0
1762651847.103047,97557.234375,97283.5546875,97851.2890625,97650.84375,97736.8515625,97828.9375,97937.5703125,98110.84375,0.0
1762651847.1054688,97685.53125,97411.859375,97979.3203125,97779.5859375,97865.421875,97957.328125,98065.9609375,98239.5859375,0.0
1762651847.107672,96989.859375,96716.09375,97283.6484375,97083.5546875,97169.3828125,97261.4765625,97369.8359375,97543.1953125,0.0
1762651847.1144564,96668.703125,96395.296875,96962.2265625,96762.3125,96848.1484375,96940.4140625,97048.6875,97221.6875,0.0
1762651847.1164975,97580.75,97307.6953125,97874.984375,97675.3359375,97760.6328125,97852.8984375,97961.53125,98134.8046875,0.0
1762651847.121703,97861.21875,97588.2578125,98155.546875,97956.1640625,98041.28125,98133.4609375,98242.265625,98415.5390625,0.0
1762651847.121755,97286.328125,97013.1015625,97580.2109375,97380.296875,97466.21875,97558.0390625,97666.7578125,97839.7578125,0.0
1762651847.121765,96741.125,96467.6328125,97035.09375,96834.734375,96921.1015625,97012.8359375,97121.375,97294.46875,0.0
1762651847.1252427,97574.1328125,97300.1875,97868.1015625,97668.453125,97753.9296875,97845.9296875,97954.2890625,98128.0078125,0.0
1762651847.1317933,98010.9765625,97737.296875,98305.390625,98105.2109375,98190.953125,98283.125,98391.3984375,98565.296875,0.0
1762651847.1318684,97574.3984375,97300.90625,97868.4609375,97668.453125,97754.109375,97846.640625,97955.0078125,98128.453125,0.0
1762651847.1432116,96865.8515625,96591.640625,97159.28125,96959.1015625,97044.84375,97137.375,97245.7421875,97418.6484375,0.0
1762651847.145579,97541.3203125,97267.375,97834.5703125,97634.65625,97720.3984375,97812.671875,97921.296875,98094.65625,0.0
1762651847.1456532,98137.21875,97863.5390625,98431.3671875,98231.359375,98316.921875,98409.1953125,98517.9140625,98691.8046875,0.0
1762651847.1480415,97844.5859375,97570.9140625,98138.828125,97939.0,98024.5625,98116.65625,98225.4609375,98399.0859375,0.0
1762651847.1819625,97044.84375,96770.984375,97338.546875,97138.71875,97224.640625,97316.546875,97425.0,97598.359375,0.0
1762651847.1843386,97504.84375,97231.7890625,97798.8125,97599.5234375,97684.9921875,97776.3671875,97885.359375,98058.71875,0.0
1762651847.1844213,98245.3125,97972.53125,98539.90625,98340.3515625,98425.734375,98517.375,98626.453125,98799.9921875,0.0
1762651847.1864376,98094.3046875,97820.8046875,98388.5390625,98188.890625,98274.453125,98366.1015625,98474.90625,98648.8046875,0.0
1762651847.189288,97273.1015625,96999.3359375,97566.796875,97367.15625,97453.0703125,97544.625,97652.8984375,97826.6171875,0.0
1762651847.1918087,97469.96875,97196.2109375,97763.671875,97563.578125,97649.765625,97741.6796875,97849.7734375,98023.7578125,0.0
1762651847.1945305,98323.6328125,98050.046875,98617.6875,98418.046875,98503.609375,98595.6953125,98704.7734375,98878.3984375,0.0
1762651847.1994681,98315.40625,98042.0859375,98609.5546875,98410.171875,98495.828125,98587.46875,98696.8125,98870.0859375,0.0
1762651847.2015636,97538.4609375,97264.6015625,97832.0703125,97632.15625,97718.2578125,97810.1640625,97918.796875,98091.890625,0.0
1762651847.2042835,97454.953125,97181.2734375,97748.7421875,97548.828125,97634.65625,97727.015625,97835.203125,98008.3828125,0.0
1762651847.2065692,98366.90625,98093.3203125,98661.140625,98461.4921875,98546.8828125,98639.0546875,98748.2265625,98921.4921875,0.0
1762651847.2066572,98506.9140625,98233.1484375,98801.15625,98601.4140625,98686.8046875,98778.9765625,98887.7890625,99061.328125,0.0
1762651847.209689,97822.0546875,97548.2890625,98116.0234375,97916.46875,98001.671875,98093.765625,98202.21875,98376.0234375,0.0
1762651847.2117507,97480.34375,97206.7578125,97774.4921875,97574.6640625,97660.0546875,97752.40625,97860.7734375,98034.0390625,0.0
1762651847.2143033,98388.453125,98115.1328125,98682.8671875,98483.3984375,98568.4296875,98660.6015625,98769.3203125,98943.21875,0.0
1762651847.21438,98680.453125,98406.9609375,98974.8671875,98775.3125,98860.515625,98952.7890625,99061.5078125,99235.578125,0.0
1762651847.2194624,98118.171875,97844.5859375,98412.234375,98212.5859375,98297.7890625,98390.1484375,98498.6015625,98672.765625,0.0
1762651847.226526,97557.5,97284.0078125,97851.6484375,97651.9140625,97737.1171875,97829.1171875,97937.8359375,98111.46875,0.0
1762651847.2265973,98379.1484375,98105.296875,98673.65625,98473.921875,98559.3046875,98650.9453125,98760.0234375,98933.65625,0.0
1762651847.2718296,98831.375,98557.6953125,99125.703125,98926.0546875,99011.796875,99103.4375,99212.515625,99386.3203125,0.0
1762651847.2719047,98404.9921875,98131.2265625,98699.046875,98499.1328125,98585.0546875,98676.875,98785.8671875,98959.578125,0.0
1762651847.274302,97685.9765625,97411.765625,97979.5,97779.6796875,97865.6015625,97957.59375,98065.78125,98239.3203125,0.0
1762651847.274378,98344.640625,98070.6953125,98638.34375,98439.140625,98524.5234375,98616.2578125,98725.0703125,98898.609375,0.0
1762651847.27649,98954.3984375,98680.6328125,99248.546875,99049.5234375,99134.5546875,99226.375,99335.625,99509.078125,0.0
1762651847.2793086,98674.8203125,98400.96875,98968.703125,98769.5,98854.7109375,98946.53125,99055.9609375,99229.140625,0.0
1762651847.2817132,97868.90625,97594.9609375,98162.515625,97962.78125,98048.703125,98140.2578125,98249.2421875,98422.515625,0.0
1762651847.2844665,98303.8671875,98030.1953125,98597.84375,98398.28125,98483.84375,98575.4921875,98684.390625,98857.9296875,0.0
1762651847.2864933,99055.0703125,98781.84375,99349.3046875,99150.2890625,99235.046875,99326.953125,99436.65625,99610.1953125,0.0
1762651847.2893672,98917.203125,98643.6171875,99211.6171875,99012.2421875,99097.1796875,99189.0859375,99298.5234375,99472.0625,0.0
1762651847.291639,98097.4296875,97823.6640625,98391.578125,98191.84375,98277.3203125,98369.40625,98478.75,98651.578125,0.0
1762651847.2943745,98267.9296875,97994.609375,98562.1640625,98362.7890625,98448.0859375,98540.171875,98649.515625,98822.5234375,0.0
1762651847.3093677,99129.6328125,98856.671875,99424.5859375,99225.390625,99310.234375,99401.7890625,99511.578125,99685.4765625,0.0
1762651847.311584,99134.8203125,98861.953125,99429.6796875,99230.484375,99315.6015625,99406.796875,99516.5,99690.484375,0.0
1762651847.3140142,98362.703125,98089.6484375,98656.7578125,98457.7421875,98542.859375,98634.6796875,98743.6640625,98917.46875,0.0
1762651847.3169742,98253.890625,97980.6640625,98547.7734375,98348.75,98434.2265625,98525.8671875,98635.03125,98808.484375,0.0
1762651847.3170261,99168.078125,98894.7578125,99462.4921875,99263.3828125,99348.5,99440.140625,99549.6640625,99723.4765625,0.0
1762651847.3193147,99321.59375,99048.09375,99616.453125,99417.2578125,99502.015625,99593.8359375,99703.4453125,99877.2578125,0.0
1762651847.3217783,98647.4609375,98374.0546875,98941.8828125,98742.59375,98827.703125,98919.4375,99028.6015625,99202.5,0.0
1762651847.3218305,98283.84375,98010.6171875,98577.9921875,98378.4375,98463.8203125,98555.8203125,98664.359375,98838.078125,0.0
1762651847.3242683,99187.3046875,98913.984375,99481.8984375,99282.7890625,99367.7265625,99459.8125,99568.8046875,99742.6953125,0.0
1762651847.3264532,99495.1328125,99221.6328125,99789.7265625,99590.2578125,99675.4609375,99767.375,99876.8984375,100051.0625,0.0
1762651847.3292964,98942.7734375,98669.6328125,99237.3671875,99037.8125,99123.375,99214.9296875,99324.359375,99498.3515625,0.0
1762651847.3317335,98362.96875,98089.5625,98657.4765625,98458.0078125,98543.5703125,98634.765625,98744.109375,98918.3671875,0.0
1762651847.3365932,99173.8046875,98900.125,99468.3046875,99269.2890625,99354.2265625,99445.6015625,99555.2109375,99729.5546875,0.0
1762651847.3366659,99637.734375,99364.7734375,99931.96875,99733.3984375,99818.0703125,99909.796875,100019.6796875,100194.0234375,0.0
1762651847.3427513,99224.8515625,98951.53125,99518.8203125,99320.25,99405.0078125,99496.3828125,99606.171875,99780.3359375,0.0
1762651847.3428235,98496.453125,98223.046875,98790.515625,98591.40625,98676.609375,98767.890625,98877.4140625,99051.1328125,0.0
1762651847.3468533,99135.53125,98862.3046875,99430.0390625,99231.46875,99315.8671875,99407.421875,99517.03125,99690.84375,0.0
1762651847.3830252,99757.453125,99484.3125,100052.578125,99853.7421875,99937.9609375,100029.78125,100139.484375,100313.828125,0.0
1762651847.3831017,99491.4609375,99218.328125,99786.2421875,99587.3984375,99671.7109375,99763.3515625,99872.875,100047.3984375,0.0
1762651847.383126,98681.703125,98408.5703125,98976.296875,98777.015625,98862.0390625,98953.59375,99062.7578125,99236.7421875,0.0
1762651847.385688,99094.9453125,98821.625,99389.8046875,99190.6953125,99275.453125,99366.921875,99476.3515625,99650.515625,0.0
1762651847.385739,99859.640625,99586.328125,100154.234375,99955.9296875,100040.0625,100131.6171875,100241.5,100415.578125,0.0
1762651847.3879724,99735.8125,99462.40625,100030.2265625,99831.5703125,99915.7890625,100007.5234375,100117.578125,100291.65625,0.0
1762651847.3905923,98918.8984375,98645.4921875,99213.046875,99014.03125,99098.6953125,99190.34375,99299.6875,99473.8515625,0.0
1762651847.3907008,99065.078125,98791.5,99359.234375,99159.8515625,99244.96875,99336.5234375,99445.953125,99620.296875,0.0
1762651847.3965971,99932.6875,99659.4609375,100227.1015625,100028.265625,100112.84375,100204.5703125,100314.2734375,100488.6171875,0.0
1762651847.3966677,99949.9453125,99676.625,100244.453125,100046.0546875,100130.2734375,100221.5625,100331.890625,100506.234375,0.0
1762651847.3966887,99186.140625,98912.734375,99480.5546875,99281.625,99366.0234375,99457.6640625,99567.546875,99741.4453125,0.0
1762651847.3994043,99054.9765625,98781.9296875,99349.75,99150.46875,99235.2265625,99326.953125,99436.5703125,99610.2890625,0.0
1762651847.401975,99970.8671875,99697.546875,100265.546875,100066.7109375,100151.375,100242.84375,100352.5390625,100527.2421875,0.0
1762651847.404601,100138.140625,99864.734375,100433.0078125,100234.078125,100318.4765625,100409.8515625,100520.09375,100694.7890625,0.0
1762651847.4091997,99473.1328125,99200.0,99767.8203125,99568.625,99653.203125,99744.9296875,99854.7265625,100029.25,0.0
1762651847.411796,99088.0625,98815.0078125,99382.7421875,99183.1875,99268.125,99359.765625,99469.3828125,99643.7265625,0.0
1762651847.414391,99985.2578125,99712.03125,100280.2109375,100081.1015625,100165.7734375,100257.1484375,100367.0234375,100541.9921875,0.0
1762651847.4144683,100304.0859375,100031.125,100599.5703125,100400.5546875,100485.046875,100576.2421875,100686.4765625,100861.4453125,0.0
1762651847.4177687,99764.515625,99491.109375,100059.375,99860.5390625,99945.296875,100036.6640625,100146.7265625,100321.1640625,0.0
1762651847.453051,99168.9765625,98895.7421875,99463.9296875,99264.640625,99349.484375,99441.484375,99550.7421875,99725.0859375,0.0
1762651847.453127,99967.5546875,99694.1484375,100262.421875,100063.3125,100148.0703125,100239.890625,100349.7734375,100524.1171875,0.0
1762651847.4643354,100449.28125,100175.9609375,100744.234375,100545.6640625,100630.328125,100721.796875,100831.9453125,101006.2890625,0.0
1762651847.4644096,100048.3828125,99775.421875,100343.78125,100144.40625,100229.3359375,100320.984375,100431.1328125,100605.4765625,0.0
1762651847.4644332,99306.9296875,99033.609375,99601.4375,99402.5,99487.0859375,99578.9921875,99688.6953125,99862.7734375,0.0
1762651847.4644525,99927.4140625,99654.3671875,100222.453125,100023.5234375,100107.8359375,100199.5703125,100309.625,100483.5234375,0.0
1762651847.4719026,100562.203125,100289.5078125,100857.515625,100658.5859375,100743.1640625,100834.8046875,100944.8671875,101118.9375,0.0
1762651847.4720042,100307.8359375,100035.0546875,100603.0625,100404.1328125,100488.6171875,100580.6171875,100690.4140625,100864.578125,0.0
1762651847.4720259,99493.4296875,99220.1171875,99788.1171875,99588.828125,99673.5859375,99765.2265625,99875.109375,100049.0078125,0.0
1762651847.4742925,99882.2578125,99609.03125,100177.0390625,99978.1953125,100062.4140625,100154.4140625,100264.03125,100438.375,0.0
1762651847.477003,100658.2265625,100384.8203125,100953.0859375,100754.78125,100838.9140625,100930.46875,101040.6171875,101215.3203125,0.0
1762651847.4770796,100544.765625,100271.6328125,100839.8125,100641.5078125,100725.4609375,100816.7421875,100927.1640625,101101.7734375,0.0
1762651847.4821196,99730.1796875,99457.1328125,100024.59375,99825.9375,99910.6015625,100002.0703125,100112.0390625,100285.9375,0.0
1762651847.4842107,99853.203125,99579.9765625,100147.53125,99949.140625,100033.5390625,100125.2734375,100234.8828125,100408.8671875,0.0
1762651847.4894617,100729.390625,100455.984375,101024.1640625,100826.0390625,100909.90625,101001.640625,101111.609375,101286.1328125,0.0
1762651847.491578,100755.9453125,100482.8046875,101050.5390625,100852.5078125,100936.8203125,101028.015625,101138.1640625,101312.859375,0.0
1762651847.4943104,99996.5234375,99723.3828125,100290.9375,100092.3671875,100177.0390625,100268.3203125,100378.2890625,100552.8125,0.0
1762651847.4965432,99842.1171875,99568.890625,100136.8046875,99938.0546875,100022.5390625,100114.2734375,100224.0625,100398.5,0.0
1762651847.4993804,100758.71875,100485.3125,101053.4921875,100854.921875,100939.5,101030.9609375,101141.0234375,101315.6328125,0.0
1762651847.4994557,100938.15625,100664.484375,101232.84375,101034.453125,101118.671875,101210.1328125,101320.4609375,101494.8984375,0.0
1762651847.5017705,100282.1796875,100008.5078125,100576.4140625,100378.46875,100462.515625,100554.15625,100664.125,100838.46875,0.0
1762651847.5057857,99876.8984375,99603.3125,100171.3125,99972.7421875,100057.234375,100149.0546875,100258.484375,100433.0078125,0.0
1762651847.514112,100769.0,100495.859375,101064.1328125,100865.5625,100949.6953125,101041.6015625,101151.390625,101326.09375,0.0
1762651847.514182,101102.21875,100828.8125,101397.53125,101199.140625,101283.1796875,101374.8203125,101484.8828125,101659.2265625,0.0
1762651847.5165534,100573.734375,100300.0625,100868.421875,100670.1171875,100754.3359375,100845.890625,100956.0390625,101130.203125,0.0
1762651847.5228896,99962.4609375,99688.6953125,100256.96875,100058.3046875,100142.8828125,100234.4375,100344.140625,100518.5703125,0.0
1762651847.556434,100745.0390625,100471.71875,101040.0859375,100841.78125,100925.734375,101017.28125,101127.2578125,101302.046875,0.0
1762651847.556481,101237.1328125,100964.53125,101532.7109375,101334.3203125,101418.359375,101509.9140625,101620.15625,101795.125,0.0
1762651847.5592852,100850.71875,100577.9375,101146.03125,100947.453125,101031.5859375,101123.140625,101233.203125,101407.90625,0.0
1762651847.5593622,100099.0703125,99825.7578125,100394.0234375,100195.1875,100279.8515625,100371.3203125,100481.0234375,100655.2734375,0.0
1762651847.5905385,100702.9296875,100430.234375,100998.421875,100799.84375,100884.421875,100975.53125,101085.765625,101260.46875,0.0
1762651847.5955236,101350.234375,101077.8125,101645.90625,101447.5078125,101531.8203125,101622.9296875,101733.4296875,101908.2265625,0.0
1762651847.598043,101107.9453125,100835.0703125,101403.078125,101204.5,101288.9921875,101380.3671875,101491.0546875,101665.3046875,0.0
1762651847.6005237,100290.8515625,100017.890625,100585.8046875,100386.9609375,100471.3671875,100563.0078125,100673.421875,100847.5,0.0
1762651847.6030438,100658.4921875,100385.8046875,100953.5390625,100754.78125,100839.5390625,100930.9140625,101040.9765625,101215.6796875,0.0
1762651847.607648,101444.0234375,101170.9765625,101739.2421875,101541.1171875,101625.0703125,101716.1796875,101827.0390625,102001.921875,0.0
1762651847.6107228,101344.3359375,101071.109375,101639.6484375,101441.1640625,101525.46875,101616.4921875,101727.4453125,101902.140625,0.0
1762651847.615969,100532.4296875,100259.46875,100827.828125,100629.1640625,100713.4765625,100804.765625,100915.5390625,101089.8828125,0.0
1762651847.6183205,100628.71875,100355.5859375,100924.03125,100725.3671875,100809.5,100901.3203125,101011.7421875,101185.8125,0.0
1762651847.6603916,101509.828125,101237.046875,101805.5859375,101607.1015625,101691.140625,101782.875,101893.203125,102067.8125,0.0
1762651847.663077,101551.8515625,101279.421875,101847.609375,101649.2109375,101733.1640625,101824.8984375,101935.40625,102110.1953125,0.0
1762651847.665269,100801.546875,100529.125,101096.859375,100898.28125,100982.859375,101074.4140625,101184.8359375,101359.265625,0.0
1762651847.6683583,100619.6015625,100346.8203125,100914.9140625,100716.4296875,100801.09375,100892.5625,101002.53125,101177.3203125,0.0
1762651847.670133,101537.6328125,101264.671875,101833.3046875,101635.0,101719.484375,101810.6796875,101921.3671875,102096.15625,0.0
1762651847.6730328,101731.375,101458.59375,102027.2265625,101829.0078125,101912.9609375,102004.3359375,102115.3828125,102289.546875,0.0
1762651847.6731074,101084.9609375,100812.09375,101380.2734375,101181.8828125,101266.015625,101357.5625,101468.1640625,101642.59375,0.0
1762651847.6755636,100656.703125,100383.296875,100951.4765625,100752.8203125,100837.125,100928.5,101039.28125,101213.53125,0.0
1762651847.6780748,101541.390625,101268.0703125,101836.6953125,101638.484375,101722.4375,101813.6328125,101924.765625,102099.1953125,0.0
1762651847.67815,101890.25,101617.0234375,102186.0078125,101987.703125,102071.484375,102162.5859375,102273.71875,102448.15625,0.0
1762651847.6804512,101375.265625,101101.953125,101670.578125,101472.1875,101555.9609375,101647.515625,101758.1953125,101932.8125,0.0
1762651847.683038,100746.9140625,100473.2421875,101041.9609375,100842.9375,100927.6953125,101018.984375,101129.4921875,101303.7421875,0.0
1762651847.683113,101511.4375,101238.296875,101807.1015625,101608.171875,101692.6640625,101783.6796875,101894.7265625,102069.3359375,0.0
1762651847.6854496,102019.0859375,101745.859375,102314.671875,102116.453125,102200.046875,102291.421875,102402.6484375,102577.34375,0.0
1762651847.688072,101640.453125,101367.3125,101936.03125,101737.7265625,101821.40625,101912.6953125,102023.9140625,102198.3515625,0.0
1762651847.690451,100881.1171875,100607.9765625,101176.25,100977.40625,101061.984375,101153.5390625,101264.1328125,101438.03125,0.0
1762651847.693034,101461.546875,101188.8515625,101756.859375,101558.375,101642.59375,101733.8828125,101844.7421875,102019.625,0.0
1762651847.6954138,102121.8203125,101848.765625,102417.484375,102219.09375,102303.1328125,102394.328125,102505.1953125,102680.609375,0.0
1762651847.7115335,101891.859375,101618.8125,102187.53125,101988.8671875,102073.1796875,102164.2890625,102274.96875,102450.03125,0.0
1762651847.7141857,101073.7890625,100800.46875,101369.3671875,101170.5234375,101254.9296875,101346.3046875,101456.5390625,101631.1484375,0.0
1762651847.7164392,101418.2734375,101145.046875,101714.03125,101515.1875,101599.5,101690.7890625,101801.203125,101976.171875,0.0
1762651847.7190487,102211.4921875,101938.4453125,102507.0703125,102308.765625,102392.71875,102484.0078125,102594.8671875,102769.9296875,0.0
1762651847.7217755,102122.7109375,101849.75,102418.46875,102219.984375,102304.2109375,102395.4921875,102506.625,102681.328125,0.0
1762651847.7244403,101312.6875,101039.546875,101608.265625,101409.0625,101493.734375,101584.9296875,101695.8828125,101870.40625,0.0
1762651847.7291677,101387.7890625,101114.3828125,101683.453125,101484.5234375,101568.7421875,101660.1171875,101770.71875,101945.6875,0.0
1762651847.732891,102276.7578125,102003.4453125,102572.515625,102374.3046875,102457.984375,102549.2734375,102660.046875,102835.5546875,0.0
1762651847.7329636,102331.296875,102058.15625,102627.0546875,102428.75,102512.6171875,102603.6328125,102714.671875,102890.1796875,0.0
1762651847.7329843,101585.734375,101312.59375,101881.3125,101683.0078125,101766.9609375,101857.796875,101969.109375,102143.546875,0.0
1762651847.736579,101380.2734375,101106.8671875,101675.765625,101477.28125,101561.328125,101652.6953125,101763.3828125,101937.7265625,0.0
1762651847.736652,102298.9296875,102025.4375,102594.6015625,102396.1171875,102480.1640625,102571.359375,102682.3984375,102857.28125,0.0
1762651847.7366736,102505.640625,102232.5,102801.4921875,102603.71875,102687.140625,102778.0625,102889.1953125,103064.1640625,0.0
1762651847.7404785,101868.4375,101595.296875,102163.9296875,101965.625,102049.484375,102140.5,102251.4609375,102426.25,0.0
1762651847.7405431,101417.734375,101144.421875,101712.8671875,101514.3828125,101598.515625,101689.8046875,101800.6640625,101975.28125,0.0
1762651847.7405567,102295.265625,102022.0390625,102590.9375,102392.8125,102476.765625,102567.9609375,102678.640625,102853.7890625,0.0
1762651847.7405667,102656.1171875,102382.796875,102952.046875,102754.1015625,102837.6953125,102928.5390625,103040.1171875,103215.0859375,0.0
1762651847.7431493,102151.765625,101878.453125,102447.2578125,102249.3125,102332.8203125,102423.8359375,102535.4140625,102710.203125,0.0
1762651847.743225,101509.6484375,101235.796875,101804.6015625,101606.2109375,101690.0703125,101781.625,101892.4921875,102067.0078125,0.0
1762651847.7453656,102264.5078125,101990.75,102560.1796875,102361.3359375,102445.109375,102536.484375,102647.53125,102821.9609375,0.0
1762651847.7454178,102785.125,102511.8125,103080.9765625,102882.4921875,102966.265625,103057.546875,103168.7734375,103343.5625,0.0
1762651847.7479753,102421.1484375,102148.1953125,102716.734375,102519.0546875,102602.5546875,102693.6640625,102804.9765625,102979.765625,0.0
1762651847.7507048,101652.7890625,101379.7421875,101948.1875,101750.421875,101834.109375,101925.390625,102036.1640625,102211.2265625,0.0
1762651847.75078,102215.78125,101942.828125,102511.6328125,102313.59375,102396.921875,102488.65625,102599.25,102774.578125,0.0
1762651847.752959,102889.375,102616.234375,103184.953125,102987.2734375,103070.515625,103162.0703125,103273.0234375,103448.4375,0.0
1762651847.755564,102671.1328125,102397.90625,102966.53125,102768.859375,102852.09375,102943.9140625,103054.78125,103230.015625,0.0
1762651847.758031,101851.8984375,101578.8515625,102147.390625,101949.0859375,102032.859375,102124.5859375,102235.1875,102410.2421875,0.0
1762651847.7604673,102170.546875,101897.765625,102466.484375,102268.0,102352.0390625,102443.4140625,102554.546875,102729.4296875,0.0
1762651847.7630737,102975.03125,102701.890625,103270.7890625,103073.1953125,103156.4375,103247.984375,103359.296875,103534.1796875,0.0
1762651847.76315,102898.8515625,102625.359375,103194.5234375,102997.203125,103080.3515625,103171.3671875,103282.765625,103458.0078125,0.0
1762651847.7692275,102091.8671875,101818.7265625,102387.1796875,102189.5859375,102273.09375,102364.375,102475.2421875,102650.390625,0.0
1762651847.7764273,102135.9453125,101862.984375,102432.0625,102233.84375,102317.4375,102408.8125,102519.40625,102695.0078125,0.0
1762651847.7764728,103027.1484375,102753.921875,103323.359375,103125.5,103208.6484375,103299.9296875,103411.15625,103586.75,0.0
1762651847.8105512,103094.2109375,102820.890625,103390.234375,103192.46875,103275.6171875,103366.71875,103477.9453125,103653.625,0.0
1762651847.8106692,102360.53125,102086.9453125,102656.46875,102458.2578125,102541.5859375,102632.78125,102743.640625,102919.328125,0.0
1762651847.8142953,102133.53125,101860.125,102429.5546875,102231.34375,102314.7578125,102406.3984375,102517.4453125,102692.3203125,0.0
1762651847.81437,103047.625,102774.3125,103343.828125,103146.328125,103229.390625,103320.40625,103431.8046875,103607.40625,0.0
1762651847.8143947,103266.140625,102992.4609375,103561.8046875,103364.484375,103447.546875,103538.3828125,103649.875,103825.46875,0.0
1762651847.8208256,102643.6875,102370.4609375,102939.53125,102741.8515625,102825.1796875,102916.46875,103027.6875,103203.015625,0.0
1762651847.8208883,102175.015625,101901.6953125,102470.7734375,102272.734375,102356.0625,102447.5234375,102558.2109375,102733.453125,0.0
1762651847.820907,103042.7109375,102768.859375,103338.109375,103140.4296875,103223.578125,103314.7734375,103426.0859375,103601.6796875,0.0
1762651847.823154,103417.328125,103144.1875,103713.3515625,103515.7578125,103598.734375,103690.015625,103801.328125,103976.8359375,0.0
1762651847.8232293,102926.8359375,102653.875,103223.1328125,103025.09375,103108.515625,103199.7109375,103310.75,103485.9921875,0.0
1762651847.8257515,102271.6640625,101998.796875,102567.6015625,102369.5625,102453.0703125,102544.3515625,102655.3125,102830.1875,0.0
1762651847.8278239,103014.28125,102741.2265625,103310.3046875,103112.7109375,103195.859375,103287.1484375,103398.640625,103573.6953125,0.0
1762651847.8317883,103549.46875,103276.328125,103845.671875,103648.265625,103731.4140625,103822.515625,103934.09375,104109.6953125,0.0
1762651847.8407571,103198.7265625,102925.765625,103494.6640625,103297.25,103380.6640625,103471.59375,103582.9921875,103758.4140625,0.0
1762651847.8408327,102424.1015625,102151.3203125,102720.0390625,102522.0,102605.5078125,102696.96875,102807.8359375,102983.25,0.0
1762651847.8428004,102965.640625,102692.3203125,103261.578125,103063.71875,103146.9609375,103238.328125,103349.4609375,103525.2421875,0.0
1762651847.842906,103650.5859375,103377.2734375,103946.5234375,103749.0234375,103831.9921875,103923.3671875,104034.859375,104210.6328125,0.0
1762651847.8793066,103446.46875,103173.2421875,103742.5859375,103545.0,103628.234375,103719.5234375,103830.7421875,104006.4296875,0.0
1762651847.879382,102625.0859375,102352.0390625,102921.296875,102723.5234375,102806.8515625,102898.3203125,103008.8203125,103184.421875,0.0
1762651847.8817744,102919.328125,102646.4609375,103215.53125,103017.8515625,103101.1796875,103192.46875,103303.1484375,103478.75,0.0
1762651847.884298,103733.2890625,103460.328125,104029.765625,103831.9921875,103915.4140625,104006.515625,104117.5625,104293.6015625,0.0
1762651847.8867445,103669.1875,103396.2265625,103965.65625,103767.796875,103851.21875,103942.140625,104053.7265625,104229.40625,0.0
1762651847.8894477,102868.8125,102596.125,103165.5546875,102967.515625,103051.0234375,103142.0390625,103252.90625,103428.765625,0.0
1762651847.8919408,102885.3515625,102612.75,103182.1875,102984.234375,103067.65625,103158.578125,103269.359375,103445.484375,0.0
1762651847.894366,103780.765625,103508.0703125,104077.6875,103880.359375,103963.2421875,104053.9921875,104165.390625,104341.6171875,0.0
1762651847.896767,103862.75,103589.8828125,104159.4921875,103962.2578125,104045.3203125,104135.890625,104247.2890625,104423.2421875,0.0
1762651847.8990617,103136.140625,102863.5390625,103433.2421875,103235.3828125,103318.4375,103409.7265625,103520.859375,103696.5390625,0.0
1762651847.9018173,102885.0859375,102612.5703125,103182.1875,102984.1484375,103067.203125,103158.7578125,103269.625,103445.1328125,0.0
1762651847.9018931,103798.734375,103526.21875,104095.65625,103898.2421875,103981.0390625,104072.0546875,104183.5390625,104359.140625,0.0
1762651847.9064536,104032.0,103759.3046875,104329.0078125,104131.328125,104214.03125,104305.2265625,104416.984375,104592.671875,0.0
1762651847.911812,103419.828125,103147.1328125,103716.65625,103518.890625,103601.859375,103693.234375,103804.546875,103980.5,0.0
1762651847.911887,102930.4140625,102657.8125,103226.796875,103028.8515625,103112.1796875,103203.640625,103314.5078125,103490.1015625,0.0
1762651847.9143348,103789.171875,103516.8359375,104085.8203125,103888.3203125,103971.2890625,104062.578125,104173.8828125,104349.75,0.0
1762651847.9165351,104180.0546875,103907.8125,104476.796875,104279.4765625,104362.265625,104453.1015625,104564.953125,104741.265625,0.0
1762651847.9193845,103702.4453125,103429.9296875,103999.0078125,103801.5078125,103884.4765625,103975.7578125,104087.0703125,104263.0234375,0.0
1762651847.9194598,103032.515625,102759.828125,103329.078125,103131.21875,103214.015625,103305.390625,103416.875,103592.1171875,0.0
1762651847.921478,103760.203125,103487.421875,104057.1171875,103859.265625,103942.140625,104032.890625,104144.828125,104320.2421875,0.0
1762651847.9577427,104309.25,104036.375,104606.2578125,104408.8515625,104491.546875,104582.5625,104694.4140625,104870.6328125,0.0
1762651847.9577868,103971.109375,103698.2421875,104267.9453125,104070.265625,104153.234375,104244.609375,104356.1015625,104532.140625,0.0
1762651847.9577963,103187.90625,102914.9453125,103484.3828125,103286.5234375,103369.578125,103461.1328125,103572.265625,103747.953125,0.0
1762651847.9602792,103707.8984375,103435.296875,104004.640625,103807.140625,103889.9296875,103981.390625,104092.703125,104268.75,0.0
1762651847.9626493,104403.5703125,104131.1484375,104700.7578125,104503.6171875,104586.234375,104677.25,104788.9140625,104965.3203125,0.0
1762651847.9652889,104210.453125,103937.3125,104507.28125,104309.875,104392.7578125,104483.7734375,104595.4375,104771.6640625,0.0
1762651847.968104,103387.1953125,103114.3203125,103683.578125,103485.8984375,103569.40625,103660.3359375,103771.734375,103947.5078125,0.0
1762651847.9702075,103657.203125,103384.421875,103953.765625,103756.265625,103839.59375,103930.5234375,104042.1015625,104217.875,0.0
1762651847.9729764,104481.625,104208.6640625,104778.28125,104581.046875,104663.5703125,104754.671875,104866.8828125,105042.7421875,0.0
1762651847.9753103,104431.375,104158.7734375,104728.1171875,104531.15625,104613.6796875,104704.4296875,104816.8125,104992.765625,0.0
1762651847.9779067,103632.8828125,103359.8359375,103928.9140625,103731.234375,103814.2890625,103905.0390625,104016.890625,104192.9296875,0.0
1762651847.9805923,103628.7734375,103355.546875,103925.0703125,103727.390625,103810.359375,103900.8359375,104013.1328125,104188.90625,0.0
1762651847.9806664,104530.7109375,104257.75,104827.359375,104629.953125,104712.4765625,104803.671875,104915.875,105092.09375,0.0
1762651847.9826596,104624.9453125,104351.625,104921.2421875,104724.0078125,104806.53125,104897.8125,105009.9296875,105186.0625,0.0
1762651847.9854555,103907.3671875,103633.8671875,104203.5703125,104005.7109375,104088.59375,104179.6953125,104291.6328125,104467.5,0.0
1762651847.9855072,103631.6328125,103358.3125,103927.9296875,103729.984375,103813.1328125,103903.875,104015.6328125,104191.5859375,0.0
1762651848.0303743,104543.5859375,104270.7109375,104840.0546875,104642.5546875,104725.171875,104816.1875,104928.5703125,105104.5234375,0.0
1762651848.0365052,104787.578125,104515.328125,105084.5859375,104887.53125,104969.515625,105060.890625,105173.1015625,105349.0546875,0.0
1762651848.0365512,104184.8828125,103912.1015625,104481.359375,104284.2109375,104366.828125,104457.84375,104569.6875,104745.375,0.0
1762651848.0365608,103679.5546875,103406.59375,103975.671875,103778.3515625,103861.5859375,103952.0703125,104064.1875,104239.5078125,0.0
1762651848.0365677,104532.046875,104259.359375,104828.4375,104631.2890625,104714.265625,104805.1015625,104917.125,105093.3515625,0.0
1762651848.0365734,104935.09375,104662.40625,105231.8359375,105034.6953125,105117.3984375,105208.234375,105320.4375,105496.75,0.0
1762651848.0365796,104469.109375,104196.5078125,104765.7578125,104568.53125,104651.2265625,104742.0703125,104854.5390625,105030.2265625,0.0
1762651848.043166,103782.734375,103509.59375,104079.1171875,103881.703125,103964.5859375,104055.5078125,104167.5390625,104343.046875,0.0
1762651848.043242,104492.625,104219.21875,104788.828125,104591.6875,104674.1171875,104764.953125,104877.25,105053.296875,0.0
1762651848.0432663,105055.6171875,104782.65625,105352.0,105155.125,105237.46875,105328.21875,105440.6953125,105617.0078125,0.0
1762651848.0451858,104729.4609375,104456.6796875,105026.0234375,104828.703125,104911.40625,105002.328125,105114.4453125,105290.671875,0.0
1762651848.0452304,103939.1015625,103666.3203125,104235.3984375,104037.71875,104120.9609375,104211.9765625,104323.5546875,104499.4140625,0.0
1762651848.0620124,104441.75,104169.234375,104738.578125,104540.8125,104623.875,104714.6171875,104826.828125,105002.5078125,0.0
1762651848.0646043,105151.8203125,104878.953125,105448.7421875,105251.5078125,105334.2109375,105424.5078125,105537.1640625,105713.5625,0.0
1762651848.06807,104971.21875,104698.078125,105268.046875,105070.8203125,105153.25,105244.359375,105356.3828125,105532.9609375,0.0
1762651848.0681458,104146.703125,103873.4765625,104443.265625,104245.5,104328.7421875,104419.6640625,104531.3359375,104707.46875,0.0
1762651848.0681765,104392.3984375,104119.078125,104689.140625,104491.546875,104574.34375,104665.265625,104777.296875,104953.421875,0.0
1762651848.0704439,105223.078125,104950.296875,105520.3515625,105323.3046875,105405.734375,105496.484375,105608.78125,105784.8203125,0.0
1762651848.0730183,105184.9921875,104912.296875,105482.1796875,105285.390625,105368.0078125,105458.484375,105570.6953125,105747.1796875,0.0
1762651848.0754616,104395.171875,104122.296875,104691.640625,104494.5859375,104577.203125,104668.3984375,104779.890625,104956.375,0.0
1762651848.077942,104364.5,104091.1875,104660.9765625,104463.8359375,104546.359375,104637.5546875,104749.1328125,104925.3515625,0.0
1762651848.0801785,105269.2109375,104996.25,105566.3125,105369.171875,105451.78125,105542.3515625,105654.734375,105830.953125,0.0
1762651848.0829194,105376.5859375,105104.2578125,105673.953125,105477.0859375,105559.15625,105650.171875,105762.46875,105938.6875,0.0
1762651848.082971,104668.578125,104396.0625,104965.3203125,104768.265625,104850.7890625,104941.8046875,105053.7421875,105230.140625,0.0
1762651848.1165197,104370.2265625,104097.53125,104666.609375,104469.375,104552.34375,104643.359375,104755.03125,104931.25,0.0
1762651848.1193216,105278.8671875,105006.4453125,105576.0546875,105378.9140625,105461.6171875,105552.359375,105664.65625,105841.1484375,0.0
1762651848.1194117,105540.1171875,105267.421875,105837.125,105640.25,105723.1328125,105813.4296875,105925.90625,106102.6640625,0.0
1762651848.1221697,104952.0859375,104679.2109375,105248.828125,105052.1328125,105134.8359375,105225.2265625,105337.609375,105514.0078125,0.0
1762651848.1242347,104426.015625,104153.6796875,104722.484375,104525.6171875,104608.671875,104699.1484375,104811.4453125,104987.578125,0.0
1762651848.1267216,105268.4921875,104996.25,105565.5078125,105368.8125,105451.6875,105541.90625,105654.9140625,105830.953125,0.0
1762651848.1294656,105686.296875,105413.875,105983.5703125,105786.875,105869.3984375,105959.8828125,106072.53125,106249.109375,0.0
1762651848.131492,105230.765625,104958.25,105527.59375,105330.8125,105413.421875,105504.171875,105616.375,105792.8671875,0.0
1762651848.1344235,104534.109375,104261.59375,104831.1171875,104633.703125,104716.765625,104807.3359375,104919.5390625,105095.7578125,0.0
1762651848.1365087,105226.1171875,104953.6015625,105523.3984375,105326.5234375,105409.046875,105499.609375,105612.0,105788.3984375,0.0
1762651848.1391788,105801.6328125,105528.9375,106098.546875,105901.9453125,105984.2890625,106074.859375,106187.421875,106363.734375,0.0
1762651848.13923,105490.40625,105217.4453125,105787.1484375,105590.2734375,105672.703125,105763.1875,105875.8359375,106051.96875,0.0
1762651848.144264,104693.609375,104420.7421875,104990.2578125,104792.9375,104875.734375,104966.390625,105078.953125,105254.7265625,0.0
1762651848.146534,105170.328125,104898.171875,105467.6953125,105270.375,105352.984375,105443.640625,105556.2109375,105732.25,0.0
1762651848.1465797,105891.6640625,105619.2421875,106188.671875,105991.9765625,106074.3203125,106164.890625,106277.546875,106453.8515625,0.0
1762651848.1532447,105722.953125,105450.53125,106019.9609375,105823.1796875,105905.609375,105996.09375,106109.0078125,106285.0546875,0.0
1762651848.160427,104898.4375,104625.9296875,105195.453125,104998.21875,105080.828125,105171.578125,105283.9609375,105460.3671875,0.0
1762651848.160502,105119.9921875,104847.2109375,105416.9140625,105219.859375,105302.2890625,105392.859375,105505.6953125,105682.0,0.0
1762651848.1642683,105959.1640625,105686.4765625,106256.265625,106059.390625,106141.9140625,106232.5703125,106345.3125,106521.984375,0.0
1762651848.1643443,105931.4453125,105658.9375,106228.90625,106031.765625,106114.375,106204.9453125,106317.5078125,106493.90625,0.0
1762651848.1704257,105144.84375,104872.3359375,105441.9453125,105244.8046875,105327.59375,105418.1640625,105530.1015625,105706.6796875,0.0
1762651848.170474,105088.25,104815.7421875,105385.2578125,105188.03125,105270.8203125,105361.5703125,105473.5078125,105650.0859375,0.0
1762651848.174279,105995.1953125,105723.0390625,106292.65625,106095.8671875,106178.3046875,106268.78125,106381.5234375,106558.1953125,0.0
1762651848.2063873,106114.375,105841.953125,106411.8359375,106214.8671875,106297.2109375,106387.9609375,106501.0625,106677.375,0.0
1762651848.231422,105414.40625,105141.5390625,105711.5078125,105514.546875,105597.0703125,105687.90625,105800.109375,105976.5078125,0.0
1762651848.2314923,105092.0078125,104819.3125,105389.1953125,105192.234375,105275.109375,105365.5,105477.796875,105653.9296875,0.0
1762651848.231514,105996.71875,105724.46875,106294.4375,106097.7421875,106180.265625,106270.5703125,106383.3984375,106559.625,0.0
1762651848.235561,106268.3359375,105996.265625,106565.96875,106369.5390625,106451.6171875,106542.2734375,106655.2890625,106831.6015625,0.0
1762651848.2380157,105689.6015625,105417.5390625,105987.328125,105790.3671875,105872.53125,105963.28125,106076.109375,106252.2421875,0.0
1762651848.240518,105144.3125,104872.421875,105441.9453125,105244.8046875,105327.328125,105418.0703125,105530.546875,105706.4140625,0.0
1762651848.2455556,105974.5390625,105702.296875,106272.1796875,106074.9453125,106157.203125,106247.953125,106360.8671875,106537.359375,0.0
1762651848.2477343,106404.9453125,106132.2578125,106702.40625,106505.7109375,106587.7890625,106678.53125,106791.1875,106968.125,0.0
1762651848.2505147,105962.828125,105690.140625,106259.84375,106063.234375,106145.578125,106236.5078125,106348.625,106525.3828125,0.0
1762651848.2530794,105253.7421875,104981.140625,105550.578125,105353.7890625,105436.2265625,105527.1484375,105639.53125,105815.6640625,0.0
1762651848.255453,105926.9765625,105654.375,106224.2578125,106027.203125,106109.7265625,106200.65625,106313.3984375,106489.6171875,0.0
1762651848.2581992,106516.53125,106244.015625,106814.25,106617.6484375,106699.6328125,106790.3828125,106903.3046875,107080.0625,0.0
1762651848.2664251,106217.1953125,105944.9453125,106514.828125,106318.1328125,106400.5703125,106490.9609375,106603.875,106780.6328125,0.0
1762651848.2690096,105416.375,105144.21875,105713.7421875,105516.6875,105599.2109375,105689.6953125,105802.703125,105979.015625,0.0
1762651848.271758,105871.3671875,105599.3046875,106168.9140625,105972.3984375,106054.203125,106145.0390625,106257.78125,106434.359375,0.0
1762651848.27426,106604.7734375,106332.53125,106902.40625,106705.984375,106787.7890625,106878.71875,106991.3671875,107168.390625,0.0
1762651848.2766972,106450.546875,106178.03125,106748.2734375,106551.578125,106633.5625,106724.21875,106837.140625,107013.9921875,0.0
1762651848.2767673,105628.09375,105355.4921875,105925.28125,105728.4921875,105811.1953125,105901.5,106013.8828125,106190.7265625,0.0
1762651848.27912,105824.4296875,105551.9140625,106121.796875,105924.8359375,106007.265625,106097.65625,106210.578125,106387.2421875,0.0
1762651848.2813404,106672.0078125,106399.5859375,106969.8203125,106773.21875,106855.0234375,106945.7734375,107059.140625,107235.625,0.0
1762651848.2813587,106658.59375,106386.171875,106956.4140625,106759.890625,106841.8828125,106932.453125,107045.7265625,107222.21875,0.0
1762651848.2842553,105878.5234375,105606.09375,106176.0625,105979.1015625,106061.625,106152.4609375,106264.578125,106441.15625,0.0
1762651848.28655,105796.53125,105524.0234375,106093.71875,105897.0234375,105979.4609375,106069.9375,106182.4140625,106358.9921875,0.0
1762651848.2866225,106705.7109375,106433.203125,107003.4375,106807.1875,106888.90625,106979.5703125,107092.3984375,107269.421875,0.0
1762651848.289309,106839.46875,106566.8671875,107137.015625,106941.03125,107022.6640625,107113.5,107226.2421875,107403.359375,0.0
1762651848.289386,106148.796875,105876.109375,106445.71875,106249.3828125,106331.8125,106422.3828125,106535.0390625,106711.6171875,0.0
1762651848.29186,105805.828125,105533.140625,106102.6640625,105906.0546875,105988.4921875,106079.2421875,106191.984375,106368.2890625,0.0
1762651848.2919347,106707.140625,106434.8125,107004.5078125,106808.53125,106890.25,106980.640625,107093.921875,107270.8515625,0.0
1762651848.2964246,106991.4609375,106719.2109375,107289.0078125,107092.6640625,107175.0078125,107265.1328125,107378.59375,107555.5234375,0.0
1762651848.3005,106424.078125,106151.9296875,106721.4453125,106524.9296875,106607.3671875,106697.9375,106810.765625,106987.4375,0.0
1762651848.3005772,105862.6953125,105590.6328125,106159.9765625,105963.453125,106045.9765625,106136.7265625,106249.109375,106425.6875,0.0
1762651848.3080075,106681.75,106409.328125,106979.7421875,106783.140625,106865.3046875,106955.875,107068.703125,107245.5546875,0.0
1762651848.3414633,107127.8046875,106855.109375,107425.7109375,107229.4609375,107311.359375,107402.015625,107515.0234375,107691.9609375,0.0
1762651848.3415153,106697.3125,106424.9765625,106995.2109375,106798.7890625,106880.859375,106971.34375,107084.6171875,107261.1953125,0.0
1762651848.3717856,105976.1484375,105703.7265625,106273.6953125,106077.2734375,106159.5234375,106250.09375,106362.9296875,106539.234375,0.0
1762651848.3718617,106634.1015625,106361.765625,106931.9140625,106736.0234375,106817.6484375,106908.3125,107021.140625,107197.71875,0.0
1762651848.3781946,107238.578125,106965.9765625,107536.6640625,107340.6796875,107422.3984375,107512.5234375,107625.9765625,107802.828125,0.0
1762651848.3805108,106952.03125,106679.609375,107249.9296875,107053.8671875,107135.671875,107225.8828125,107339.4296875,107516.2734375,0.0
1762651848.3829398,106145.6640625,105873.6015625,106443.6640625,106247.0546875,106329.0390625,106419.5234375,106532.625,106709.109375,0.0
1762651848.385546,106577.5,106304.9921875,106875.40625,106678.8046875,106760.6953125,106851.359375,106964.3671875,107141.0390625,0.0
1762651848.3879998,107322.53125,107050.46875,107620.796875,107424.546875,107506.171875,107596.921875,107710.203125,107887.046875,0.0
1762651848.3902092,107178.6796875,106906.96875,107477.296875,107280.78125,107362.5,107452.9765625,107566.5234375,107743.3671875,0.0
1762651848.3951342,106355.5078125,106083.9765625,106653.6796875,106457.0703125,106539.1484375,106629.5390625,106742.8203125,106919.3984375,0.0
1762651848.3977592,106528.421875,106256.3515625,106826.140625,106629.8046875,106711.6171875,106801.9140625,106915.640625,107091.953125,0.0
1762651848.4005203,107386.9921875,107115.015625,107685.2578125,107488.828125,107570.8125,107660.8515625,107774.5703125,107951.6875,0.0
1762651848.4032943,107384.4921875,107112.421875,107683.0234375,107486.328125,107568.1328125,107658.34375,107771.984375,107949.0078125,0.0
1762651848.4056623,106608.2578125,106336.015625,106906.078125,106709.375,106791.2734375,106881.84375,106995.125,107171.34375,0.0
1762651848.4343216,106500.34375,106228.1015625,106797.890625,106601.5546875,106683.453125,106774.0234375,106887.1171875,107063.609375,0.0
1762651848.4364753,107414.171875,107141.6640625,107712.078125,107515.7421875,107597.546875,107687.578125,107801.484375,107978.3359375,0.0
1762651848.4393215,107560.53125,107288.203125,107858.4375,107662.4609375,107744.171875,107834.03125,107948.109375,108124.9609375,0.0
1762651848.4428215,106881.84375,106609.6015625,107179.65625,106983.5,107065.3984375,107155.4296875,107268.796875,107445.5546875,0.0
1762651848.442884,106514.828125,106242.671875,106812.734375,106616.3046875,106698.2890625,106788.5078125,106901.875,107078.453125,0.0
1762651848.4428933,107410.328125,107138.4453125,107708.5,107512.25,107593.96875,107684.359375,107798.1796875,107975.2890625,0.0
1762651848.442903,107712.2578125,107440.28125,108010.609375,107814.71875,107895.8984375,107986.109375,108100.1015625,108277.3125,0.0
1762651848.4456172,107156.0546875,106884.078125,107454.140625,107257.9765625,107339.4296875,107429.734375,107543.6328125,107720.5703125,0.0
1762651848.4456928,106576.34375,106304.3671875,106874.515625,106677.640625,106760.0703125,106850.1015625,106963.4765625,107140.40625,0.0
1762651848.4479496,107383.1484375,107110.8125,107681.140625,107484.984375,107566.96875,107656.734375,107770.8203125,107947.7578125,0.0
1762651848.450686,107842.96875,107570.90625,108141.234375,107945.4296875,108026.8828125,108116.9140625,108231.0859375,108408.109375,0.0
1762651848.4507637,107424.453125,107152.75,107722.71875,107526.6484375,107608.453125,107698.3984375,107812.2109375,107989.328125,0.0
1762651848.4527645,106694.5390625,106422.3828125,106992.3515625,106795.8359375,106878.0,106968.2109375,107081.578125,107258.3359375,0.0
1762651848.4556315,107333.171875,107061.1953125,107631.7890625,107435.3671875,107516.8125,107607.1171875,107720.75,107897.953125,0.0
1762651848.4579835,107950.171875,107678.28125,108248.7890625,108052.6328125,108133.9921875,108224.203125,108338.109375,108515.3984375,0.0
1762651848.460684,107675.421875,107403.1796875,107973.4140625,107777.34375,107858.8828125,107949.0078125,108062.9140625,108240.1171875,0.0
1762651848.462932,106863.0703125,106590.9140625,107160.8828125,106964.9921875,107046.4453125,107136.921875,107250.203125,107427.046875,0.0
1762651848.465541,107273.71875,107001.921875,107571.890625,107376.1796875,107457.5390625,107547.9296875,107661.7421875,107838.3203125,0.0
1762651848.467741,108029.1171875,107757.671875,108327.734375,108131.7578125,108213.203125,108303.1484375,108417.234375,108594.2578125,0.0
1762651848.4706905,107900.640625,107628.75,108198.8984375,108003.0078125,108084.4609375,108174.7578125,108288.3984375,108465.6015625,0.0
1762651848.473028,107078.09375,106805.9375,107376.0,107179.390625,107261.46875,107351.765625,107465.3125,107642.0703125,0.0
1762651848.4730816,107222.21875,106950.78125,107520.390625,107323.78125,107405.859375,107496.0703125,107609.8828125,107786.5546875,0.0
1762651848.4782076,108084.1875,107812.75,108382.984375,108186.828125,108268.8125,108358.671875,108472.6640625,108649.8671875,0.0
1762651848.4782825,108096.4375,107824.640625,108394.703125,108198.8125,108280.8828125,108370.7421875,108484.46875,108661.7578125,0.0
1762651848.480507,107326.6484375,107054.7578125,107624.640625,107428.5703125,107510.46875,107600.5859375,107714.2265625,107891.25,0.0
1762651848.4827712,107194.140625,106921.8984375,107492.140625,107296.0703125,107377.6953125,107467.90625,107581.453125,107758.5703125,0.0
1762651848.4889576,108111.015625,107838.859375,108409.359375,108213.203125,108294.921875,108385.1328125,108498.6796875,108676.0625,0.0
1762651848.4890091,108268.546875,107996.5703125,108566.8125,108371.0078125,108452.546875,108542.7578125,108656.3984375,108833.8671875,0.0
1762651848.4916568,107596.296875,107324.6796875,107894.6484375,107698.6640625,107780.03125,107870.5078125,107983.9609375,108161.4375,0.0
1762651848.4966028,107209.25,106937.1875,107507.25,107311.0859375,107392.71875,107483.1953125,107596.8359375,107773.765625,0.0
1762651848.4966738,108101.625,107829.5625,108400.2421875,108204.171875,108285.7109375,108376.1953125,108489.828125,108667.125,0.0
1762651848.499136,108414.8203125,108142.5703125,108713.2578125,108517.1875,108598.90625,108689.2109375,108803.109375,108980.40625,0.0
1762651848.4992547,107869.4375,107597.7265625,108167.9609375,107972.1640625,108053.7890625,108143.9140625,108257.640625,108434.7578125,0.0
1762651848.5030067,107274.25,107002.09375,107572.515625,107376.4453125,107458.34375,107548.4609375,107661.921875,107838.765625,0.0
1762651848.5365372,108067.9140625,107795.9453125,108366.359375,108170.375,108252.09375,108341.859375,108456.03125,108633.328125,0.0
1762651848.5366073,108541.4140625,108269.53125,108840.0390625,108644.0546875,108725.234375,108815.5390625,108929.7109375,109107.09375,0.0
1762651848.539326,108137.5625,107865.4140625,108435.9140625,108239.7578125,108321.5625,108411.421875,108525.859375,108702.8828125,0.0
1762651848.5394008,107394.7734375,107122.796875,107693.2109375,107497.0546875,107578.7734375,107668.71875,107782.796875,107959.9140625,0.0
1762651848.5414495,108015.5234375,107743.1953125,108313.875,108118.1640625,108199.6171875,108289.6484375,108403.5546875,108580.9375,0.0
1762651848.5442767,108646.109375,108374.046875,108944.5546875,108748.9296875,108830.203125,108920.4140625,109034.671875,109211.8828125,0.0
1762651848.5463872,108382.359375,108110.4765625,108680.984375,108485.0,108566.2734375,108656.3984375,108770.390625,108947.859375,0.0
1762651848.5492592,107564.9140625,107292.8515625,107863.0859375,107667.015625,107748.6484375,107838.765625,107952.5859375,108129.515625,0.0
1762651848.5517733,107951.6875,107679.625,108249.953125,108054.0625,108135.6015625,108225.71875,108339.71875,108516.6484375,0.0
1762651848.5544174,108717.015625,108444.9453125,109015.1875,108819.7421875,108900.921875,108991.1328125,109105.484375,109282.6015625,0.0
1762651848.5566032,108599.890625,108327.6484375,108898.0625,108702.4375,108783.796875,108874.1015625,108988.09375,109165.8359375,0.0
1762651848.5592527,107782.265625,107509.390625,108079.8984375,107884.2734375,107965.9921875,108056.203125,108169.6640625,108346.78125,0.0
1762651848.5619984,107901.9765625,107629.2890625,108199.5234375,108003.9921875,108085.7109375,108175.5625,108289.3828125,108466.2265625,0.0
1762651848.564248,108773.515625,108501.09375,109071.421875,108875.890625,108957.515625,109047.546875,109161.453125,109338.8359375,0.0
1762651848.5643067,108797.03125,108524.6953125,109095.5625,108899.8515625,108981.1171875,109071.3359375,109185.5078125,109362.53125,0.0
1762651848.6006105,108034.5703125,107762.234375,108333.0078125,108137.4765625,108218.5703125,108309.046875,108422.8671875,108599.53125,0.0
1762651848.604278,107878.1953125,107606.1328125,108176.4609375,107980.4765625,108062.109375,108152.40625,108266.046875,108443.25,0.0
1762651848.6043532,108792.46875,108520.40625,109091.09375,108895.109375,108976.7421875,109066.7734375,109181.03125,109358.2421875,0.0
1762651848.604374,108964.2265625,108691.9765625,109262.6640625,109067.3125,109148.7578125,109238.703125,109352.9609375,109530.171875,0.0
1762651848.606474,108304.3984375,108031.890625,108602.6640625,108406.7734375,108488.4921875,108578.609375,108692.515625,108869.8984375,0.0
1762651848.6092236,107894.6484375,107622.7578125,108192.640625,107996.8359375,108078.734375,108168.9453125,108282.40625,108459.875,0.0
1762651848.6143684,108777.5390625,108505.921875,109076.3359375,108880.625,108961.984375,109052.0234375,109166.015625,109343.6640625,0.0
1762651848.6166925,109106.203125,108834.40625,109404.90625,109209.734375,109290.9140625,109380.59375,109495.125,109672.6875,0.0
1762651848.619023,108575.2109375,108303.59375,108873.8359375,108678.03125,108759.65625,108849.875,108963.59375,109141.25,0.0
1762651848.621808,107963.3984375,107691.9609375,108261.9296875,108065.6796875,108147.7578125,108237.8828125,108351.25,108528.8125,0.0
1762651848.6218824,108742.2265625,108470.4296875,109040.6640625,108844.8671875,108926.4921875,109016.6171875,109130.6953125,109308.0859375,0.0
1762651848.624251,109230.8359375,108958.859375,109529.2734375,109334.0078125,109415.015625,109505.3125,109619.3984375,109797.2265625,0.0
1762651848.626539,108839.0546875,108567.4375,109137.5859375,108942.046875,109023.140625,109113.4453125,109227.703125,109405.0,0.0
1762651848.6294312,108085.7109375,107814.2734375,108384.421875,108188.3515625,108269.7109375,108360.28125,108474.0078125,108651.03125,0.0
1762651848.631771,108688.671875,108417.0546875,108987.9140625,108791.3125,108872.9375,108963.2421875,109076.875,109254.703125,0.0
1762651848.6341703,109332.9375,109061.2265625,109632.09375,109436.203125,109517.4765625,109607.4140625,109721.859375,109899.6015625,0.0
1762651848.6414351,109082.2421875,108810.265625,109381.125,109185.1484375,109266.6875,109356.359375,109471.1640625,109648.1875,0.0
1762651848.6415143,108264.078125,107992.1015625,108562.3359375,108366.359375,108448.078125,108538.109375,108652.1015625,108829.1328125,0.0
1762651848.6442597,108629.125,108357.328125,108927.8359375,108732.03125,108813.75,108903.6015625,109017.78125,109194.8046875,0.0
1762651848.646879,109406.515625,109134.8125,109705.8515625,109510.0546875,109591.5,109681.0859375,109795.9765625,109973.1796875,0.0
1762651848.6489987,109299.765625,109028.1484375,109598.921875,109402.9453125,109484.484375,109574.421875,109688.953125,109866.25,0.0
1762651848.6530287,108483.8359375,108211.859375,108782.1875,108586.390625,108668.2890625,108758.5,108872.046875,109049.4296875,0.0
1762651848.653106,108577.5390625,108305.46875,108876.15625,108680.4453125,108762.1640625,108852.1953125,108966.0078125,109143.21875,0.0
1762651848.686715,109454.53125,109182.5546875,109753.5078125,109557.53125,109639.2421875,109729.0078125,109843.453125,110020.921875,0.0
1762651848.6894453,109491.90625,109220.4609375,109791.5078125,109595.796875,109677.0625,109766.828125,109881.2734375,110058.65625,0.0
1762651848.6895204,108736.6796875,108465.2421875,109036.109375,108840.21875,108921.484375,109011.609375,109125.6015625,109302.8984375,0.0
1762651848.6917813,108556.8828125,108285.0859375,108855.7734375,108659.703125,108741.0625,108831.546875,108945.71875,109122.6484375,0.0
1762651848.6942513,109471.609375,109199.8984375,109770.671875,109574.6953125,109656.3203125,109746.4453125,109860.796875,110038.0,0.0
1762651848.69653,109657.9296875,109386.046875,109956.90625,109761.1953125,109842.5546875,109932.3203125,110046.8515625,110224.4140625,0.0
1762651848.6991248,109007.5859375,108735.6953125,109306.3828125,109110.5859375,109192.03125,109281.9765625,109396.234375,109573.3515625,0.0
1762651848.7014143,108574.6796875,108302.34375,108873.65625,108677.5859375,108759.390625,108849.15625,108962.96875,109140.1796875,0.0
1762651848.7042375,109453.3671875,109181.3046875,109752.6171875,109557.078125,109638.3515625,109728.296875,109842.375,110020.1171875,0.0
1762651848.7104735,109798.296875,109526.4140625,110097.7265625,109902.015625,109983.1953125,110073.140625,110187.7578125,110365.5859375,0.0
1762651848.7134352,109278.6640625,109006.3359375,109577.46875,109381.578125,109463.0234375,109553.1484375,109667.765625,109844.8828125,0.0
1762651848.715572,108649.6015625,108377.4453125,108947.7734375,108752.0625,108833.6015625,108923.453125,109037.984375,109215.0078125,0.0
1762651848.7201252,109418.4140625,109146.5234375,109717.2109375,109521.5,109603.125,109692.890625,109807.6015625,109984.7109375,0.0
1762651848.72017,109921.59375,109649.8828125,110221.015625,110025.390625,110106.578125,110196.4296875,110311.40625,110488.96875,0.0
1762651848.7243214,109544.3828125,109272.40625,109843.71875,109648.3671875,109729.1015625,109818.953125,109933.84375,110111.2265625,0.0
1762651848.7243958,108781.7421875,108510.2109375,109080.6328125,108885.0078125,108966.1875,109056.046875,109170.484375,109347.78125,0.0
1762651848.7244272,109360.203125,109089.125,109659.453125,109463.828125,109545.28125,109634.8671875,109749.125,109927.046875,0.0
1762651848.7262688,110017.5234375,109746.0859375,110316.859375,110121.4140625,110202.421875,110292.2734375,110406.8046875,110584.8125,0.0
1762651848.76523,109784.9765625,109513.1796875,110084.1328125,109889.140625,109969.6953125,110059.7265625,110174.5234375,110352.53125,0.0
1762651848.7677796,108964.8515625,108693.2265625,109264.09375,109068.2890625,109149.7421875,109239.59375,109354.0390625,109531.6875,0.0
1762651848.7704868,109302.71875,109031.0078125,109601.9609375,109406.1640625,109487.34375,109577.375,109691.9921875,109869.5546875,0.0
1762651848.772914,110090.0390625,109818.2421875,110389.3671875,110193.75,110274.6640625,110364.6953125,110479.671875,110657.3203125,0.0
1762651848.7755399,110000.359375,109728.7421875,110299.6953125,110104.1640625,110185.2578125,110274.84375,110389.9921875,110567.6484375,0.0
1762651848.7782233,109189.53125,108917.90625,109488.59375,109293.1484375,109374.6015625,109464.3671875,109578.8984375,109756.1875,0.0
1762651848.7930818,109257.03125,108985.6796875,109556.3671875,109360.5625,109442.015625,109532.2265625,109646.3984375,109823.8671875,0.0
1762651848.7957704,110140.546875,109868.75,110440.15625,110244.265625,110325.265625,110415.65625,110530.1875,110707.65625,0.0
1762651848.798122,110191.6875,109919.71875,110491.3828125,110295.40625,110376.40625,110466.796875,110581.0625,110759.0703125,0.0
1762651848.8004968,109445.0546875,109173.6171875,109744.65625,109548.5859375,109630.0390625,109720.0703125,109834.15625,110012.4296875,0.0
1762651848.8031788,109241.4765625,108969.5859375,109541.078125,109344.5625,109426.0078125,109516.1328125,109630.484375,109808.2265625,0.0
1762651848.8081648,110158.34375,109887.078125,110458.484375,110262.3203125,110343.234375,110433.5390625,110548.3359375,110726.078125,0.0
1762651848.810486,110357.5390625,110086.015625,110657.3203125,110461.4296875,110542.5234375,110632.828125,110747.8046875,110925.2734375,0.0
1762651848.8127806,109717.390625,109446.0390625,110016.8125,109820.921875,109902.1015625,109992.40625,110106.9296875,110284.2265625,0.0
1762651848.8128517,109263.6484375,108992.3828125,109563.3359375,109366.9140625,109448.2734375,109538.6640625,109652.8359375,109830.484375,0.0
1762651848.8189096,110131.4296875,109859.9921875,110431.5703125,110235.234375,110316.5,110406.625,110521.15625,110699.5234375,0.0
1762651848.821761,110489.5078125,110217.890625,110789.1953125,110593.578125,110674.578125,110764.5234375,110879.40625,111057.6875,0.0
1762651848.8218389,109983.90625,109712.2890625,110283.6015625,110087.53125,110168.890625,110258.8359375,110373.8125,110551.5546875,0.0
1762651848.8255548,109339.5546875,109067.21875,109638.53125,109442.1015625,109523.734375,109613.671875,109728.5625,109905.6796875,0.0
1762651848.8256288,110089.765625,109817.7890625,110388.921875,110193.125,110274.484375,110363.890625,110479.046875,110656.4296875,0.0
1762651848.8256495,110607.1640625,110335.546875,110906.859375,110711.234375,110792.328125,110881.9140625,110997.25,111174.71875,0.0
1762651848.8277185,110244.3515625,109972.734375,110543.8671875,110348.0625,110429.421875,110519.1875,110634.2578125,110811.8203125,0.0
1762651848.8305552,109475.09375,109203.2109375,109774.1640625,109578.5390625,109659.5390625,109749.6640625,109864.1953125,110041.84375,0.0
1762651848.8306308,110035.5,109763.5234375,110334.3828125,110138.9375,110219.9453125,110309.9765625,110424.6875,110602.25,0.0
1762651848.83298,110707.390625,110435.0546875,111006.6328125,110810.921875,110891.8359375,110981.78125,111097.296875,111274.9453125,0.0
1762651848.833055,110485.84375,110213.953125,110785.3515625,110589.8203125,110670.2890625,110760.140625,110875.8359375,111053.6640625,0.0
1762651848.8352897,109660.6171875,109388.3671875,109959.234375,109763.703125,109844.7890625,109934.734375,110049.53125,110227.453125,0.0
1762651848.8705103,109973.8046875,109701.4765625,110272.78125,110076.984375,110158.078125,110248.109375,110362.90625,110540.828125,0.0
1762651848.870586,110771.4921875,110499.7890625,111071.2734375,110875.4765625,110956.5703125,111046.2421875,111161.6640625,111339.765625,0.0
1762651848.8732617,110695.140625,110423.5234375,110995.015625,110799.3046875,110880.125,110970.0703125,111085.1328125,111263.234375,0.0
1762651848.8766296,109886.0078125,109614.2109375,110185.34375,109989.6328125,110070.7265625,110160.4921875,110275.375,110453.203125,0.0
1762651848.8767002,109927.4921875,109655.4296875,110226.6484375,110030.8515625,110111.9375,110202.2421875,110317.1328125,110494.6953125,0.0
1762651848.8767204,110814.9453125,110543.2421875,111115.0859375,110919.5546875,111000.2890625,111090.234375,111205.2109375,111383.578125,0.0
1762651848.9005451,110878.875,110606.8046875,111178.5625,110983.3046875,111063.9453125,111153.796875,111268.6875,111447.234375,0.0
1762651848.9006207,110142.3359375,109870.453125,110441.8515625,110246.3203125,110327.234375,110417.0859375,110531.9765625,110709.984375,0.0
1762651848.9006538,109911.3125,109639.6015625,110210.9140625,110014.9375,110096.1171875,110185.96875,110300.6796875,110478.7734375,0.0
1762651848.91196,110823.3515625,110551.8203125,111123.3984375,110927.5078125,111008.2421875,111098.1015625,111213.2578125,111391.53125,0.0
1762651848.914249,111039.8046875,110768.0078125,111339.765625,111143.875,111224.609375,111314.1953125,111429.796875,111607.984375,0.0
1762651848.9167876,110412.796875,110140.7265625,110712.1328125,110516.4140625,110597.421875,110687.0078125,110802.34375,110980.171875,0.0
1762651848.9193552,109939.203125,109667.2265625,110238.453125,110042.6484375,110123.65625,110213.59375,110328.3984375,110506.4921875,0.0
1762651848.9242816,110802.34375,110530.3671875,111101.671875,110905.9609375,110987.1484375,111076.640625,111191.796875,111370.2578125,0.0
1762651848.9266324,111173.6484375,110902.5625,111473.609375,111278.2578125,111358.9921875,111448.578125,111564.359375,111742.453125,0.0
1762651848.9329524,110678.3359375,110406.890625,110978.0234375,110782.5859375,110862.9609375,110953.078125,111068.4140625,111246.15625,0.0
1762651848.9352684,110018.5078125,109746.7109375,110317.9375,110122.21875,110203.046875,110292.8984375,110407.875,110585.796875,0.0
1762651848.9378705,110755.9375,110484.3203125,111055.09375,110859.921875,110940.7421875,111030.328125,111145.484375,111323.9453125,0.0
1762651848.940496,111289.4296875,111018.078125,111588.9453125,111393.765625,111474.3203125,111564.0,111678.9765625,111857.8828125,0.0
1762651848.94294,110936.8984375,110665.015625,111236.0546875,111040.8828125,111121.6171875,111211.2890625,111326.0859375,111504.9921875,0.0
1762651848.9455233,110157.2734375,109885.1171875,110456.6015625,110260.984375,110341.8984375,110432.015625,110546.3671875,110724.5546875,0.0
1762651848.9480124,110696.6640625,110424.59375,110996.171875,110800.640625,110881.109375,110971.140625,111086.296875,111264.125,0.0
1762651848.9480882,111380.0,111108.46875,111679.9609375,111484.9609375,111564.890625,111654.9296875,111770.3515625,111948.5390625,0.0
1762651848.9508088,111170.34375,110898.8984375,111470.4765625,111275.390625,111355.5,111445.359375,111560.78125,111739.1484375,0.0
1762651848.952927,110343.953125,110072.421875,110643.734375,110448.203125,110528.9375,110618.875,110733.6796875,110911.8671875,0.0
1762651848.9529784,110632.5546875,110361.03125,110932.25,110737.0703125,110817.6328125,110907.390625,111022.1015625,111200.7421875,0.0
1762651848.955311,111440.2578125,111168.90625,111740.4921875,111545.4921875,111625.8671875,111715.2734375,111830.5234375,112009.15625,0.0
1762651848.9553866,111373.6484375,111102.03125,111673.609375,111478.34375,111558.90625,111648.3984375,111763.9140625,111942.1875,0.0
1762651848.960242,110569.8828125,110297.90625,110869.3046875,110674.0390625,110754.6015625,110844.2734375,110959.515625,111137.3515625,0.0
1762651848.9631336,110583.921875,110311.9453125,110883.4296875,110688.34375,110768.90625,110858.84375,110973.734375,111151.7421875,0.0
1762651848.9632177,111475.125,111203.328125,111774.9140625,111579.6484375,111660.0234375,111750.0546875,111865.4765625,112043.578125,0.0
1762651848.965875,111552.9140625,111281.203125,111852.9609375,111657.609375,111738.25,111828.015625,111943.625,112121.359375,0.0
1762651848.9679976,110825.140625,110552.984375,111124.65625,110928.9375,111010.2109375,111099.6171875,111214.7734375,111392.515625,0.0
1762651848.9893477,110570.1484375,110298.0859375,110869.6640625,110674.3125,110755.046875,110844.5390625,110959.25,111137.4375,0.0
1762651848.9894245,111480.7578125,111209.234375,111780.8984375,111585.9921875,111666.4609375,111755.6015625,111871.2890625,112049.5703125,0.0
1762651848.991802,111710.71875,111439.0078125,112010.9453125,111815.9453125,111896.4140625,111986.0859375,112101.6015625,112279.7890625,0.0
1762651848.9918773,111094.5234375,110822.6328125,111394.3046875,111199.21875,111279.7734375,111369.71875,111484.78125,111662.703125,0.0
1762651848.9945135,110600.1015625,110328.5703125,110899.796875,110704.6171875,110785.171875,110875.2109375,110989.734375,111168.015625,0.0
1762651848.9965672,111451.2578125,111180.265625,111751.3984375,111556.3125,111636.59375,111726.1796875,111841.609375,112019.9765625,0.0
1762651848.9993072,111837.5859375,111566.4140625,112137.90625,111942.7265625,112022.921875,112112.6015625,112228.203125,112406.5703125,0.0
1762651849.0053422,111356.75,111085.5859375,111656.890625,111461.71875,111542.2734375,111631.9453125,111747.4609375,111925.6484375,0.0
1762651849.005417,110681.1015625,110409.9375,110980.9765625,110785.625,110866.7109375,110956.4765625,111071.2734375,111249.375,0.0
1762651849.011584,111401.28125,111129.8359375,111701.4140625,111506.2421875,111586.890625,111676.6484375,111792.078125,111970.53125,0.0
1762651849.0116594,111948.5390625,111677.0078125,112248.6796875,112054.125,112134.328125,112223.46875,112339.4296875,112518.0625,0.0
1762651849.017999,111608.078125,111336.546875,111908.3046875,111713.3984375,111793.8671875,111883.09375,111999.140625,112177.421875,0.0
1762651849.0180745,110819.8671875,110548.421875,111120.0078125,110924.6484375,111005.5625,111094.8828125,111210.21875,111388.2265625,0.0
1762651849.052987,111335.65625,111063.9453125,111635.4375,111440.703125,111520.9921875,111610.671875,111725.734375,111904.375,0.0
1762651849.055599,112034.3671875,111762.5703125,112333.96875,112139.515625,112219.4453125,112309.296875,112424.71875,112603.53125,0.0
1762651849.0556736,111839.5546875,111568.3828125,112139.78125,111944.875,112025.0703125,112114.8359375,112230.078125,112408.8984375,0.0
1762651849.0579123,111009.046875,110738.0546875,111309.1875,111113.7421875,111194.75,111284.515625,111399.21875,111577.5859375,0.0
1762651849.0606325,111268.421875,110996.890625,111568.5625,111373.0234375,111453.9375,111543.796875,111658.4140625,111837.140625,0.0
1762651849.062896,112088.28125,111817.109375,112388.9609375,112193.6015625,112274.0703125,112363.65625,112478.9921875,112657.625,0.0
1762651849.065281,112038.03125,111766.7734375,112338.625,112143.359375,112223.734375,112312.9609375,112428.7421875,112607.2890625,0.0
1762651849.0728395,111239.1875,110967.3828125,111539.140625,111343.96875,111424.5234375,111513.9296875,111629.359375,111807.71875,0.0
1762651849.0905588,111224.609375,110952.90625,111524.390625,111329.5703125,111409.859375,111499.359375,111614.6015625,111793.2421875,0.0
1762651849.090635,112119.3984375,111848.2265625,112419.890625,112224.8046875,112305.09375,112394.3203125,112509.8359375,112689.1875,0.0
1762651849.0925944,112212.109375,111940.3125,112512.25,112317.34375,112397.6328125,112487.125,112602.546875,112781.6328125,0.0
1762651849.0926113,111493.9921875,111222.109375,111793.6875,111598.78125,111679.3359375,111768.828125,111884.078125,112062.625,0.0
1762651849.095568,111211.734375,110940.03125,111511.3359375,111316.0703125,111396.984375,111486.5703125,111601.8203125,111780.09375,0.0
1762651849.0980792,112123.421875,111851.796875,112423.3828125,112228.3828125,112309.1171875,112398.2578125,112514.125,112692.4921875,0.0
1762651849.0981307,112368.125,112096.328125,112668.0859375,112473.4453125,112553.6484375,112642.875,112759.015625,112937.5625,0.0
1762651849.1005492,111763.015625,111491.3125,112062.796875,111868.34375,111948.359375,112037.765625,112153.3671875,112332.09375,0.0
1762651849.1045873,111248.9296875,110976.6875,111548.7109375,111353.53125,111433.8203125,111523.5,111638.7421875,111816.9296875,0.0
1762651849.1046643,112091.859375,111820.2421875,112392.0859375,112196.734375,112277.6484375,112366.78125,112482.65625,112661.203125,0.0
1762651849.1046848,112495.7109375,112224.5390625,112796.1171875,112601.03125,112681.765625,112770.6328125,112886.953125,113065.4140625,0.0
1762651849.1090343,112028.5546875,111757.296875,112328.3359375,112133.25,112214.1640625,112303.3046875,112419.265625,112597.453125,0.0
1762651849.1090846,111339.140625,111067.609375,111638.5625,111443.4765625,111524.3046875,111613.4375,111729.1328125,111907.234375,0.0
1762651849.111918,112043.1328125,111771.515625,112342.9140625,112148.359375,112228.921875,112317.96875,112433.75,112612.3828125,0.0
1762651849.114122,112606.84375,112334.8671875,112906.984375,112712.4296875,112792.453125,112881.6796875,112997.7265625,113176.453125,0.0
1762651849.11688,112281.1328125,112009.15625,112581.0,112386.09375,112466.6484375,112555.703125,112671.6640625,112850.296875,0.0
1762651849.1203685,111487.828125,111216.1171875,111787.15625,111592.25,111673.1640625,111762.3046875,111877.90625,112056.1875,0.0
1762651849.1630282,111980.7265625,111708.9296875,112280.0625,112085.421875,112165.890625,112255.296875,112371.1640625,112549.3515625,0.0
1762651849.1631048,112692.4921875,112421.0546875,112992.6328125,112797.9921875,112877.8359375,112967.421875,113083.2890625,113262.1953125,0.0
1762651849.1693916,112511.0,112240.0078125,112811.40625,112616.765625,112696.6953125,112786.28125,112901.796875,113081.0546875,0.0
1762651849.1695013,111682.734375,111411.3828125,111982.78125,111787.875,111868.34375,111958.015625,112073.2578125,112252.34375,0.0
1762651849.1729987,111919.5703125,111647.6875,112219.4453125,112024.8046875,112105.1796875,112194.5,112310.4609375,112489.0,0.0
1762651849.1730745,112749.265625,112477.203125,113049.40625,112854.765625,112935.1484375,113024.28125,113140.3359375,113319.328125,0.0
1762651849.1730957,112711.09375,112439.296875,113011.5859375,112817.21875,112897.234375,112986.375,113102.15625,113281.0625,0.0
1762651849.17575,111916.9765625,111644.8203125,112216.8515625,112022.03125,112102.2265625,112191.8125,112307.328125,112485.875,0.0
1762651849.1758249,111879.0703125,111606.9140625,112178.8515625,111984.2109375,112064.3203125,112153.7265625,112269.6015625,112448.234375,0.0
1762651849.1778302,112782.9765625,112510.7265625,113083.0234375,112888.5625,112968.3125,113057.8984375,113174.1328125,113352.9453125,0.0
1762651849.1803598,112887.9375,112616.6796875,113188.5234375,112994.15625,113074.0859375,113163.578125,113279.453125,113458.4453125,0.0
1762651849.1828213,112177.6875,111906.15625,112478.0078125,112283.6328125,112363.4765625,112453.1484375,112568.6640625,112747.65625,0.0
1762651849.1854415,111871.46875,111599.9375,112171.96875,111976.96875,112057.2578125,112146.6640625,112262.7109375,112441.078125,0.0
1762651849.185515,112779.3984375,112508.046875,113080.34375,112885.34375,112965.546875,113054.7734375,113171.4453125,113350.0859375,0.0
1762651849.188147,113040.109375,112768.671875,113340.6953125,113145.7890625,113226.1640625,113315.5703125,113431.890625,113610.96875,0.0
1762651849.192726,112447.875,112176.34375,112748.1015625,112553.015625,112633.484375,112722.8046875,112838.9453125,113017.7578125,0.0
1762651849.1955428,111911.703125,111640.3515625,112211.9296875,112016.9375,112097.1328125,112186.6328125,112302.5,112481.3125,0.0
1762651849.19562,112745.15625,112473.8046875,113045.3828125,112850.921875,112931.2109375,113020.3515625,113136.84375,113315.390625,0.0
1762651849.1979837,113164.921875,112893.5703125,113465.4140625,113270.6015625,113350.890625,113439.84375,113556.7890625,113735.15625,0.0
1762651849.2005227,112710.1953125,112439.1171875,113010.875,112816.234375,112896.0703125,112985.3046875,113101.7109375,113280.609375,0.0
1762651849.233884,112006.0234375,111734.9453125,112306.2578125,112111.3515625,112191.8125,112280.953125,112397.0078125,112575.7265625,0.0
1762651849.2339296,112690.4375,112419.265625,112990.84375,112796.203125,112876.2265625,112965.6328125,113081.7734375,113260.40625,0.0
1762651849.2365625,113265.59375,112994.2421875,113566.0859375,113371.5390625,113451.5625,113540.96875,113657.1953125,113836.1875,0.0
1762651849.2366111,112952.578125,112681.140625,113252.8046875,113058.34375,113138.453125,113228.0390625,113344.1796875,113522.640625,0.0
1762651849.239221,112151.578125,111880.140625,112451.8984375,112256.7265625,112337.4609375,112426.953125,112542.9140625,112721.375,0.0
1762651849.2415168,112622.6640625,112351.046875,112923.1640625,112728.078125,112808.3671875,112897.859375,113014.0,113192.90625,0.0
1762651849.244216,113344.71875,113073.3671875,113645.5703125,113450.9296875,113530.6875,113620.2734375,113736.765625,113915.7578125,0.0
1762651849.2466865,113174.578125,112903.140625,113474.984375,113280.2578125,113360.453125,113449.7734375,113566.4453125,113745.3515625,0.0
1762651849.2491367,112344.609375,112073.6171875,112645.109375,112450.0234375,112530.578125,112619.8046875,112736.0390625,112914.671875,0.0
1762651849.2515185,112556.7734375,112285.6953125,112857.453125,112662.3671875,112742.7421875,112831.609375,112948.1953125,113126.7421875,0.0
1762651849.2542892,113393.3515625,113122.359375,113694.296875,113499.8359375,113579.59375,113668.7265625,113785.2265625,113964.21875,0.0
1762651849.2565053,113367.9609375,113096.8828125,113669.1796875,113474.4453125,113554.1953125,113643.6953125,113760.375,113939.09375,0.0
1762651849.2592864,112578.859375,112307.59375,112879.3515625,112684.625,112764.6484375,112853.9609375,112970.546875,113148.828125,0.0
1762651849.2593672,112513.7734375,112242.5078125,112814.0859375,112619.4453125,112699.9140625,112788.875,112905.375,113083.6484375,0.0
1762651849.261802,113420.625,113149.3671875,113721.296875,113526.84375,113607.0390625,113696.265625,113813.125,113991.84375,0.0
1762651849.261876,113540.875,113269.6171875,113841.4609375,113646.828125,113727.109375,113816.609375,113933.1953125,114112.0078125,0.0
1762651849.265462,112838.5859375,112567.6796875,113139.4375,112944.53125,113024.7265625,113114.4921875,113230.453125,113409.5390625,0.0
1762651849.3030093,112509.5703125,112238.21875,112809.9765625,112615.515625,112695.625,112785.1171875,112900.9921875,113079.984375,0.0
1762651849.3055842,113412.578125,113141.3203125,113713.25,113519.2421875,113599.2578125,113688.3125,113804.5390625,113983.796875,0.0
1762651849.305664,113683.75,113412.9375,113984.78125,113791.0390625,113870.25,113959.125,114076.15625,114255.2421875,0.0
1762651849.310269,113100.3671875,112829.109375,113400.953125,113207.03125,113286.515625,113375.5625,113492.421875,113670.9609375,0.0
1762651849.3103416,112550.25,112278.984375,112850.7421875,112656.1953125,112736.3046875,112825.171875,112941.9375,113120.3046875,0.0
1762651849.3131597,113373.7734375,113102.78125,113674.8125,113480.2578125,113559.828125,113648.7890625,113766.0,113945.0859375,0.0
1762651849.315523,113802.3046875,113531.3125,114103.515625,113909.0546875,113988.8984375,114077.9453125,114194.796875,114373.96875,0.0
1762651849.3179855,113358.6640625,113087.8515625,113659.5234375,113465.4140625,113544.9921875,113634.578125,113750.890625,113930.15625,0.0
1762651849.3203855,112646.0,112375.0078125,112946.5,112752.3984375,112832.0546875,112921.375,113037.6953125,113216.5078125,0.0
1762651849.3228607,113317.8046875,113046.7265625,113618.3046875,113424.5546875,113504.0390625,113593.1796875,113709.9453125,113888.578125,0.0
1762651849.3229125,113907.0,113636.1875,114207.671875,114014.1953125,114093.3203125,114182.5546875,114299.5859375,114478.3984375,0.0
1762651849.325626,113606.6796875,113335.7734375,113907.4453125,113713.8828125,113793.2734375,113882.234375,113999.0859375,114177.8125,0.0
1762651849.3281546,112801.5703125,112530.578125,113101.9765625,112907.96875,112987.8984375,113076.6796875,113193.53125,113371.71875,0.0
1762651849.3282297,113254.5078125,112983.78125,113555.1796875,113360.8125,113440.7421875,113529.703125,113646.6484375,113825.015625,0.0
1762651849.330475,113988.4453125,113717.9921875,114289.125,114095.203125,114175.0390625,114264.09375,114381.125,114560.0234375,0.0
1762651849.332767,113829.2109375,113558.7578125,114130.0703125,113936.1484375,114015.8984375,114104.859375,114221.796875,114400.6171875,0.0
1762651849.3664892,113001.3984375,112730.4921875,113301.984375,113107.5234375,113187.71875,113276.765625,113392.90625,113571.8125,0.0
1762651849.3665612,113188.4375,112917.53125,113489.2890625,113295.0078125,113374.671875,113463.71875,113580.0390625,113759.4765625,0.0
1762651849.369268,114033.78125,113762.609375,114334.6328125,114140.4375,114220.015625,114309.0625,114425.6484375,114605.5390625,0.0
1762651849.369344,114021.7109375,113750.359375,114322.4765625,114128.4609375,114208.125,114297.3515625,114413.84375,114593.375,0.0
1762651849.3716412,113236.7109375,112965.9921875,113537.75,113343.375,113423.21875,113512.625,113629.2109375,113807.84375,0.0
1762651849.3764603,113149.2734375,112878.1953125,113449.7734375,113255.3984375,113335.6015625,113424.734375,113541.1484375,113719.9609375,0.0
1762651849.3792162,114058.1875,113787.28125,114358.953125,114164.8515625,114244.78125,114333.734375,114450.1484375,114629.5,0.0
1762651849.3813403,114187.9140625,113916.8359375,114488.9453125,114295.0234375,114374.59375,114463.6484375,114580.3203125,114759.5859375,0.0
1762651849.3891788,113495.3671875,113224.640625,113796.7578125,113602.4765625,113682.2265625,113771.0078125,113887.6875,114066.859375,0.0
1762651849.3915882,113145.6953125,112874.6171875,113446.4609375,113251.734375,113331.84375,113420.625,113537.390625,113716.5625,0.0
1762651849.3943024,114045.84375,113774.5,114346.703125,114152.15625,114232.3515625,114321.3984375,114438.1640625,114617.4296875,0.0
1762651849.3993175,114331.6796875,114060.6015625,114632.8046875,114438.078125,114518.3671875,114607.234375,114724.0,114903.7109375,0.0
1762651849.401734,113761.171875,113489.46875,114061.5859375,113867.03125,113947.3203125,114036.1953125,114152.6875,114332.21875,0.0
1762651849.4045978,113190.4921875,112918.6953125,113490.984375,113296.53125,113376.6328125,113465.59375,113581.828125,113761.0859375,0.0
1762651849.406639,114000.96875,113729.796875,114302.1796875,114107.71875,114187.375,114276.609375,114393.375,114572.8984375,0.0
1762651849.4066913,114445.671875,114175.0390625,114747.2421875,114552.7890625,114632.8046875,114721.5859375,114838.796875,115018.234375,0.0
1762651849.409161,114013.390625,113742.578125,114314.6953125,114120.1484375,114200.1640625,114289.2109375,114406.3359375,114585.421875,0.0
1762651849.4116237,113287.2265625,113016.1484375,113588.3515625,113393.3515625,113473.5546875,113562.78125,113679.28125,113858.2734375,0.0
1762651849.4141903,113940.5234375,113669.265625,114241.6484375,114047.0078125,114127.1171875,114215.8984375,114332.9296875,114512.28125,0.0
1762651849.4142663,114541.7890625,114270.9765625,114843.1796875,114649.1640625,114728.734375,114817.875,114935.1796875,115114.796875,0.0
1762651849.4202495,114253.359375,113982.546875,114554.5703125,114360.3828125,114440.21875,114529.359375,114646.6640625,114825.921875,0.0
1762651849.4765973,113443.8671875,113172.6953125,113744.7265625,113549.90625,113630.1953125,113719.421875,113836.0078125,114015.1796875,0.0
1762651849.476668,113872.1328125,113600.78125,114173.1640625,113978.703125,114058.1875,114147.328125,114264.265625,114443.53125,0.0
1762651849.4766884,114614.65625,114343.5703125,114915.8671875,114721.9453125,114801.6015625,114890.5625,115007.5078125,115187.21875,0.0
1762651849.4792871,114470.265625,114199.0,114771.4765625,114577.4609375,114657.03125,114745.90625,114862.9375,115042.375,0.0
1762651849.4793627,113644.765625,113373.59375,113945.7109375,113751.34375,113831.359375,113920.6796875,114036.90625,114216.34375,0.0
1762651849.4817245,113806.0546875,113535.0625,114107.2734375,113912.71875,113992.828125,114081.7890625,114198.46875,114377.9921875,0.0
1762651849.4840941,114656.765625,114385.859375,114958.0703125,114764.0546875,114843.71875,114932.5859375,115049.890625,115229.2421875,0.0
1762651849.486493,114653.6328125,114382.2890625,114954.671875,114760.8359375,114840.3203125,114929.6328125,115046.9375,115226.1953125,0.0
1762651849.4893456,113876.421875,113604.890625,114177.2734375,113982.8125,114062.65625,114152.0625,114268.7421875,114447.9140625,0.0
1762651849.4917245,113763.765625,113492.59375,114064.7109375,113870.4296875,113950.1796875,114039.5,114156.0,114335.2578125,0.0
1762651849.49431,114672.3203125,114401.421875,114973.8046875,114779.7890625,114859.1796875,114948.234375,115065.0859375,115244.703125,0.0
1762651849.5105488,114816.8046875,114546.078125,115118.375,114924.453125,115003.6640625,115092.53125,115209.4765625,115389.3671875,0.0
1762651849.5129688,114134.984375,113863.6328125,114435.75,114241.6484375,114321.3984375,114410.453125,114527.390625,114706.7421875,0.0
1762651849.5153787,113762.609375,113491.2578125,114063.28125,113869.1796875,113949.0234375,114037.9765625,114154.7421875,114334.0078125,0.0
1762651849.5179708,114655.875,114384.703125,114956.7265625,114762.890625,114842.4609375,114931.421875,115048.546875,115228.34375,0.0
1762651849.5204775,114953.8671875,114682.6953125,115255.2578125,115061.2421875,115140.8125,115229.7734375,115346.984375,115526.875,0.0
1762651849.5230567,114396.5,114125.5078125,114697.625,114503.4296875,114583.2734375,114672.765625,114789.625,114968.9765625,0.0
1762651849.5251944,113812.4921875,113541.59375,114113.4375,113919.6015625,113999.0859375,114088.5859375,114205.2578125,114384.5234375,0.0
1762651849.5293264,114612.5078125,114341.515625,114913.71875,114720.0625,114799.1015625,114888.5078125,115005.6328125,115185.0703125,0.0
1762651849.5294163,115072.59375,114801.78125,115374.5234375,115180.15625,115259.28125,115348.7734375,115465.8125,115645.515625,0.0
1762651849.5294507,114654.7109375,114384.1640625,114956.7265625,114762.0,114841.75,114930.9765625,115047.921875,115227.359375,0.0
1762651849.5360296,113918.265625,113647.2734375,114219.65625,114024.8359375,114104.765625,114194.171875,114310.671875,114489.75,0.0
1762651849.5361044,114552.25,114280.8125,114853.375,114658.9140625,114738.6640625,114828.15625,114944.7421875,115124.2734375,0.0
1762651849.539307,115170.40625,114899.4140625,115472.25,115278.0546875,115357.265625,115446.8515625,115563.7109375,115743.2421875,0.0
1762651849.539383,114895.125,114624.578125,115196.6953125,115002.59375,115081.8984375,115171.390625,115288.4296875,115467.6875,0.0
1762651849.5394075,114080.8984375,113809.546875,114381.5703125,114187.46875,114267.3125,114356.4453125,114473.03125,114652.203125,0.0
1762651849.541724,114483.4921875,114212.1484375,114784.53125,114590.421875,114670.0859375,114759.1328125,114875.7265625,115055.4296875,0.0
1762651849.5440748,115240.4140625,114969.0625,115542.0703125,115347.5234375,115427.1875,115516.234375,115633.265625,115813.2421875,0.0
1762651849.5679536,115109.8828125,114838.7109375,115411.2734375,115216.8984375,115296.7421875,115385.609375,115502.734375,115682.3515625,0.0
1762651849.5680287,114288.3203125,114016.7890625,114589.171875,114394.53125,114474.9140625,114563.9609375,114680.9921875,114859.8984375,0.0
1762651849.574677,114425.3828125,114154.03125,114726.5,114532.1328125,114612.1484375,114701.0234375,114818.1484375,114997.3203125,0.0
1762651849.5747285,115285.8359375,115014.84375,115587.3125,115393.4765625,115472.875,115561.3828125,115679.046875,115858.5703125,0.0
1762651849.576584,115297.7265625,115026.640625,115599.296875,115405.4609375,115484.9453125,115573.453125,115691.1171875,115870.46875,0.0
1762651849.5788808,114527.5703125,114256.1328125,114828.78125,114634.59375,114714.1640625,114803.3046875,114920.25,115099.421875,0.0
1762651849.5829482,114390.6875,114119.25,114692.2578125,114497.796875,114577.28125,114666.6875,114783.2734375,114962.8046875,0.0
1762651849.583024,115301.390625,115030.0390625,115603.3203125,115408.859375,115488.3359375,115577.5703125,115694.9609375,115874.4921875,0.0
1762651849.5830536,115458.921875,115187.9296875,115761.1171875,115566.484375,115646.140625,115735.1953125,115852.40625,116032.203125,0.0
1762651849.5830739,114788.4609375,114517.46875,115090.125,114895.5703125,114975.5,115064.375,115181.3125,115360.7578125,0.0
1762651849.58543,114393.5546875,114122.2890625,114694.8515625,114500.3046875,114580.3203125,114669.28125,114786.40625,114965.84375,0.0
1762651849.5854812,115283.953125,115012.6015625,115585.34375,115391.515625,115470.640625,115559.7734375,115677.2578125,115857.140625,0.0
1762651849.587966,115598.0390625,115326.9609375,115899.34375,115705.8671875,115784.546875,115874.0390625,115991.609375,116171.3203125,0.0
1762651849.590552,115052.8359375,114781.3984375,115353.9609375,115160.0390625,115239.34375,115328.75,115445.6953125,115625.671875,0.0
1762651849.5906274,114451.0390625,114179.6015625,114752.34375,114557.8828125,114637.546875,114726.7734375,114843.8046875,115023.6953125,0.0
1762651849.592707,115238.0859375,114967.1875,115539.75,115345.5546875,115424.859375,115514.0859375,115631.4765625,115811.546875,0.0
1762651849.595445,115711.9453125,115441.21875,116013.9609375,115820.0390625,115899.078125,115988.390625,116105.609375,116285.671875,0.0
1762651849.6053767,115308.453125,115037.3671875,115609.9296875,115416.0078125,115495.2265625,115584.359375,115701.84375,115881.5546875,0.0
1762651849.607868,114561.1875,114290.46875,114863.03125,114668.8359375,114748.40625,114837.3671875,114954.3984375,115133.84375,0.0
1762651849.607971,115175.6875,114905.046875,115477.703125,115283.6875,115363.078125,115451.953125,115569.5234375,115749.140625,0.0
1762651849.6103523,115805.8203125,115535.546875,116108.2890625,115914.5390625,115993.578125,116082.453125,116200.2890625,116380.0859375,0.0
1762651849.6465151,115544.0390625,115273.5859375,115846.0546875,115652.046875,115731.4375,115820.3984375,115938.234375,116117.8515625,0.0
1762651849.646585,114725.96875,114455.0625,115027.5390625,114832.984375,114912.828125,115001.7890625,115119.359375,115298.796875,0.0
1762651849.6494112,115101.921875,114830.6640625,115403.2265625,115209.03125,115288.78125,115377.65625,115494.953125,115674.9296875,0.0
1762651849.6494846,115864.5625,115593.75,116166.4921875,115972.75,116052.140625,116140.921875,116258.8515625,116438.828125,0.0
1762651849.651492,115749.6796875,115478.859375,116051.6015625,115857.6796875,115937.0703125,116026.03125,116144.046875,116323.671875,0.0
1762651849.6542268,114926.953125,114655.875,115228.4375,115034.0625,115114.0859375,115203.21875,115320.34375,115499.875,0.0
1762651849.656598,115040.3203125,114769.5078125,115341.984375,115147.7890625,115227.6328125,115316.9453125,115433.4453125,115613.5078125,0.0
1762651849.659214,115903.8125,115633.0859375,116206.0078125,116012.171875,116091.4765625,116180.4375,116297.7421875,116477.984375,0.0
1762651849.6618996,115931.265625,115660.71875,116233.1875,116039.8046875,116118.5703125,116207.890625,116325.28125,116505.4375,0.0
1762651849.6642811,115165.3125,114894.5,115466.7890625,115272.8671875,115352.6171875,115441.671875,115558.6171875,115738.59375,0.0
1762651849.6643577,115002.7734375,114731.328125,115304.0703125,115109.7890625,115189.6328125,115278.859375,115395.7109375,115575.421875,0.0
1762651849.6668136,115911.5,115640.421875,116213.0703125,116019.6875,116098.8125,116188.21875,116305.25,116485.2265625,0.0
1762651849.6691115,116085.9375,115814.9453125,116387.59375,116194.296875,116273.421875,116362.203125,116479.6875,116659.9296875,0.0
1762651849.6691625,115421.9140625,115150.828125,115723.5703125,115529.5546875,115608.859375,115697.640625,115814.9453125,115995.0078125,0.0
1762651849.671713,115007.8671875,114736.875,115309.703125,115115.421875,115194.640625,115283.6875,115400.8125,115580.96875,0.0
1762651849.6794157,115893.171875,115622.8046875,116195.4609375,116001.890625,116080.6640625,116169.7109375,116287.4609375,116467.796875,0.0
1762651849.6794913,116219.6015625,115949.0546875,116521.796875,116328.3203125,116406.90625,116496.2265625,116613.9765625,116794.3984375,0.0
1762651849.6856415,115683.9609375,115412.96875,115985.796875,115791.96875,115870.734375,115959.6953125,116077.53125,116257.5078125,0.0
1762651849.685754,115061.78125,114791.0546875,115363.3515625,115169.6015625,115248.546875,115337.78125,115455.171875,115634.6953125,0.0
1762651849.691258,115834.2578125,115563.6171875,116136.0078125,115942.4375,116021.5625,116110.4375,116228.453125,116408.15625,0.0
1762651849.7226465,116321.5234375,116050.6171875,116623.359375,116429.8828125,116509.0078125,116597.4296875,116715.5390625,116895.6953125,0.0
1762651849.722678,115927.328125,115656.25,116228.8984375,116034.796875,116114.3671875,116202.96875,116320.8984375,116500.515625,0.0
1762651849.7250483,115168.9765625,114898.078125,115470.1875,115276.0859375,115355.9296875,115444.7109375,115562.28125,115741.8984375,0.0
1762651849.7250695,115761.75,115491.0234375,116063.3125,115869.484375,115948.875,116038.015625,116155.4921875,116335.1171875,0.0
1762651849.7276762,116404.40625,116133.234375,116706.0625,116512.3203125,116591.0,116680.578125,116797.9765625,116978.21875,0.0
1762651849.7299805,116155.4921875,115884.234375,116456.703125,116263.3203125,116342.0,116431.4921875,116548.796875,116729.21875,0.0
1762651849.7324724,115330.625,115059.453125,115631.4765625,115437.5546875,115516.7734375,115606.1796875,115723.4765625,115902.828125,0.0
1762651849.735052,115683.6015625,115412.7890625,115985.0859375,115791.0703125,115870.46875,115959.515625,116077.0859375,116256.703125,0.0
1762651849.7375107,116461.0859375,116190.8984375,116763.1015625,116569.625,116648.3046875,116737.53125,116855.375,117035.703125,0.0
1762651849.739994,116355.0546875,116084.5078125,116657.15625,116463.59375,116542.265625,116631.765625,116749.515625,116929.671875,0.0
1762651849.7426844,115535.3671875,115264.640625,115837.296875,115643.546875,115722.40625,115811.8125,115929.1171875,116109.09375,0.0
1762651849.7450657,115619.234375,115348.5078125,115920.890625,115727.5,115806.359375,115895.5,116013.0703125,116193.1328125,0.0
1762651849.7450817,116494.2578125,116223.625,116796.3671875,116602.53125,116681.5625,116770.703125,116888.5390625,117068.7890625,0.0
1762651849.7474651,116532.7890625,116262.25,116835.1640625,116640.9765625,116720.28125,116809.4140625,116926.984375,117107.3203125,0.0
1762651849.7500403,115775.6015625,115504.7890625,116077.53125,115883.4296875,115962.9140625,116052.140625,116169.171875,116349.2421875,0.0
1762651849.7863,115584.6328125,115313.640625,115886.3828125,115692.1875,115771.4921875,115860.8984375,115978.2890625,116158.0859375,0.0
1762651849.7863383,116498.1015625,116227.375,116800.4765625,116606.375,116685.3203125,116774.8203125,116892.5625,117072.453125,0.0
1762651849.7901635,116685.9453125,116415.4921875,116988.3203125,116794.3984375,116873.2578125,116962.6640625,117080.40625,117260.5625,0.0
1762651849.7902083,116034.4375,115763.625,116336.1875,116142.265625,116221.2109375,116310.5234375,116428.09375,116608.34375,0.0
1762651849.790218,115594.9140625,115324.1015625,115896.5703125,115702.5625,115781.6875,115870.640625,115988.484375,116168.546875,0.0
1762651849.7926877,116474.40625,116204.1328125,116776.515625,116582.59375,116661.984375,116750.5,116868.3359375,117048.7578125,0.0
1762651849.7949781,116817.640625,116547.0078125,117119.5703125,116926.09375,117005.0390625,117094.0,117211.75,117391.9921875,0.0
1762651849.8000576,116293.984375,116023.265625,116595.8203125,116401.8984375,116481.1171875,116570.1640625,116688.09375,116867.9765625,0.0
1762651849.8024714,115658.8359375,115387.9375,115960.3203125,115766.3984375,115845.703125,115934.75,116052.2265625,116232.203125,0.0
1762651849.8049188,116419.2421875,116148.703125,116721.265625,116527.515625,116606.4609375,116695.6015625,116813.171875,116993.59375,0.0
1762651849.8177445,116921.3515625,116650.8984375,117223.546875,117030.0703125,117108.5703125,117197.625,117315.546875,117496.2421875,0.0
1762651849.8200057,116542.265625,116271.453125,116844.015625,116650.453125,116729.3984375,116818.4453125,116936.109375,117116.7109375,0.0
1762651849.8225365,115775.421875,115504.5234375,116077.265625,115883.25,115962.1953125,116051.6953125,116168.9921875,116349.2421875,0.0
1762651849.8249743,116351.203125,116080.3046875,116652.953125,116459.03125,116538.0703125,116627.5625,116744.7734375,116925.109375,0.0
1762651849.827634,117006.6484375,116735.8359375,117308.484375,117115.1875,117194.1328125,117283.1875,117400.84375,117581.5390625,0.0
1762651849.8276687,116772.40625,116501.5859375,117074.421875,116881.125,116960.0703125,117049.03125,117166.7734375,117347.3828125,0.0
1762651849.8312504,115947.265625,115675.9140625,116248.5703125,116055.0,116134.125,116223.0859375,116340.4765625,116520.9921875,0.0
1762651849.8312712,116279.953125,116008.953125,116581.609375,116388.3125,116467.078125,116556.3984375,116673.875,116854.1171875,0.0
1762651849.83128,117066.90625,116796.09375,117368.75,117175.625,117254.0390625,117343.1796875,117461.375,117641.53125,0.0
1762651849.833736,116974.375,116703.6484375,117276.4765625,117082.9140625,117161.6796875,117250.640625,117368.65625,117549.078125,0.0
1762651849.836259,116158.265625,115887.453125,116460.1953125,116266.2734375,116345.9296875,116434.625,116552.1953125,116732.4375,0.0
1762651849.8362749,116218.9765625,115947.890625,116520.8125,116326.9765625,116406.1953125,116495.421875,116613.171875,116792.96875,0.0
1762651849.8425348,117099.3671875,116828.546875,117401.5625,117207.6328125,117286.671875,117375.8125,117493.9140625,117673.890625,0.0
1762651849.8939047,117150.7734375,116880.140625,117452.96875,117259.3125,117338.4375,117427.21875,117545.4140625,117725.5703125,0.0
1762651849.8939545,116400.5625,116129.921875,116702.484375,116508.7421875,116587.953125,116676.46875,116794.484375,116974.640625,0.0
1762651849.8963423,116188.0390625,115917.671875,116489.96875,116296.21875,116375.6171875,116463.9453125,116582.3203125,116762.03125,0.0
1762651849.8963692,117099.8984375,116829.7109375,117402.1875,117208.796875,117287.921875,117376.2578125,117494.71875,117674.875,0.0
1762651849.9026356,117298.828125,117028.1953125,117600.8515625,117407.7265625,117486.40625,117575.1015625,117693.4765625,117873.984375,0.0
1762651849.9026666,116655.9921875,116385.453125,116957.921875,116764.8046875,116843.3046875,116932.0859375,117050.546875,117230.5234375,0.0
1762651849.9026747,116198.859375,115928.046875,116500.6953125,116307.578125,116386.078125,116474.765625,116592.9609375,116772.9375,0.0
1762651849.9026804,117068.875,116798.2421875,117371.1640625,117177.7734375,117256.6328125,117345.0546875,117463.6953125,117643.8515625,0.0
1762651849.9026852,117424.8046875,117154.3515625,117727.265625,117534.0625,117612.46875,117701.34375,117820.0703125,118000.40625,0.0
1762651849.9049795,116915.453125,116644.90625,117217.7421875,117024.4375,117102.8515625,117191.8984375,117310.2734375,117490.34375,0.0
1762651849.907503,116265.015625,115994.4765625,116567.390625,116373.828125,116452.4140625,116541.1953125,116659.484375,116839.1875,0.0
1762651849.910014,117012.8203125,116742.1796875,117315.375,117121.8984375,117200.484375,117289.265625,117407.7265625,117588.0625,0.0
1762651849.927792,117528.875,117258.421875,117831.25,117638.1328125,117716.71875,117805.140625,117923.6953125,118104.65625,0.0
1762651849.9300072,117161.9453125,116891.046875,117463.875,117270.578125,117349.078125,117437.6796875,117556.59375,117736.75,0.0
1762651849.930026,116387.234375,116116.3359375,116688.8046875,116495.421875,116574.1875,116663.234375,116781.34375,116961.5859375,0.0
1762651849.9324903,116944.15625,116673.4296875,117246.078125,117052.78125,117131.4609375,117220.421875,117338.8828125,117519.3125,0.0
1762651849.9352396,117614.796875,117344.0703125,117916.8125,117724.0546875,117802.1015625,117890.9765625,118009.6171875,118190.484375,0.0
1762651849.937479,117390.296875,117119.8359375,117692.671875,117499.3671875,117577.8671875,117666.828125,117785.1171875,117966.1640625,0.0
1762651849.9400141,116562.8359375,116292.46875,116865.296875,116671.5546875,116750.3203125,116839.546875,116957.3828125,117137.8984375,0.0
1762651849.9400284,116873.703125,116603.515625,117176.1640625,116982.78125,117061.8125,117150.5078125,117268.7890625,117449.125,0.0
1762651849.9424942,117673.0859375,117402.71875,117975.5546875,117782.34375,117861.0234375,117949.359375,118068.4453125,118248.78125,0.0
1762651849.9449885,117591.8203125,117321.8984375,117894.1015625,117701.4296875,117779.75,117868.265625,117987.171875,118167.953125,0.0
1762651849.947491,116780.09375,116509.6328125,117081.84375,116889.2578125,116967.4921875,117056.359375,117174.8203125,117355.3359375,0.0
1762651849.9499905,116817.640625,116547.0078125,117119.65625,116926.5390625,117005.1328125,117094.0,117212.2890625,117392.53125,0.0
1762651849.9524937,117701.875,117431.421875,118004.875,117811.21875,117889.8984375,117978.59375,118097.328125,118277.9296875,0.0
1762651849.9550219,117766.4296875,117495.703125,118069.25,117875.59375,117953.9140625,118042.515625,118161.515625,118342.296875,0.0
1762651849.9575822,117027.65625,116756.578125,117329.765625,117136.375,117214.96875,117303.5703125,117422.3046875,117603.0859375,0.0
1762651849.9575996,116794.0390625,116523.3125,117095.7890625,116902.671875,116981.703125,117070.3046875,117188.859375,117369.1015625,0.0
1762651849.9599946,117706.3515625,117435.8046875,118008.546875,117815.6953125,117894.1015625,117982.34375,118101.5234375,118282.3046875,0.0
1762651849.9662611,117917.9765625,117647.515625,118220.53125,118027.765625,118106.0859375,118194.328125,118313.6015625,118494.203125,0.0
1762651849.9762576,117288.7265625,117018.2734375,117591.1015625,117398.4296875,117476.84375,117565.171875,117683.90625,117864.0625,0.0
1762651849.9762766,116815.5,116544.859375,117117.3359375,116924.484375,117002.984375,117091.671875,117209.875,117390.296875,0.0
1762651849.9762852,117676.84375,117406.1171875,117979.21875,117786.3671875,117864.6875,117953.109375,118071.84375,118252.4453125,0.0
1762651849.980067,118044.84375,117774.65625,118347.84375,118154.8125,118233.046875,118321.2890625,118440.46875,118621.4296875,0.0
1762651849.9800823,117546.9375,117276.9296875,117849.4921875,117656.3671875,117734.78125,117823.1171875,117941.578125,118122.71875,0.0
1762651849.9889247,116884.515625,116614.0625,117186.71875,116993.59375,117072.09375,117160.7890625,117278.8046875,117459.671875,0.0
1762651850.0250132,117617.2109375,117346.3046875,117919.5859375,117726.4609375,117804.875,117893.4765625,118012.2109375,118192.8984375,0.0
1762651850.0250428,118146.3203125,117875.7734375,118449.140625,118255.84375,118334.609375,118422.859375,118542.0390625,118722.7265625,0.0
1762651850.0287597,117791.28125,117520.921875,118094.1953125,117900.8984375,117979.6640625,118068.0,118186.734375,118367.6953125,0.0
1762651850.028776,117010.4921875,116740.0390625,117312.9609375,117119.484375,117198.0703125,117286.671875,117405.046875,117585.6484375,0.0
1762651850.0287848,117545.328125,117274.6875,117847.703125,117654.7578125,117733.4375,117821.328125,117940.1484375,118120.8359375,0.0
1762651850.031416,118224.1015625,117953.3828125,118526.65625,118333.8984375,118412.21875,118500.546875,118619.5546875,118800.5078125,0.0
1762651850.0339155,118009.796875,117739.3359375,118312.6171875,118119.5,118198.0,118286.6875,118405.3359375,118586.46875,0.0
1762651850.0362356,117181.171875,116910.625,117483.8125,117290.25,117369.015625,117457.8828125,117576.2578125,117756.953125,0.0
1762651850.0387363,117467.0078125,117196.28125,117769.3828125,117575.9921875,117654.9375,117743.2734375,117861.9140625,118042.609375,0.0
1762651850.0412352,118273.453125,118002.8203125,118575.921875,118383.15625,118461.65625,118549.7265625,118669.0859375,118849.6875,0.0
1762651850.043738,118204.7890625,117933.890625,118507.4375,118314.40625,118392.546875,118481.0625,118600.1484375,118780.84375,0.0
1762651850.043753,117395.9296875,117125.0234375,117698.125,117505.0,117583.328125,117672.1953125,117790.75,117971.0859375,0.0
1762651850.0462346,117407.546875,117136.828125,117710.1953125,117516.8984375,117595.3046875,117683.8203125,117802.546875,117983.0625,0.0
1762651850.0487528,118295.453125,118025.265625,118598.71875,118405.3359375,118483.7421875,118571.984375,118690.8984375,118871.859375,0.0
1762651850.0512598,118369.3046875,118099.109375,118672.8359375,118479.5390625,118557.953125,118646.1015625,118765.015625,118946.2421875,0.0
1762651850.0512784,117638.3125,117367.765625,117941.0390625,117747.65625,117825.9765625,117914.7578125,118033.3984375,118214.4453125,0.0
1762651850.0537095,117380.015625,117109.375,117682.65625,117489.0859375,117567.5859375,117656.546875,117775.015625,117955.6171875,0.0
1762651850.0901976,118287.046875,118016.5,118589.8671875,118396.65625,118475.4296875,118563.5859375,118682.5859375,118863.6328125,0.0
1762651850.0902424,118513.25,118243.0546875,118816.25,118623.3984375,118701.8984375,118789.6015625,118908.9609375,119090.1875,0.0
1762651850.0924692,117893.03125,117622.484375,118195.4921875,118002.640625,118080.6953125,118169.4765625,118288.2109375,118469.171875,0.0
1762651850.0950294,117397.984375,117127.2578125,117700.359375,117507.1484375,117585.46875,117674.1640625,117792.71875,117973.3203125,0.0
1762651850.0950544,118252.359375,117982.4375,118555.265625,118362.59375,118440.9140625,118528.984375,118648.1640625,118828.8515625,0.0
1762651850.0987487,118636.8046875,118366.53125,118939.71875,118747.4921875,118825.3671875,118913.4296875,119032.7890625,119213.75,0.0
1762651850.09878,118149.1796875,117878.90625,118452.0,118259.421875,118337.46875,118425.625,118544.5390625,118725.40625,0.0
1762651850.0987868,117473.4453125,117203.1640625,117776.0,117582.6953125,117661.2890625,117749.9765625,117868.53125,118048.8671875,0.0
1762651850.1012855,118193.4375,117923.4296875,118496.3515625,118303.140625,118381.640625,118469.8828125,118588.8828125,118769.3984375,0.0
1762651850.101303,118734.3515625,118464.25,119037.53125,118844.3203125,118922.90625,119010.8828125,119130.2421875,119310.6640625,0.0
1762651850.103762,118391.296875,118121.015625,118694.296875,118500.8203125,118579.671875,118667.7421875,118786.921875,118967.2578125,0.0
1762651850.1062908,117601.828125,117331.5546875,117904.7421875,117711.0859375,117789.765625,117878.453125,117997.1875,118177.1640625,0.0
1762651850.1063037,118118.9609375,117848.5078125,118422.0546875,118228.578125,118306.8046875,118395.5,118514.6796875,118694.7421875,0.0
1762651850.1102014,118812.3125,118541.5859375,119115.3984375,118922.375,119000.3359375,119088.9375,119208.1171875,119388.71875,111.0
1762651850.168786,118611.4140625,118341.140625,118914.59375,118721.3828125,118799.6171875,118888.3984375,119007.21875,119187.9140625,0.0
1762651850.1688232,117780.6484375,117510.4609375,118083.5546875,117889.8984375,117968.4921875,118057.2734375,118175.9140625,118356.4296875,0.0
1762651850.1714373,118045.203125,117775.015625,118348.203125,118154.7265625,118233.40625,118321.46875,118440.828125,118621.25,0.0
1762651850.171454,118863.6328125,118593.8046875,119167.171875,118973.9609375,119052.546875,119140.2578125,119259.796875,119440.84375,0.0
1762651850.175003,118807.0390625,118537.3828125,119110.6640625,118917.1875,118995.7734375,119083.75,119203.109375,119384.15625,0.0
1762651850.1750216,118002.640625,117732.6328125,118305.9140625,118112.703125,118191.109375,118279.5390625,118398.4453125,118579.140625,0.0
1762651850.175028,117989.140625,117719.046875,118292.4140625,118098.9375,118177.1640625,118266.0390625,118384.6796875,118565.3671875,0.0
1762651850.1750338,118882.9453125,118612.7578125,119186.484375,118993.2734375,119071.234375,119159.75,119278.65625,119459.6171875,0.0
1762651850.1774848,118971.546875,118701.4453125,119274.9921875,119081.609375,119159.75,119248.2578125,119367.53125,119548.4921875,0.0
1762651850.1799824,118245.828125,117975.375,118548.828125,118355.53125,118434.03125,118522.6328125,118641.3671875,118821.96875,0.0
1762651850.1824808,117964.109375,117693.828125,118266.9296875,118073.71875,118152.0390625,118240.640625,118359.46875,118539.9765625,0.0
1762651850.1849833,118872.0390625,118601.7578125,119175.5703125,118982.546875,119060.234375,119148.9296875,119268.1953125,119448.9765625,0.0
1762651850.187698,119110.9296875,118841.015625,119414.5546875,119221.3515625,119299.4921875,119387.9140625,119507.5390625,119688.140625,0.0
1762651850.1899748,118499.5703125,118229.3828125,118803.015625,118609.265625,118687.765625,118776.3671875,118895.546875,119075.9765625,0.0
1762651850.1924717,117983.78125,117713.3203125,118286.6875,118093.3046875,118171.7109375,118260.2265625,118379.2265625,118559.5625,0.0
1762651850.1949813,118827.6015625,118557.4140625,119130.6875,118938.109375,119015.8046875,119104.4921875,119223.9453125,119404.2734375,0.0
1762651850.1974833,119224.390625,118954.109375,119527.9296875,119334.71875,119413.0390625,119501.28125,119621.265625,119801.6875,0.0
1762651850.199998,118750.625,118480.703125,119054.25,118860.59375,118939.359375,119027.3359375,119147.140625,119327.3828125,0.0
1762651850.2023392,118060.9375,117790.4765625,118363.9375,118170.3671875,118248.8671875,118336.9375,118456.5625,118636.625,0.0
1762651850.23773,118763.9453125,118494.109375,119067.5703125,118874.453125,118952.6796875,119040.8359375,119160.1953125,119340.8828125,0.0
1762651850.2377648,119318.890625,119049.328125,119622.6953125,119429.7578125,119507.71875,119595.9609375,119715.59375,119896.375,0.0
1762651850.2399917,118987.90625,118718.2578125,119291.3515625,119098.5078125,119176.5546875,119264.8046875,119384.3359375,119565.1171875,0.0
1762651850.2449746,118190.9375,117920.75,118493.7578125,118300.7265625,118379.40625,118467.46875,118586.6484375,118767.1640625,0.0
1762651850.2475183,118687.4140625,118417.3984375,118990.5,118797.6484375,118876.328125,118964.390625,119083.75,119264.3515625,0.0
1762651850.247534,119393.8125,119123.8046875,119697.0859375,119504.59375,119582.4609375,119670.890625,119790.515625,119971.4765625,0.0
1762651850.2500355,119204.6328125,118934.53125,119507.71875,119315.046875,119392.8359375,119481.6171875,119600.8828125,119781.84375,0.0
1762651850.2524862,118372.875,118102.8671875,118675.875,118482.8515625,118561.078125,118649.4140625,118768.859375,118949.1015625,0.0
1762651850.2549849,118613.6484375,118343.8203125,118916.921875,118723.9765625,118802.03125,118890.546875,119009.9921875,119190.59375,0.0
1762651850.257574,119439.1484375,119169.1328125,119742.4140625,119550.0078125,119627.703125,119716.0390625,119835.7578125,120016.890625,0.0
1762651850.2599912,119393.1875,119123.09375,119696.8125,119503.875,119581.9296875,119670.265625,119789.890625,119970.9375,0.0
1762651850.2625165,118592.90625,118322.6328125,118896.3515625,118702.96875,118781.0234375,118869.625,118988.890625,119169.671875,0.0
1762651850.2650504,118557.1484375,118287.1328125,118860.1484375,118667.296875,118745.34375,118833.5,118952.953125,119133.640625,0.0
1762651850.2674828,119454.703125,119184.78125,119758.0625,119565.5703125,119643.4375,119731.4140625,119851.4921875,120032.2734375,0.0
1762651850.2724004,119554.9296875,119284.6484375,119858.28125,119665.703125,119743.3046875,119831.640625,119951.71875,120132.5859375,0.0
1762651850.2928205,118840.65625,118570.0234375,119143.3828125,118950.625,119028.6796875,119117.28125,119236.7265625,119417.328125,0.0
1762651850.2929993,118540.3359375,118269.609375,118842.796875,118650.0390625,118728.1796875,118816.875,118935.78125,119116.5625,0.0
1762651850.2950742,119446.296875,119175.75,119749.5625,119556.5390625,119634.5859375,119723.1875,119842.546875,120023.6015625,0.0
1762651850.2951045,119698.78125,119428.328125,120002.2265625,119809.2890625,119887.25,119975.5859375,120095.5703125,120276.3515625,0.0
1762651850.2974813,119099.578125,118829.390625,119402.84375,119209.8125,119287.78125,119376.2890625,119496.0078125,119676.703125,0.0
1762651850.3000576,118568.9453125,118298.4921875,118871.859375,118678.828125,118756.8828125,118845.390625,118965.0234375,119145.53125,0.0
1762651850.300095,119406.9609375,119136.859375,119710.4921875,119517.2890625,119595.4296875,119683.765625,119803.65625,119984.53125,0.0
1762651850.3024788,119819.390625,119549.4765625,120123.015625,119930.171875,120007.6875,120096.1953125,120216.2734375,120397.2265625,0.0
1762651850.302495,119355.28125,119085.359375,119659.0,119466.234375,119543.6640625,119632.171875,119752.0703125,119932.671875,0.0
1762651850.305007,118654.0625,118383.875,118957.1484375,118764.3046875,118842.3515625,118931.1328125,119050.4921875,119231.09375,0.0
1762651850.3074853,119344.1015625,119073.9140625,119647.375,119454.609375,119532.578125,119621.265625,119740.8046875,119921.5859375,0.0
1762651850.309981,119913.8046875,119643.6171875,120216.984375,120024.4921875,120102.453125,120190.875,120310.328125,120491.109375,0.0
1762651850.3124752,119596.140625,119326.2265625,119899.5,119707.1015625,119785.1484375,119873.484375,119992.5703125,120173.53125,0.0
1762651850.3151538,118797.1171875,118526.75,119099.9375,118907.3515625,118985.4921875,119073.9140625,119192.828125,119373.6953125,0.0
1762651850.317538,119275.265625,119005.25,119578.3515625,119385.9453125,119463.9140625,119552.421875,119671.515625,119852.5625,0.0
1762651850.3200507,119991.140625,119721.40625,120294.5,120102.2734375,120180.0625,120268.3984375,120388.109375,120569.25,0.0
1762651850.3200839,119815.28125,119545.2734375,120118.8203125,119926.4140625,120003.8359375,120092.265625,120211.9765625,120393.4765625,0.0
1762651850.3224878,118986.4765625,118716.0234375,119289.5703125,119096.984375,119174.859375,119263.3671875,119382.28125,119563.78125,0.0
1762651850.324947,119206.421875,118936.234375,119509.5078125,119316.4765625,119394.9765625,119483.3984375,119602.7578125,119783.6328125,0.0
1762651850.3249636,120036.203125,119766.28125,120339.7421875,120147.4296875,120225.03125,120313.453125,120433.171875,120614.1328125,0.0
1762651850.3302002,120004.375,119734.28125,120307.9140625,120115.328125,120193.3828125,120281.4453125,120401.34375,120582.3046875,0.0
1762651850.336272,119210.265625,118940.1640625,119513.53125,119320.859375,119398.9140625,119487.421875,119606.6015625,119787.3828125,0.0
1762651850.3400888,119152.953125,118883.125,119456.578125,119263.8203125,119341.78125,119430.3828125,119549.296875,119730.34375,0.0
1762651850.340116,120054.625,119784.8828125,120358.25,120165.578125,120243.5390625,120331.875,120451.5,120632.640625,0.0
1762651850.348863,120167.0078125,119897.0859375,120470.6328125,120278.046875,120355.921875,120444.078125,120564.2421875,120744.9375,0.0
1762651850.3525429,119458.9921875,119189.1640625,119762.4375,119570.0390625,119647.734375,119735.9765625,119855.8671875,120036.3828125,0.0
1762651850.3525653,119136.953125,118867.2109375,119440.484375,119247.7265625,119325.5078125,119413.84375,119533.3828125,119714.0703125,0.0
1762651850.3863103,120037.0078125,119767.1796875,120340.546875,120148.0546875,120225.9296875,120314.2578125,120433.796875,120615.296875,0.0
1762651850.388769,120300.7578125,120030.75,120604.4765625,120412.0703125,120489.9453125,120578.3671875,120697.9921875,120879.671875,0.0
1762651850.3887951,119712.640625,119442.453125,120016.1796875,119823.7734375,119901.3828125,119989.890625,120109.515625,120290.65625,0.0
1762651850.393926,119165.3828125,118895.375,119468.5625,119276.15625,119353.9375,119442.453125,119561.6328125,119742.6796875,0.0
1762651850.396266,119989.359375,119719.4375,120292.890625,120100.578125,120178.2734375,120266.7890625,120385.96875,120567.4609375,0.0
1762651850.40263,120411.890625,120141.6171875,120715.4296875,120523.296875,120600.71875,120689.140625,120808.6796875,120990.53125,0.0
1762651850.4049861,119961.546875,119691.0078125,120264.8203125,120072.1484375,120150.109375,120238.625,120357.984375,120539.4765625,0.0
1762651850.4100034,119247.7265625,118977.359375,119550.6328125,119357.515625,119436.1953125,119524.7109375,119644.0625,119824.84375,0.0
1762651850.4126608,119917.7421875,119647.734375,120221.0078125,120028.25,120106.296875,120194.8984375,120314.171875,120495.4921875,0.0
1762651850.414984,120498.3515625,120228.4296875,120801.8828125,120609.390625,120687.4453125,120775.78125,120895.5859375,121076.9921875,0.0
1762651850.4174857,120190.875,119920.78125,120494.5078125,120301.921875,120379.703125,120468.1328125,120588.1171875,120769.0703125,0.0
1762651850.4216328,119384.15625,119114.328125,119687.875,119494.9375,119572.984375,119661.5859375,119781.125,119961.4609375,0.0
1762651850.4217024,119836.46875,119566.4609375,120140.1875,119947.421875,120025.5625,120114.1640625,120233.34375,120414.3046875,0.0
1762651850.4217196,120561.203125,120291.640625,120865.1875,120672.875,120750.65625,120839.2578125,120959.2421875,121140.46875,0.0
1762651850.4237487,120398.8359375,120129.28125,120703.0,120510.328125,120588.1171875,120676.4453125,120796.703125,120977.75,0.0
1762651850.4264033,119568.515625,119298.5078125,119872.234375,119679.1171875,119757.1640625,119845.5859375,119965.21875,120146.171875,0.0
1762651850.4287643,119764.5859375,119494.578125,120068.65625,119875.453125,119953.59375,120042.015625,120161.375,120342.515625,0.0
1762651850.428781,120605.546875,120335.8046875,120909.796875,120716.7734375,120794.8203125,120883.515625,121002.6953125,121184.1015625,0.0
1762651850.4314325,120585.34375,120315.515625,120889.5078125,120696.7421875,120774.4375,120863.21875,120982.7578125,121164.34375,0.0
1762651850.4337487,119795.7890625,119526.046875,120099.5078125,119906.7421875,119984.4375,120073.3984375,120192.84375,120373.984375,0.0
1762651850.4399962,119712.015625,119441.828125,120015.1015625,119822.703125,119900.3984375,119989.265625,120108.890625,120289.765625,0.0
1762651850.471501,120613.1484375,120343.046875,120916.8671875,120724.4609375,120802.15625,120890.84375,121010.4765625,121191.703125,0.0
1762651850.4715464,120739.125,120469.46875,121043.015625,120850.609375,120928.578125,121016.8203125,121136.4453125,121317.9453125,0.0
1762651850.4737265,120041.65625,119772.09375,120345.640625,120153.0625,120230.3984375,120319.1796875,120438.625,120619.9453125,0.0
1762651850.4737427,119696.546875,119426.625,120000.3515625,119807.4140625,119885.015625,119974.0703125,120093.515625,120274.3828125,0.0
1762651850.4762456,120596.7890625,120327.2265625,120900.9453125,120708.1875,120785.703125,120874.3046875,120994.3828125,121175.4296875,0.0
1762651850.4787345,120874.484375,120605.1875,121178.828125,120986.6875,121063.8515625,121152.453125,121272.34375,121453.484375,0.0
1762651850.4812243,120298.6171875,120029.140625,120602.6875,120409.8359375,120487.7109375,120575.953125,120695.9375,120876.984375,0.0
1762651850.4863389,119734.90625,119465.0703125,120038.2578125,119845.4140625,119923.5546875,120011.7109375,120131.421875,120312.5625,0.0
1762651850.488736,120550.0234375,120280.015625,120853.4765625,120661.25,120738.9453125,120827.453125,120946.9921875,121128.671875,0.0
1762651850.4914055,120986.0625,120716.3203125,121289.9609375,121097.640625,121175.4296875,121263.765625,121383.5703125,121565.2421875,0.0
1762651850.4937882,120548.59375,120279.03125,120852.578125,120660.3515625,120737.78125,120826.0234375,120946.0078125,121127.1484375,0.0
1762651850.496225,119825.203125,119555.734375,120128.921875,119936.3359375,120014.2109375,120102.6328125,120222.078125,120403.578125,0.0
1762651850.496284,120480.46875,120210.90625,120784.359375,120591.9609375,120669.3828125,120757.8984375,120877.6171875,121059.109375,0.0
1762651850.4987528,121074.3125,120804.75,121378.3828125,121186.0703125,121263.671875,121351.46875,121471.8125,121653.3984375,0.0
1762651850.50127,120781.234375,120511.40625,121085.125,120892.7265625,120970.5078125,121058.3984375,121178.3828125,121359.875,0.0
1762651850.501295,119970.578125,119700.5703125,120274.1171875,120081.265625,120159.2265625,120247.5625,120367.1015625,120548.2421875,0.0
1762651850.5374875,120406.2578125,120136.4296875,120710.3359375,120517.2109375,120595.0859375,120683.6015625,120803.40625,120984.9921875,0.0
1762651850.541259,121144.3125,120874.5703125,121448.4765625,121256.25,121333.5,121421.7421875,121541.8203125,121723.8515625,0.0
1762651850.5413003,120992.7734375,120723.2109375,121296.9296875,121104.7109375,121182.4921875,121270.5546875,121390.1875,121571.9453125,0.0
1762651850.5413077,120165.0390625,119895.1171875,120469.0234375,120275.9921875,120353.9609375,120442.203125,120561.828125,120743.5,0.0
1762651850.5437264,120334.6484375,120065.0859375,120638.8984375,120445.78125,120523.6484375,120612.2578125,120731.96875,120913.5546875,0.0
1762651850.5462344,121181.7734375,120912.390625,121486.296875,121293.625,121371.3203125,121459.8359375,121579.9921875,121761.4921875,0.0
1762651850.548742,121172.75,120903.359375,121477.1796875,121284.4140625,121362.2890625,121450.7109375,121570.7890625,121752.28125,0.0
1762651850.551453,120392.578125,120123.2890625,120696.7421875,120503.7109375,120581.5,120670.0078125,120789.640625,120971.3125,0.0
1762651850.5914254,120285.1171875,120015.4609375,120588.921875,120396.15625,120474.03125,120562.453125,120682.2578125,120863.484375,0.0
1762651850.5937362,121189.734375,120920.171875,121493.71875,121301.7578125,121379.1875,121467.25,121587.5078125,121769.4453125,0.0
1762651850.5937555,121326.34375,121056.9609375,121630.6875,121438.4609375,121516.0703125,121604.3125,121724.4765625,121906.5078125,0.0
1762651850.596243,120637.5546875,120368.171875,120941.71875,120749.1328125,120826.5625,120914.984375,121035.0625,121216.6484375,0.0
1762651850.5987923,120272.1484375,120002.40625,120576.1328125,120383.5546875,120461.2421875,120549.671875,120669.3828125,120850.7890625,0.0
1762651850.6011999,121168.7265625,120898.890625,121472.8828125,121280.3046875,121358.0859375,121445.9765625,121566.140625,121747.8125,0.0
1762651850.6050353,121454.9140625,121185.171875,121758.71875,121566.8515625,121644.1875,121732.5234375,121852.5078125,122034.453125,0.0
1762651850.6050801,120887.1796875,120617.796875,121190.984375,120998.9375,121075.921875,121165.1484375,121284.6875,121466.265625,0.0
1762651850.6050892,120307.734375,120038.4375,120611.453125,120419.046875,120496.6484375,120585.34375,120704.8828125,120886.109375,0.0
1762651850.6087112,121113.828125,120844.890625,121417.8984375,121225.671875,121303.1875,121391.703125,121511.953125,121693.453125,0.0
1762651850.6087272,121558.625,121289.3359375,121862.5234375,121670.296875,121747.8125,121836.5,121956.578125,122138.25,0.0
1762651850.608735,121130.1015625,120860.359375,121434.0859375,121242.21875,121319.28125,121408.0625,121527.6015625,121709.453125,0.0
1762651850.613836,120396.421875,120126.6875,120700.140625,120508.09375,120585.5234375,120674.03125,120793.5703125,120975.0703125,0.0
1762651850.6138585,121037.1171875,120767.1953125,121341.28125,121148.9609375,121226.390625,121314.6328125,121434.53125,121616.203125,0.0
1762651850.6138663,121642.1328125,121372.8359375,121946.5625,121754.15625,121831.5,121920.1875,122040.0859375,122222.203125,0.0
1762651850.613873,121358.3515625,121088.703125,121662.7890625,121470.203125,121547.359375,121636.0546875,121756.125,121937.984375,0.0
1762651850.6138794,120543.9453125,120274.203125,120847.484375,120655.171875,120732.6875,120821.109375,120941.09375,121122.5859375,0.0
1762651850.6162,120958.078125,120688.7890625,121262.0625,121069.8359375,121147.1796875,121235.5078125,121355.765625,121537.4375,0.0
1762651850.6187031,121705.1640625,121436.140625,122009.59375,121817.8203125,121894.4375,121982.953125,122103.4765625,122285.328125,0.0
1762651850.621258,121562.828125,121293.7109375,121867.2578125,121675.484375,121752.28125,121840.796875,121961.2265625,122142.8125,0.0
1762651850.6235583,120736.171875,120466.4296875,121040.15625,120847.75,120925.265625,121013.6015625,121133.671875,121315.0859375,0.0
1762651850.636414,120883.421875,120613.6875,121187.5,120995.0078125,121072.25,121160.765625,121280.8359375,121462.6015625,0.0
1762651850.6387122,121739.5,121470.203125,122043.9296875,121851.703125,121929.0390625,122017.28125,122137.71875,122319.8359375,0.0
1762651850.63873,121742.625,121473.0625,122046.703125,121854.921875,121932.171875,122020.5,122140.6640625,122322.7890625,0.0
1762651850.6449764,120966.125,120696.4765625,121269.84375,121077.796875,121155.4921875,121243.5546875,121363.8125,121545.3046875,0.0
1762651850.6475227,120837.46875,120568.0859375,121141.09375,120949.2265625,121026.8359375,121114.6328125,121234.796875,121416.46875,0.0
1762651850.6505036,121746.6484375,121477.1796875,122050.7265625,121858.859375,121936.015625,122024.078125,122144.5078125,122326.6328125,0.0
1762651850.6538284,121893.1875,121623.71875,122197.3515625,122005.484375,122082.734375,122170.8828125,122291.2265625,122473.2578125,0.0
1762651850.653853,121213.875,120944.1328125,121517.5859375,121325.8125,121402.96875,121491.484375,121611.375,121793.140625,0.0
1762651850.6538615,120828.2578125,120558.5234375,121131.796875,120939.84375,121017.265625,121106.140625,121225.8515625,121407.4375,0.0
1762651850.6587236,121719.46875,121450.0859375,122023.71875,121832.03125,121909.015625,121997.9765625,122117.6875,122299.8984375,0.0
1762651850.6624484,122021.84375,121752.4609375,122326.2734375,122134.5,122212.015625,122300.171875,122420.2421875,122602.71875,0.0
1762651850.6687129,121468.234375,121199.2109375,121772.84375,121580.796875,121658.40625,121746.7421875,121866.8125,122048.3984375,0.0
1762651850.6687336,120870.90625,120601.2578125,121175.1640625,120982.6640625,121060.5390625,121148.9609375,121268.765625,121450.53125,0.0
1762651850.7031145,121663.765625,121394.65625,121968.2890625,121776.3359375,121853.7578125,121941.9140625,122062.078125,122244.203125,0.0
1762651850.7049656,122125.1953125,121856.265625,122429.5390625,122238.03125,122315.453125,122403.4296875,122524.046875,122705.984375,0.0
1762651850.704985,121712.046875,121442.7578125,122016.2109375,121824.4375,121901.6796875,121989.8359375,122110.265625,122292.125,0.0
1762651850.71052,120969.1640625,120699.6953125,121272.96875,121080.75,121158.6171875,121246.6875,121366.8515625,121548.6171875,0.0
1762651850.7126768,121594.125,121324.734375,121898.28125,121705.96875,121783.3046875,121871.375,121991.984375,122173.65625,0.0
1762651850.7149918,122211.65625,121942.453125,122516.0,122324.3984375,122401.109375,122489.171875,122610.234375,122791.90625,0.0
1762651850.7174754,121939.4140625,121670.1171875,122243.75,122052.0625,122129.1328125,122217.46875,122337.8984375,122519.75,0.0
1762651850.7199624,121120.0,120850.2578125,121423.890625,121231.7578125,121309.359375,121397.6015625,121517.5859375,121699.3515625,0.0
1762651850.72254,121512.7578125,121242.9296875,121816.4765625,121624.6953125,121701.9453125,121790.015625,121910.3515625,122092.03125,0.0
1762651850.725132,122269.9453125,122000.5625,122574.203125,122382.421875,122459.3125,122547.6484375,122668.2578125,122850.3828125,0.0
1762651850.7279048,122140.1328125,121870.5703125,122444.3828125,122252.515625,122329.4921875,122418.09375,122538.3515625,122720.2890625,0.0
1762651850.7299588,121315.890625,121046.234375,121619.78125,121428.2734375,121505.4296875,121593.765625,121713.5703125,121895.15625,0.0
1762651850.732512,121440.96875,121171.5859375,121745.3984375,121553.4375,121630.8671875,121719.109375,121839.1875,122020.6796875,0.0
1762651850.7325304,122303.296875,122034.1796875,122607.90625,122416.0390625,122493.1953125,122581.53125,122702.0546875,122883.4609375,0.0
1762651850.736281,122317.15625,122048.21875,122622.03125,122430.4375,122507.328125,122595.8359375,122716.265625,122897.765625,0.0
1762651850.736328,121547.09375,121277.796875,121851.703125,121659.75,121736.6328125,121825.4140625,121945.3984375,122127.078125,0.0
1762651850.7363358,121395.9921875,121126.1640625,121700.15625,121507.9296875,121585.359375,121673.875,121793.859375,121975.6171875,0.0
1762651850.7399583,122306.15625,122036.7734375,122610.765625,122418.546875,122495.703125,122584.2109375,122705.0,122886.859375,0.0
1762651850.775156,122467.625,122198.3359375,122772.328125,122580.4609375,122657.2578125,122745.859375,122866.3828125,123048.234375,0.0
1762651850.777533,121798.1484375,121528.671875,122102.578125,121910.8046875,121987.6015625,122076.1171875,122196.3671875,122378.1328125,0.0
1762651850.777554,121391.796875,121122.3203125,121695.953125,121504.1796875,121581.25,121669.4921875,121790.015625,121971.6015625,0.0
1762651850.7799747,122278.4453125,122008.703125,122582.78125,122390.9140625,122467.984375,122556.2265625,122676.75,122858.875,0.0
1762651850.782487,122594.046875,122324.484375,122898.4765625,122706.96875,122783.7734375,122872.28125,122992.625,123174.8359375,0.0
1762651850.785034,122051.078125,121781.25,122355.3359375,122163.46875,122240.3515625,122328.8671875,122449.390625,122631.2421875,0.0
1762651850.7874732,121436.8515625,121167.1171875,121740.65625,121548.8828125,121626.484375,121715.0859375,121834.71875,122016.65625,0.0
1762651850.7899785,122220.953125,121951.484375,122525.203125,122333.3359375,122410.5859375,122499.28125,122619.265625,122801.6484375,0.0
1762651850.7962236,122695.6171875,122426.5,123000.2265625,122808.71875,122885.6953125,122974.2109375,123094.640625,123276.8515625,0.0
1762651850.7987435,122293.4609375,122024.3515625,122598.1640625,122406.296875,122483.453125,122571.7890625,122692.484375,122873.890625,0.0
1762651850.7987728,121542.0859375,121272.6171875,121846.3359375,121654.46875,121731.359375,121820.0546875,121940.21875,122121.4453125,0.0
1762651850.8012772,122148.3515625,121878.5234375,122452.4296875,122260.828125,122337.8125,122426.3203125,122546.6640625,122728.609375,0.0
1762651850.8012948,122779.4765625,122509.828125,123084.1796875,122892.21875,122969.203125,123057.625,123178.1484375,123360.5390625,0.0
1762651850.8037179,122519.6640625,122250.4609375,122824.5390625,122632.765625,122709.3828125,122797.8046875,122918.1484375,123100.5390625,0.0
1762651850.8062186,121698.28125,121428.359375,122002.53125,121810.3984375,121887.375,121975.9765625,122096.0546875,122277.546875,0.0
1762651850.8085592,122069.3203125,121799.7578125,122373.8359375,122181.703125,122258.59375,122347.1953125,122467.2734375,122649.125,0.0
1762651850.8325207,122835.265625,122566.0625,123140.234375,122948.546875,123024.9921875,123113.5,123234.0234375,123416.1484375,0.0
1762651850.832568,122718.7734375,122449.2109375,123023.203125,122831.875,122908.5859375,122997.0078125,123117.703125,123299.3828125,0.0
1762651850.8387582,121896.8515625,121627.2890625,122200.8359375,122009.4140625,122086.21875,122174.640625,122295.25,122476.75,0.0
1762651850.8412237,121999.7578125,121730.1953125,122304.1015625,122112.328125,122188.765625,122277.3671875,122398.0703125,122579.7421875,0.0
1762651850.843714,122868.9765625,122599.6796875,123173.4921875,122981.8984375,123058.3359375,123147.03125,123267.8203125,123450.296875,0.0
1762651850.8462431,122892.1328125,122622.9296875,123196.921875,123005.140625,123082.03125,123170.453125,123291.15625,123473.546875,0.0
1762651850.8487313,122130.3828125,121861.09375,122435.0859375,122243.0390625,122320.1953125,122408.7109375,122529.140625,122710.9921875,0.0
1762651850.8512373,121956.578125,121686.75,122260.7421875,122068.78125,122145.671875,122234.3671875,122354.703125,122536.7421875,0.0
1762651850.8537297,122865.4921875,122595.8359375,123169.828125,122977.78125,123054.765625,123143.7265625,123263.9765625,123446.546875,0.0
1762651850.8562713,123035.71875,122765.9765625,123340.7734375,123148.375,123225.265625,123314.21875,123434.7421875,123617.1328125,0.0
1762651850.856304,122375.5390625,122105.7109375,122680.1484375,122488.28125,122565.078125,122653.6875,122773.9375,122955.96875,0.0
1762651850.8587136,121952.5546875,121682.2734375,122256.71875,122065.03125,122141.921875,122230.6953125,122350.4140625,122532.09375,0.0
1762651850.8612022,122829.9921875,122559.8984375,123134.6015625,122943.2734375,123019.5390625,123107.9609375,123228.5703125,123410.78125,0.0
1762651850.8974743,123155.8828125,122886.234375,123460.671875,123269.0703125,123345.3359375,123433.8515625,123554.7265625,123737.1171875,0.0
1762651850.9012623,122626.7734375,122357.296875,122931.0234375,122739.6953125,122816.2265625,122905.0078125,123025.171875,123207.828125,0.0
1762651850.9012847,122002.0,121732.34375,122305.890625,122114.5625,122191.09375,122279.78125,122400.2109375,122582.15625,0.0
1762651850.9012933,122772.6875,122502.8515625,123077.1171875,122885.515625,122961.8671875,123050.6484375,123171.171875,123353.3828125,0.0
1762651850.901301,123258.96875,122989.40625,123563.84375,123372.0703125,123448.5078125,123537.46875,123658.171875,123840.3828125,0.0
1762651850.9037113,122867.1015625,122597.359375,123171.796875,122980.109375,123056.90625,123145.6015625,123266.296875,123448.15625,0.0
1762651850.9062047,122106.3359375,121836.6796875,122410.9453125,122218.8984375,122295.96875,122384.65625,122504.9140625,122686.671875,0.0
1762651850.906218,122695.796875,122426.3203125,123000.40625,122808.625,122885.6015625,122974.1171875,123094.640625,123276.8515625,0.0
1762651850.9088943,123338.6328125,123069.25,123643.0625,123451.90625,123528.7109375,123616.59375,123737.7421875,123920.2265625,0.0
1762651850.911246,123088.203125,122818.7265625,123392.71875,123201.5703125,123278.1875,123366.2578125,123487.1328125,123669.6171875,0.0
1762651850.9137602,122263.2421875,121993.6796875,122567.4921875,122376.078125,122452.875,122541.296875,122661.7265625,122843.765625,0.0
1762651850.916233,122614.4375,122345.3203125,122919.046875,122727.53125,122804.3359375,122892.671875,123013.4609375,123195.3984375,0.0
1762651850.919181,123393.6171875,123124.5,123698.40625,123507.1640625,123583.609375,123671.8515625,123793.0,123975.2109375,0.0
1762651850.9212143,123285.5234375,123016.2265625,123590.3125,123398.8046875,123475.421875,123563.84375,123684.90625,123867.203125,0.0
1762651850.9239037,122467.71875,122197.9765625,122772.4140625,122580.90625,122657.3515625,122745.953125,122866.46875,123048.59375,0.0
1762651850.9262092,122546.125,122276.921875,122850.828125,122659.4921875,122736.03125,122824.453125,122945.1484375,123127.09375,0.0
1762651850.9262352,123419.71875,123149.984375,123724.3359375,123532.640625,123609.4453125,123697.15625,123818.7421875,124001.1328125,0.0
1762651850.9298403,123455.84375,123186.1015625,123760.2734375,123568.671875,123645.4765625,123733.359375,123854.8671875,124036.9921875,0.0
1762651850.9676085,122699.7265625,122429.984375,123003.9765625,122812.46875,122889.09375,122977.25,123098.5703125,123280.6015625,0.0
1762651850.967645,122503.125,122233.5625,122807.734375,122616.3125,122692.578125,122780.90625,122901.96875,123084.0,0.0
1762651850.970034,123413.4609375,123143.9921875,123718.5234375,123526.7421875,123603.3671875,123691.96875,123812.84375,123994.875,0.0
1762651850.985515,123595.671875,123326.5625,123900.8203125,123709.3984375,123785.84375,123874.0859375,123995.4140625,124177.890625,0.0
1762651850.9874773,122944.34375,122675.0546875,123248.953125,123057.625,123134.25,123222.3984375,123343.546875,123526.03125,0.0
1762651850.989999,122500.796875,122231.4140625,122804.78125,122613.984375,122690.1640625,122778.5859375,122899.640625,123081.5859375,0.0
1762651850.9925232,123374.75,123105.7265625,123679.2734375,123488.1171875,123564.828125,123652.8046875,123774.0390625,123956.2578125,0.0
1762651850.9951491,123714.140625,123445.203125,124019.2890625,123828.046875,123904.3984375,123992.28125,124113.875,124296.09375,0.0
1762651850.9974604,123193.96875,122925.125,123498.8515625,123307.6953125,123384.2265625,123472.296875,123593.4375,123775.828125,0.0
1762651851.0001814,122552.7421875,122283.625,122857.6171875,122666.109375,122742.5546875,122830.796875,122951.6796875,123133.890625,0.0
1762651851.0024593,123310.6484375,123041.3515625,123615.7890625,123424.375,123500.7265625,123588.96875,123710.0234375,123892.328125,0.0
1762651851.005156,123810.609375,123541.5859375,124115.7578125,123924.6015625,124000.78125,124089.0234375,124210.2578125,124392.9140625,0.0
1762651851.007461,123430.1796875,123160.890625,123735.0625,123543.8203125,123619.9921875,123708.2421875,123829.65625,124012.046875,0.0
1762651851.0152168,122661.4609375,122392.171875,122966.4296875,122774.5625,122851.1875,122939.875,123060.578125,123243.140625,0.0
1762651851.021236,123230.984375,122961.6875,123536.1328125,123344.6171875,123421.2421875,123509.84375,123630.2734375,123813.2890625,0.0
1762651851.0237296,123884.90625,123615.8828125,124190.234375,123998.8984375,124075.5234375,124163.5859375,124284.734375,124467.6640625,0.0
1762651851.0262184,123648.515625,123379.3125,123953.484375,123762.2421875,123838.6875,123926.9296875,124048.1640625,124230.8203125,0.0
1762651851.0262325,122823.6484375,122553.8125,123128.1640625,122936.921875,123013.3671875,123101.703125,123222.7578125,123404.96875,0.0
1762651851.0299962,123151.234375,122881.578125,123456.109375,123264.6015625,123341.046875,123429.6484375,123550.5234375,123732.9140625,0.0
1762651851.0300195,123936.8515625,123667.734375,124242.4453125,124050.9375,124127.2890625,124215.625,124336.859375,124519.4296875,0.0
1762651851.030028,123842.3515625,123573.3203125,124147.671875,123955.984375,124032.7890625,124120.8515625,124242.265625,124424.65625,0.0
1762651851.0324967,123028.2109375,122759.1875,123333.0859375,123141.3125,123218.2890625,123306.625,123427.59375,123609.7109375,0.0
1762651851.0325143,123084.1796875,122815.15625,123388.96875,123197.546875,123274.171875,123362.5,123483.46875,123665.953125,0.0
1762651851.0349827,123962.2421875,123693.7578125,124268.015625,124076.59375,124152.7734375,124241.1953125,124362.6953125,124545.4453125,0.0
1762651851.0350022,124008.734375,123740.25,124314.421875,124123.0859375,124199.4375,124287.4140625,124409.0078125,124591.7578125,0.0
1762651851.0375168,123260.6640625,122991.734375,123565.453125,123374.125,123450.921875,123538.8125,123659.8671875,123842.6171875,0.0
1762651851.039983,123042.6953125,122773.7578125,123347.6640625,123156.1484375,123232.953125,123320.8359375,123441.984375,123624.375,0.0
1762651851.0464053,123951.875,123682.7578125,124257.1953125,124065.953125,124142.1328125,124229.75,124351.7890625,124534.359375,0.0
1762651851.046428,124147.3203125,123878.2890625,124452.8203125,124261.671875,124337.84375,124425.375,124547.59375,124730.1640625,0.0
1762651851.0764635,123507.1640625,123238.046875,123812.7578125,123620.7109375,123697.6015625,123785.84375,123906.8125,124089.203125,0.0
1762651851.0765288,123044.03125,122774.828125,123349.4453125,123157.578125,123234.5625,123322.5390625,123443.4140625,123625.71875,0.0
1762651851.082756,123912.0,123643.0625,124217.59375,124026.171875,124102.7890625,124190.6796875,124312.1796875,124494.6640625,0.0
1762651851.082795,124264.0859375,123994.7890625,124569.8515625,124377.984375,124454.6953125,124542.671875,124663.8203125,124847.28125,0.0
1762651851.08513,123756.34375,123487.2265625,124061.84375,123870.0625,123946.6015625,124034.6640625,124155.71875,124338.9140625,0.0
1762651851.0874453,123104.296875,122835.1796875,123409.3515625,123217.484375,123294.5546875,123382.2578125,123503.40625,123685.9765625,0.0
1762651851.0899527,123848.6953125,123579.8515625,124154.203125,123962.515625,124039.3125,124127.203125,124248.5234375,124431.5390625,0.0
1762651851.092467,124361.4453125,124092.6015625,124666.953125,124475.4375,124552.2421875,124639.859375,124761.8984375,124944.828125,0.0
1762651851.095137,123992.1953125,123723.078125,124297.4296875,124105.921875,124182.71875,124270.515625,124392.203125,124574.859375,0.0
1762651851.0974584,123215.25,122945.6875,123519.859375,123328.3515625,123405.1484375,123493.3046875,123614.359375,123796.5703125,0.0
1762651851.102467,123769.125,123499.828125,124074.359375,123882.3125,123959.296875,124047.09375,124168.7734375,124351.078125,0.0
1762651851.1049557,124432.6171875,124164.0390625,124738.4765625,124546.875,124623.2265625,124711.03125,124833.4296875,125015.9921875,0.0
1762651851.107557,124207.484375,123939.0,124512.6328125,124321.484375,124398.1015625,124485.9921875,124607.671875,124790.6015625,0.0
1762651851.1075704,123380.0234375,123110.8203125,123684.7265625,123493.3046875,123570.015625,123658.171875,123779.5859375,123962.0625,0.0
1762651851.1099558,123686.15625,123416.6796875,123991.125,123799.703125,123876.3203125,123964.390625,124085.8046875,124268.1953125,0.0
1762651851.1124609,124481.609375,124212.2265625,124786.9375,124595.421875,124672.046875,124759.6640625,124881.703125,125064.3671875,0.0
1762651851.114964,124397.2109375,124127.828125,124702.265625,124510.9375,124587.109375,124675.0859375,124797.3984375,124979.609375,0.0
1762651851.1187532,123585.3046875,123315.7421875,123890.09375,123698.8515625,123775.1171875,123863.09375,123984.953125,124167.1640625,0.0
1762651851.1187708,123618.3828125,123349.359375,123923.7109375,123732.203125,123808.734375,123896.796875,124018.484375,124200.875,0.0
1762651851.1537294,124501.3671875,124232.34375,124807.140625,124615.71875,124691.8046875,124779.6015625,124901.8203125,125084.484375,0.0
1762651851.1562133,124558.3203125,124289.5625,124864.1796875,124672.7578125,124748.9375,124836.734375,124958.59375,125141.5234375,0.0
1762651851.1562295,123819.4609375,123550.4375,124124.875,123933.09375,124009.8125,124097.6953125,124219.0234375,124401.9453125,0.0
1762651851.1588476,123580.65625,123311.359375,123885.8046875,123694.0234375,123770.9140625,123858.796875,123980.125,124162.9609375,0.0
1762651851.1616495,124489.1171875,124219.828125,124794.8046875,124603.0234375,124679.375,124767.3515625,124889.3984375,125072.234375,0.0
1762651851.1637,124693.953125,124424.921875,124999.7265625,124808.3046875,124884.390625,124972.453125,125094.5859375,125277.2421875,0.0
1762651851.1661992,124064.171875,123795.4140625,124369.4921875,124178.0703125,124254.3359375,124342.671875,124464.171875,124647.1015625,0.0
1762651851.168883,123587.71875,123318.6953125,123892.8671875,123700.90625,123777.6171875,123865.8671875,123987.1875,124170.1171875,0.0
1762651851.171241,124446.5625,124177.984375,124752.2421875,124560.5546875,124637.1796875,124725.3359375,124847.015625,125029.8515625,0.0
1762651851.171257,124811.0703125,124542.046875,125116.7578125,124925.15625,125001.6015625,125089.484375,125211.6171875,125394.2734375,0.0
1762651851.17369,124315.7578125,124046.5546875,124620.90625,124429.3984375,124505.9296875,124593.90625,124715.859375,124898.2421875,0.0
1762651851.1761878,123652.625,123383.3359375,123957.953125,123765.9921875,123842.796875,123930.6796875,124052.2734375,124234.6640625,0.0
1762651851.1787918,124384.8671875,124116.203125,124690.640625,124499.3125,124575.578125,124663.1953125,124785.59375,124967.984375,0.0
1762651851.1788068,124907.7265625,124638.7890625,125213.40625,125021.8046875,125098.4296875,125185.8671875,125308.359375,125491.1953125,0.0
1762651851.1837523,124550.6328125,124281.4296875,124855.78125,124664.0859375,124740.9765625,124828.1484375,124950.8203125,125133.4765625,0.0
1762651851.1900723,123767.6953125,123498.8515625,124072.84375,123880.8828125,123957.59375,124045.3046875,124167.5234375,124349.6484375,0.0
1762651851.1900907,124303.2421875,124034.3046875,124608.7421875,124416.703125,124493.3203125,124581.390625,124703.15625,124886.0,0.0
1762651851.193775,124979.6953125,124711.203125,125285.6484375,125094.1328125,125170.3984375,125258.2890625,125380.59375,125563.5234375,0.0
1762651851.1937933,124764.5859375,124495.828125,125070.53125,124878.84375,124955.375,125043.171875,125165.484375,125348.0546875,0.0
1762651851.1999729,123935.5078125,123666.484375,124241.1953125,124049.4140625,124126.21875,124213.65625,124335.96875,124518.53125,0.0
1762651851.2363153,124221.96875,123953.0390625,124527.296875,124335.6953125,124412.765625,124500.203125,124622.421875,124804.7265625,0.0
1762651851.2403743,125025.7421875,124756.984375,125331.15625,125140.1796875,125216.1796875,125303.9765625,125426.375,125609.03125,0.0
1762651851.2403913,124952.875,124683.9375,125258.109375,125067.2265625,125143.21875,125230.9296875,125353.4140625,125536.34375,0.0
1762651851.2404013,124146.3359375,123877.3046875,124451.296875,124259.7890625,124336.3203125,124424.2109375,124546.25,124729.0859375,0.0
1762651851.240412,124155.09375,123885.9765625,124460.421875,124268.8203125,124344.90625,124433.1484375,124555.1015625,124737.578125,0.0
1762651851.2424488,125039.953125,124770.9296875,125345.8203125,125154.3984375,125230.2109375,125318.1015625,125440.765625,125623.15625,0.0
1762651851.244944,125109.875,124841.46875,125415.734375,125224.40625,125300.578125,125388.2890625,125511.0390625,125693.1640625,0.0
1762651851.2474513,124378.703125,124109.9453125,124684.203125,124492.7890625,124569.2265625,124657.1171875,124779.15625,124961.28125,0.0
1762651851.2499478,124119.5078125,123850.0390625,124424.65625,124233.328125,124309.59375,124397.65625,124519.3359375,124702.0,0.0
1762651851.2526379,125025.296875,124756.265625,125330.9765625,125139.6484375,125215.640625,125303.703125,125425.8359375,125608.765625,0.0
1762651851.2549603,125242.734375,124974.15625,125548.5,125357.796875,125433.6171875,125521.4140625,125643.6328125,125826.6484375,0.0
1762651851.2574525,124626.0,124357.3359375,124931.7734375,124740.7109375,124816.9765625,124904.59375,125026.453125,125209.6484375,0.0
1762651851.2636747,124132.7421875,123863.625,124438.25,124246.6484375,124323.2734375,124410.9765625,124532.5703125,124715.6796875,0.0
1762651851.2660613,124983.453125,124714.6015625,125289.1328125,125097.8046875,125174.421875,125261.953125,125383.6328125,125567.0078125,0.0
1762651851.2712018,125357.171875,125088.953125,125663.5703125,125472.328125,125548.5,125635.671875,125757.890625,125941.5390625,0.0
1762651851.271217,124871.3359375,124603.0234375,125177.734375,124986.3984375,125062.578125,125149.9296875,125271.875,125455.4296875,0.0
1762651851.2737317,124197.65625,123928.5390625,124503.0703125,124311.5546875,124387.8203125,124475.7109375,124597.3046875,124780.046875,0.0
1762651851.273747,124916.578125,124647.4609375,125222.078125,125031.1015625,125107.1015625,125194.8984375,125316.671875,125499.7734375,0.0
1762651851.2811842,125452.65625,125183.71875,125758.34375,125567.90625,125643.2734375,125731.34375,125853.3828125,126036.484375,0.0
1762651851.3212647,125109.78125,124840.9375,125415.375,125224.8515625,125300.3984375,125388.375,125510.328125,125693.5234375,0.0
1762651851.3212895,124322.5546875,124054.0625,124628.328125,124437.171875,124512.9921875,124601.5078125,124722.828125,124905.84375,0.0
1762651851.3238256,124836.640625,124568.15625,125142.59375,124951.171875,125027.078125,125115.234375,125237.1875,125420.203125,0.0
1762651851.3262022,125523.109375,125254.625,125829.328125,125638.0859375,125714.0859375,125801.4375,125923.8359375,126107.1171875,0.0
1762651851.32875,125323.375,125054.890625,125629.59375,125438.4453125,125514.53125,125601.875,125724.0078125,125907.203125,0.0
1762651851.331272,124497.7890625,124229.390625,124803.65625,124611.6953125,124688.40625,124776.203125,124898.15625,125080.7265625,0.0
1762651851.3338127,124761.6328125,124493.234375,125067.4921875,124875.890625,124952.3359375,125040.40625,125162.0859375,125344.921875,0.0
1762651851.3361924,125573.71875,125305.765625,125880.203125,125688.9609375,125764.78125,125852.9375,125974.9765625,126158.2578125,0.0
1762651851.3387735,125513.6328125,125245.59375,125819.8515625,125628.34375,125704.6953125,125792.4921875,125914.7109375,126097.7265625,0.0
1762651851.341354,124715.6796875,124446.828125,125021.359375,124829.8515625,124906.3828125,124994.359375,125116.21875,125299.0546875,0.0
1762651851.3436868,124706.2890625,124437.265625,125011.34375,124820.015625,124896.546875,124984.5234375,125106.1171875,125289.046875,0.0
1762651851.3461986,125597.9453125,125329.90625,125903.71875,125712.7421875,125788.921875,125876.8046875,125998.6640625,126182.0390625,0.0
1762651851.3486905,125680.0234375,125411.7109375,125985.8828125,125794.5546875,125870.7265625,125958.703125,126081.0078125,126264.0234375,0.0
1762651851.3518138,124961.8125,124693.1484375,125267.2265625,125076.1640625,125151.984375,125240.2265625,125361.8203125,125544.75,0.0
1762651851.3537009,124684.3828125,124415.984375,124990.0703125,124798.9140625,124874.8203125,124963.15625,125084.484375,125267.671875,0.0
1762651851.356171,125589.8125,125321.765625,125896.1171875,125704.875,125780.9609375,125869.0234375,125991.25,126174.53125,0.0
1762651851.3561866,125827.0078125,125558.875,126133.4921875,125942.1640625,126018.15625,126106.2265625,126228.625,126411.546875,0.0
1762651851.3699884,125225.296875,124956.71875,125531.78125,125339.828125,125416.1796875,125503.9765625,125626.109375,125809.2109375,0.0
1762651851.3700037,124716.75,124447.9921875,125022.96875,124831.1875,124907.546875,124995.0703125,125116.9375,125300.1328125,0.0
1762651851.3728256,125560.84375,125292.53125,125867.328125,125676.1796875,125752.2578125,125839.2578125,125962.0078125,126145.1171875,0.0
1762651851.3749497,125953.3359375,125684.8515625,126259.5546875,126068.671875,126144.671875,126231.75,126354.6875,126537.609375,0.0
1762651851.374965,125485.921875,125217.4296875,125792.046875,125600.8046875,125677.3359375,125764.2421875,125887.0859375,126070.015625,0.0
1762651851.3819137,124802.8515625,124534.359375,125108.890625,124917.734375,124993.734375,125081.53125,125203.65625,125386.5859375,0.0
1762651851.3819292,125507.640625,125239.15625,125813.859375,125622.890625,125698.9765625,125786.328125,125908.7265625,126091.46875,0.0
1762651851.3819366,126059.8203125,125791.5078125,126366.578125,126175.421875,126251.421875,126338.59375,126461.3515625,126644.453125,0.0
1762651851.3849416,125733.578125,125464.90625,126039.8828125,125848.4609375,125924.90625,126012.078125,126134.5625,126317.578125,0.0
1762651851.4176984,124944.109375,124675.171875,125250.2421875,125058.734375,125134.7265625,125222.4375,125344.8359375,125527.4921875,0.0
1762651851.417722,125439.6953125,125170.9375,125745.8203125,125554.7578125,125630.7578125,125718.1953125,125840.7734375,126023.8828125,0.0
1762651851.4177299,126140.8203125,125871.890625,126446.8671875,126255.9765625,126331.7109375,126419.0625,126542.2578125,126725.546875,0.0
1762651851.4199607,125953.6953125,125685.203125,126259.828125,126069.03125,126144.9375,126232.1953125,126355.046875,126538.5078125,0.0
1762651851.4199812,125128.5546875,124859.890625,125434.6875,125243.4453125,125319.53125,125407.2421875,125529.3671875,125712.5625,0.0
1762651851.4238124,125368.9765625,125100.3046875,125675.28125,125483.953125,125559.859375,125647.7421875,125769.78125,125953.0703125,0.0
1762651851.4238281,126189.5546875,125920.8828125,126495.9453125,126305.3359375,126380.8828125,126468.234375,126590.984375,126774.1796875,0.0
1762651851.4238355,126141.8984375,125872.9609375,126448.203125,126257.4140625,126332.8671875,126420.7578125,126542.9765625,126726.6171875,0.0
1762651851.4238412,125348.859375,125079.5625,125654.453125,125463.390625,125539.203125,125626.9140625,125749.3984375,125932.6875,0.0
1762651851.4262545,125312.203125,125043.53125,125618.1484375,125427.0859375,125503.171875,125590.7890625,125713.28125,125896.296875,0.0
1762651851.4262693,126205.734375,125937.6015625,126512.3125,126321.3359375,126396.9765625,126484.7734375,126607.4375,126790.7265625,0.0
1762651851.4286926,126302.7421875,126034.4296875,126609.046875,126418.2578125,126493.984375,126581.78125,126704.265625,126887.7265625,0.0
1762651851.4325776,125592.578125,125324.0,125898.890625,125707.828125,125783.4609375,125871.7109375,125993.9296875,126176.765625,0.0
1762651851.4402173,125287.96875,125019.390625,125594.28125,125402.59375,125478.8515625,125566.7421875,125689.140625,125871.890625,0.0
1762651851.4402325,126189.640625,125921.1484375,126495.9453125,126304.9765625,126380.8828125,126468.5,126591.078125,126774.2734375,0.0
1762651851.4737577,126435.8671875,126167.375,126742.265625,126551.7421875,126627.46875,126715.0859375,126837.9296875,127021.125,0.0
1762651851.473782,125839.7890625,125570.9453125,126145.921875,125955.0390625,126030.8515625,126118.296875,126241.140625,126424.421875,0.0
1762651851.4761984,125310.0546875,125041.3828125,125616.0078125,125424.8515625,125500.8515625,125588.9140625,125710.7734375,125894.0625,0.0
1762651851.4762137,126139.5703125,125870.9921875,126445.7890625,126255.0859375,126330.453125,126418.5234375,126540.7421875,126724.203125,0.0
1762651851.4786916,126540.828125,126272.25,126846.9609375,126656.4375,126731.984375,126819.3359375,126942.359375,127125.4609375,0.0
1762651851.4811814,126079.3125,125810.46875,126385.171875,126194.2890625,126270.5546875,126357.546875,126480.5703125,126663.765625,0.0
1762651851.483869,125378.1796875,125109.515625,125683.953125,125492.8046875,125569.2421875,125656.6875,125779.171875,125962.3671875,0.0
1762651851.4861827,126062.328125,125793.65625,126368.09375,126177.3046875,126253.7421875,126341.2734375,126463.8515625,126647.1328125,0.0
1762651851.496183,126623.171875,126354.5078125,126929.0390625,126738.6015625,126814.6875,126901.859375,127025.1484375,127208.34375,0.0
1762651851.4987755,126301.3984375,126032.8203125,126607.3515625,126416.8203125,126492.640625,126580.171875,126703.1015625,126886.390625,0.0
1762651851.501462,125500.578125,125231.734375,125806.4453125,125615.2890625,125691.5546875,125778.9921875,125901.6640625,126084.6796875,0.0
1762651851.5037785,125972.828125,125704.0703125,126278.6875,126087.625,126163.53125,126251.328125,126374.1796875,126556.921875,0.0
1762651851.5037932,126681.5546875,126412.9765625,126987.421875,126796.625,126872.7109375,126960.0625,127083.3515625,127266.546875,0.0
1762651851.5061975,126504.265625,126235.4140625,126809.9453125,126619.328125,126695.1484375,126782.5,126905.703125,127088.984375,0.0
1762651851.5062132,125678.59375,125409.7421875,125984.359375,125793.2109375,125869.296875,125957.0,126079.4921875,126262.59375,0.0
1762651851.5087693,125890.84375,125621.90625,126196.6171875,126005.640625,126081.7265625,126169.703125,126292.1015625,126474.8515625,0.0
1762651851.5112245,126718.484375,126449.90625,127024.8828125,126834.0,126909.9921875,126997.34375,127120.28125,127303.6484375,0.0
1762651851.5112395,126683.703125,126415.484375,126990.1875,126799.484375,126875.484375,126962.4765625,127085.6796875,127268.875,0.0
1762651851.5411437,125894.0625,125625.5703125,126200.0078125,126008.7734375,126085.3046875,126172.7421875,126295.5,126478.15625,0.0
1762651851.5649536,125832.640625,125563.703125,126138.3203125,125947.171875,126023.5234375,126111.140625,126234.078125,126416.46875,0.0
1762651851.5649793,126729.390625,126461.078125,127035.7890625,126844.9921875,126920.71875,127008.25,127131.5390625,127314.46875,0.0
1762651851.5712729,126840.703125,126572.484375,127147.28125,126956.484375,127032.125,127119.7421875,127242.765625,127426.046875,0.0
1762651851.5736868,126141.0,125872.3359375,126446.953125,126255.7109375,126332.15625,126419.328125,126542.0859375,126725.453125,0.0
1762651851.5761871,125817.078125,125548.3203125,126122.5859375,125931.609375,126007.6953125,126094.9609375,126217.890625,126401.0,0.0
1762651851.5787983,126715.3515625,126447.3125,127021.3046875,126831.046875,126906.5078125,126994.125,127117.328125,127300.7890625,0.0
1762651851.5811863,126976.2421875,126708.203125,127282.5546875,127092.3828125,127167.9296875,127255.546875,127378.484375,127562.21875,0.0
1762651851.5836964,126397.2421875,126129.109375,126703.28125,126513.203125,126588.75,126676.1953125,126798.859375,126982.3203125,0.0
1762651851.5861866,125852.6640625,125584.1796875,126158.6171875,125967.9140625,126043.8203125,126131.34375,126254.015625,126437.03125,0.0
1762651851.5886912,126675.921875,126407.8828125,126982.6796875,126792.15625,126867.34375,126954.9609375,127077.984375,127261.453125,0.0
1762651851.591248,127096.3203125,126828.2734375,127403.0703125,127212.7265625,127288.0078125,127375.53125,127498.46875,127682.2890625,0.0
1762651851.5937552,126654.1953125,126386.15625,126960.953125,126770.25,126845.890625,126933.5078125,127056.53125,127239.8125,0.0
1762651851.5986812,125948.421875,125680.203125,126254.8203125,126063.6640625,126140.015625,126227.3671875,126350.125,126533.5859375,0.0
1762651851.6049244,126620.4921875,126352.2734375,126926.625,126735.5625,126811.734375,126899.0859375,127022.1953125,127205.6640625,0.0
1762651851.60777,127198.8671875,126930.46875,127504.546875,127314.46875,127390.1953125,127477.4609375,127600.5703125,127784.125,0.0
1762651851.6100628,126897.4765625,126628.984375,127203.3359375,127013.171875,127088.8984375,127176.15625,127299.09375,127482.5546875,0.0
1762651851.6100783,126096.390625,125827.6328125,126401.984375,126211.453125,126287.5390625,126375.0703125,126497.5546875,126680.3984375,0.0
1762651851.612786,126545.8359375,126277.3515625,126851.875,126661.0859375,126736.9921875,126824.34375,126947.453125,127130.5625,0.0
1762651851.6128008,127266.1875,126998.0546875,127572.859375,127382.0625,127457.609375,127545.140625,127668.1640625,127851.8984375,0.0
1762651851.6149259,127102.6640625,126834.8046875,127409.328125,127218.8046875,127294.53125,127382.0625,127504.90625,127688.4609375,0.0
1762651851.6174777,126281.4609375,126013.2421875,126587.6796875,126396.796875,126472.8828125,126560.59375,126682.8125,126866.359375,0.0
1762651851.6174924,126470.6484375,126202.421875,126776.953125,126585.984375,126661.796875,126749.59375,126871.7265625,127055.7265625,0.0
1762651851.619975,127305.171875,127037.21875,127611.75,127421.1328125,127496.59375,127584.03125,127707.234375,127891.234375,0.0
1762651851.6199875,127287.734375,127019.6953125,127594.2265625,127403.515625,127479.421875,127566.328125,127689.796875,127873.796875,0.0
1762651851.6224868,126507.5703125,126239.171875,126813.8828125,126623.0859375,126699.171875,126785.8984375,126909.1015625,127092.7421875,0.0
1762651851.6249435,126420.3125,126152.0,126726.6171875,126535.46875,126611.4609375,126698.7265625,126821.9296875,127005.125,0.0
1762651851.6249626,127309.1953125,127041.328125,127615.7734375,127424.890625,127500.5234375,127587.96875,127711.4375,127894.9921875,0.0
1762651851.6287725,127430.25,127162.5703125,127737.1875,127546.2109375,127622.1171875,127709.6484375,127832.671875,128016.3125,0.0
1762651851.662505,126738.0625,126470.109375,127045.171875,126853.9375,126929.6640625,127017.1015625,127140.0390625,127324.0390625,0.0
1762651851.6625276,126394.1171875,126125.8046875,126700.6875,126509.625,126585.7109375,126672.9765625,126795.90625,126979.5546875,0.0
1762651851.6649373,127279.9609375,127011.5625,127586.359375,127395.828125,127471.375,127558.7265625,127681.9296875,127865.75,0.0
1762651851.6649532,127552.203125,127283.890625,127858.78125,127668.0703125,127743.625,127831.0625,127954.0859375,128138.4453125,0.0
1762651851.6676073,126981.1640625,126712.7578125,127287.734375,127097.03125,127172.578125,127260.375,127382.7734375,127566.8671875,0.0
1762651851.6700172,126415.6640625,126147.171875,126722.0625,126530.90625,126606.90625,126694.609375,126817.1015625,127000.6484375,0.0
1762651851.67284,127214.78125,126946.6484375,127520.734375,127330.203125,127405.9296875,127493.375,127616.6640625,127800.484375,0.0
1762651851.674932,127639.375,127371.0625,127945.5078125,127754.890625,127830.4375,127917.96875,128041.4375,128225.4375,0.0
1762651851.6776185,127204.5859375,126936.28125,127510.984375,127320.28125,127395.921875,127483.4453125,127606.4765625,127790.46875,0.0
1762651851.679778,126479.9453125,126211.453125,126785.984375,126595.28125,126671.1875,126758.8046875,126881.5625,127065.203125,0.0
1762651851.7037551,127126.265625,126857.78125,127432.484375,127241.6015625,127317.6015625,127405.3046875,127527.8828125,127711.796875,0.0
1762651851.706184,127704.640625,127435.8828125,128010.953125,127820.15625,127896.1484375,127983.5,128106.4375,128290.796875,0.0
1762651851.7088077,127406.3828125,127137.9765625,127713.046875,127522.34375,127598.4296875,127685.6875,127808.4453125,127992.3515625,0.0
1762651851.7088227,126594.1171875,126325.625,126900.0703125,126709.09375,126785.8984375,126873.25,126995.734375,127179.015625,0.0
1762651851.7111835,127007.8046875,126739.3125,127313.84375,127123.2265625,127199.671875,127286.75,127409.421875,127593.0625,0.0
1762651851.717775,127727.9765625,127459.84375,128034.734375,127843.9375,127920.2890625,128006.9296875,128130.3046875,128314.3046875,0.0
1762651851.719939,127578.0390625,127309.90625,127884.6171875,127694.0,127769.7265625,127856.9921875,127980.375,128164.28125,0.0
1762651851.7199552,126761.578125,126493.0859375,127067.9765625,126877.1796875,126953.0,127040.2578125,127163.1953125,127346.65625,0.0
1762651851.722434,126926.9765625,126658.671875,127233.734375,127042.765625,127118.9375,127205.84375,127328.8671875,127512.5078125,121.0
1762651851.7249043,127764.0078125,127495.4296875,128070.40625,127879.8828125,127956.0546875,128042.78125,128166.3359375,128350.0703125,0.0
1762651851.7276263,127756.5859375,127487.7421875,128063.1640625,127872.3671875,127948.2734375,128035.359375,128158.46875,128342.6484375,0.0
1762651851.727651,126987.2421875,126718.5703125,127293.4609375,127102.578125,127178.5703125,127266.1875,127388.9453125,127572.5,0.0
1762651851.729932,126878.7890625,126610.125,127185.2734375,126993.9453125,127070.296875,127157.5625,127280.5859375,127464.046875,0.0
1762651851.733698,127770.53125,127502.3125,128077.3828125,127886.2265625,127962.3125,128049.6640625,128172.7734375,128356.7734375,0.0
1762651851.7337165,127905.8984375,127637.3203125,128212.6484375,128021.765625,128097.671875,128185.0234375,128308.2265625,128492.140625,0.0
1762651851.7337248,127231.859375,126963.1015625,127538.2578125,127347.4609375,127423.453125,127510.8046875,127633.65625,127817.3828125,0.0
1762651851.7362213,126870.7421875,126601.984375,127177.3203125,126985.9921875,127062.0703125,127149.6953125,127272.625,127455.9140625,0.0
1762651851.736238,127751.1328125,127483.0,128058.15625,127867.1796875,127943.09375,128030.4375,128153.5546875,128337.5546875,0.0
1762651851.7700758,128034.9140625,127766.8671875,128342.1171875,128151.3203125,128226.8671875,128314.1328125,128437.5078125,128621.6875,0.0
1762651851.772519,127480.765625,127212.28125,127787.703125,127596.8203125,127672.2734375,127759.71875,127883.1015625,128066.921875,0.0
1762651851.775126,126905.703125,126637.390625,127212.1875,127021.3046875,127097.03125,127184.3828125,127307.765625,127491.40625,0.0
1762651851.7774198,127696.59375,127428.109375,128002.7265625,127812.5546875,127887.65625,127975.0078125,128098.8359375,128282.8359375,0.0
1762651851.780014,128138.984375,127870.9375,128445.734375,128255.2109375,128330.671875,128417.84375,128541.3984375,128725.671875,0.0
1762651851.78243,127719.484375,127451.7109375,128026.59375,127836.25,127911.53125,127998.7890625,128122.171875,128306.171875,0.0
1762651851.7849362,126995.015625,126726.890625,127301.0546875,127110.625,127186.4375,127274.0546875,127397.078125,127580.8125,0.0
1762651851.787528,127621.1328125,127352.828125,127927.171875,127736.828125,127812.5546875,127899.90625,128023.1953125,128207.1953125,0.0
1762651851.789925,128215.15625,127947.2890625,128522.1796875,128331.921875,128407.109375,128494.375,128617.84375,128802.203125,0.0
1762651851.7925124,127938.6171875,127670.7578125,128245.4609375,128055.203125,128130.3984375,128217.8359375,128340.953125,128525.484375,0.0
1762651851.794928,127135.2109375,126866.8125,127441.3359375,127250.8984375,127326.359375,127414.0703125,127536.828125,127721.0,0.0
1762651851.7974696,127538.609375,127270.484375,127844.921875,127654.484375,127730.03125,127817.6484375,127940.40625,128124.671875,0.0
1762651851.7974856,128271.75,128003.890625,128578.1484375,128388.3359375,128463.4375,128551.0546875,128674.171875,128858.703125,0.0
1762651851.800014,128135.046875,127867.2734375,128441.7109375,128251.546875,128327.09375,128414.53125,128537.828125,128721.9140625,0.0
1762651851.8027112,127319.1171875,127050.984375,127625.875,127435.171875,127510.8984375,127598.4296875,127721.5390625,127905.2734375,0.0
1762651851.8027291,127459.484375,127191.625,127766.5078125,127576.078125,127651.0,127739.0625,127861.8203125,128045.90625,0.0
1762651851.8099253,128299.1953125,128031.15625,128606.21875,128416.234375,128490.8828125,128578.7734375,128702.15625,128886.3359375,0.0
1762651851.812425,128301.2578125,128032.9453125,128608.28125,128418.0234375,128493.03125,128580.921875,128703.9453125,128888.390625,0.0
1762651851.8162036,127536.828125,127268.3359375,127843.3984375,127652.6953125,127728.3359375,127815.8671875,127938.796875,128123.3359375,0.0
1762651851.826187,127404.4140625,127136.3671875,127710.8984375,127520.640625,127596.015625,127683.71875,127806.65625,127991.3671875,0.0
1762651851.8262067,128296.15625,128028.203125,128602.8203125,128412.921875,128488.0234375,128575.640625,128699.3828125,128883.4765625,0.0
1762651851.8625,128441.53125,128173.7578125,128748.5546875,128558.296875,128633.671875,128721.0234375,128844.7578125,129029.0234375,0.0
1762651851.8625245,127772.6796875,127504.1875,128079.078125,127888.734375,127964.1875,128051.984375,128175.28125,128359.1015625,0.0
1762651851.8662176,127386.6171875,127118.1328125,127692.9296875,127502.40625,127578.3125,127665.8359375,127789.0390625,127972.5078125,0.0
1762651851.866233,128259.234375,127991.546875,128565.9921875,128376.0,128451.1015625,128538.5390625,128662.28125,128846.4609375,0.0
1762651851.8662412,128552.1328125,128284.984375,128859.0625,128669.4296875,128744.53125,128831.8828125,128955.265625,129139.8046875,0.0
1762651851.8662472,128007.5546875,127739.6015625,128313.859375,128123.8671875,128199.421875,128286.859375,128410.1484375,128594.328125,0.0
1762651851.8699648,127417.5546875,127149.6015625,127724.21875,127533.609375,127609.2421875,127697.1328125,127820.421875,128004.2421875,0.0
1762651851.8699806,128194.7734375,127926.8203125,128501.5234375,128311.359375,128386.640625,128473.9921875,128597.7265625,128782.0859375,0.0
1762651851.8699882,128645.921875,128378.3203125,128953.2109375,128763.21875,128838.3203125,128925.4921875,129049.5,129233.765625,0.0
1762651851.8699944,128237.4140625,127968.9296875,128543.9921875,128353.828125,128429.015625,128516.0078125,128640.015625,128824.1953125,0.0
1762651851.8724227,127501.7734375,127233.375,127808.0,127617.46875,127693.109375,127780.28125,127903.5703125,128087.6640625,0.0
1762651851.874927,128111.171875,127843.21875,128417.75,128227.765625,128303.0390625,128390.3046875,128513.953125,128697.953125,0.0
1762651851.8775065,128714.046875,128446.359375,129020.890625,128831.3515625,128906.359375,128993.171875,129117.09375,129301.6328125,0.0
1762651851.879992,128446.5390625,128178.40625,128753.03125,128563.0390625,128638.5859375,128725.578125,128849.5,129033.5,0.0
1762651851.8839185,127636.6953125,127368.3828125,127943.09375,127752.828125,127828.109375,127915.9140625,128039.203125,128222.9375,0.0
1762651851.9150245,128017.65625,127749.7890625,128324.859375,128134.421875,128209.8828125,128297.40625,128420.703125,128604.7890625,0.0
1762651851.9150436,128760.09375,128492.046875,129067.3828125,128876.9453125,128952.4921875,129039.84375,129163.4921875,129347.8515625,0.0
1762651851.918706,128632.6875,128364.8203125,128939.7109375,128749.5390625,128824.9140625,128912.0859375,129035.640625,129220.09375,0.0
1762651851.9187348,127816.9375,127548.984375,128123.515625,127933.2578125,128008.8046875,128096.15625,128219.5390625,128403.265625,0.0
1762651851.9187424,127935.3984375,127667.1796875,128241.890625,128051.453125,128127.0,128214.0859375,128337.8203125,128521.734375,0.0
1762651851.9211757,128780.5625,128512.5234375,129087.5,128897.5078125,128972.4296875,129059.78125,129183.8828125,129368.0546875,0.0
1762651851.9236765,128792.7265625,128525.0390625,129099.4765625,128909.7578125,128984.5,129072.03125,129195.953125,129380.21875,0.0
1762651851.9261744,128034.1953125,127766.2421875,128340.59375,128150.515625,128225.6171875,128313.328125,128436.796875,128620.9765625,0.0
1762651851.928689,127878.71875,127610.4921875,128185.0234375,127994.859375,128069.9609375,128157.578125,128280.78125,128464.8671875,0.0
1762651851.9311843,128770.734375,128503.2265625,129077.84375,128888.03125,128962.6875,129049.859375,129173.7734375,129358.1328125,0.0
1762651851.9336843,128927.8203125,128660.4921875,129234.75,129045.296875,129119.59375,129207.0390625,129330.953125,129515.21875,0.0
1762651851.9337008,128269.515625,128001.203125,128575.640625,128385.921875,128460.578125,128548.375,128671.6640625,128856.0234375,0.0
1762651851.9400587,127865.484375,127597.0859375,128171.703125,127981.7109375,128057.0859375,128144.2578125,128267.8125,128451.90625,0.0
1762651851.9787495,128733.0,128465.40625,129039.7578125,128850.03125,128924.9609375,129012.1328125,129135.9609375,129320.5859375,0.0
1762651851.9787736,129042.703125,128775.0234375,129348.921875,129159.6484375,129234.3984375,129321.7421875,129445.578125,129629.9296875,0.0
1762651851.9787807,128509.0390625,128241.265625,128815.703125,128625.7109375,128700.9921875,128787.984375,128911.8125,129096.0859375,0.0
1762651851.9812984,127900.0859375,127632.046875,128206.6640625,128016.4921875,128091.7734375,128179.125,128302.5078125,128486.59375,0.0
1762651851.9813147,128665.0546875,128397.7265625,128972.1640625,128782.53125,128857.453125,128944.8984375,129068.546875,129252.6328125,0.0
1762651851.9836755,129132.3828125,128864.7890625,129439.3125,129249.7734375,129324.6953125,129411.8671875,129535.875,129720.5,0.0
1762651851.9861944,128737.921875,128469.4296875,129044.046875,128854.1484375,128929.6953125,129016.78125,129140.4296875,129324.7890625,0.0
1762651851.988756,127992.265625,127723.953125,128298.390625,128108.046875,128183.7734375,128270.859375,128394.328125,128578.7734375,0.0
1762651851.991358,128585.296875,128317.5234375,128892.234375,128702.2421875,128777.796875,128864.4296875,128988.4375,129172.8828125,0.0
1762651851.99376,129204.53125,128937.65625,129512.1796875,129322.546875,129397.5625,129484.5546875,129608.65625,129793.28125,0.0
1762651851.9962351,128951.3359375,128683.9140625,129258.625,129068.6328125,129143.46875,129230.90625,129354.9140625,129539.1796875,0.0
1762651851.9986727,128138.0,127869.7734375,128445.0234375,128254.9453125,128329.6875,128417.390625,128541.046875,128724.8671875,0.0
1762651852.0011733,128497.6796875,128229.7265625,128804.4375,128614.5390625,128689.546875,128777.1640625,128900.7265625,129084.546875,0.0
1762651852.0036728,129250.21875,128982.359375,129557.15625,129367.4296875,129442.4453125,129529.796875,129653.890625,129838.25,0.0
1762651852.008798,129136.2265625,128868.1875,129443.25,129253.2578125,129328.359375,129415.53125,129539.359375,129723.8984375,0.0
1762651852.0088131,128324.3203125,128056.546875,128631.078125,128441.3515625,128516.1875,128603.8046875,128727.3671875,128911.1875,0.0
1762651852.008821,128417.484375,128149.6171875,128724.5078125,128534.6953125,128609.796875,128697.4140625,128820.6171875,129004.53125,0.0
1762651852.014305,129269.796875,129001.671875,129576.46875,129386.921875,129461.84375,129549.109375,129672.84375,129857.46875,0.0
1762651852.014326,129294.2109375,129026.4375,129601.0546875,129411.6015625,129486.5234375,129573.6015625,129697.703125,129882.0625,0.0
1762651852.0537543,128541.3125,128273.359375,128848.15625,128658.5234375,128733.5390625,128820.6171875,128944.359375,129128.359375,0.0
1762651852.0600133,128364.734375,128096.421875,128671.4921875,128481.6796875,128556.6875,128643.7734375,128767.6875,128951.78125,0.0
1762651852.0600305,129258.7109375,128990.8515625,129565.5546875,129375.65625,129450.578125,129538.0234375,129662.1171875,129846.3828125,0.0
1762651852.062421,129426.9765625,129159.46875,129734.0,129544.4609375,129619.203125,129706.5546875,129830.6484375,130014.6484375,0.0
1762651852.0649254,128776.8125,128509.21875,129083.65625,128894.203125,128969.0390625,129056.203125,129180.2109375,129364.125,0.0
1762651852.067422,128351.859375,128084.0859375,128658.5234375,128468.53125,128543.8125,128630.8046875,128754.90625,128938.7265625,0.0
1762651852.0700629,129213.4765625,128945.5234375,129520.3203125,129330.6875,129405.25,129492.9609375,129616.7890625,129801.1484375,0.0
1762651852.0725346,129536.3203125,129268.7265625,129843.1640625,129653.8046875,129728.546875,129815.984375,129939.9921875,130124.4453125,0.0
1762651852.0751095,129012.0390625,128744.265625,129319.15625,129129.1640625,129204.171875,129291.6171875,129415.53125,129599.8046875,0.0
1762651852.0774171,128389.140625,128121.1875,128695.8984375,128506.171875,128580.7421875,128668.2734375,128791.921875,128976.453125,0.0
1762651852.080006,129144.2734375,128876.5,129451.296875,129261.75,129336.40625,129423.671875,129547.859375,129732.3046875,0.0
1762651852.0826535,129625.28125,129357.8671875,129932.6640625,129743.2109375,129817.8671875,129905.0390625,130029.2265625,130213.4921875,0.0
1762651852.0849807,129239.578125,128972.34375,129547.0546875,129357.2421875,129431.8984375,129519.421875,129643.5234375,129827.609375,0.0
1762651852.0849965,128484.09375,128216.3203125,128791.1171875,128600.9453125,128676.140625,128763.578125,128887.2265625,129071.140625,0.0
1762651852.0878382,129057.4609375,128789.953125,129364.84375,129174.8515625,129250.0390625,129337.3046875,129461.3125,129645.4921875,0.0
1762651852.0899882,129689.921875,129422.6875,129997.390625,129807.5859375,129882.59375,129969.40625,130094.1328125,130278.3984375,0.0
1762651852.090006,129446.2890625,129178.875,129753.7578125,129563.7734375,129638.875,129725.7734375,129850.140625,130034.765625,0.0
1762651852.1049883,128630.8046875,128363.2109375,128937.7421875,128747.75,128822.8515625,128910.3828125,129033.9453125,129218.390625,0.0
1762651852.1074705,128970.375,128702.515625,129277.21875,129086.875,129162.15625,129249.7734375,129373.15625,129557.8671875,0.0
1762651852.107489,129733.015625,129466.046875,130040.3125,129850.3203125,129925.6015625,130012.7734375,130136.6875,130321.046875,0.0
1762651852.1104128,129629.125,129361.796875,129936.328125,129746.1640625,129821.4375,129908.5234375,130032.7109375,130216.9765625,0.0
1762651852.112504,128818.921875,128551.5078125,129126.2109375,128935.6875,129011.0546875,129098.2265625,129222.0546875,129406.4140625,0.0
1762651852.1150007,128889.375,128622.4921875,129196.9296875,129006.5859375,129082.046875,129169.0390625,129292.8671875,129476.953125,0.0
1762651852.120005,129749.2890625,129482.40625,130056.8515625,129867.125,129942.0546875,130029.1328125,130153.5859375,130337.859375,0.0
1762651852.1225295,129786.390625,129519.515625,130093.7734375,129904.4140625,129978.796875,130065.96875,130190.3359375,130374.9609375,0.0
1762651852.1249275,129042.703125,128775.3828125,129349.640625,129159.921875,129234.75,129321.921875,129445.75,129630.375,0.0
1762651852.1249447,128843.328125,128576.0,129150.6171875,128960.5390625,129035.9140625,129122.8125,129246.46875,129430.8203125,0.0
1762651852.1277752,129738.828125,129471.859375,130046.390625,129856.7578125,129931.5,130018.671875,130142.9453125,130327.6640625,0.0
1762651852.1299853,129920.6796875,129653.890625,130228.6875,130038.703125,130113.3515625,130200.9765625,130325.0703125,130509.875,0.0
1762651852.130001,129280.171875,129013.0234375,129588.0,129397.7421875,129472.7578125,129560.015625,129683.84375,129868.46875,0.0
1762651852.1336718,128836.7109375,128569.296875,129143.828125,128954.015625,129028.8515625,129116.109375,129239.578125,129424.1171875,0.0
1762651852.1686804,129693.5859375,129426.53125,130001.2421875,129811.4296875,129886.171875,129973.1640625,130097.3515625,130282.15625,0.0
1762651852.168702,130029.7578125,129762.8828125,130337.40625,130147.5078125,130222.4296875,130309.421875,130433.8828125,130618.1484375,0.0
1762651852.17117,129515.3125,129248.34375,129823.2265625,129632.8828125,129707.890625,129794.796875,129919.34375,130103.6953125,0.0
1762651852.1711855,128878.6484375,128611.671875,129185.9375,128996.3046875,129070.9609375,129157.859375,129281.78125,129466.40625,0.0
1762651852.1736708,129623.5859375,129356.4375,129930.6953125,129741.421875,129815.8984375,129902.890625,130027.078125,130211.7890625,0.0
1762651852.1761675,130116.75,129849.6015625,130424.3125,130234.5,130308.9765625,130396.328125,130520.6015625,130705.046875,0.0
1762651852.178751,129743.75,129476.8671875,130051.75,129861.671875,129936.59375,130023.859375,130147.7734375,130331.953125,0.0
1762651852.181573,128980.125,128712.6171875,129287.4140625,129097.515625,129172.6171875,129259.7890625,129383.4375,129567.34375,0.0
1762651852.1849303,129538.9140625,129271.5859375,129846.296875,129656.484375,129731.5859375,129818.578125,129942.859375,130126.9453125,0.0
1762651852.1849456,130182.2890625,129915.5859375,130489.8515625,130300.3984375,130375.046875,130462.1328125,130586.5859375,130771.03125,0.0
1762651852.184954,129948.6640625,129682.0546875,130256.046875,130066.234375,130141.515625,130228.5078125,130352.6953125,130536.875,0.0
1762651852.187503,129128.4453125,128861.03125,129435.46875,129245.390625,129320.4921875,129407.84375,129532.2109375,129715.8515625,0.0
1762651852.1875212,129446.203125,129179.140625,129753.3125,129563.953125,129638.6015625,129725.6875,129850.40625,130034.2265625,0.0
1762651852.190029,130220.734375,129954.296875,130528.46875,130339.109375,130413.5859375,130500.484375,130625.296875,130809.4765625,0.0
1762651852.2198217,130129.359375,129862.296875,130437.0078125,130247.015625,130321.9453125,130409.0234375,130533.390625,130717.75,0.0
1762651852.2337108,129321.2109375,129053.703125,129628.6796875,129438.6875,129513.8828125,129600.9609375,129724.6171875,129908.8828125,0.0
1762651852.233729,129370.828125,129103.1484375,129678.296875,129488.0390625,129563.5,129650.3125,129774.5,129958.5,0.0
1762651852.236173,130234.3203125,129967.4453125,130542.0625,130351.984375,130426.9921875,130514.2578125,130639.0703125,130823.15625,0.0
1762651852.2388608,130283.671875,130017.15625,130591.6796875,130401.6015625,130476.5234375,130563.515625,130688.5078125,130872.953125,0.0
1762651852.2411668,129543.7421875,129276.7734375,129851.390625,129660.8671875,129736.0546875,129823.5,129947.59375,130132.1328125,0.0
1762651852.2437465,129323.4453125,129056.296875,129630.828125,129440.5703125,129515.4921875,129603.109375,129726.9375,129911.3828125,0.0
1762651852.2461667,130220.5546875,129953.9453125,130527.9375,130338.390625,130413.3125,130500.484375,130624.5859375,130809.4765625,0.0
1762651852.2487698,130416.0,130149.5625,130723.6484375,130534.4609375,130608.8515625,130696.109375,130820.296875,131005.1875,0.0
1762651852.2487943,129783.0,129516.1171875,130090.5546875,129901.015625,129975.3984375,130062.84375,130186.7578125,130371.6484375,0.0
1762651852.2527723,129323.1796875,129055.7578125,129630.203125,129440.2109375,129515.1328125,129602.390625,129726.3984375,129911.1171875,0.0
1762651852.2527878,130173.5234375,129906.5546875,130481.0859375,130290.9140625,130365.6640625,130452.8359375,130577.1953125,130762.0,0.0
1762651852.2527957,130523.8203125,130256.8515625,130831.7421875,130641.8359375,130716.140625,130803.21875,130927.9453125,131112.921875,0.0
1762651852.2549112,130024.484375,129757.78125,130332.3984375,130142.4140625,130216.890625,130304.4140625,130428.6015625,130613.40625,0.0
1762651852.257455,129375.5703125,129108.328125,129683.125,129492.8671875,129567.703125,129654.96875,129778.9765625,129963.6015625,0.0
1762651852.2574737,130105.84375,129838.7890625,130413.40625,130223.1484375,130298.515625,130385.0625,130509.515625,130694.3203125,0.0
1762651852.2600017,130610.8125,130343.4921875,130918.2890625,130728.296875,130803.21875,130890.390625,131014.9375,131199.921875,0.0
1762651852.2638516,130248.71875,129981.75,130556.6328125,130366.46875,130441.125,130528.2890625,130652.5703125,130837.90625,0.0
1762651852.271261,129478.5625,129211.2421875,129786.125,129595.6875,129670.8828125,129758.0546875,129881.703125,130066.8671875,0.0
1762651852.2712803,130017.9609375,129751.1640625,130325.7890625,130135.796875,130210.6328125,130297.4453125,130421.8125,130606.96875,0.0
1762651852.3061693,130676.171875,130409.3828125,130984.1796875,130794.3671875,130868.6640625,130955.5703125,131080.5625,131265.453125,0.0
1762651852.3061924,130456.6796875,130189.53125,130764.5078125,130574.4296875,130648.7265625,130736.1640625,130860.890625,131045.6875,0.0
1762651852.3102007,129637.265625,129369.9375,129944.734375,129754.5625,129829.484375,129916.65625,130040.84375,130225.6484375,0.0
1762651852.3102157,129934.984375,129667.75,130242.3671875,130052.5546875,130127.3046875,130214.296875,130338.6640625,130523.375,0.0
1762651852.3102233,130717.5703125,130450.6875,131025.125,130835.765625,130910.1484375,130997.4140625,131121.953125,131306.84375,0.0
1762651852.3102293,130637.3671875,130370.4921875,130945.109375,130755.3828125,130830.21875,130917.2109375,131041.7578125,131226.734375,0.0
1762651852.3138072,129836.28125,129569.1328125,130143.84375,129953.8515625,130028.8671875,130115.765625,130240.2265625,130425.03125,0.0
1762651852.3138225,129861.140625,129594.078125,130168.515625,129978.796875,130053.2734375,130140.4453125,130264.8984375,130449.796875,0.0
1762651852.31383,130729.4609375,130462.3984375,131037.1953125,130847.921875,130921.7734375,131008.765625,131133.84375,131318.5625,0.0
1762651852.3161445,130789.71875,130522.03125,131097.375,130908.09375,130982.125,131069.0234375,131194.109375,131378.90625,0.0
1762651852.3161595,130060.0703125,129792.4765625,130367.2734375,130178.0,130252.5625,130339.46875,130463.7421875,130648.90625,0.0
1762651852.321246,129818.8515625,129551.25,130125.9609375,129936.1484375,130010.8984375,130097.890625,130222.0703125,130407.0546875,0.0
1762651852.3238199,130711.7578125,130444.4296875,131019.046875,130829.328125,130903.8046875,130990.9765625,131115.515625,131300.859375,0.0
1762651852.3286605,130919.71875,130652.8359375,131227.546875,131037.8203125,131112.03125,131199.203125,131323.921875,131509.53125,0.0
1762651852.3324127,130296.7265625,130030.03125,130604.46875,130414.8359375,130489.21875,130576.5703125,130701.0234375,130886.1015625,0.0
1762651852.3687077,129817.953125,129551.078125,130125.515625,129935.703125,130010.4453125,130097.890625,130222.34375,130407.0546875,0.0
1762651852.3687284,130661.421875,130394.359375,130968.890625,130779.2578125,130853.9140625,130941.265625,131065.984375,131251.140625,0.0
1762651852.3712509,131023.609375,130756.4609375,131331.171875,131141.796875,131216.28125,131303.625,131428.171875,131613.609375,0.0
1762651852.371266,130533.8359375,130266.6015625,130841.3984375,130651.5859375,130726.5078125,130813.3203125,130937.5078125,131123.65625,0.0
1762651852.3735332,129873.390625,129605.96875,130180.859375,129991.3125,130065.609375,130152.78125,130276.703125,130462.1328125,0.0
1762651852.412518,130592.6640625,130325.515625,130900.1328125,130710.6796875,130784.890625,130871.9765625,130996.3359375,131181.953125,0.0
1762651852.4186428,131110.515625,130843.5390625,131418.25,131228.890625,131303.1875,131390.171875,131514.8125,131700.328125,0.0
1762651852.421221,130756.7265625,130490.1171875,131064.5546875,130875.1015625,130949.578125,131036.484375,131161.296875,131346.71875,0.0
1762651852.423818,129979.78125,129712.453125,130287.0703125,130097.6171875,130172.453125,130259.0859375,130383.8125,130568.703125,0.0
1762651852.4262393,130502.9921875,130235.6640625,130810.4609375,130620.828125,130695.84375,130782.390625,130907.109375,131092.09375,0.0
1762651852.44117,131171.125,130903.4453125,131478.6875,131289.328125,131363.53125,131450.703125,131575.703125,131760.59375,0.0
1762651852.443726,130959.59375,130692.0859375,131267.0625,131077.875,131152.265625,131239.078125,131363.890625,131548.96875,0.0
1762651852.4463315,130138.75,129871.5078125,130446.0390625,130256.671875,130331.5078125,130418.3203125,130542.6875,130727.4921875,0.0
1762651852.4491048,130414.2109375,130146.8828125,130721.7734375,130532.2265625,130606.96875,130693.6953125,130818.1484375,131003.3984375,0.0
1762651852.451255,131205.015625,130938.046875,131512.65625,131323.390625,131397.859375,131484.859375,131609.578125,131794.828125,0.0
1762651852.4536598,131136.0,130869.0234375,131443.734375,131254.28125,131328.671875,131415.75,131540.46875,131725.984375,0.0
1762651852.4561548,130335.7109375,130068.3828125,130643.1796875,130453.3671875,130528.203125,130615.109375,130739.296875,130924.7265625,0.0
1762651852.458744,130336.25,130068.6484375,130643.8984375,130453.9921875,130528.6484375,130615.5546875,130740.2734375,130925.3515625,0.0
1762651852.4611616,131212.53125,130945.1953125,131520.359375,131330.71875,131405.203125,131492.015625,131617.1875,131802.34375,0.0
1762651852.4638252,131284.40625,131017.2578125,131592.421875,131402.875,131477.34375,131563.984375,131689.25,131874.21875,0.0
1762651852.4662242,130560.03125,130292.796875,130867.59375,130678.140625,130752.6171875,130839.515625,130964.0625,131149.21875,0.0
1762651852.4686608,130296.640625,130029.3984375,130604.203125,130414.7421875,130489.1328125,130576.125,130700.578125,130885.3828125,0.0
1762651852.4712174,131190.4375,130923.7421875,131498.359375,131309.0,131383.03125,131470.203125,131594.921875,131780.265625,0.0
1762651852.471234,131410.921875,131144.671875,131718.84375,131530.09375,131603.859375,131691.125,131815.75,132001.265625,0.0
1762651852.473696,130799.5546875,130532.2265625,131106.671875,130917.8359375,130991.78125,131079.125,131203.671875,131389.015625,0.0
1762651852.473711,130303.609375,130035.75,130610.4609375,130421.359375,130495.5703125,130582.7421875,130707.109375,130892.1796875,0.0
1762651852.47633,131141.453125,130874.296875,131448.828125,131259.828125,131334.03125,131421.015625,131545.65625,131731.359375,0.0
1762651852.4788468,131516.15625,131249.359375,131823.53125,131634.53125,131709.0,131795.90625,131920.984375,132106.0625,0.0
1762651852.4811597,131035.6796875,130768.890625,131343.140625,131154.046875,131228.34375,131315.515625,131440.25,131625.046875,0.0
1762651852.4836636,130360.2109375,130092.96875,130667.6796875,130478.3125,130552.609375,130639.9609375,130764.234375,130948.953125,0.0
1762651852.4836788,131063.5703125,130796.515625,131370.953125,131182.21875,131256.0625,131343.0625,131467.875,131652.859375,0.0
1762651852.487867,131595.546875,131328.671875,131903.28125,131714.71875,131788.484375,131875.125,132000.375,132185.359375,0.0
1762651852.48789,131255.0,130988.203125,131562.46875,131373.90625,131447.84375,131534.5625,131659.65625,131844.71875,0.0
1762651852.487898,130470.0859375,130203.296875,130777.109375,130588.375,130662.7578125,130749.7578125,130874.1171875,131059.1015625,0.0
1762651852.4904175,130973.2734375,130706.9296875,131281.28125,131092.1875,131166.65625,131253.390625,131378.28125,131563.09375,0.0
1762651852.4904325,131653.390625,131386.59375,131961.21875,131772.484375,131846.59375,131933.234375,132058.84375,132243.65625,0.0
1762651852.4925432,131454.28125,131187.3125,131762.015625,131573.1875,131647.125,131734.03125,131859.46875,132044.1875,0.0
1762651852.492561,130631.46875,130363.9609375,130938.671875,130749.578125,130824.140625,130911.046875,131035.6796875,131220.578125,0.0
1762651852.4951265,130884.578125,130617.34375,131191.96875,131003.046875,131077.15625,131164.15625,131289.0625,131474.21875,0.0
1762651852.4974084,131685.671875,131418.703125,131993.578125,131804.40625,131878.515625,131965.15625,132090.859375,132276.109375,0.0
1762651852.4999075,131625.9375,131358.96875,131933.5,131744.40625,131818.703125,131905.078125,132030.59375,132215.84375,0.0
1762651852.5024514,130828.7890625,130561.734375,131136.0,130947.34375,131021.375,131108.09375,131233.0,131418.421875,0.0
1762651852.502467,130810.8203125,130543.7578125,131118.109375,130929.28125,131003.4921875,131090.578125,131215.296875,131400.09375,0.0
1762651852.5087225,131688.53125,131421.828125,131996.09375,131807.4375,131881.375,131968.28125,132093.8125,132278.703125,0.0
1762651852.51513,131772.84375,131506.40625,132080.84375,131891.921875,131966.140625,132053.046875,132178.484375,132363.453125,0.0
1762651852.5151513,131056.78125,130789.71875,131364.515625,131175.234375,131249.546875,131336.703125,131461.609375,131646.15625,0.0
1762651852.5536735,130774.1640625,130507.1953125,131081.90625,130892.71875,130966.921875,131054.0078125,131178.90625,131363.265625,0.0
1762651852.5574193,131666.796875,131400.28125,131974.8125,131785.890625,131860.015625,131946.734375,132072.265625,132256.984375,0.0
1762651852.557436,131898.359375,131631.75,132206.015625,132017.90625,132091.75,132178.390625,132303.828125,132488.90625,0.0
1762651852.5574443,131293.34375,131026.734375,131601.171875,131412.53125,131486.375,131573.453125,131698.359375,131883.4375,0.0
1762651852.5602295,130778.1875,130511.3984375,131086.015625,130897.09375,130971.21875,131058.03125,131182.9375,131368.0,0.0
1762651852.5602536,131606.453125,131340.46875,131914.8125,131725.984375,131799.84375,131886.75,132011.828125,132197.078125,0.0
1762651852.5624063,131995.8125,131729.921875,132304.359375,132115.53125,132189.65625,132276.828125,132401.546875,132587.15625,0.0
1762651852.565308,131526.4375,131259.46875,131834.4375,131645.171875,131719.546875,131806.90625,131931.53125,132116.96875,0.0
1762651852.567424,130840.140625,130573.0,131147.703125,130958.34375,131032.7265625,131120.34375,131244.796875,131430.140625,0.0
1762651852.5700936,131529.5625,131262.765625,131837.390625,131648.109375,131722.40625,131809.859375,131934.578125,132119.921875,0.0
1762651852.5725155,132072.4375,131805.734375,132380.265625,132191.703125,132265.921875,132352.640625,132477.546875,132663.328125,0.0
1762651852.574905,131744.234375,131477.609375,132051.96875,131863.3125,131937.53125,132024.515625,132149.234375,132334.671875,0.0
1762651852.5774884,130953.78125,130686.8984375,131261.15625,131072.515625,131146.546875,131234.078125,131358.4375,131543.515625,0.0
1762651852.5799866,131437.390625,131170.328125,131744.9375,131556.46875,131630.140625,131717.578125,131842.3125,132027.5625,0.0
1762651852.5825224,132127.96875,131861.34375,132436.15625,132247.765625,132321.078125,132408.515625,132533.421875,132718.9375,0.0
1762651852.5825377,131941.453125,131675.390625,132249.828125,132060.90625,132134.84375,132221.65625,132346.828125,132532.265625,0.0
1762651852.5852723,131118.203125,130851.5859375,131426.125,131237.015625,131311.046875,131398.21875,131522.953125,131708.203125,0.0
1762651852.5886407,131349.40625,131082.53125,131657.0625,131468.046875,131542.171875,131629.34375,131754.234375,131939.046875,0.0
1762651852.6224723,132160.6875,131894.25,132468.6875,132279.78125,132353.890625,132440.890625,132566.0625,132751.390625,0.0
1762651852.6225033,132114.546875,131848.296875,132422.5625,132234.0,132307.40625,132394.484375,132519.65625,132705.265625,0.0
1762651852.6249113,131323.5625,131056.6875,131630.859375,131442.21875,131515.96875,131603.234375,131728.21875,131913.75,0.0
1762651852.624932,131279.84375,131013.0546875,131587.40625,131398.40625,131471.984375,131559.515625,131684.328125,131869.578125,0.0
1762651852.6275053,132161.578125,131895.0625,132469.765625,132280.484375,132354.078125,132441.421875,132566.5,132752.109375,0.0
1762651852.6299036,132258.140625,131992.15625,132566.765625,132377.671875,132451.265625,132538.609375,132663.953125,132849.296875,0.0
1762651852.6324832,131549.765625,131283.15625,131857.6875,131668.859375,131742.890625,131830.421875,131955.234375,132140.21875,0.0
1762651852.6350322,131244.0,130977.4765625,131551.734375,131362.90625,131437.109375,131524.203125,131649.015625,131834.0,0.0
1762651852.64116,132132.34375,131866.0,132440.265625,132251.796875,132325.546875,132412.453125,132537.359375,132722.875,0.0
1762651852.6436489,132379.640625,132113.03125,132687.65625,132498.828125,132572.765625,132659.3125,132784.5625,132970.171875,0.0
1762651852.6461556,131787.59375,131520.890625,132095.859375,131906.234375,131980.53125,132067.34375,132192.25,132377.859375,0.0
1762651852.648782,131257.859375,130990.796875,131565.953125,131376.140625,131450.4375,131537.609375,131662.328125,131847.671875,0.0
1762651852.6487982,132076.203125,131809.578125,132384.46875,132195.109375,132269.3125,132356.484375,132481.484375,132666.90625,0.0
1762651852.6511717,132478.265625,132211.828125,132786.359375,132597.703125,132671.5625,132758.375,132883.8125,133069.234375,0.0
1762651852.6536975,132020.5,131753.609375,132328.59375,132139.578125,132213.34375,132300.15625,132425.421875,132610.578125,0.0
1762651852.6537132,131322.40625,131055.5234375,131630.234375,131440.875,131514.984375,131601.984375,131726.890625,131911.859375,0.0
1762651852.6600125,131999.390625,131732.96875,132307.40625,132118.484375,132192.6875,132279.234375,132404.3125,132589.84375,0.0
1762651852.6600313,132556.84375,132290.328125,132864.859375,132676.03125,132750.140625,132836.953125,132962.3125,133147.734375,0.0
1762651852.6977186,132240.078125,131973.734375,132548.359375,132359.34375,132433.375,132520.640625,132645.453125,132831.15625,0.0
1762651852.6977458,131443.90625,131177.484375,131752.28125,131562.734375,131637.03125,131724.109375,131848.75,132034.359375,0.0
1762651852.7014549,131909.1875,131642.75,132217.28125,132028.09375,132102.65625,132189.203125,132314.109375,132499.625,0.0
1762651852.70147,132613.625,132347.640625,132921.625,132733.15625,132807.1875,132893.28125,133018.90625,133204.78125,0.0
1762651852.7014775,132437.671875,132172.046875,132745.9375,132557.296875,132631.328125,132718.046875,132843.390625,133029.453125,0.0
1762651852.7014835,131613.34375,131347.265625,131921.609375,131732.609375,131806.71875,131893.984375,132018.53125,132203.953125,0.0
1762651852.705114,131820.671875,131554.59375,132128.859375,131940.65625,132014.140625,132101.234375,132226.125,132411.734375,0.0
1762651852.7051296,132636.421875,132370.703125,132944.96875,132756.765625,132829.984375,132916.71875,133042.328125,133228.03125,0.0
1762651852.7051375,132603.34375,132337.265625,132911.890625,132723.59375,132796.8125,132883.625,133009.15625,133194.765625,0.0
1762651852.7074115,131815.9375,131549.328125,132124.203125,131935.109375,132008.78125,132095.859375,132221.390625,132406.375,0.0
1762651852.7074316,131749.765625,131483.609375,132058.140625,131869.125,131942.890625,132029.796875,132155.328125,132340.484375,0.0
1762651852.7104712,132636.59375,132370.875,132945.234375,132756.671875,132830.078125,132917.15625,133042.859375,133228.65625,0.0
1762651852.7128277,132746.21875,132480.21875,133054.84375,132866.203125,132939.515625,133026.59375,133152.296875,133338.09375,0.0
1762651852.7149527,132044.09375,131777.9375,132352.375,132163.71875,132236.953125,132324.21875,132449.5625,132634.984375,0.0
1762651852.8111756,131718.75,131452.765625,132026.9375,131838.1875,131911.953125,131998.953125,132124.03125,132309.375,0.0
1762651852.817547,132605.84375,132340.125,132914.46875,132725.828125,132799.234375,132886.21875,133011.65625,133197.53125,0.0
1762651852.8175676,132864.859375,132599.234375,133173.3125,132985.203125,133057.96875,133145.421875,133271.03125,133456.734375,0.0
1762651852.817576,132281.46875,132015.125,132589.578125,132401.375,132474.421875,132561.671875,132687.203125,132872.640625,0.0
1762651852.8199272,131732.421875,131465.453125,132040.25,131851.6875,131925.546875,132012.359375,132137.171875,132322.875,0.0
1762651852.8199449,132543.890625,132277.71875,132852.0625,132663.6875,132737.0,132823.546875,132949.4375,133134.859375,0.0
1762651852.822398,132959.453125,132693.90625,133267.8125,133079.609375,133152.75,133239.015625,133365.53125,133551.046875,0.0
1762651852.824886,132510.09375,132244.015625,132818.359375,132629.71875,132703.390625,132790.203125,132915.90625,133101.421875,0.0
1762651852.8277133,131798.765625,131532.15625,132106.765625,131917.859375,131991.796875,132078.609375,132204.046875,132388.859375,0.0
1762651852.8303132,132458.765625,132192.609375,132767.046875,132578.21875,132651.890625,132738.703125,132864.5,133049.5625,0.0
1762651852.832569,133030.078125,132763.828125,133338.171875,133149.609375,133223.46875,133310.28125,133436.171875,133621.234375,0.0
1762651852.8351097,132723.40625,132457.515625,133031.6875,132843.21875,132917.0625,133003.703125,133129.5,133314.84375,0.0
1762651852.837927,131919.5625,131653.296875,132227.828125,132039.0,132112.859375,132199.3125,132324.921875,132510.53125,0.0
1762651852.8423991,132362.75,132097.03125,132671.015625,132482.46875,132556.40625,132642.671875,132768.390625,132953.90625,0.0
1762651852.8448968,133076.75,132811.203125,133385.46875,133196.640625,133270.765625,133357.3125,133483.109375,133668.71875,0.0
1762651852.847271,132912.859375,132647.15625,133221.671875,133032.9375,133106.34375,133193.421875,133319.21875,133504.5625,0.0
1762651852.8550785,132088.625,131822.546875,132396.90625,132208.15625,132281.828125,132368.921875,132494.265625,132679.609375,0.0
1762651852.857398,132273.96875,132007.703125,132582.15625,132392.875,132467.078125,132554.171875,132679.421875,132864.9375,0.0
1762651852.859957,133098.03125,132832.21875,133406.296875,133217.390625,133291.59375,133378.59375,133504.109375,133689.546875,0.0
1762651852.8623965,133074.0625,132808.53125,133382.96875,133194.046875,133267.90625,133354.8125,133480.25,133666.125,0.0
1762651852.8649027,132291.40625,132025.328125,132599.765625,132411.203125,132484.96875,132571.875,132696.859375,132882.5625,0.0
1762651852.867854,132201.640625,131935.203125,132509.734375,132320.90625,132395.015625,132482.109375,132606.828125,132792.4375,0.0
1762651852.8699,133091.859375,132825.78125,133400.40625,133211.578125,133285.34375,133372.328125,133497.859375,133683.375,0.0
1762651852.8723807,133214.53125,132948.890625,133523.34375,133334.515625,133407.828125,133494.90625,133620.609375,133806.3125,0.0
1762651852.8748996,132520.453125,132254.734375,132828.90625,132640.0,132714.03125,132800.65625,132926.09375,133111.890625,0.0
1762651852.8773615,132171.421875,131905.15625,132479.328125,132290.421875,132364.625,132451.34375,132577.046875,132762.21875,0.0
1762651852.8798594,133056.0,132790.734375,133364.46875,133175.8125,133249.390625,133336.65625,133462.1875,133647.875,0.0
1762651852.882434,133329.234375,133064.046875,133637.78125,133449.3125,133522.890625,133609.703125,133735.5,133921.28125,0.0
1762651852.8824456,132756.046875,132490.421875,133064.953125,132876.296875,132950.0625,133037.046875,133162.3125,133347.828125,0.0
1762651852.889763,132191.078125,131925.453125,132499.53125,132311.0625,132384.828125,132471.734375,132596.8125,132782.328125,0.0
1762651852.8897734,132994.234375,132728.515625,133303.03125,133114.390625,133188.15625,133274.609375,133400.3125,133586.375,0.0
1762651852.889779,133424.625,133158.921875,133733.4375,133544.890625,133618.375,133705.109375,133830.984375,134016.859375,0.0
1762651852.889785,132987.875,132721.796875,133296.515625,133107.5,133181.4375,133267.984375,133393.703125,133579.578125,0.0
1762651852.9036155,132265.296875,131998.953125,132573.65625,132384.828125,132458.765625,132545.21875,132670.65625,132856.1875,0.0
1762651852.906131,132910.625,132644.734375,133219.53125,133030.703125,133104.28125,133191.28125,133316.453125,133502.5,0.0
1762651852.908622,133496.515625,133230.796875,133805.234375,133616.765625,133690.171875,133777.15625,133902.78125,134088.75,0.0
1762651852.9111173,133202.015625,132936.5625,133510.546875,133322.34375,133395.75,133482.390625,133608.359375,133794.234375,0.0
1762651852.9111297,132391.171875,132125.453125,132699.453125,132511.078125,132585.015625,132671.5625,132797.0,132982.515625,0.0
1762651852.9149263,132814.421875,132548.796875,133123.0625,132934.59375,133008.265625,133095.078125,133220.34375,133405.859375,0.0
1762651852.9149425,133540.59375,133275.5,133849.9375,133661.46875,133734.703125,133821.59375,133947.390625,134133.1875,0.0
1762651852.9149497,133388.6875,133123.421875,133697.6875,133509.03125,133581.984375,133669.34375,133795.140625,133981.1875,0.0
1762651852.91744,132564.265625,132298.28125,132872.546875,132683.8125,132757.5625,132844.375,132969.734375,133155.703125,0.0
1762651852.9174557,132726.71875,132460.828125,133035.265625,132846.34375,132920.375,133007.09375,133132.71875,133318.0625,0.0
1762651852.9202368,133561.421875,133296.25,133870.5,133681.765625,133755.796875,133842.25,133968.40625,134154.109375,0.0
1762651852.9227202,133553.109375,133287.84375,133861.65625,133673.359375,133746.859375,133833.765625,133959.734375,134145.78125,0.0
1762651852.928647,132773.921875,132508.296875,133082.203125,132893.546875,132967.21875,133054.21875,133180.015625,133365.796875,0.0
1762651852.931146,132662.609375,132396.71875,132971.078125,132782.15625,132856.09375,132942.8125,133068.25,133254.046875,0.0
1762651852.9339452,133554.546875,133289.359375,133863.703125,133675.15625,133748.734375,133835.375,133961.078125,134147.21875,0.0
1762651852.9361513,133686.59375,133421.5,133995.5,133807.296875,133880.609375,133967.875,134093.125,134279.359375,0.0
1762651852.936167,133000.671875,132735.390625,133309.46875,133120.5625,133194.3125,133281.484375,133406.921875,133592.71875,0.0
1762651852.9389188,132633.828125,132368.5625,132942.8125,132753.453125,132827.390625,132914.125,133040.265625,133225.4375,0.0
1762651852.9411454,133514.84375,133249.578125,133823.5625,133635.0,133708.140625,133795.140625,133921.46875,134106.984375,0.0
1762651852.9436476,133799.25,133534.15625,134108.328125,133919.953125,133992.8125,134079.71875,134206.046875,134392.015625,0.0
1762651852.943664,133235.359375,132970.09375,133544.34375,133355.875,133429.109375,133516.1875,133641.796875,133827.59375,0.0
1762651852.9461784,132654.921875,132389.03125,132963.65625,132774.828125,132848.765625,132935.125,133060.75,133246.0,0.0
1762651852.946194,133447.34375,133181.796875,133756.328125,133567.421875,133641.0,133727.359375,133853.515625,134039.21875,0.0
1762651852.9488175,133890.171875,133624.90625,134199.078125,134010.6875,134083.921875,134170.28125,134296.796875,134482.578125,0.0
1762651852.9488325,133464.59375,133199.0625,133773.5,133584.9375,133658.34375,133744.625,133870.765625,134056.65625,0.0
1762651852.9512596,132731.375,132465.390625,133039.90625,132851.0,132924.578125,133011.390625,133136.828125,133322.34375,0.0
1762651852.9825745,133360.53125,133094.984375,133669.515625,133480.875,133554.0,133640.90625,133766.53125,133952.3125,0.0
1762651852.9849563,133958.21875,133693.03125,134267.46875,134079.0,134151.953125,134239.046875,134364.75,134551.15625,0.0
1762651852.9849718,133674.53125,133409.171875,133983.34375,133794.6875,133868.0,133955.4375,134080.609375,134266.84375,0.0
1762651852.9880621,132861.015625,132595.03125,133169.203125,132980.453125,133053.953125,133141.21875,133266.109375,133452.265625,0.0
1762651852.9899044,133264.5,132998.703125,133573.046875,133384.125,133457.71875,133544.796875,133670.234375,133856.109375,0.0
1762651852.9923916,134001.9375,133736.578125,134310.75,134122.0,134195.5,134282.484375,134408.109375,134594.34375,0.0
1762651852.9949849,133859.953125,133594.5,134168.9375,133980.203125,134053.875,134140.6875,134266.40625,134452.09375,0.0
1762651853.0000625,133036.515625,132770.625,133345.421875,133156.140625,133230.0,133317.34375,133442.6875,133628.03125,0.0
1762651853.0023909,133175.71875,132910.28125,133484.625,133295.625,133369.375,133456.375,133581.71875,133767.59375,0.0
1762651853.004958,134018.46875,133753.203125,134327.640625,134138.90625,134212.390625,134298.9375,134424.828125,134611.0625,0.0
1762651853.0079749,134019.09375,133753.734375,134328.171875,134139.53125,134213.109375,134299.84375,134425.359375,134611.59375,0.0
1762651853.0112824,133246.71875,132980.90625,133555.171875,133366.515625,133440.015625,133527.09375,133652.53125,133838.234375,0.0
1762651853.011298,133112.25,132846.171875,133420.515625,133231.875,133305.453125,133392.625,133517.796875,133703.578125,0.0
1762651853.011306,134008.90625,133743.546875,134317.546875,134129.609375,134202.5625,134289.5625,134415.265625,134601.578125,0.0
1762651853.0138144,134153.75,133888.65625,134462.5625,134274.625,134347.484375,134434.03125,134560.375,134746.78125,0.0
1762651853.016142,133477.828125,133211.9375,133786.1875,133598.0,133671.125,133757.578125,133883.828125,134069.609375,0.0
1762651853.019848,133089.71875,132823.28125,133397.8125,133209.078125,133282.65625,133369.46875,133495.265625,133680.96875,0.0
1762651853.0263543,133967.515625,133702.0625,134275.96875,134087.765625,134161.25,134248.078125,134373.953125,134560.375,0.0
1762651853.0263796,134267.46875,134001.84375,134575.65625,134387.71875,134461.21875,134547.578125,134674.0,134860.234375,0.0
1762651853.0611863,133714.40625,133448.953125,134023.296875,133834.921875,133908.59375,133994.953125,134120.671875,134307.265625,0.0
1762651853.061241,133116.09375,132849.828125,133424.8125,133235.890625,133309.828125,133396.203125,133521.90625,133707.96875,0.0
1762651853.0662825,133897.859375,133631.96875,134206.765625,134017.9375,134091.96875,134178.328125,134304.21875,134490.1875,0.0
1762651853.0662987,134356.703125,134090.890625,134665.515625,134477.125,134550.4375,134636.90625,134763.046875,134949.203125,0.0
1762651853.0663064,133942.921875,133676.9375,134251.46875,134062.8125,134136.484375,134223.03125,134349.09375,134534.984375,0.0
1762651853.0663128,133197.984375,132932.171875,133506.703125,133317.609375,133392.0,133478.984375,133604.078125,133789.859375,0.0
1762651853.066318,133808.546875,133543.1875,134117.265625,133928.4375,134002.375,134089.375,134214.90625,134401.046875,0.0
1762651853.0699997,134418.296875,134152.9375,134726.75,134538.640625,134611.953125,134698.859375,134824.75,135010.984375,0.0
1762651853.070015,134146.765625,133881.59375,134455.5,134267.203125,134340.609375,134427.421875,134553.3125,134739.546875,0.0
1762651853.0700223,133329.40625,133063.78125,133638.046875,133449.484375,133523.25,133610.0625,133735.40625,133921.46875,0.0
1762651853.0748858,133710.46875,133444.75,134018.921875,133830.265625,133904.125,133990.75,134116.46875,134302.515625,0.0
1762651853.0773835,134457.8125,134192.8125,134766.625,134578.34375,134651.921875,134738.828125,134864.796875,135050.671875,0.0
1762651853.0837228,134330.765625,134065.5,134639.765625,134451.203125,134524.78125,134611.421875,134737.390625,134923.71875,0.0
1762651853.120049,133509.03125,133243.3125,133817.484375,133629.28125,133702.59375,133789.59375,133915.03125,134101.796875,0.0
1762651853.12007,133624.8125,133359.28125,133933.53125,133745.515625,133818.46875,133905.546875,134030.984375,134217.40625,0.0
1762651853.120078,134476.140625,134210.96875,134785.40625,134596.9375,134669.625,134756.796875,134882.765625,135069.1875,0.0
1762651853.1235332,134488.484375,134223.390625,134797.921875,134609.28125,134682.40625,134769.046875,134895.109375,135081.609375,0.0
1762651853.1235514,133722.09375,133456.640625,134031.171875,133842.609375,133916.1875,134003.0,134128.71875,134314.671875,0.0
1762651853.1235611,133565.0,133299.1875,133873.359375,133684.8125,133758.390625,133845.46875,133971.0,134156.875,0.0
1762651853.1605237,134462.203125,134196.75,134770.828125,134582.453125,134655.9375,134742.671875,134869.0,135055.0625,0.0
1762651853.162469,134620.0,134354.828125,134928.90625,134740.4375,134813.921875,134900.390625,135026.890625,135212.953125,0.0
1762651853.1648865,133950.609375,133684.8125,134259.0625,134070.78125,134144.09375,134230.71875,134356.703125,134543.109375,0.0
1762651853.167836,133542.5625,133276.3125,133850.828125,133662.453125,133735.953125,133822.9375,133948.734375,134134.703125,0.0
1762651853.1737032,134412.125,134146.765625,134721.21875,134532.828125,134606.140625,134692.875,134819.109375,135005.171875,0.0
1762651853.1887236,134726.390625,134461.125,135035.484375,134847.09375,134920.59375,135007.3125,135133.640625,135319.875,0.0
1762651853.191253,134184.6875,133919.40625,134493.671875,134305.375,134378.96875,134465.515625,134591.484375,134777.71875,0.0
1762651853.1937232,133572.15625,133306.609375,133881.234375,133692.578125,133766.078125,133852.984375,133978.59375,134164.65625,0.0
1762651853.196136,134339.265625,134074.078125,134647.984375,134459.875,134532.828125,134620.09375,134746.0625,134932.03125,0.0
1762651853.1987967,134809.1875,134544.0,135118.0,134930.0625,135003.109375,135089.75,135216.171875,135402.40625,0.0
1762651853.201252,134409.09375,134143.828125,134718.0,134529.609375,134603.015625,134689.46875,134815.984375,135002.21875,0.0
1762651853.2036357,133657.890625,133392.453125,133966.53125,133778.5,133851.546875,133938.8125,134064.78125,134250.65625,0.0
1762651853.2061372,134250.484375,133985.21875,134559.46875,134371.453125,134444.5,134531.765625,134657.546875,134843.703125,0.0
1762651853.2086356,134873.390625,134608.296875,135182.1875,134994.34375,135067.484375,135154.203125,135280.625,135467.140625,0.0
1762651853.2111344,134615.0,134349.640625,134923.71875,134735.875,134809.1875,134896.265625,135022.15625,135208.296875,0.0
1762651853.213702,133794.328125,133528.796875,134102.6875,133915.03125,133988.34375,134075.0625,134200.953125,134386.921875,0.0
1762651853.216134,134155.796875,133890.359375,134464.4375,134276.40625,134349.640625,134436.09375,134562.515625,134748.65625,0.0
1762651853.2198985,134914.59375,134649.421875,135223.234375,135035.484375,135108.515625,135195.0625,135321.40625,135508.265625,0.0
1762651853.219914,134796.9375,134531.671875,135105.578125,134917.734375,134990.78125,135077.3125,135203.828125,135390.421875,0.0
1762651853.2199216,133976.1875,133710.375,134284.453125,134096.53125,134169.65625,134256.46875,134382.53125,134568.765625,0.0
1762651853.2223856,134068.90625,133803.0,134377.171875,134189.421875,134262.546875,134349.015625,134475.4375,134661.671875,0.0
1762651853.2249663,134923.71875,134658.265625,135232.078125,135044.421875,135117.546875,135204.015625,135330.515625,135517.109375,0.0
1762651853.2273855,134946.421875,134681.421875,135255.234375,135067.484375,135140.4375,135227.078125,135353.40625,135540.09375,0.0
1762651853.2299747,134185.671875,133920.125,134493.9375,134306.0,134379.234375,134465.953125,134592.203125,134778.171875,0.0
1762651853.233781,134007.921875,133742.390625,134316.203125,134128.0,134201.75,134288.125,134414.28125,134600.328125,0.0
1762651853.2337961,134904.3125,134639.21875,135213.484375,135025.203125,135098.515625,135185.0625,135311.296875,135497.71875,0.0
1762651853.2338035,135075.53125,134810.703125,135384.875,135196.671875,135269.90625,135356.453125,135482.78125,135669.109375,0.0
1762651853.236228,134417.9375,134152.578125,134726.578125,134538.375,134611.875,134698.859375,134824.921875,135010.71875,0.0
1762651853.236243,133991.109375,133725.75,134299.390625,134111.546875,134184.859375,134271.859375,134398.0,134583.34375,0.0
1762651853.2389228,134855.953125,134591.03125,135165.296875,134977.1875,135050.671875,135136.78125,135263.28125,135449.25,0.0
1762651853.2389383,135181.65625,134917.015625,135491.0,135302.984375,135376.390625,135462.390625,135589.171875,135775.328125,0.0
1762651853.2411296,134651.109375,134385.9375,134959.921875,134772.265625,134845.671875,134931.59375,135058.28125,135244.25,0.0
1762651853.2436352,134025.71875,133760.4375,134334.265625,134146.328125,134220.0,134306.1875,134432.34375,134618.390625,0.0
1762651853.2461343,134780.046875,134515.671875,135089.296875,134901.1875,134974.765625,135060.78125,135187.296875,135373.609375,0.0
1762651853.2488315,135264.1875,134999.890625,135573.703125,135385.6875,135458.90625,135545.09375,135672.0625,135858.640625,0.0
1762651853.2512531,134873.46875,134608.46875,135182.640625,134994.34375,135067.578125,135154.390625,135280.71875,135466.859375,0.0
1762651853.2512684,134114.3125,133849.3125,134423.484375,134234.65625,134308.515625,134395.0625,134521.390625,134707.0,0.0
1762651853.2536364,134689.734375,134425.28125,134999.09375,134810.53125,134884.109375,134970.203125,135096.90625,135283.3125,0.0
1762651853.2924516,135323.90625,135059.4375,135633.078125,135444.96875,135518.09375,135604.28125,135731.15625,135917.5625,0.0
1762651853.296147,135076.609375,134812.046875,135385.421875,135197.578125,135270.703125,135357.15625,135483.671875,135670.0,0.0
1762651853.2961628,134253.96875,133988.96875,134562.6875,134374.484375,134447.890625,134534.53125,134660.6875,134846.65625,0.0
1762651853.296171,134593.09375,134328.265625,134901.90625,134713.609375,134787.109375,134873.46875,134999.984375,135186.390625,0.0
1762651853.2987149,135359.3125,135094.75,135668.296875,135480.09375,135553.765625,135640.140625,135766.46875,135953.234375,0.0
1762651853.3037853,135253.265625,134988.546875,135562.53125,135374.15625,135447.734375,135534.015625,135660.609375,135846.75,0.0
1762651853.306134,134435.828125,134170.640625,134744.453125,134556.25,134629.75,134716.296875,134842.625,135028.328125,0.0
1762651853.3087208,134505.65625,134240.65625,134814.28125,134626.078125,134699.484375,134785.9375,134912.546875,135098.421875,0.0
1762651853.311298,135367.359375,135102.53125,135676.34375,135488.140625,135561.375,135647.734375,135774.609375,135961.109375,0.0
1762651853.3139424,135404.109375,135139.1875,135713.265625,135525.421875,135598.296875,135684.484375,135811.171875,135997.9375,0.0
1762651853.313958,134650.671875,134385.40625,134959.296875,134771.09375,134844.5,134931.3125,135057.375,135243.53125,0.0
1762651853.316136,134452.359375,134187.359375,134761.0,134572.703125,134646.375,134732.921875,134859.078125,135045.21875,0.0
1762651853.3186703,135349.828125,135085.09375,135658.640625,135470.890625,135544.296875,135630.390625,135756.984375,135943.671875,0.0
1762651853.3213751,135533.75,135269.28125,135843.09375,135655.25,135728.203125,135814.21875,135941.265625,136127.859375,0.0
1762651853.3238668,134884.015625,134618.84375,135193.015625,135004.90625,135077.859375,135164.21875,135290.90625,135477.328125,0.0
1762651853.3473692,134439.40625,134174.21875,134748.484375,134560.1875,134633.5,134719.875,134846.5625,135032.34375,0.0
1762651853.3536694,135297.984375,135033.25,135606.875,135419.03125,135492.265625,135578.53125,135705.40625,135891.546875,0.0
1762651853.3536851,135634.953125,135370.3125,135944.296875,135756.359375,135829.59375,135915.59375,136042.640625,136228.96875,0.0
1762651853.3561323,135115.234375,134850.21875,135424.3125,135236.46875,135309.515625,135395.703125,135522.5625,135708.71875,0.0
1762651853.35868,134476.953125,134212.390625,134786.484375,134598.09375,134671.40625,134757.78125,134884.375,135070.34375,0.0
1762651853.361395,135222.703125,134957.96875,135531.59375,135343.65625,135417.328125,135503.078125,135629.671875,135816.265625,0.0
1762651853.3636315,135718.546875,135453.640625,136027.359375,135839.515625,135912.921875,135999.015625,136125.796875,136312.296875,0.0
1762651853.3661315,135337.859375,135072.9375,135646.3125,135458.1875,135531.78125,135618.140625,135744.75,135931.25,0.0
1762651853.3686311,134569.3125,134303.6875,134877.671875,134689.203125,134762.96875,134849.6875,134975.75,135162.25,0.0
1762651853.3711765,135127.203125,134861.578125,135436.015625,135247.28125,135321.140625,135407.40625,135534.1875,135720.515625,0.0
1762651853.3711927,135771.03125,135506.203125,136080.109375,135892.171875,135965.21875,136051.3125,136178.71875,136365.140625,0.0
1762651853.373819,135535.53125,135270.890625,135844.515625,135656.859375,135729.71875,135816.171875,135943.046875,136129.546875,0.0
1762651853.376134,134711.203125,134445.75,135019.65625,134831.453125,134905.03125,134991.3125,135117.640625,135303.96875,0.0
1762651853.3786712,135033.328125,134768.421875,135342.140625,135153.9375,135227.53125,135313.625,135440.3125,135626.640625,0.0
1762651853.378687,135809.5625,135545.359375,136118.734375,135931.15625,136004.296875,136090.296875,136217.34375,136403.859375,0.0
1762651853.3812113,135713.453125,135448.984375,136022.53125,135834.6875,135908.265625,135994.1875,136121.140625,136307.296875,0.0
1762651853.3900285,134899.3125,134634.390625,135208.296875,135020.09375,135093.59375,135179.953125,135306.65625,135492.609375,0.0
1762651853.3900447,134949.921875,134684.90625,135259.0,135071.0625,135143.921875,135230.5625,135357.15625,135543.3125,0.0
1762651853.4287212,135814.484375,135549.75,136123.828125,135936.25,136008.9375,136095.3125,136221.90625,136409.03125,0.0
1762651853.4287431,135861.859375,135597.40625,136171.296875,135983.640625,136056.59375,136142.96875,136269.921875,136456.609375,0.0
1762651853.4287508,135115.5,134851.03125,135424.578125,135236.734375,135309.953125,135396.40625,135523.015625,135709.25,0.0
1762651853.4287565,134896.890625,134632.15625,135206.0625,135017.859375,135090.90625,135177.453125,135303.703125,135490.109375,0.0
1762651853.428762,135791.6875,135527.3125,136101.03125,135913.0,135986.046875,136072.234375,136198.9375,136385.703125,0.0
1762651853.4287677,135986.765625,135722.21875,136295.84375,136108.359375,136181.046875,136267.328125,136394.203125,136581.140625,0.0
1762651853.43294,135347.328125,135082.234375,135656.140625,135468.65625,135541.515625,135627.625,135754.484375,135940.984375,0.0
1762651853.4329593,134886.171875,134620.625,135194.796875,135006.78125,135079.90625,135166.015625,135292.96875,135479.109375,0.0
1762651853.4329717,135738.21875,135472.953125,136046.84375,135859.09375,135932.234375,136018.5,136145.640625,136331.875,0.0
1762651853.432978,136086.375,135821.359375,136395.53125,136207.515625,136280.65625,136366.921875,136493.96875,136680.65625,0.0
1762651853.4349132,135575.9375,135310.9375,135884.671875,135696.828125,135769.953125,135856.6875,135983.015625,136169.609375,0.0
1762651853.44022,134924.875,134659.703125,135233.6875,135045.9375,135119.078125,135205.625,135331.953125,135518.1875,0.0
1762651853.4402354,135658.90625,135394.53125,135968.34375,135780.5,135853.46875,135940.015625,136066.78125,136253.203125,0.0
1762651853.4423845,136165.578125,135901.203125,136474.9375,136287.09375,136360.046875,136446.140625,136573.1875,136759.6875,0.0
1762651853.4461305,135796.875,135531.6875,136105.859375,135918.109375,135990.96875,136077.0625,136203.765625,136390.890625,0.0
1762651853.4536283,135020.28125,134754.734375,135329.09375,135141.15625,135214.203125,135300.65625,135427.078125,135613.765625,0.0
1762651853.4899843,135564.140625,135299.046875,135873.046875,135685.203125,135758.328125,135844.875,135971.5625,136158.15625,0.0
1762651853.4900155,136223.515625,135958.78125,136532.234375,136344.671875,136417.4375,136503.890625,136631.296875,136817.625,0.0
1762651853.493739,135996.421875,135731.6875,136305.234375,136117.296875,136190.265625,136276.453125,136404.125,136590.53125,0.0
1762651853.493758,135167.984375,134903.15625,135476.875,135288.671875,135361.984375,135448.359375,135575.3125,135761.734375,0.0
1762651853.493766,135466.953125,135202.046875,135775.953125,135587.828125,135661.0625,135747.609375,135874.734375,136060.796875,0.0
1762651853.4963248,136251.859375,135987.296875,136560.9375,136373.1875,136446.046875,136532.421875,136659.734375,136846.140625,0.0
1762651853.4963408,136167.1875,135903.0,136476.453125,136288.515625,136361.46875,136447.84375,136574.96875,136761.65625,0.0
1762651853.4987094,135356.625,135091.796875,135665.34375,135477.421875,135550.1875,135637.09375,135763.875,135950.375,0.0
1762651853.501298,135383.453125,135118.453125,135692.0,135504.234375,135576.75,135663.921875,135790.34375,135977.015625,0.0
1762651853.506126,136251.59375,135986.5,136560.5,136372.828125,136445.421875,136532.0625,136659.28125,136845.796875,0.0
1762651853.508746,136311.40625,136047.03125,136620.578125,136433.171875,136505.59375,136592.40625,136719.1875,136905.96875,0.0
1762651853.5113304,135571.390625,135306.46875,135879.921875,135692.4375,135765.3125,135851.765625,135978.90625,136165.140625,0.0
1762651853.5137124,135331.0625,135065.96875,135639.59375,135451.84375,135524.71875,135611.265625,135738.21875,135924.453125,0.0
1762651853.5161257,136227.71875,135963.25,136536.796875,136348.859375,136422.0,136508.640625,136635.421875,136822.453125,0.0
1762651853.518633,136434.421875,136170.046875,136743.328125,136556.109375,136628.984375,136715.4375,136842.125,137029.515625,0.0
1762651853.521207,135803.3125,135538.390625,136111.9375,135924.625,135997.3125,136083.78125,136210.46875,136397.328125,0.0
1762651853.5236247,135324.703125,135059.796875,135633.34375,135445.59375,135518.984375,135605.09375,135731.875,135918.375,0.0
1762651853.52364,136172.203125,135907.734375,136480.734375,136293.609375,136366.84375,136453.03125,136579.890625,136766.390625,0.0
1762651853.5661173,136535.734375,136271.53125,136844.625,136657.59375,136730.546875,136816.828125,136943.78125,137130.46875,0.0
1762651853.568751,136036.65625,135771.921875,136345.5625,136158.15625,136231.125,136317.390625,136444.359375,136631.125,0.0
1762651853.5687675,135372.0,135107.09375,135680.734375,135493.328125,135566.375,135652.46875,135779.34375,135966.03125,0.0
1762651853.571268,136090.296875,135825.828125,136399.5625,136212.25,136285.125,136371.3125,136498.171875,136685.03125,0.0
1762651853.5737944,136609.046875,136345.109375,136918.484375,136731.265625,136804.390625,136890.140625,137017.625,137204.484375,0.0
1762651853.576291,136252.578125,135988.734375,136562.28125,136374.796875,136447.84375,136533.765625,136661.171875,136848.109375,0.0
1762651853.578738,135470.890625,135206.78125,135780.59375,135592.9375,135665.703125,135752.171875,135879.03125,136065.625,0.0
1762651853.5811253,135994.546875,135730.265625,136303.984375,136116.859375,136189.0,136275.546875,136402.875,136589.453125,0.0
1762651853.5837035,136664.46875,136400.359375,136973.90625,136786.6875,136859.375,136945.65625,137073.0625,137259.828125,0.0
1762651853.586318,136451.0625,136186.765625,136760.3125,136572.828125,136645.96875,136731.96875,136859.375,137046.0625,0.0
1762651853.6000035,135621.546875,135356.71875,135930.359375,135742.328125,135816.0,135902.28125,136029.234375,136215.734375,0.0
1762651853.6023753,135898.171875,135633.15625,136206.796875,136018.859375,136092.265625,136178.8125,136305.5,136492.0,0.0
1762651853.60529,136692.015625,136427.71875,137001.71875,136814.046875,136886.734375,136973.1875,137100.15625,137286.828125,0.0
1762651853.6073813,136621.109375,136356.734375,136930.546875,136742.96875,136815.75,136902.03125,137028.984375,137216.109375,0.0
1762651853.607397,135813.5,135548.671875,136122.671875,135934.734375,136007.953125,136094.234375,136220.828125,136407.78125,0.0
1762651853.6098733,135819.3125,135554.3125,136128.390625,135940.546875,136013.765625,136100.140625,136226.828125,136413.5,0.0
1762651853.612501,136694.328125,136430.046875,137003.859375,136815.921875,136888.703125,136975.15625,137102.296875,137289.15625,0.0
1762651853.6125164,136767.015625,136502.640625,137076.8125,136888.796875,136961.21875,137047.84375,137174.984375,137361.9375,0.0
1762651853.614874,136036.03125,135770.9375,136345.375,136157.359375,136229.78125,136316.6875,136443.1875,136629.78125,0.0
1762651853.6174536,135772.640625,135507.375,136081.8125,135893.703125,135966.734375,136053.640625,136179.703125,136366.484375,0.0
1762651853.6201456,136664.296875,136400.0,136973.828125,136786.328125,136859.109375,136945.484375,137072.4375,137259.46875,0.0
1762651853.6224067,136883.4375,136619.40625,137193.40625,137005.5625,137078.421875,137164.96875,137291.9375,137478.96875,0.0
1762651853.6224315,136262.59375,135997.859375,136572.46875,136384.0,136457.046875,136543.59375,136670.546875,136857.328125,0.0
1762651853.6248755,135765.578125,135500.484375,136075.109375,135886.625,135959.953125,136046.21875,136173.359375,136359.953125,0.0
1762651853.6598842,136598.3125,136333.671875,136907.921875,136720.171875,136793.21875,136879.5,137006.71875,137193.578125,0.0
1762651853.662499,136973.109375,136708.90625,137283.078125,137095.5,137168.28125,137254.203125,137381.515625,137568.640625,0.0
1762651853.6625144,136487.0,136222.625,136796.609375,136609.21875,136681.546875,136767.921875,136895.40625,137082.1875,0.0
1762651853.6661444,135807.953125,135543.21875,136117.484375,135929.640625,136002.328125,136089.140625,136215.921875,136402.515625,0.0
1762651853.6661596,136514.453125,136250.34375,136824.15625,136636.484375,136709.265625,136795.640625,136922.59375,137109.359375,0.0
1762651853.6661673,137044.90625,136780.703125,137354.421875,137166.765625,137239.53125,137325.734375,137452.6875,137640.0,0.0
1762651853.6687047,136700.859375,136436.125,137010.03125,136822.984375,136895.234375,136981.78125,137108.640625,137295.859375,0.0
1762651853.671133,135912.109375,135647.46875,136221.546875,136034.328125,136106.484375,136193.296875,136320.25,136506.9375,0.0
1762651853.6775146,136421.015625,136156.734375,136730.984375,136543.5,136616.015625,136702.296875,136829.875,137016.203125,0.0
1762651853.680067,137099.703125,136835.59375,137409.328125,137221.921875,137294.4375,137380.53125,137508.390625,137695.15625,0.0
1762651853.682486,136896.84375,136632.28125,137206.28125,137018.875,137091.390625,137177.84375,137305.078125,137491.671875,0.0
1762651853.6849346,136065.0,135800.0,136374.34375,136186.328125,136259.375,136346.0,136472.421875,136659.28125,0.0
1762651853.6874368,136326.328125,136061.875,136635.6875,136448.109375,136520.796875,136607.703125,136733.765625,136921.078125,0.0
1762651853.690044,137129.75,136865.375,137439.625,137251.875,137324.296875,137410.65625,137537.53125,137725.28125,0.0
1762651853.6987824,137069.046875,136804.65625,137378.828125,137190.90625,137263.59375,137349.953125,137477.625,137664.40625,0.0
1762651853.698798,136266.875,136002.59375,136576.5,136388.46875,136461.515625,136547.53125,136675.109375,136861.796875,0.0
1762651853.6988056,136250.078125,135985.609375,136559.78125,136371.84375,136444.53125,136530.90625,136658.03125,136844.625,0.0
1762651853.7011285,137126.078125,136861.890625,137435.875,137248.484375,137320.90625,137406.8125,137534.84375,137721.703125,0.0
1762651853.7038112,137208.96875,136944.859375,137518.40625,137331.359375,137403.6875,137489.515625,137617.734375,137804.765625,0.0
1762651853.7038264,136484.3125,136219.765625,136793.75,136606.09375,136678.6875,136764.96875,136892.640625,137079.140625,0.0
1762651853.7061167,136202.6875,135938.21875,136511.859375,136324.09375,136396.96875,136483.609375,136610.65625,136797.25,0.0
1762651853.7086232,137094.25,136830.046875,137404.046875,137216.46875,137288.71875,137374.984375,137502.75,137689.703125,0.0
1762651853.7112024,137325.90625,137061.890625,137635.875,137448.390625,137520.546875,137607.09375,137734.578125,137921.796875,0.0
1762651853.7173662,136717.21875,136452.84375,137026.390625,136839.4375,136911.421875,136998.234375,137125.640625,137312.40625,0.0
1762651853.7273715,136204.109375,135939.5625,136513.375,136326.25,136398.484375,136484.671875,136612.265625,136798.765625,0.0
1762651853.7273896,137033.546875,136769.078125,137343.078125,137155.5,137227.921875,137314.375,137441.859375,137628.90625,0.0
1762651853.7304804,137422.28125,137158.171875,137732.265625,137544.78125,137617.109375,137703.5625,137831.40625,138018.28125,0.0
1762651853.7304957,136946.375,136682.09375,137256.171875,137068.859375,137141.1875,137227.46875,137354.875,137541.828125,0.0
1762651853.73612,136258.828125,135993.921875,136568.0,136380.609375,136453.03125,136539.578125,136666.890625,136853.5625,0.0
1762651853.7702007,136951.46875,136687.265625,137261.078125,137073.6875,137146.46875,137232.46875,137360.234375,137546.734375,0.0
1762651853.770219,137495.515625,137231.765625,137805.578125,137618.171875,137690.78125,137776.875,137904.453125,138091.40625,0.0
1762651853.7724075,137158.890625,136894.875,137468.515625,137280.9375,137353.4375,137439.984375,137567.296875,137754.515625,0.0
1762651853.772423,136362.90625,136098.34375,136672.078125,136484.140625,136557.09375,136643.546875,136770.6875,136957.453125,0.0
1762651853.7748632,136849.359375,136585.171875,137158.984375,136971.140625,137044.0,137130.109375,137257.6875,137444.546875,0.0
1762651853.7773693,137541.375,137277.53125,137851.265625,137663.328125,137736.28125,137822.109375,137949.875,138137.0,0.0
1762651853.7798684,137350.84375,137087.09375,137660.90625,137473.15625,137545.84375,137632.03125,137759.34375,137946.75,0.0
1762651853.7823775,136520.796875,136256.6875,136830.5,136642.84375,136715.171875,136801.796875,136929.125,137115.703125,0.0
1762651853.7886074,136755.578125,136491.65625,137065.734375,136877.703125,136950.3125,137036.671875,137164.34375,137350.9375,0.0
1762651853.7911198,137565.0625,137301.59375,137875.21875,137687.46875,137759.984375,137846.078125,137974.015625,138160.96875,0.0
1762651853.7941525,137516.078125,137252.5,137826.046875,137638.46875,137710.984375,137797.078125,137924.9375,138111.96875,0.0
1762651853.7961464,136717.40625,136453.734375,137027.203125,136839.4375,136912.125,136998.40625,137126.078125,137312.765625,0.0
1762651853.8041215,136679.5,136415.46875,136989.203125,136801.171875,136874.125,136960.140625,137087.640625,137274.59375,0.0
1762651853.8041368,137560.234375,137296.578125,137869.859375,137682.28125,137755.0625,137841.0625,137968.65625,138156.046875,0.0
1762651853.8041444,137654.203125,137390.640625,137964.1875,137776.875,137849.46875,137935.390625,138063.15625,138250.28125,0.0
1762651853.8061252,136937.4375,136673.40625,137247.140625,137059.203125,137132.34375,137218.625,137346.015625,137532.890625,0.0
1762651853.806141,136637.375,136373.09375,136946.8125,136758.96875,136831.9375,136918.125,137045.53125,137232.296875,0.0
1762651853.8089483,137525.640625,137261.796875,137835.53125,137648.125,137720.375,137806.640625,137934.3125,138121.359375,0.0
1762651853.8111987,137770.53125,137507.140625,138080.59375,137893.28125,137965.609375,138051.53125,138179.46875,138366.78125,0.0
1762651853.8139987,137170.34375,136906.40625,137480.046875,137292.28125,137364.984375,137451.078125,137578.5625,137766.140625,0.0
1762651853.84735,136642.125,136377.75,136951.296875,136763.71875,136836.40625,136922.59375,137049.90625,137237.125,0.0
1762651853.8848832,137463.140625,137198.859375,137772.671875,137585.09375,137657.6875,137743.796875,137871.375,138058.953125,0.0
1762651853.884902,137863.328125,137599.671875,138172.953125,137985.90625,138058.5,138144.421875,138272.28125,138459.671875,0.0
1762651853.8873668,137397.34375,137133.6875,137706.78125,137520.015625,137592.515625,137678.53125,137806.015625,137993.234375,0.0
1762651853.8899188,136699.875,136435.59375,137008.515625,136821.65625,136894.515625,136980.53125,137107.9375,137294.96875,0.0
1762651853.8924494,137375.890625,137112.40625,137685.234375,137498.46875,137571.15625,137656.984375,137784.65625,137972.140625,0.0
1762651853.8949428,137931.640625,137668.421875,138241.4375,138054.296875,138127.171875,138213.0,138340.578125,138527.984375,0.0
1762651853.897446,137608.34375,137345.03125,137918.234375,137730.921875,137803.515625,137889.609375,138017.296875,138204.421875,0.0
1762651853.9037545,136807.96875,136544.3125,137117.40625,136930.09375,137003.140625,137089.0625,137216.375,137403.25,0.0
1762651853.927366,137278.25,137014.328125,137587.515625,137400.375,137473.15625,137558.984375,137686.65625,137873.875,0.0
1762651853.9479585,137977.765625,137714.375,138287.203125,138100.625,138172.953125,138258.6875,138386.71875,138574.390625,0.0
1762651853.9479845,137796.640625,137533.328125,138106.15625,137919.03125,137991.984375,138077.8125,138205.671875,138392.703125,0.0
1762651853.9499216,136967.734375,136704.078125,137277.09375,137089.6875,137162.734375,137249.015625,137376.328125,137563.28125,0.0
1762651853.9524307,137180.265625,136916.78125,137489.96875,137302.296875,137375.53125,137461.171875,137589.03125,137776.25,0.0
1762651853.9551897,137997.984375,137734.9375,138307.6875,138120.375,138193.0625,138278.71875,138407.1875,138594.328125,0.0
1762651853.9574757,137959.265625,137696.5,138269.15625,138081.65625,138154.4375,138240.453125,138368.84375,138555.609375,0.0
1762651853.9598813,137164.703125,136901.140625,137474.234375,137286.5625,137359.515625,137445.0,137573.46875,137760.515625,0.0
1762651853.9627776,137103.734375,136840.15625,137413.4375,137225.953125,137298.90625,137384.46875,137512.59375,137699.890625,0.0
1762651853.9648635,137987.421875,137723.765625,138297.3125,138109.734375,138182.609375,138268.25,138396.46875,138583.6875,0.0
1762651853.9674819,138093.640625,137830.34375,138403.265625,138215.78125,138288.734375,138374.65625,138502.6875,138689.71875,0.0
1762651853.9711509,137385.984375,137122.0625,137695.0625,137507.578125,137580.53125,137666.546875,137794.21875,137981.34375,0.0
1762651853.9711664,137065.90625,136801.890625,137375.171875,137187.59375,137260.734375,137346.46875,137473.875,137661.546875,0.0
1762651853.971174,137951.21875,137688.359375,138261.28125,138073.96875,138147.015625,138232.40625,138360.25,138548.1875,0.0
1762651853.9711804,138209.0625,137946.03125,138519.046875,138332.0,138404.59375,138490.34375,138618.109375,138806.03125,0.0
1762651853.9737127,137617.8125,137354.25,137927.53125,137739.953125,137812.90625,137898.734375,138026.140625,138213.890625,0.0
1762651853.976113,137072.34375,136808.328125,137382.140625,137194.390625,137267.25,137353.171875,137480.578125,137668.15625,0.0
1762651853.9786177,137883.71875,137619.609375,138193.328125,138006.203125,138078.890625,138164.90625,138292.484375,138480.0625,0.0
1762651853.9811945,138295.875,138032.484375,138605.859375,138418.8125,138491.328125,138577.25,138705.015625,138892.765625,0.0
1762651853.9836164,137842.046875,137578.390625,138152.03125,137964.71875,138037.3125,138123.421875,138251.171875,138438.84375,0.0
1762651853.9861436,137134.390625,136870.375,137444.109375,137256.796875,137329.21875,137415.671875,137542.984375,137730.390625,0.0
1762651853.9887276,137797.703125,137533.859375,138107.5,137920.375,137992.703125,138079.0625,138206.5625,138394.046875,0.0
1762651853.9911172,138366.953125,138103.390625,138676.390625,138489.09375,138561.875,138647.96875,138775.734375,138963.484375,0.0
1762651853.9936929,138054.84375,137791.09375,138364.375,138176.96875,138249.65625,138335.578125,138463.515625,138650.921875,0.0
1762651853.9961135,137249.90625,136985.796875,137559.34375,137371.765625,137444.453125,137530.828125,137658.140625,137845.546875,0.0
1762651853.99865,137697.921875,137434.265625,138007.1875,137820.421875,137892.921875,137979.03125,138106.78125,138294.0,0.0
1762651853.998666,138408.625,138145.234375,138718.15625,138531.375,138603.796875,138689.984375,138818.015625,139005.421875,0.0
1762651854.001214,138240.0,137976.96875,138549.703125,138363.03125,138435.453125,138521.28125,138649.3125,138836.703125,0.0
1762651854.001229,137412.1875,137148.609375,137721.53125,137534.671875,137607.265625,137693.28125,137820.59375,138007.90625,0.0
1762651854.0050683,137603.875,137340.125,137913.3125,137726.0,137799.3125,137884.96875,138012.46875,138199.765625,0.0
1762651854.0050836,138428.734375,138165.34375,138738.265625,138551.59375,138624.546875,138710.1875,138838.140625,139025.171875,0.0
1762651854.0050912,138402.1875,138138.796875,138711.796875,138525.03125,138597.71875,138683.546875,138811.578125,138998.796875,0.0
1762651854.008629,137611.296875,137348.078125,137920.90625,137733.78125,137806.46875,137892.75,138020.328125,138207.734375,0.0
1762651854.0086448,137529.484375,137266.1875,137839.109375,137651.703125,137724.578125,137811.125,137938.34375,138125.46875,0.0
1762651854.0086524,138416.40625,138153.375,138726.375,138539.0625,138611.75,138697.953125,138825.796875,139013.1875,0.0
1762651854.0180087,138533.53125,138270.484375,138843.046875,138656.28125,138728.609375,138814.53125,138942.46875,139129.953125,0.0
1762651854.0219514,137832.390625,137569.0,138141.921875,137954.796875,138027.296875,138113.3125,138241.078125,138428.46875,0.0
1762651854.0219667,137490.765625,137226.9375,137800.390625,137612.90625,137685.671875,137771.6875,137899.265625,138086.484375,0.0
1762651854.0219743,138376.34375,138113.3125,138685.96875,138499.109375,138571.34375,138657.53125,138785.65625,138972.78125,0.0
1762651854.0236402,138645.546875,138382.78125,138955.796875,138768.484375,138841.078125,138927.09375,139054.953125,139242.34375,0.0
1762651854.0260975,138064.59375,137801.015625,138374.375,138187.078125,138260.125,138345.59375,138473.4375,138660.84375,0.0
1762651854.0287197,137504.625,137240.515625,137814.421875,137626.671875,137699.625,137785.453125,137913.125,138100.625,0.0
1762651854.031155,138306.96875,138043.3125,138616.859375,138429.640625,138502.234375,138588.0625,138716.1875,138903.671875,0.0
1762651854.0311697,138733.0,138469.6875,139043.140625,138856.109375,138928.53125,139014.453125,139142.5625,139330.140625,0.0
1762651854.0336976,138287.484375,138024.078125,138597.546875,138410.0625,138483.1875,138568.9375,138696.875,138884.265625,0.0
1762651854.036181,137567.03125,137303.375,137876.921875,137689.34375,137762.5625,137848.578125,137975.890625,138163.015625,0.0
1762651854.0402155,138215.421875,137952.203125,138525.65625,138338.34375,138411.3125,138497.234375,138624.71875,138812.03125,0.0
1762651854.0402305,138795.21875,138532.0,139105.015625,138918.15625,138990.578125,139076.671875,139204.703125,139392.28125,0.0
1762651854.0473723,138494.640625,138231.328125,138804.609375,138617.125,138689.984375,138775.90625,138904.03125,139091.421875,0.0
1762651854.0811307,137686.484375,137422.5625,137996.1875,137808.34375,137881.296875,137967.21875,138095.15625,138282.296875,0.0
1762651854.081148,138115.546875,137852.0625,138425.171875,138237.859375,138310.453125,138396.203125,138524.40625,138711.625,0.0
1762651854.0837028,138834.5625,138571.171875,139144.0,138957.046875,139029.5625,139115.390625,139243.859375,139431.171875,0.0
1762651854.0837207,138677.734375,138414.25,138987.0,138800.234375,138872.5625,138958.5625,139086.953125,139274.078125,0.0
1762651854.0861354,137850.359375,137586.34375,138159.984375,137972.765625,138044.921875,138131.1875,138259.3125,138446.4375,0.0
1762651854.0886092,138019.703125,137755.953125,138329.234375,138142.109375,138214.34375,138300.265625,138428.5625,138615.875,0.0
1762651854.0911088,138851.1875,138588.328125,139161.15625,138973.9375,139046.546875,139132.28125,139260.40625,139448.34375,0.0
1762651854.0938587,138834.734375,138571.796875,139144.796875,138957.578125,139030.359375,139116.453125,139244.125,139432.0625,0.0
1762651854.096109,138051.4375,137788.046875,138361.0625,138174.203125,138247.25,138332.625,138460.484375,138648.140625,0.0
1762651854.098693,137948.171875,137684.875,138258.15625,138070.578125,138143.890625,138229.09375,138357.125,138544.796875,0.0
1762651854.1016867,138839.484375,138576.625,139149.453125,138962.328125,139034.828125,139120.578125,139249.046875,139436.71875,0.0
1762651854.1017027,138968.671875,138705.90625,139278.828125,139091.78125,139164.375,139250.03125,139378.59375,139566.359375,0.0
1762651854.103696,138276.296875,138013.265625,138586.28125,138398.96875,138471.484375,138557.3125,138685.703125,138873.09375,0.0
1762651854.1037111,137913.671875,137650.453125,138223.375,138035.890625,138108.75,138194.671875,138322.609375,138510.28125,0.0
1762651854.1061313,138792.71875,138529.6875,139102.59375,138915.65625,138987.984375,139073.984375,139202.296875,139390.046875,0.0
1762651854.1136973,139073.359375,138810.6875,139383.421875,139196.203125,139268.984375,139354.640625,139482.765625,139670.609375,0.0
1762651854.113714,138505.625,138242.59375,138815.421875,138628.03125,138700.890625,138787.078125,138914.578125,139102.15625,0.0
1762651854.150236,137930.296875,137666.546875,138240.0,138052.421875,138125.296875,138211.390625,138339.0625,138526.375,0.0
1762651854.150256,138723.0625,138459.671875,139032.953125,138845.46875,138918.421875,139004.171875,139132.109375,139319.765625,0.0
1762651854.1524422,139162.0625,138899.015625,139471.859375,139284.71875,139357.5,139443.234375,139571.359375,139759.390625,0.0
1762651854.1524577,138730.046875,138466.734375,139039.484375,138852.703125,138925.125,139011.140625,139139.078125,139326.828125,0.0
1762651854.154858,137998.25,137734.859375,138307.765625,138120.28125,138193.421875,138279.609375,138406.921875,138594.6875,0.0
1762651854.1573691,138627.84375,138364.375,138937.90625,138749.890625,138823.109375,138909.21875,139036.703125,139224.375,0.0
1762651854.1598575,139221.953125,138959.109375,139532.375,139344.890625,139417.5,139503.765625,139631.625,139819.375,0.0
1762651854.162742,138935.328125,138672.546875,139245.109375,139058.171875,139130.671875,139216.5,139344.453125,139532.46875,0.0
1762651854.1648517,138121.1875,137858.0625,138431.0625,138243.84375,138316.625,138402.453125,138530.390625,138717.96875,0.0
1762651854.1674533,138530.03125,138267.359375,138840.28125,138652.890625,138725.390625,138811.5,138939.609375,139127.359375,0.0
1762651854.1674716,139261.75,138999.34375,139571.984375,139384.765625,139457.09375,139543.203125,139671.40625,139859.515625,0.0
1762651854.1723444,139116.734375,138854.234375,139427.15625,139239.84375,139312.4375,139398.359375,139526.65625,139714.59375,0.0
1762651854.1748796,138291.859375,138028.828125,138602.09375,138414.53125,138487.484375,138573.40625,138701.4375,138888.828125,0.0
1762651854.177544,138436.25,138173.03125,138746.140625,138559.0,138631.96875,138717.703125,138845.734375,139033.21875,0.0
1762651854.1775596,139273.71875,139010.875,139583.796875,139396.921875,139469.171875,139555.171875,139683.484375,139871.328125,0.0
1762651854.179932,139269.34375,139006.671875,139579.3125,139392.28125,139464.875,139550.703125,139678.921875,139867.03125,0.0
1762651854.1825285,138491.6875,138228.46875,138801.484375,138614.078125,138687.125,138772.953125,138900.90625,139088.5625,0.0
1762651854.2161171,138366.609375,138103.03125,138676.484375,138489.09375,138561.78125,138647.96875,138776.0,138963.3125,0.0
1762651854.2161367,139259.15625,138996.203125,139569.3125,139382.09375,139454.859375,139540.515625,139669.078125,139857.015625,0.0
1762651854.218608,139401.046875,139138.359375,139711.1875,139524.0625,139596.84375,139682.671875,139811.15625,139999.171875,0.0
1762651854.218624,138718.515625,138455.5625,139028.84375,138841.4375,138914.578125,138999.96875,139128.4375,139316.109375,0.0
1762651854.2213817,138335.9375,138072.90625,138645.90625,138458.875,138531.5625,138617.296875,138745.234375,138932.90625,0.0
1762651854.223762,139211.953125,138949.53125,139522.1875,139335.328125,139407.75,139493.75,139621.875,139809.71875,0.0
1762651854.2649975,139506.359375,139244.125,139816.78125,139629.921875,139702.25,139788.078125,139916.734375,140104.3125,0.0
1762651854.271262,138947.65625,138684.796875,139257.8125,139070.59375,139143.28125,139229.203125,139357.59375,139545.171875,0.0
1762651854.2736852,138353.8125,138090.6875,138663.796875,138476.390625,138549.0,138635.09375,138763.484375,138950.96875,0.0
1762651854.2761073,139136.578125,138873.71875,139446.546875,139259.59375,139331.84375,139418.03125,139546.328125,139734.4375,0.0
1762651854.278682,139589.25,139327.1875,139899.84375,139712.71875,139785.046875,139871.046875,139999.796875,140188.0,0.0
1762651854.2811067,139169.484375,138906.984375,139480.53125,139293.3125,139365.453125,139451.109375,139579.9375,139767.796875,0.0
1762651854.2836735,138427.3125,138164.28125,138737.734375,138550.515625,138622.84375,138708.765625,138836.96875,139024.640625,0.0
1762651854.2836907,139042.4375,138779.65625,139352.5,139165.8125,139237.6875,139323.890625,139452.1875,139640.203125,0.0
1762651854.2861025,139647.359375,139385.03125,139957.78125,139771.09375,139843.15625,139929.171875,140057.828125,140245.84375,0.0
1762651854.2890391,139371.453125,139108.953125,139681.953125,139494.828125,139567.421875,139653.171875,139781.828125,139969.578125,0.0
1762651854.2912164,138555.609375,138292.3125,138865.578125,138678.359375,138751.046875,138836.96875,138965.1875,139152.671875,0.0
1762651854.29391,138942.65625,138679.34375,139252.890625,139066.03125,139138.1875,139223.921875,139352.3125,139540.25,0.0
1762651854.2988389,139686.421875,139423.578125,139996.9375,139810.078125,139882.234375,139967.609375,140096.53125,140284.65625,0.0
1762651854.3010416,139551.328125,139288.65625,139861.84375,139674.8125,139747.046875,139832.875,139961.625,140149.5625,0.0
1762651854.314866,138727.1875,138464.0625,139037.328125,138850.03125,138922.625,139008.546875,139136.578125,139324.515625,0.0
1762651854.317371,138850.03125,138586.90625,139160.09375,138972.96875,139045.921875,139131.125,139259.328125,139447.359375,0.0
1762651854.3199766,139695.375,139432.6875,140005.609375,139818.578125,139890.8125,139976.28125,140105.03125,140293.40625,0.0
1762651854.319992,139703.859375,139441.359375,140014.375,139827.515625,139899.671875,139984.953125,140113.96875,140302.359375,0.0
1762651854.3224373,138934.0625,138671.296875,139244.21875,139057.09375,139129.6875,139215.34375,139343.734375,139532.015625,0.0
1762651854.322452,138782.875,138519.671875,139093.03125,138905.734375,138978.5,139064.15625,139192.28125,139380.484375,0.0
1762651854.3250358,139674.53125,139412.03125,139985.046875,139797.921875,139870.34375,139955.984375,140084.46875,140272.84375,0.0
1762651854.3250513,139829.390625,139566.796875,140139.640625,139952.59375,140024.75,140110.671875,140239.046875,140427.4375,0.0
1762651854.3274517,139158.65625,138895.71875,139468.71875,139281.6875,139354.015625,139439.75,139568.234375,139756.34375,0.0
1762651854.3274672,138756.421875,138493.109375,139066.21875,138879.171875,138951.953125,139037.515625,139165.90625,139353.75,0.0
1762651854.3300076,139625.453125,139362.5,139935.0625,139748.390625,139820.71875,139906.1875,140034.84375,140223.234375,0.0
1762651854.3361173,139932.921875,139670.328125,140243.078125,140056.390625,140128.546875,140213.84375,140342.671875,140531.234375,0.0
1762651854.3361328,139385.75,139122.8125,139695.8125,139508.953125,139581.109375,139666.3125,139795.5,139983.4375,0.0
1762651854.3361404,138778.6875,138515.46875,139088.828125,138901.796875,138973.9375,139059.6875,139188.078125,139376.015625,0.0
1762651854.3386447,139546.78125,139284.359375,139857.46875,139670.515625,139742.390625,139828.046875,139956.609375,140145.265625,0.0
1762651854.3386595,140010.703125,139748.296875,140321.046875,140134.625,140206.15625,140291.984375,140420.640625,140609.375,0.0
1762651854.3411016,139603.734375,139341.234375,139913.796875,139727.109375,139799.0,139884.90625,140013.296875,140201.859375,0.0
1762651854.3436017,138855.5625,138592.796875,139165.546875,138978.140625,139051.015625,139136.578125,139265.140625,139453.078125,0.0
1762651854.3461075,139450.578125,139187.8125,139760.90625,139573.59375,139646.015625,139731.671875,139860.5,140048.703125,0.0
1762651854.34613,140067.65625,139805.25,140377.90625,140191.3125,140263.375,140349.203125,140477.859375,140666.234375,0.0
1762651854.3486025,139804.625,139541.671875,140114.515625,139928.09375,140000.0625,140085.984375,140214.734375,140403.03125,0.0
1762651854.352352,138985.125,138722.265625,139295.09375,139107.96875,139180.65625,139266.484375,139394.78125,139582.8125,0.0
1762651854.3873596,139348.65625,139086.0625,139659.34375,139471.9375,139544.359375,139630.1875,139758.671875,139946.953125,0.0
1762651854.3873887,140099.671875,139837.34375,140410.453125,140223.5,140295.5625,140381.65625,140510.5,140698.78125,0.0
1762651854.3911958,139978.4375,139716.015625,140288.859375,140102.265625,140174.140625,140260.15625,140388.984375,140577.09375,0.0
1762651854.3912113,139159.828125,138897.234375,139469.96875,139283.375,139355.359375,139441.1875,139569.578125,139757.953125,0.0
1762651854.3912187,139257.453125,138995.140625,139567.703125,139380.828125,139453.53125,139539.171875,139667.390625,139855.671875,0.0
1762651854.3948712,140105.21875,139842.71875,140415.546875,140229.21875,140301.109375,140386.671875,140515.5,140703.875,0.0
1762651854.3949018,140126.765625,139864.171875,140437.359375,140250.671875,140322.375,140408.21875,140536.875,140725.34375,0.0
1762651854.394914,139366.171875,139103.578125,139676.421875,139489.46875,139561.890625,139647.265625,139775.828125,139963.859375,0.0
1762651854.3973496,139191.5625,138928.890625,139501.796875,139314.765625,139387.0,139472.5625,139600.859375,139788.984375,0.0
1762651854.4023476,140081.34375,139818.484375,140391.671875,140204.984375,140276.875,140362.53125,140491.265625,140679.65625,0.0
1762651854.4050329,140248.984375,139986.5625,140559.3125,140372.453125,140444.78125,140530.078125,140659.171875,140847.5625,0.0
1762651854.405048,139587.640625,139325.21875,139897.703125,139711.015625,139783.25,139868.8125,139997.75,140185.859375,0.0
1762651854.4073725,139168.140625,138905.28125,139478.5625,139291.15625,139363.671875,139449.328125,139577.796875,139766.0,0.0
1762651854.409844,140030.734375,139768.234375,140341.15625,140154.109375,140226.265625,140312.015625,140440.578125,140629.40625,0.0
1762651854.4124472,140349.828125,140087.859375,140660.34375,140473.296875,140545.0,140630.828125,140760.03125,140948.671875,0.0
1762651854.4148445,139815.796875,139553.65625,140126.3125,139939.453125,140010.796875,140096.8125,140226.09375,140414.296875,0.0
1762651854.4187713,139195.859375,138933.0,139506.09375,139318.96875,139391.03125,139476.765625,139605.515625,139793.53125,0.0
1762651854.4261029,139952.59375,139690.09375,140262.921875,140076.515625,140148.03125,140233.6875,140362.96875,140550.8125,0.0
1762651854.4261184,140429.125,140166.71875,140739.375,140552.96875,140624.84375,140710.234375,140839.59375,141027.796875,0.0
1762651854.4575336,140035.390625,139772.703125,140345.53125,140159.125,140231.09375,140316.484375,140445.21875,140633.875,0.0
1762651854.4575517,139279.359375,139016.5,139589.515625,139402.65625,139475.15625,139560.359375,139689.015625,139876.953125,0.0
1762651854.4598804,139856.03125,139593.0,140166.28125,139979.0625,140051.484375,140136.859375,140265.875,140453.984375,0.0
1762651854.4598956,140483.578125,140221.265625,140794.0,140607.328125,140679.296875,140764.765625,140893.875,141082.25,0.0
1762651854.4624987,140231.453125,139968.78125,140541.421875,140354.75,140426.890625,140512.375,140641.828125,140830.125,0.0
1762651854.4648488,139409.625,139146.234375,139719.234375,139532.46875,139604.625,139690.453125,139819.109375,140007.046875,0.0
1762651854.4674304,139752.140625,139489.109375,140061.9375,139875.34375,139947.5,140032.796875,140161.625,140350.09375,0.0
1762651854.4698608,140513.265625,140250.859375,140823.234375,140637.09375,140708.53125,140794.453125,140923.375,141112.015625,0.0
1762651854.4728787,140406.15625,140144.015625,140716.21875,140529.984375,140601.234375,140687.421875,140816.359375,141004.640625,0.0
1762651854.4748888,139586.65625,139324.0625,139896.625,139710.125,139782.09375,139867.828125,139996.671875,140184.15625,0.0
1762651854.4749043,139660.6875,139398.0,139970.75,139783.875,139856.125,139941.59375,140070.875,140258.546875,0.0
1762651854.4773428,140519.609375,140257.109375,140829.671875,140643.078125,140715.234375,140800.625,140930.4375,141118.453125,0.0
1762651854.479919,140551.890625,140289.65625,140862.046875,140675.8125,140747.6875,140833.25,140962.53125,141150.46875,0.0
1762651854.4837108,139797.109375,139534.53125,140107.359375,139920.671875,139992.734375,140078.03125,140207.21875,140394.796875,0.0
1762651854.483726,139602.296875,139339.703125,139912.625,139725.765625,139798.015625,139883.390625,140012.5,140200.703125,0.0
1762651854.4902456,140494.3125,140232.34375,140804.734375,140618.140625,140690.203125,140775.40625,140904.78125,141093.0625,0.0
1762651854.52891,140674.203125,140412.140625,140984.53125,140798.03125,140869.734375,140955.203125,141084.578125,141272.953125,0.0
1762651854.528931,140023.21875,139760.28125,140333.203125,140146.703125,140218.484375,140303.875,140433.15625,140621.359375,0.0
1762651854.5289388,139582.71875,139319.5,139892.328125,139705.65625,139777.625,139863.28125,139991.671875,140179.953125,0.0
1762651854.5312424,140439.953125,140177.1875,140749.65625,140563.328125,140635.03125,140720.78125,140849.4375,141037.90625,0.0
1762651854.5312576,140773.625,140511.203125,141083.6875,140897.359375,140968.53125,141054.796875,141183.375,141372.203125,0.0
1762651854.533596,140249.0625,139986.75,140559.671875,140373.078125,140444.15625,140530.25,140659.0,140847.640625,0.0
1762651854.5572476,139612.21875,139349.453125,139922.1875,139735.609375,139807.390625,139893.140625,140021.890625,140210.0,0.0
1762651854.5686889,140356.09375,140094.03125,140666.515625,140480.1875,140551.703125,140637.546875,140766.46875,140955.03125,0.0
1762651854.5714712,140847.109375,140584.703125,141157.265625,140971.03125,141042.46875,141128.109375,141257.484375,141446.3125,0.0
1762651854.5714872,140466.6875,140204.09375,140776.84375,140590.328125,140661.59375,140747.59375,140876.609375,141065.171875,0.0
1762651854.5738716,139699.125,139436.53125,140009.71875,139822.859375,139894.484375,139980.484375,140108.96875,140297.078125,0.0
1762651854.576095,140255.953125,139994.25,140566.90625,140380.40625,140451.75,140537.859375,140667.046875,140855.15625,0.0
1762651854.5785944,140898.703125,140636.921875,141209.75,141023.234375,141094.671875,141180.515625,141310.0625,141498.4375,0.0
1762651854.5811367,140658.734375,140396.765625,140969.328125,140782.828125,140854.4375,140940.1875,141069.46875,141258.03125,0.0
1762651854.581152,139834.21875,139572.078125,140144.90625,139958.046875,140030.109375,140115.765625,140244.234375,140432.984375,0.0
1762651854.584852,140154.828125,139892.328125,140465.609375,140278.578125,140350.71875,140436.546875,140565.03125,140753.6875,0.0
1762651854.5848672,140926.953125,140664.8125,141238.09375,141051.21875,141122.84375,141208.578125,141337.78125,141526.609375,0.0
1762651854.584875,140830.390625,140568.34375,141141.171875,140954.671875,141026.1875,141111.84375,141240.953125,141429.59375,0.0
1762651854.5886273,140015.171875,139752.5,140325.78125,140138.734375,140210.796875,140296.359375,140425.375,140613.3125,0.0
1762651854.5886421,140064.625,139802.125,140375.125,140188.359375,140260.25,140346.15625,140474.90625,140662.9375,0.0
1762651854.58865,140927.046875,140665.171875,141237.8125,141051.5,141122.75,141208.40625,141337.859375,141525.984375,0.0
1762651854.5886557,140971.46875,140709.421875,141282.171875,141095.75,141167.28125,141252.921875,141382.21875,141570.40625,0.0
1762651854.5910923,140223.59375,139961.09375,140534.09375,140347.328125,140419.203125,140504.953125,140633.875,140822.34375,0.0
1762651854.5936973,140004.453125,139742.390625,140314.875,140128.1875,140199.890625,140286.171875,140414.734375,140603.03125,0.0
1762651854.596078,140897.625,140635.84375,141208.40625,141021.90625,141093.15625,141179.25,141308.546875,141496.65625,0.0
1762651854.598673,141090.46875,140828.6875,141401.34375,141214.65625,141285.921875,141371.75,141501.484375,141689.765625,0.0
1762651854.6014824,140447.734375,140185.671875,140758.234375,140571.828125,140643.171875,140729.453125,140858.109375,141046.484375,0.0
1762651854.6014977,139988.171875,139725.765625,140298.6875,140112.0,140183.4375,140269.8125,140398.5625,140586.75,0.0
1762651854.657428,140837.640625,140576.03125,141148.328125,140962.09375,141033.171875,141119.4375,141248.28125,141437.203125,0.0
1762651854.6598508,141183.28125,140921.40625,141493.96875,141307.734375,141378.90625,141465.0,141594.109375,141782.84375,0.0
1762651854.659867,140669.734375,140407.5,140980.234375,140793.90625,140865.265625,140951.53125,141080.28125,141268.671875,0.0
1762651854.6623404,140020.09375,139758.046875,140330.875,140144.015625,140215.625,140301.734375,140430.734375,140618.5,0.0
1762651854.6648388,140751.359375,140489.484375,141062.484375,140875.90625,140947.25,141033.171875,141162.53125,141350.296875,0.0
1762651854.6674085,141254.890625,140993.46875,141566.203125,141379.96875,141451.140625,141536.609375,141666.34375,141854.28125,0.0
1762651854.6699548,140884.75,140623.421875,141195.625,141009.390625,141080.640625,141166.734375,141296.109375,141483.953125,0.0
1762651854.672341,140111.203125,139849.234375,140421.984375,140235.5625,140306.828125,140393.1875,140522.109375,140709.875,0.0
1762651854.675259,140652.921875,140391.21875,140963.875,140777.734375,140848.90625,140935.171875,141064.09375,141252.125,0.0
1762651854.6775053,141306.75,141045.6875,141618.15625,141432.09375,141503.171875,141589.28125,141718.375,141906.40625,0.0
1762651854.6800416,141077.78125,140816.71875,141389.28125,141202.765625,141274.125,141360.21875,141489.140625,141677.4375,0.0
1762651854.68006,140252.375,139990.5,140563.6875,140376.828125,140448.4375,140534.1875,140662.9375,140851.21875,0.0
1762651854.6824217,140550.546875,140288.578125,140861.234375,140674.734375,140746.34375,140832.171875,140960.921875,141149.125,0.0
1762651854.6853778,141330.53125,141069.109375,141641.484375,141455.25,141526.78125,141612.53125,141742.078125,141930.0,0.0
1762651854.6877935,141245.234375,140983.546875,141556.109375,141370.140625,141441.21875,141526.96875,141656.59375,141844.625,0.0
1762651854.6901107,140434.59375,140172.359375,140745.09375,140558.859375,140630.125,140716.3125,140845.40625,141033.34375,0.0
1762651854.692357,140461.3125,140199.265625,140772.09375,140585.78125,140657.296875,140743.125,140872.328125,141060.53125,0.0
1762651854.6948912,141327.21875,141065.703125,141638.1875,141452.03125,141523.5625,141608.859375,141738.5,141926.96875,0.0
1762651854.6949062,141390.4375,141129.09375,141701.390625,141515.25,141586.59375,141671.890625,141801.171875,141990.09375,0.0
1762651854.6973462,140649.875,140388.09375,140960.84375,140774.328125,140845.859375,140931.421875,141060.796875,141248.90625,0.0
1762651854.6973612,140407.859375,140146.0625,140718.453125,140532.21875,140603.828125,140689.484375,140818.765625,141006.703125,0.0
1762651854.6998398,141298.53125,141037.09375,141609.03125,141423.15625,141494.6875,141579.984375,141709.53125,141898.171875,0.0
1762651854.7023835,141505.234375,141243.984375,141815.65625,141629.953125,141701.390625,141786.15625,141916.421875,142104.984375,0.0
1762651854.7023985,140874.375,140612.859375,141184.71875,140998.921875,141070.53125,141155.65625,141285.46875,141473.578125,0.0
1762651854.70484,140394.53125,140132.484375,140705.21875,140518.8125,140590.609375,140676.25,140805.171875,140993.375,141.0
1762651854.73869,141236.828125,140975.3125,141547.875,141361.734375,141433.078125,141518.640625,141647.65625,141836.40625,0.0
1762651854.7387073,141597.859375,141336.34375,141908.90625,141723.125,141794.375,141879.40625,142008.78125,142197.875,0.0
1762651854.7412903,141096.375,140834.765625,141407.328125,141220.734375,141292.453125,141378.453125,141507.46875,141695.9375,0.0
1762651854.7413056,140433.6875,140171.90625,140744.375,140557.96875,140629.84375,140715.5,140844.515625,141032.453125,0.0
1762651854.7436216,141148.046875,140886.53125,141458.921875,141273.21875,141344.296875,141429.59375,141558.96875,141747.53125,0.0
1762651854.749841,141663.03125,141401.4375,141974.171875,141788.390625,141859.46875,141945.125,142074.3125,142263.046875,0.0
1762651854.7560797,141305.765625,141043.890625,141616.8125,141430.484375,141502.109375,141587.671875,141716.765625,141905.0625,0.0
1762651854.7590597,140523.71875,140261.9375,140834.859375,140648.09375,140720.421875,140805.984375,140934.8125,141122.578125,0.0
1762651854.7615826,141046.578125,140785.59375,141357.984375,141170.9375,141243.453125,141328.828125,141457.84375,141646.234375,0.0
1762651854.7637653,141712.125,141451.328125,142023.265625,141837.375,141909.09375,141994.65625,142123.84375,142312.3125,0.0
1762651854.7660885,141496.46875,141235.21875,141807.875,141621.90625,141693.4375,141778.734375,141908.109375,142096.484375,0.0
1762651854.7687893,140669.640625,140407.859375,140980.59375,140794.265625,140866.15625,140951.625,141080.640625,141268.9375,0.0
1762651854.7688048,140947.96875,140686.453125,141258.921875,141072.5,141144.03125,141229.953125,141358.96875,141547.34375,0.0
1762651854.7710893,141736.984375,141475.90625,142048.375,141862.421875,141933.765625,142019.234375,142148.703125,142337.25,0.0
1762651854.773722,141663.578125,141402.421875,141974.796875,141788.828125,141859.90625,141945.75,142075.03125,142263.5,0.0
1762651854.7737372,140854.703125,140593.109375,141165.484375,140979.4375,141050.59375,141136.703125,141265.625,141453.921875,0.0
1762651854.7760892,140859.453125,140597.484375,141170.140625,140983.640625,141055.421875,141141.4375,141270.546875,141458.46875,0.0
1762651854.7789264,141730.453125,141469.296875,142041.59375,141855.359375,141926.96875,142012.359375,142141.984375,142330.640625,0.0
1762651854.7812607,141800.28125,141539.03125,142111.140625,141925.265625,141996.609375,142082.09375,142211.640625,142400.46875,0.0
1762651854.781276,141067.765625,140806.25,141378.1875,141192.3125,141263.84375,141349.578125,141478.765625,141667.15625,0.0
1762651854.8161337,140804.015625,140542.328125,141114.796875,140928.921875,141000.171875,141086.28125,141215.015625,141403.40625,0.0
1762651854.8198605,141693.609375,141432.015625,142004.125,141818.703125,141889.6875,141975.515625,142104.703125,142293.359375,0.0
1762651854.8198776,141914.265625,141652.75,142224.96875,142039.359375,142110.609375,142195.90625,142325.8125,142514.1875,0.0
1762651854.8198843,141295.125,141033.171875,141605.734375,141419.578125,141491.109375,141576.671875,141706.125,141894.328125,0.0
1762651854.8224616,140797.75,140536.0625,141108.625,140922.125,140993.734375,141079.390625,141208.671875,141396.78125,0.0
1762651854.824838,141631.03125,141369.6875,141942.4375,141755.9375,141827.28125,141912.9375,142042.296875,142231.21875,0.0
1762651854.8273375,142006.265625,141745.03125,142317.859375,142131.265625,142202.78125,142288.34375,142417.71875,142606.546875,0.0
1762651854.8299203,141518.921875,141257.578125,141830.59375,141643.734375,141715.34375,141800.90625,141930.28125,142118.65625,0.0
1762651854.8323364,140843.796875,140582.109375,141155.203125,140968.34375,141039.96875,141125.703125,141254.71875,141442.828125,0.0
1762651854.834838,141546.359375,141284.84375,141857.5,141671.0,141742.4375,141828.265625,141957.359375,142145.75,0.0
1762651854.8377604,142075.65625,141814.765625,142387.140625,142200.734375,142271.984375,142357.640625,142486.921875,142675.578125,0.0
1762651854.840548,141729.5625,141468.578125,142041.046875,141854.546875,141926.15625,142011.453125,142140.65625,142329.296875,0.0
1762651854.8423462,140940.625,140679.296875,141251.9375,141065.4375,141137.0625,141222.4375,141351.546875,141540.109375,0.0
1762651854.842362,141442.375,141181.5,141753.78125,141567.375,141638.8125,141724.375,141853.75,142042.484375,0.0
1762651854.8449109,142120.359375,141859.375,142432.03125,142245.609375,142316.96875,142402.4375,142531.8125,142720.71875,0.0
1762651854.844926,141918.03125,141657.046875,142229.515625,142043.109375,142114.453125,142200.109375,142329.484375,142518.3125,0.0
1762651854.8536773,141090.390625,140828.609375,141400.984375,141214.484375,141285.921875,141372.015625,141500.859375,141689.328125,0.0
1762651854.8573878,141344.03125,141082.875,141654.984375,141468.578125,141539.828125,141625.484375,141755.03125,141943.15625,0.0
1762651854.8660846,142144.046875,141883.15625,142455.28125,142269.125,142340.203125,142425.859375,142555.59375,142744.421875,0.0
1762651854.8661015,142082.0,141820.9375,142393.21875,142206.984375,142278.34375,142363.984375,142493.1875,142682.09375,0.0
1762651854.9050827,141279.578125,141018.421875,141590.53125,141404.203125,141475.640625,141561.46875,141690.390625,141878.953125,0.0
1762651854.9051008,141259.453125,140998.296875,141570.6875,141384.265625,141455.34375,141541.4375,141670.640625,141859.015625,0.0
1762651854.9051087,142135.375,141874.390625,142446.875,142260.640625,142331.53125,142417.1875,142547.1875,142735.46875,0.0
1762651854.9086769,142218.609375,141957.640625,142529.84375,142343.6875,142415.125,142500.609375,142630.328125,142818.890625,0.0
1762651854.908692,141493.609375,141232.359375,141804.75,141618.328125,141689.953125,141775.6875,141904.796875,142093.53125,0.0
1762651854.9087,141207.875,140946.171875,141519.0,141332.5,141404.03125,141489.59375,141618.953125,141807.515625,0.0
1762651854.9123588,142096.3125,141835.328125,142407.796875,142221.296875,142292.640625,142378.203125,142508.203125,142696.671875,0.0
1762651854.9123745,142329.296875,142068.328125,142640.875,142454.5625,142525.90625,142611.109375,142741.015625,142929.9375,0.0
1762651854.9123826,141719.453125,141458.03125,142031.125,141844.71875,141915.875,142001.359375,142130.8125,142319.546875,0.0
1762651854.9123888,141203.578125,140941.703125,141514.890625,141328.390625,141399.46875,141485.296875,141614.484375,141802.953125,0.0
1762651854.9148312,142029.78125,141768.53125,142341.015625,142154.78125,142225.859375,142311.59375,142440.96875,142629.96875,0.0
1762651854.9174871,142418.265625,142157.640625,142729.390625,142544.0625,142614.953125,142700.34375,142829.625,143018.890625,0.0
1762651854.9199166,141941.71875,141680.46875,142252.59375,142066.890625,142137.796875,142223.625,142352.546875,142541.640625,0.0
1762651854.9226277,141253.640625,140991.765625,141564.78125,141378.453125,141449.71875,141535.453125,141664.296875,141853.03125,0.0
1762651854.9250033,141938.859375,141677.875,142250.265625,142064.390625,142135.46875,142220.9375,142350.484375,142539.40625,0.0
1762651854.9274304,142482.90625,142222.1875,142794.3125,142608.25,142679.5,142765.0625,142894.625,143083.890625,0.0
1762651854.9311917,142150.125,141889.328125,142461.4375,142275.203125,142346.5625,142432.125,142561.3125,142750.765625,0.0
1762651854.9312136,141355.125,141093.875,141666.078125,141479.671875,141551.28125,141637.109375,141766.03125,141954.859375,0.0
1762651854.98992,141835.765625,141574.53125,142146.734375,141960.5,142032.015625,142117.671875,142246.953125,142435.96875,0.0
1762651854.9974737,142523.765625,142263.40625,142835.25,142649.28125,142720.640625,142805.75,142935.65625,143124.9375,0.0
1762651854.997491,142334.390625,142073.6875,142645.625,142459.5625,142530.90625,142615.9375,142745.9375,142934.765625,0.0
1762651854.9974988,141504.875,141243.625,141815.921875,141629.328125,141700.953125,141786.515625,141915.96875,142104.34375,0.0
1762651854.999822,141735.8125,141474.390625,142046.765625,141860.09375,141931.796875,142017.09375,142146.90625,142335.640625,0.0
1762651855.0024202,142545.03125,142284.328125,142856.625,142670.03125,142741.640625,142826.40625,142956.75,143145.578125,0.0
1762651855.0048306,142495.15625,142234.265625,142806.46875,142620.140625,142691.671875,142776.953125,142906.953125,143095.703125,0.0
1762651855.0074885,141695.5,141434.328125,142007.171875,141820.75,141892.1875,141977.484375,142107.390625,142295.765625,0.0
1762651855.0099013,141654.453125,141393.203125,141966.125,141779.71875,141850.796875,141936.53125,142066.359375,142254.734375,0.0
1762651855.0123312,142533.140625,142272.890625,142845.0,142658.9375,142729.84375,142815.5,142945.3125,143134.140625,0.0
1762651855.0150151,142626.40625,142366.046875,142938.15625,142752.28125,142823.09375,142908.921875,143038.46875,143227.125,0.0
1762651855.0174472,141911.40625,141650.34375,142222.453125,142036.40625,142107.5625,142193.578125,142322.6875,142511.0625,0.0
1762651855.0199146,141607.15625,141345.90625,141918.296875,141731.875,141803.3125,141889.15625,142018.703125,142206.984375,0.0
1762651855.0224128,142493.984375,142233.359375,142805.390625,142619.328125,142690.6875,142775.703125,142905.703125,143094.71875,0.0
1762651855.025214,142736.734375,142476.375,143048.40625,142862.609375,142933.6875,143018.53125,143148.984375,143337.71875,0.0
1762651855.0398512,142137.703125,141876.625,142448.921875,142263.140625,142334.03125,142419.15625,142549.421875,142737.890625,0.0
1762651855.039868,141605.375,141343.859375,141916.421875,141730.359375,141801.265625,141886.734375,142016.375,142205.203125,0.0
1762651855.0398757,142420.3125,142159.6875,142731.71875,142545.671875,142617.015625,142702.03125,142832.296875,143020.859375,0.0
1762651855.0423677,142821.21875,142561.046875,143132.796875,142947.1875,143018.1875,143103.109375,143233.734375,143422.5625,0.0
1762651855.0423827,142358.53125,142098.0,142670.03125,142484.0625,142554.875,142640.53125,142770.515625,142959.34375,0.0
1762651855.0450535,141655.96875,141394.546875,141966.9375,141780.4375,141851.78125,141937.515625,142067.15625,142255.890625,0.0
1762651855.0450687,142329.75,142068.765625,142640.703125,142454.921875,142526.078125,142611.203125,142741.5625,142930.375,0.0
1762651855.0474167,142886.65625,142626.578125,143198.15625,143012.453125,143083.625,143168.46875,143299.1875,143488.015625,0.0
1762651855.0535884,142563.8125,142303.015625,142875.21875,142689.4375,142760.515625,142845.796875,142975.890625,143164.546875,0.0
1762651855.0536036,141762.734375,141501.84375,142074.125,141887.8125,141959.15625,142044.53125,142174.453125,142362.640625,0.0
1762651855.05608,142225.859375,141965.5,142537.625,142351.03125,142422.546875,142507.75,142637.65625,142826.484375,0.0
1762651855.0586677,142926.359375,142666.0,143238.125,143051.890625,143122.875,143207.984375,143338.53125,143527.359375,0.0
1762651855.06108,142745.9375,142485.84375,143057.78125,142871.734375,142942.8125,143027.75,143158.1875,143347.015625,0.0
1762651855.0636888,141916.15625,141654.8125,142227.640625,142040.78125,142112.484375,142197.953125,142328.140625,142516.421875,0.0
1762651855.066121,142124.015625,141862.59375,142435.609375,142249.09375,142320.53125,142406.09375,142536.09375,142724.65625,0.0
1762651855.066136,142941.5625,142681.296875,143253.328125,143067.359375,143138.796875,143224.0,143354.078125,143543.0,0.0
1762651855.0687606,142903.03125,142642.84375,143214.875,143028.734375,143100.171875,143185.546875,143315.640625,143504.375,0.0
1762651855.07129,142108.46875,141847.65625,142419.78125,142233.1875,142305.0625,142390.453125,142520.265625,142708.65625,0.0
1762651855.0713055,142042.75,141782.390625,142354.515625,142167.734375,142239.625,142325.1875,142454.640625,142643.390625,0.0
1762651855.102422,142925.109375,142665.203125,143237.234375,143050.90625,143122.078125,143207.453125,143337.625,143526.453125,0.0
1762651855.1024392,143030.78125,142770.96875,143342.734375,143156.5,143227.84375,143313.046875,143443.484375,143632.40625,0.0
1762651855.1049595,142324.46875,142063.671875,142635.96875,142449.546875,142520.90625,142606.28125,142736.375,142925.375,0.0
1762651855.1049747,141998.21875,141737.15625,142309.546875,142122.953125,142194.46875,142280.21875,142409.859375,142598.59375,0.0
1762651855.11123,142881.921875,142621.21875,143193.59375,143007.625,143078.625,143163.734375,143294.265625,143482.921875,0.0
1762651855.1136627,143139.859375,142879.328125,143451.625,143265.390625,143336.640625,143421.5,143552.390625,143740.953125,0.0
1762651855.1185813,142550.578125,142289.6875,142862.25,142675.9375,142747.09375,142832.296875,142962.5625,143151.21875,0.0
1762651855.1211772,142000.546875,141739.21875,142311.859375,142125.359375,142196.984375,142282.1875,142412.265625,142600.65625,0.0
1762651855.123832,142808.703125,142548.078125,143120.28125,142933.953125,143005.3125,143090.421875,143220.6875,143409.515625,0.0
1762651855.126077,143223.546875,142963.375,143535.21875,143349.171875,143420.25,143505.453125,143635.984375,143825.078125,0.0
1762651855.1285849,142771.859375,142511.59375,143083.171875,142897.390625,142968.5625,143053.5,143184.125,143372.953125,0.0
1762651855.1286,142060.90625,141800.015625,142371.953125,142185.890625,142257.140625,142342.4375,142472.703125,142661.265625,0.0
1762651855.131174,142717.0625,142456.890625,143028.734375,142842.40625,142914.109375,142999.5,143129.40625,143318.40625,0.0
1762651855.131192,143287.46875,143027.390625,143599.328125,143413.0,143484.609375,143570.171875,143700.09375,143889.0,0.0
1762651855.134158,142977.046875,142716.703125,143288.71875,143102.671875,143173.84375,143259.484375,143389.671875,143578.5,0.0
1762651855.1360855,142168.453125,141908.1875,142480.390625,142294.15625,142365.234375,142451.078125,142580.625,142769.625,0.0
1762651855.136101,142609.59375,142349.59375,142921.359375,142735.390625,142806.546875,142892.296875,143022.03125,143211.03125,0.0
1762651855.1674216,143320.734375,143060.734375,143632.5,143446.890625,143517.609375,143603.171875,143733.53125,143922.53125,0.0
1762651855.1674418,143153.453125,142892.734375,143464.953125,143279.25,143349.703125,143435.4375,143565.53125,143754.796875,0.0
1762651855.1699548,142323.9375,142063.140625,142635.078125,142449.734375,142520.453125,142605.921875,142735.65625,142924.75,0.0
1762651855.1699705,142510.078125,142249.546875,142821.390625,142635.703125,142706.859375,142791.71875,142921.796875,143110.890625,0.0
1762651855.1748269,143336.015625,143075.671875,143647.34375,143461.90625,143532.8125,143618.015625,143747.921875,143937.28125,0.0
1762651855.1773267,143310.1875,143049.828125,143621.671875,143436.421875,143506.96875,143592.0,143722.171875,143911.171875,0.0
1762651855.179941,142521.53125,142261.0,142833.109375,142646.96875,142718.125,142803.421875,142933.421875,143122.34375,0.0
1762651855.1824083,142433.28125,142172.65625,142744.859375,142558.53125,142629.890625,142715.53125,142845.171875,143034.09375,0.0
1762651855.1850903,143318.765625,143058.328125,143630.34375,143444.46875,143515.46875,143600.671875,143731.109375,143920.03125,0.0
1762651855.187327,143436.609375,143175.984375,143747.921875,143562.21875,143633.203125,143718.328125,143848.40625,144037.421875,0.0
1762651855.1900346,142737.078125,142476.375,143048.578125,142862.34375,142933.78125,143019.078125,143148.71875,143337.71875,0.0
1762651855.19005,142389.5625,142128.484375,142700.78125,142515.0,142585.890625,142671.375,142800.921875,142989.921875,0.0
1762651855.1924272,143270.9375,143010.84375,143582.515625,143397.09375,143467.71875,143553.109375,143683.28125,143872.28125,0.0
1762651855.194827,143542.546875,143282.828125,143854.578125,143668.703125,143739.421875,143824.984375,143955.515625,144144.0,0.0
1762651855.2010827,142963.828125,142703.46875,143275.5,143089.796875,143160.15625,143246.078125,143376.25,143564.640625,0.0
1762651855.2011008,142399.84375,142139.125,142711.0625,142525.015625,142596.09375,142681.828125,142811.65625,143000.296875,0.0
1762651855.2051876,143199.3125,142938.78125,143510.71875,143324.578125,143395.65625,143481.3125,143611.578125,143800.40625,0.0
1762651855.2052033,143625.171875,143364.8125,143936.65625,143751.140625,143821.765625,143907.15625,144037.78125,144226.6875,0.0
1762651855.24115,143184.484375,142923.671875,143495.796875,143310.265625,143381.078125,143466.375,143596.734375,143785.46875,0.0
1762651855.2435777,142459.828125,142198.765625,142770.96875,142585.1875,142656.171875,142741.828125,142871.734375,143060.109375,0.0
1762651855.2435935,143102.3125,142842.140625,143414.25,143228.28125,143299.09375,143384.75,143514.921875,143703.65625,0.0
1762651855.2460768,143685.328125,143425.15625,143997.09375,143811.21875,143882.203125,143967.0625,144097.765625,144286.78125,0.0
1762651855.2485733,143384.484375,143123.6875,143695.703125,143509.921875,143580.90625,143665.9375,143796.296875,143985.46875,0.0
1762651855.2510166,142574.09375,142312.765625,142885.140625,142699.265625,142770.078125,142855.734375,142985.8125,143174.28125,0.0
1762651855.2747822,142996.90625,142736.09375,143307.859375,143121.984375,143192.96875,143278.53125,143408.890625,143597.359375,0.0
1762651855.2860765,143718.859375,143458.859375,144030.625,143844.65625,143915.828125,144001.390625,144131.5625,144320.484375,0.0
1762651855.2893443,143564.28125,143303.75,143875.859375,143690.25,143761.15625,143846.53125,143976.796875,144165.8125,0.0
1762651855.2893596,142736.28125,142475.125,143047.234375,142861.546875,142932.265625,143018.0,143148.0,143336.640625,0.0
1762651855.2911592,142899.890625,142639.0,143211.125,143025.421875,143096.40625,143181.703125,143312.0625,143500.703125,0.0
1762651855.2937684,143730.578125,143470.125,144041.796875,143856.640625,143927.09375,144012.828125,144143.09375,144331.84375,0.0
1762651855.293784,143715.546875,143454.9375,144026.875,143841.4375,143912.078125,143997.453125,144128.171875,144316.90625,0.0
1762651855.2960737,142931.015625,142669.84375,143242.140625,143056.71875,143127.53125,143212.46875,143343.171875,143531.734375,0.0
1762651855.2985744,142820.953125,142559.796875,143131.90625,142946.65625,143017.640625,143102.40625,143232.9375,143421.671875,0.0
1762651855.3010736,143707.953125,143447.328125,144019.265625,143833.75,143904.375,143989.59375,144120.03125,144309.390625,0.0
1762651855.3035731,143838.40625,143578.140625,144149.71875,143964.375,144034.921875,144120.390625,144250.65625,144440.109375,0.0
1762651855.3060725,143148.453125,142887.375,143459.21875,143273.703125,143344.34375,143429.71875,143559.890625,143749.0,0.0
1762651855.3085718,142781.96875,142520.984375,143093.28125,142907.40625,142978.125,143064.046875,143193.421875,143382.953125,0.0
1762651855.3112454,143658.515625,143397.984375,143970.28125,143784.390625,143855.203125,143940.5,144070.765625,144260.21875,0.0
1762651855.313574,143939.96875,143679.53125,144251.546875,144065.9375,144136.484375,144221.59375,144352.40625,144541.9375,0.0
1762651855.3160784,143372.234375,143111.796875,143683.90625,143497.84375,143568.65625,143653.953125,143784.390625,143973.765625,0.0
1762651855.3160937,142792.15625,142531.453125,143103.390625,142917.78125,142988.40625,143073.703125,143204.0625,143393.25,0.0
1762651855.3187664,143582.96875,143322.34375,143894.28125,143708.765625,143779.296875,143864.59375,143994.859375,144184.21875,0.0
1762651855.3212967,144021.5,143761.15625,144332.828125,144146.9375,144218.203125,144302.953125,144433.5,144623.21875,0.0
1762651855.321312,143590.109375,143329.3125,143901.515625,143715.46875,143786.8125,143871.65625,144001.828125,144191.015625,0.0
1762651855.3585882,142857.96875,142596.984375,143169.28125,142982.953125,143054.484375,143139.78125,143269.40625,143458.328125,0.0
1762651855.3798282,143482.828125,143222.5625,143794.328125,143608.4375,143679.703125,143764.8125,143895.0,144084.171875,0.0
1762651855.3798504,144076.140625,143816.140625,144387.265625,144201.921875,144272.828125,144357.9375,144488.390625,144677.84375,0.0
1762651855.3823292,143790.484375,143530.21875,144101.96875,143916.453125,143987.171875,144072.46875,144202.90625,144392.1875,0.0
1762651855.382345,142976.25,142715.1875,143287.5625,143101.59375,143172.59375,143257.96875,143388.0625,143577.15625,0.0
1762651855.3861704,143378.765625,143118.046875,143690.4375,143504.546875,143575.28125,143660.75,143790.921875,143980.46875,0.0
1762651855.3861854,144111.09375,143850.734375,144422.578125,144237.515625,144307.875,144392.984375,144523.53125,144712.890625,0.0
1762651855.386193,143965.8125,143705.453125,144276.9375,144091.875,144162.40625,144247.703125,144378.0625,144567.421875,0.0
1762651855.3935883,143138.609375,142877.8125,143449.5625,143264.5,143334.953125,143420.6875,143550.59375,143739.609375,0.0
1762651855.3936045,143279.515625,143018.8125,143590.390625,143405.578125,143475.765625,143561.234375,143691.5,143880.328125,0.0
1762651855.393612,144117.4375,143857.265625,144428.75,144243.953125,144314.21875,144399.25,144530.046875,144719.0625,0.0
1762651855.393618,144115.46875,143855.390625,144427.328125,144241.890625,144312.4375,144397.546875,144528.4375,144717.453125,0.0
1762651855.3960695,143338.4375,143077.71875,143650.109375,143464.328125,143535.046875,143619.984375,143750.78125,143939.78125,0.0
1762651855.3998199,143205.046875,142944.234375,143516.359375,143330.84375,143401.5625,143486.84375,143617.46875,143806.296875,0.0
1762651855.3998349,144094.8125,143834.5625,144406.21875,144220.96875,144291.609375,144376.359375,144507.515625,144696.625,0.0
1762651855.3998425,144239.65625,143979.390625,144551.15625,144365.90625,144436.359375,144521.296875,144651.90625,144841.453125,0.0
1762651855.4023108,143558.203125,143298.03125,143869.953125,143684.078125,143755.15625,143840.1875,143970.625,144159.640625,0.0
1762651855.4048364,143169.8125,142909.640625,143481.671875,143295.78125,143366.59375,143451.796875,143582.15625,143771.078125,0.0
1762651855.4073937,144042.515625,143782.25,144354.09375,144168.484375,144238.765625,144324.140625,144454.953125,144644.140625,0.0
1762651855.4099853,144338.09375,144077.828125,144649.671875,144464.609375,144534.703125,144620.0,144750.703125,144940.15625,0.0
1762651855.4123192,143780.546875,143519.84375,144091.6875,143906.796875,143977.0625,144062.28125,144192.90625,144382.359375,0.0
1762651855.4148164,143184.484375,142923.59375,143495.4375,143310.546875,143381.265625,143466.28125,143596.46875,143785.46875,0.0
1762651855.4173188,143962.59375,143702.59375,144274.171875,144089.0,144159.546875,144244.390625,144375.109375,144564.65625,0.0
1762651855.4198198,144415.875,144156.0625,144727.28125,144542.21875,144612.671875,144697.875,144828.40625,145017.953125,0.0
1762651855.4223187,143998.53125,143738.359375,144309.65625,144124.40625,144195.046875,144280.609375,144410.875,144600.0625,0.0
1762651855.4248493,143254.65625,142994.21875,143565.53125,143380.1875,143450.90625,143536.109375,143666.828125,143855.65625,0.0
1762651855.4248648,143861.90625,143602.0,144173.234375,143987.796875,144058.703125,144143.640625,144274.53125,144463.625,0.0
1762651855.4273193,144469.96875,144210.25,144781.46875,144596.484375,144666.9375,144751.953125,144882.9375,145072.21875,0.0
1762651855.4298637,144196.296875,143935.671875,144507.25,144321.828125,144392.8125,144477.5625,144608.46875,144798.0,0.0
1762651855.4336913,143378.578125,143117.6875,143689.625,143503.921875,143575.28125,143659.9375,143790.828125,143979.578125,0.0
1762651855.4337063,143759.28125,143498.921875,144070.671875,143884.71875,143955.875,144041.0,144171.625,144360.453125,0.0
1762651855.4686484,144504.390625,144244.390625,144815.703125,144630.8125,144701.53125,144786.203125,144917.359375,145106.90625,0.0
1762651855.4686701,144371.984375,144111.890625,144683.390625,144498.40625,144569.125,144653.703125,144784.765625,144974.140625,0.0
1762651855.4751956,143545.859375,143285.421875,143857.0,143671.75,143742.5625,143827.578125,143958.203125,144146.9375,0.0
1762651855.4773107,143662.71875,143402.359375,143973.765625,143788.421875,143859.40625,143944.34375,144075.0625,144264.0625,0.0
1762651855.4798963,144507.96875,144248.234375,144819.109375,144634.21875,144704.75,144789.78125,144920.84375,145109.953125,0.0
1762651855.4824913,144515.65625,144255.75,144826.703125,144641.546875,144712.4375,144797.46875,144928.265625,145117.1875,0.0
1762651855.4848163,143746.125,143485.78125,144057.265625,143871.84375,143942.734375,144027.859375,144158.5625,144347.484375,0.0
1762651855.4875095,143592.0,143331.640625,143903.046875,143717.515625,143788.59375,143873.625,144004.25,144193.25,0.0
1762651855.4901092,144482.046875,144222.3125,144793.625,144608.375,144679.265625,144764.125,144895.09375,145083.921875,0.0
1762651855.4949367,144639.21875,144379.40625,144950.796875,144765.453125,144836.265625,144921.03125,145052.28125,145241.546875,0.0
1762651855.4949603,143969.203125,143708.765625,144280.15625,144095.0,144165.546875,144251.015625,144381.453125,144570.734375,0.0
1762651855.4973164,143561.953125,143301.328125,143873.0,143687.65625,143758.375,143843.859375,143973.9375,144163.390625,0.0
1762651855.4998224,144425.890625,144165.984375,144737.46875,144552.21875,144622.765625,144707.96875,144838.5,145028.046875,0.0
1762651855.4998393,144736.046875,144476.234375,145047.71875,144862.46875,144932.921875,145018.03125,145149.015625,145338.296875,0.0
1762651855.502345,144190.84375,143930.75,144502.609375,144316.8125,144387.453125,144473.015625,144603.359375,144792.375,0.0
1762651855.5048172,143579.390625,143319.21875,143890.703125,143704.828125,143775.546875,143861.5625,143991.546875,144180.46875,0.0
1762651855.5073228,144344.171875,144083.828125,144655.21875,144469.796875,144540.0625,144625.890625,144756.703125,144945.53125,0.0
1762651855.507338,144812.75,144552.3125,145123.796875,144938.828125,145009.09375,145094.484375,145225.1875,145414.46875,0.0
1762651855.5413544,144406.046875,144146.046875,144717.625,144532.375,144603.09375,144688.390625,144818.75,145008.015625,0.0
1762651855.543606,143652.703125,143392.4375,143964.015625,143778.59375,143849.046875,143934.421875,144064.953125,144254.046875,0.0
1762651855.5436215,144243.6875,143983.59375,144555.09375,144369.828125,144440.109375,144525.671875,144656.03125,144845.484375,0.0
1762651855.5460608,144861.9375,144602.203125,145173.6875,144988.4375,145058.890625,145143.828125,145275.078125,145464.625,0.0
1762651855.5484223,144599.796875,144339.890625,144911.015625,144725.578125,144796.125,144881.6875,145012.578125,145201.953125,0.0
1762651855.5535696,143777.515625,143517.078125,144088.5625,143903.21875,143974.203125,144059.40625,144189.765625,144378.953125,0.0
1762651855.5535848,144136.296875,143876.046875,144447.984375,144262.453125,144333.359375,144418.5625,144549.09375,144738.375,0.0
1762651855.556064,144890.984375,144631.265625,145203.015625,145017.765625,145088.40625,145173.15625,145304.140625,145493.859375,0.0
1762651855.558648,144771.625,144512.171875,145083.75,144898.40625,144968.765625,145053.796875,145184.875,145374.59375,0.0
1762651855.5611403,143951.328125,143691.140625,144262.90625,144077.296875,144147.65625,144232.953125,144363.75,144552.765625,0.0
1762651855.5635653,144042.609375,143782.34375,144354.1875,144168.765625,144239.296875,144324.421875,144455.484375,144644.21875,0.0
1762651855.5660641,144892.328125,144632.953125,145204.453125,145019.28125,145089.734375,145174.59375,145306.28125,145495.375,0.0
1762651855.5686667,144914.5,144654.59375,145226.359375,145041.015625,145111.90625,145196.765625,145327.828125,145517.1875,0.0
1762651855.5686836,144152.484375,143892.3125,144463.890625,144278.546875,144349.625,144434.65625,144565.09375,144754.46875,0.0
1762651855.5711644,143974.5625,143714.390625,144285.796875,144100.453125,144171.34375,144256.640625,144386.90625,144576.1875,0.0
1762651855.5779512,144865.328125,144605.328125,145176.90625,144991.75,145062.46875,145147.140625,145278.03125,145467.578125,0.0
1762651855.5798519,145032.96875,144773.78125,145345.171875,145159.65625,145230.5625,145315.3125,145446.46875,145636.015625,0.0
1762651855.5798683,144370.1875,144110.546875,144681.78125,144496.53125,144567.6875,144652.09375,144782.890625,144972.4375,0.0
1762651855.5860553,143943.8125,143684.0,144255.296875,144069.875,144140.953125,144225.625,144355.984375,144545.609375,0.0
1762651855.6224177,144804.265625,144544.796875,145115.9375,144930.5,145001.578125,145086.25,145217.140625,145407.140625,0.0
1762651855.622435,145127.921875,144868.546875,145439.765625,145254.515625,145325.0625,145410.0,145541.421875,145731.328125,0.0
1762651855.6224432,144594.609375,144334.78125,144906.28125,144721.109375,144791.296875,144876.765625,145007.484375,145197.296875,0.0
1762651855.6250336,143966.34375,143705.984375,144277.921875,144092.3125,144163.03125,144248.6875,144379.140625,144568.3125,0.0
1762651855.625058,144718.25,144458.4375,145030.734375,144844.765625,144915.578125,145000.875,145131.40625,145321.578125,0.0
1762651855.6273143,145196.40625,144937.125,145508.875,145323.359375,145393.71875,145478.921875,145609.734375,145799.71875,0.0
1762651855.6298072,144802.75,144542.921875,145114.328125,144929.25,144999.703125,145085.09375,145215.53125,145405.25,0.0
1762651855.6323068,144042.34375,143782.15625,144353.921875,144168.578125,144239.21875,144324.328125,144455.125,144644.578125,0.0
1762651855.6349258,144610.515625,144351.15625,144922.375,144737.390625,144807.921875,144892.78125,145023.9375,145213.21875,0.0
1762651855.6373131,145234.3125,144975.125,145546.34375,145361.265625,145431.90625,145516.84375,145648.09375,145837.546875,0.0
1762651855.639985,144987.8125,144728.53125,145299.671875,145114.421875,145185.21875,145270.078125,145401.59375,145590.859375,0.0
1762651855.6423132,144161.0625,143901.25,144472.46875,144287.046875,144357.859375,144442.96875,144573.765625,144763.21875,0.0
1762651855.6449933,144502.25,144242.515625,144813.65625,144628.84375,144699.484375,144784.328125,144915.484375,145104.9375,0.0
1762651855.647437,145261.40625,145001.671875,145572.8125,145387.90625,145458.546875,145543.125,145674.734375,145864.453125,0.0
1762651855.647453,145155.1875,144895.375,145466.140625,145281.25,145351.703125,145436.546875,145567.890625,145757.78125,0.0
1762651855.649973,144333.796875,144073.8125,144645.125,144459.6875,144530.40625,144615.25,144746.234375,144935.515625,0.0
1762651855.654051,144405.859375,144145.953125,144717.359375,144532.109375,144603.015625,144687.671875,144818.5625,145007.9375,0.0
1762651855.6601284,145261.9375,145002.125,145573.609375,145388.625,145458.8125,145543.84375,145675.09375,145864.625,0.0
1762651855.6601434,145297.703125,145038.0625,145609.46875,145424.75,145494.484375,145579.875,145710.9375,145900.65625,0.0
1762651855.7198775,144541.046875,144281.59375,144853.078125,144668.0,144738.1875,144823.578125,144954.015625,145143.921875,0.0
1762651855.7199006,144340.421875,144080.78125,144652.546875,144466.9375,144537.734375,144622.671875,144753.296875,144943.109375,0.0
1762651855.726063,145236.28125,144977.0,145548.390625,145363.0625,145433.515625,145518.625,145649.609375,145839.421875,0.0
1762651855.726081,145419.390625,145159.921875,145731.40625,145545.71875,145616.34375,145701.109375,145832.625,146022.34375,0.0
1762651855.7286427,144767.421875,144507.875,145079.375,144893.671875,144964.484375,145049.78125,145180.3125,145370.203125,0.0
1762651855.7310634,144321.28125,144061.5625,144632.875,144447.34375,144518.515625,144603.28125,144733.90625,144923.625,0.0
1762651855.733558,145176.640625,144917.0,145488.3125,145302.890625,145373.609375,145458.28125,145589.34375,145779.609375,0.0
1762651855.7373145,145512.359375,145252.734375,145824.390625,145639.328125,145709.0625,145794.453125,145925.421875,146115.953125,0.0
1762651855.7373345,144989.15625,144729.15625,145301.1875,145115.578125,145186.03125,145271.140625,145402.21875,145592.203125,0.0
1762651855.7373452,144347.21875,144086.859375,144658.890625,144473.453125,144543.90625,144628.9375,144759.921875,144949.1875,0.0
1762651855.7399886,145088.578125,144828.765625,145400.078125,145215.265625,145285.546875,145370.484375,145501.734375,145691.359375,0.0
1762651855.7400036,145581.921875,145322.640625,145894.21875,145708.890625,145779.25,145864.1875,145995.34375,146185.421875,0.0
1762651855.7423708,145198.640625,144938.90625,145510.84375,145325.328125,145395.875,145480.890625,145612.140625,145801.59375,0.0
1762651855.7423923,144427.234375,144167.234375,144739.0,144553.5625,144624.109375,144709.046875,144840.296875,145029.21875,0.0
1762651855.744854,144983.171875,144723.34375,145294.75,145109.5,145180.125,145265.0625,145396.140625,145585.765625,0.0
1762651855.7448692,145626.71875,145367.078125,145938.65625,145753.40625,145824.21875,145909.0625,146040.046875,146230.125,0.0
1762651855.747506,145390.328125,145130.59375,145702.171875,145517.015625,145587.640625,145672.859375,145803.5625,145993.28125,0.0
1762651855.7475216,144563.671875,144303.3125,144875.4375,144689.546875,144760.453125,144845.65625,144976.28125,145166.0,0.0
1762651855.7502067,144878.109375,144617.84375,145189.609375,145004.09375,145074.8125,145159.75,145290.8125,145480.53125,0.0
1762651855.7522793,145652.375,145392.828125,145963.78125,145778.890625,145849.34375,145934.546875,146065.171875,146255.421875,0.0
1762651855.764808,145557.96875,145298.234375,145869.375,145684.125,145754.5625,145840.046875,145970.484375,146160.65625,0.0
1762651855.7674453,144741.5,144481.140625,145052.546875,144867.109375,144937.921875,145023.3125,145153.671875,145343.296875,0.0
1762651855.7674603,144787.359375,144527.1875,145098.765625,144913.078125,144984.0625,145069.4375,145200.0625,145389.34375,0.0
1762651855.7700887,145649.703125,145390.0625,145961.453125,145776.125,145846.84375,145932.125,146063.03125,146252.5625,0.0
1762651855.7701066,145697.53125,145438.15625,146009.46875,145823.953125,145894.84375,145979.96875,146110.671875,146300.578125,0.0
1762651855.7724228,144948.296875,144687.859375,145259.796875,145074.265625,145145.171875,145230.28125,145360.828125,145550.640625,0.0
1762651855.7724376,144724.6875,144463.984375,145036.09375,144850.75,144921.46875,145006.59375,145137.125,145326.578125,0.0
1762651855.77487,145616.078125,145356.078125,145927.65625,145742.59375,145812.859375,145897.890625,146029.234375,146218.765625,0.0
1762651855.7788775,145810.1875,145550.546875,146121.671875,145936.875,146007.0625,146092.265625,146223.59375,146413.328125,0.0
1762651855.7789059,145167.875,144907.796875,145479.28125,145294.578125,145364.671875,145449.78125,145580.9375,145770.75,0.0
1762651855.7860591,144703.953125,144443.78125,145015.359375,144830.1875,144900.828125,144985.84375,145116.734375,145305.84375,0.0
1762651855.7899528,145552.25,145292.515625,145864.1875,145679.203125,145749.75,145834.765625,145965.65625,146154.9375,0.0
1762651855.7938197,145901.015625,145641.734375,146213.40625,146027.984375,146098.421875,146183.28125,146314.609375,146504.421875,0.0
1762651855.8274305,145388.625,145128.8125,145700.390625,145515.3125,145585.765625,145670.4375,145801.59375,145991.765625,0.0
1762651855.8274527,144735.0625,144474.984375,145046.375,144861.75,144932.109375,145017.3125,145147.671875,145337.390625,0.0
1762651855.833559,145463.1875,145203.5625,145774.59375,145589.796875,145660.25,145745.265625,145876.078125,146065.890625,0.0
1762651855.8335783,145967.984375,145708.703125,146279.484375,146094.859375,146164.859375,146250.25,146381.40625,146571.03125,0.0
1762651855.8360543,145598.640625,145338.734375,145910.3125,145725.421875,145795.609375,145880.8125,146011.703125,146201.0625,0.0
1762651855.8385563,144821.609375,144561.53125,145133.109375,144948.125,145018.578125,145103.6875,145234.40625,145423.765625,0.0
1762651855.841556,145357.953125,145098.234375,145669.8125,145484.921875,145555.375,145640.21875,145771.46875,145960.828125,0.0
1762651855.8435535,146012.421875,145753.40625,146324.625,146140.09375,146210.28125,146294.859375,146426.28125,146616.1875,0.0
1762651855.8462193,145786.9375,145527.296875,146098.703125,145913.796875,145983.984375,146068.828125,146200.359375,146390.515625,0.0
1762651855.848556,144958.9375,144698.765625,145270.34375,145084.828125,145155.640625,145240.65625,145371.90625,145561.265625,0.0
1762651855.8514695,145251.75,144991.84375,145563.328125,145377.8125,145448.53125,145533.90625,145665.078125,145854.34375,0.0
1762651855.8514848,146034.59375,145775.140625,146346.71875,146160.921875,146231.640625,146316.671875,146448.09375,146638.171875,0.0
1762651855.8535404,145948.671875,145689.125,146260.34375,146075.0,146145.453125,146230.65625,146361.734375,146551.984375,0.0
1762651855.8560607,145136.046875,144875.875,145447.546875,145262.03125,145332.65625,145417.859375,145548.578125,145738.65625,0.0
1762651855.856076,145158.40625,144898.40625,145469.890625,145284.375,145355.28125,145440.296875,145571.203125,145761.0,0.0
1762651855.8586323,146025.296875,145765.828125,146336.875,146152.078125,146222.703125,146307.375,146438.625,146628.703125,0.0
1762651855.8624601,146083.234375,145823.859375,146394.8125,146210.09375,146280.46875,146365.578125,146496.734375,146686.8125,0.0
1762651855.8624866,145344.015625,145084.109375,145655.328125,145470.34375,145540.703125,145626.0,145756.890625,145946.609375,0.0
1762651855.8923163,145098.953125,144838.953125,145410.4375,145225.1875,145295.5625,145380.84375,145511.5625,145701.46875,0.0
1762651855.9160626,145988.640625,145729.09375,146300.484375,146115.421875,146185.421875,146270.625,146401.78125,146591.953125,0.0
1762651855.9160829,146195.890625,145936.421875,146507.734375,146323.015625,146393.109375,146478.234375,146609.21875,146799.46875,0.0
1762651855.919804,145565.109375,145304.859375,145876.34375,145691.453125,145762.078125,145847.28125,145978.0,146168.171875,0.0
1762651855.9224665,145081.0625,144820.984375,145392.375,145207.046875,145278.03125,145362.96875,145493.765625,145683.84375,0.0
1762651855.924812,145918.8125,145659.171875,146230.390625,146045.234375,146115.953125,146200.890625,146331.875,146522.125,0.0
1762651855.927302,146280.90625,146021.1875,146592.84375,146407.859375,146478.046875,146562.90625,146694.328125,146884.40625,0.0
1762651855.929978,145781.578125,145522.203125,146093.6875,145908.796875,145978.984375,146063.5625,146194.90625,146385.25,0.0
1762651855.9324,145113.25,144853.53125,145425.015625,145239.9375,145310.484375,145395.25,145526.046875,145716.03125,0.0
1762651855.9348135,145823.953125,145564.671875,146135.359375,145951.0,146021.09375,146106.125,146237.28125,146426.90625,0.0
1762651855.9411657,146344.125,146084.484375,146655.609375,146471.34375,146541.078125,146625.84375,146757.625,146947.4375,0.0
1762651855.9435468,145986.578125,145727.296875,146298.703125,146113.890625,146184.078125,146268.65625,146400.171875,146590.25,0.0
1762651855.9460518,145202.65625,144942.9375,145514.421875,145329.171875,145400.15625,145484.921875,145615.984375,145805.53125,0.0
1762651855.9485488,145720.78125,145461.40625,146033.15625,145847.828125,145918.359375,146002.9375,146134.28125,146324.625,0.0
1762651855.9510517,146389.984375,146130.796875,146702.46875,146517.125,146587.578125,146672.25,146803.765625,146993.9375,0.0
1762651855.9536767,146174.34375,145914.96875,146486.453125,146301.65625,146371.921875,146456.59375,146588.109375,146778.1875,0.0
1762651855.953692,145345.0,145085.265625,145657.03125,145471.859375,145542.234375,145626.625,145757.96875,145947.875,0.0
1762651855.956051,145615.90625,145356.34375,145928.109375,145743.03125,145812.859375,145897.703125,146029.234375,146218.765625,0.0
1762651855.959816,146406.53125,146146.984375,146718.375,146533.484375,146603.484375,146688.15625,146820.03125,147009.75,0.0
1762651855.9598312,146333.484375,146074.46875,146645.875,146460.96875,146530.984375,146615.65625,146747.53125,146937.328125,0.0
1762651855.959839,145525.859375,145266.5,145838.078125,145653.1875,145723.28125,145808.125,145939.640625,146129.09375,0.0
1762651855.9626143,145525.78125,145266.046875,145837.625,145652.734375,145723.015625,145807.859375,145939.203125,146128.921875,0.0
1762651855.96263,146394.015625,146134.90625,146706.21875,146521.6875,146591.59375,146676.359375,146807.96875,146997.953125,0.0
1762651855.9647887,146467.046875,146208.125,146779.796875,146594.90625,146664.828125,146749.84375,146881.28125,147071.453125,0.0
1762651855.9674025,145736.59375,145477.3125,146049.078125,145863.734375,145933.828125,146019.390625,146150.28125,146340.28125,0.0
1762651855.969958,145469.09375,145209.71875,145781.65625,145596.3125,145666.59375,145751.890625,145882.875,146072.59375,0.0
1762651855.973883,146359.3125,146099.859375,146671.796875,146486.453125,146556.46875,146642.03125,146773.265625,146963.078125,0.0
1762651855.9739208,146578.640625,146319.359375,146890.9375,146705.765625,146775.953125,146861.078125,146992.59375,147182.484375,0.0
1762651855.988938,145956.71875,145697.4375,146268.578125,146084.125,146153.859375,146238.796875,146370.046875,146560.03125,0.0
1762651855.9960687,145454.703125,145194.96875,145766.734375,145582.015625,145652.015625,145736.78125,145868.46875,146058.015625,0.0
1762651855.9960842,146286.625,146027.34375,146599.109375,146414.296875,146484.484375,146569.25,146701.125,146891.109375,0.0
1762651855.9985504,146663.296875,146404.203125,146975.78125,146790.96875,146861.15625,146945.828125,147077.796875,147267.6875,0.0
1762651856.0335853,146175.765625,145916.3125,146488.25,146303.34375,146373.453125,146457.9375,146589.71875,146779.265625,0.0
1762651856.0336127,145496.28125,145237.0,145809.203125,145623.859375,145693.78125,145778.796875,145909.875,146099.40625,0.0
1762651856.0336225,146195.078125,145936.15625,146508.0,146322.75,146392.9375,146477.78125,146609.65625,146799.109375,0.0
1762651856.03363,146728.5625,146469.109375,147040.875,146855.796875,146925.984375,147010.828125,147142.96875,147332.25,0.0
1762651856.0398483,146381.21875,146121.671875,146692.984375,146508.1875,146578.359375,146663.03125,146795.09375,146984.453125,0.0
1762651856.039864,145589.609375,145329.796875,145901.5625,145716.484375,145786.578125,145871.328125,146003.21875,146192.125,0.0
1762651856.0398717,146089.578125,145830.125,146401.609375,146216.625,146286.8125,146371.65625,146503.53125,146692.53125,0.0
1762651856.039877,146768.09375,146508.8125,147080.125,146895.3125,146965.234375,147050.171875,147182.125,147371.9375,0.0
1762651856.0398822,146566.03125,146306.84375,146878.234375,146693.515625,146763.171875,146848.015625,146980.25,147169.796875,0.0
1762651856.0398872,145734.0,145474.375,146045.859375,145860.875,145930.796875,146015.734375,146147.25,146336.78125,0.0
1762651856.0398927,145982.640625,145723.546875,146294.859375,146109.96875,146179.96875,146265.0,146396.25,146586.140625,0.0
1762651856.042379,146780.25,146521.328125,147092.453125,146908.015625,146977.75,147062.5,147194.375,147384.375,0.0
1762651856.045088,146719.71875,146460.796875,147031.921875,146847.296875,146917.125,147001.890625,147133.765625,147323.84375,0.0
1762651856.0474129,145915.234375,145655.859375,146227.4375,146042.1875,146112.375,146197.046875,146328.734375,146518.734375,0.0
1762651856.054881,145892.609375,145633.0625,146204.109375,146019.484375,146089.75,146174.609375,146306.296875,146496.015625,0.0
1762651856.0949628,146769.875,146510.59375,147081.640625,146897.375,146967.28125,147051.953125,147184.09375,147373.8125,0.0
1762651856.0949905,146851.953125,146592.9375,147164.34375,146979.625,147049.265625,147134.125,147266.171875,147456.078125,0.0
1762651856.0950058,146126.6875,145867.484375,146439.0625,146254.09375,146324.09375,146408.9375,146540.8125,146730.53125,0.0
1762651856.098556,145837.625,145578.53125,146150.109375,145964.765625,146035.046875,146119.96875,146251.578125,146441.390625,0.0
1762651856.098572,146724.375,146465.71875,147037.109375,146852.125,146921.875,147006.984375,147138.6875,147329.109375,0.0
1762651856.0985796,146958.171875,146699.515625,147270.734375,147086.015625,147155.671875,147240.609375,147372.65625,147562.828125,0.0
1762651856.1010468,146346.625,146087.25,146658.5625,146473.671875,146543.765625,146628.4375,146760.484375,146950.125,0.0
1762651856.1036112,145827.796875,145568.25,146139.375,145954.3125,146024.578125,146109.6875,146241.484375,146430.9375,0.0
1762651856.1060472,146651.859375,146392.84375,146963.890625,146779.265625,146849.359375,146934.390625,147066.078125,147256.078125,0.0
1762651856.1086824,147039.96875,146781.046875,147352.0,147167.5625,147237.46875,147322.140625,147454.109375,147644.359375,0.0
1762651856.1111555,146563.4375,146304.421875,146875.640625,146690.921875,146760.9375,146845.78125,146977.65625,147167.375,0.0
1762651856.113898,145872.9375,145613.84375,146184.703125,145999.90625,146070.4375,146155.203125,146287.078125,146476.359375,0.0
1762651856.1160624,146559.140625,146300.578125,146871.265625,146686.546875,146756.640625,146841.671875,146973.453125,147163.265625,0.0
1762651856.118632,147102.109375,146843.640625,147414.5,147229.875,147300.0625,147384.640625,147516.609375,147706.859375,0.0
1762651856.1211607,146767.90625,146508.8125,147079.9375,146895.5,146965.59375,147049.90625,147182.3125,147371.9375,0.0
1762651856.123666,145972.1875,145712.453125,146283.953125,146099.234375,146169.421875,146254.4375,146385.96875,146575.328125,0.0
1762651856.123682,146451.765625,146192.75,146764.15625,146579.4375,146649.265625,146734.5625,146866.25,147056.15625,0.0
1762651856.1259112,147140.734375,146882.53125,147453.484375,147268.765625,147338.765625,147423.625,147555.859375,147745.84375,0.0
1762651856.1662264,146950.296875,146691.734375,147262.421875,147077.703125,147147.625,147232.5625,147364.703125,147554.953125,0.0
1762651856.1724598,146118.09375,145859.09375,146430.484375,146245.59375,146315.515625,146400.453125,146532.234375,146722.3125,0.0
1762651856.172478,146349.21875,146090.296875,146661.515625,146476.625,146546.8125,146632.1875,146763.34375,146953.421875,0.0
1762651856.174873,147157.453125,146898.890625,147469.671875,147285.3125,147355.3125,147440.34375,147571.859375,147762.65625,0.0
1762651856.1772957,147107.5625,146848.828125,147420.046875,147235.5,147305.609375,147390.1875,147522.0625,147712.3125,0.0
1762651856.1822827,146307.734375,146048.625,146619.84375,146434.953125,146505.328125,146589.90625,146721.59375,146911.59375,0.0
1762651856.1850004,146261.15625,146001.875,146573.265625,146388.375,146458.296875,146543.59375,146675.1875,146864.921875,0.0
1762651856.1902,147138.6875,146879.671875,147451.0625,147266.359375,147336.09375,147421.03125,147553.078125,147743.078125,0.0
1762651856.1923807,147233.984375,146975.15625,147546.28125,147361.75,147431.75,147516.515625,147648.5625,147838.375,0.0
1762651856.1950855,146516.859375,146258.109375,146829.0625,146644.265625,146714.53125,146799.296875,146930.890625,147120.890625,0.0
1762651856.209913,146211.265625,145952.34375,146523.5625,146338.484375,146409.203125,146493.875,146625.125,146815.296875,0.0
1762651856.214878,147096.03125,146837.640625,147408.6875,147223.890625,147294.34375,147378.734375,147510.703125,147700.6875,0.0
1762651856.217404,147340.296875,147081.734375,147652.859375,147468.140625,147538.328125,147622.8125,147754.96875,147945.21875,0.0
1762651856.2174194,146737.78125,146478.234375,147049.546875,146865.09375,146935.1875,147019.765625,147151.734375,147341.90625,0.0
1762651856.2197995,146205.8125,145946.53125,146517.5625,146333.21875,146403.3125,146488.328125,146619.671875,146809.578125,0.0
1762651856.2198145,147022.09375,146763.4375,147334.03125,147149.859375,147219.421875,147304.703125,147436.5,147626.21875,0.0
1762651856.222296,147420.765625,147162.546875,147732.96875,147548.609375,147618.796875,147703.375,147835.515625,148025.421875,0.0
1762651856.2251503,146956.734375,146697.90625,147268.953125,147084.40625,147153.96875,147239.078125,147370.875,147560.59375,0.0
1762651856.227296,146251.671875,145992.65625,146563.796875,146379.4375,146449.171875,146534.5625,146665.890625,146855.53125,0.0
1762651856.229875,146923.75,146664.640625,147236.21875,147051.6875,147121.515625,147206.984375,147338.0625,147527.875,0.0
1762651856.2324047,147480.921875,147222.546875,147793.140625,147609.234375,147678.96875,147763.90625,147895.421875,148085.953125,0.0
1762651856.2347956,147156.203125,146897.546875,147468.234375,147284.0625,147353.609375,147438.46875,147570.6875,147761.046875,0.0
1762651856.237294,146354.84375,146095.84375,146667.0625,146482.25,146552.4375,146637.28125,146769.078125,146958.96875,0.0
1762651856.2399695,146817.4375,146558.703125,147129.5625,146944.84375,147015.125,147100.234375,147231.9375,147421.921875,0.0
1762651856.2421436,147518.296875,147259.375,147830.0625,147646.15625,147716.34375,147800.734375,147932.703125,148123.140625,0.0
1762651856.2492085,147336.53125,147077.796875,147648.5625,147464.65625,147534.75,147619.515625,147751.03125,147941.640625,0.0
1762651856.2492237,146503.890625,146244.875,146815.921875,146631.296875,146701.390625,146786.140625,146918.015625,147107.921875,0.0
1762651856.2510445,146711.765625,146453.28125,147023.875,146839.25,146909.4375,146994.109375,147125.984375,147316.328125,0.0
1762651856.2540233,147527.25,147269.296875,147840.171875,147655.265625,147725.453125,147809.953125,147941.734375,148132.609375,0.0
1762651856.2560492,147486.296875,147228.171875,147799.484375,147614.328125,147684.59375,147769.09375,147901.046875,148091.765625,0.0
1762651856.2560673,146691.46875,146432.8125,147003.859375,146819.046875,146889.5,146974.265625,147105.515625,147296.21875,0.0
1762651856.2585456,146626.828125,146368.265625,146938.9375,146754.765625,146824.6875,146909.53125,147040.953125,147231.484375,0.0
1762651856.261165,147508.109375,147249.640625,147820.234375,147636.140625,147705.703125,147790.1875,147922.59375,148113.03125,0.0
1762651856.2611797,147613.078125,147354.859375,147925.46875,147741.109375,147811.015625,147895.78125,148027.828125,148218.09375,0.0
1762651856.26605,146903.625,146645.421875,147216.109375,147031.75,147102.203125,147186.875,147318.390625,147508.375,0.0
1762651856.2698014,146577.375,146318.640625,146889.6875,146705.140625,146775.59375,146860.0,146991.6875,147181.6875,0.0
1762651856.26984,147457.421875,147198.9375,147770.15625,147585.984375,147655.90625,147740.203125,147872.71875,148062.875,0.0
1762651856.2760427,147714.015625,147455.53125,148026.765625,147842.765625,147912.234375,147996.8125,148128.953125,148319.390625,0.0
1762651856.3123083,147124.828125,146866.25,147437.390625,147252.9375,147322.671875,147407.796875,147539.21875,147729.75,0.0
1762651856.3123252,146575.953125,146317.03125,146888.421875,146703.890625,146773.90625,146858.828125,146990.359375,147180.515625,0.0
1762651856.3148012,147380.796875,147122.40625,147693.546875,147509.1875,147578.921875,147663.59375,147795.828125,147986.078125,0.0
1762651856.3148162,147793.578125,147535.5625,148106.515625,147922.59375,147992.0625,148076.203125,148208.96875,148399.40625,0.0
1762651856.3174584,147340.03125,147081.546875,147652.765625,147468.59375,147538.15625,147622.90625,147755.140625,147945.046875,0.0
1762651856.3197973,146625.9375,146367.453125,146938.671875,146754.3125,146823.96875,146909.078125,147040.59375,147230.5,0.0
1762651856.3223076,147281.546875,147022.984375,147593.9375,147409.671875,147479.765625,147564.34375,147696.21875,147886.390625,0.0
1762651856.3247888,147848.921875,147590.984375,148161.578125,147977.859375,148047.328125,148131.984375,148264.140625,148454.65625,0.0
1762651856.327293,147536.0,147278.15625,147848.921875,147664.75,147734.21875,147818.984375,147951.03125,148141.375,0.0
1762651856.3298843,146729.375,146471.078125,147042.125,146857.671875,146927.328125,147012.171875,147143.859375,147333.765625,0.0
1762651856.3299,147173.8125,146915.078125,147486.46875,147301.84375,147372.03125,147456.34375,147588.390625,147778.46875,0.0
1762651856.332301,147883.078125,147624.875,148196.0,148011.375,148081.125,148165.78125,148297.84375,148488.28125,0.0
1762651856.3348005,147715.4375,147456.96875,148028.09375,147843.390625,147913.390625,147997.96875,148129.9375,148320.28125,0.0
1762651856.337279,146883.953125,146624.859375,147196.25,147011.546875,147081.453125,147165.953125,147297.828125,147488.265625,0.0
1762651856.3372948,147068.671875,146809.75,147381.0625,147196.171875,147266.078125,147350.65625,147483.078125,147673.15625,0.0
1762651856.3397791,147889.875,147631.40625,148202.0,148018.265625,148087.28125,148172.046875,148304.90625,148494.71875,0.0
1762651856.3748305,147860.90625,147602.515625,148173.390625,147989.46875,148058.671875,148143.609375,148276.109375,148466.015625,0.0
1762651856.3748512,147070.109375,146811.546875,147382.40625,147197.953125,147267.421875,147352.359375,147484.328125,147674.5,0.0
1762651856.3774104,146984.1875,146725.34375,147296.21875,147111.671875,147181.5,147266.171875,147398.140625,147588.21875,0.0
1762651856.377426,147868.15625,147609.859375,148180.09375,147996.0,148065.921875,148150.5,148283.09375,148473.34375,0.0
1762651856.3799517,147985.453125,147727.421875,148298.109375,148113.75,148183.125,148267.796875,148400.75,148590.734375,0.0
1762651856.3822925,147283.609375,147025.140625,147596.4375,147411.640625,147481.109375,147565.859375,147698.375,147887.90625,0.0
1762651856.38479,146935.375,146676.453125,147247.75,147063.21875,147132.953125,147217.453125,147349.765625,147539.671875,0.0
1762651856.387257,147813.25,147554.59375,148125.546875,147941.546875,148011.109375,148095.421875,148227.828125,148418.09375,0.0
1762651856.389916,148081.296875,147823.09375,148393.953125,148210.046875,148279.421875,148363.828125,148496.59375,148686.84375,0.0
1762651856.3923883,147500.78125,147242.484375,147813.53125,147629.171875,147698.8125,147783.296875,147915.890625,148106.15625,0.0
1762651856.3950124,146936.625,146677.875,147249.09375,147064.65625,147134.484375,147219.140625,147351.296875,147541.453125,0.0
1762651856.3973725,147734.484375,147476.28125,148047.140625,147862.875,147932.34375,148016.921875,148149.25,148339.765625,0.0
1762651856.3998377,148159.96875,147901.859375,148472.625,148288.453125,148358.015625,148442.59375,148575.265625,148765.265625,0.0
1762651856.3998537,147716.703125,147458.40625,148029.0,147844.734375,147914.828125,147999.046875,148131.546875,148321.4375,0.0
1762651856.4022923,146992.953125,146734.375,147304.984375,147120.4375,147190.625,147275.03125,147407.078125,147596.984375,0.0
1762651856.4111295,147632.921875,147374.625,147945.21875,147760.859375,147830.6875,147915.09375,148047.6875,148237.578125,0.0
1762651856.4111445,148211.296875,147953.171875,148523.859375,148339.5,148408.796875,148493.640625,148626.234375,148816.40625,0.0
1762651856.418547,147910.078125,147652.140625,148222.921875,148038.375,148107.9375,148192.609375,148325.296875,148515.28125,0.0
1762651856.4185643,147099.875,146841.40625,147412.359375,147227.8125,147297.640625,147382.5,147514.375,147704.171875,0.0
1762651856.45481,147522.6875,147264.5625,147835.25,147650.71875,147720.359375,147805.125,147937.171875,148127.796875,0.0
1762651856.454831,148245.265625,147987.6875,148558.015625,148373.484375,148443.03125,148527.53125,148660.46875,148850.640625,0.0
1762651856.4548385,148088.546875,147830.328125,148401.015625,148216.75,148286.21875,148371.25,148503.5625,148693.28125,0.0
1762651856.4572685,147257.046875,146998.3125,147569.0,147384.546875,147454.375,147539.484375,147670.921875,147861.359375,0.0
1762651856.4572866,147421.46875,147162.8125,147733.6875,147548.703125,147618.609375,147703.546875,147835.875,148026.3125,0.0
1762651856.4809427,148251.53125,147993.765625,148564.359375,148380.0,148449.75,148533.703125,148667.1875,148857.171875,0.0
1762651856.514794,148234.90625,147977.234375,148547.5625,148363.5625,148433.828125,148517.15625,148650.375,148840.625,0.0
1762651856.5174067,147450.359375,147192.140625,147762.734375,147578.5625,147648.5625,147732.609375,147864.9375,148055.453125,0.0
1762651856.5174224,147339.9375,147081.546875,147652.59375,147467.96875,147537.875,147622.375,147754.609375,147944.5,0.0
1762651856.5197804,148226.40625,147968.203125,148539.0625,148354.703125,148424.265625,148508.84375,148641.609375,148831.953125,0.0
1762651856.524829,148355.234375,148097.125,148667.8125,148483.453125,148553.09375,148637.765625,148770.453125,148961.15625,0.0
1762651856.5323677,147662.609375,147404.484375,147975.265625,147790.90625,147860.46875,147945.125,148077.546875,148267.890625,0.0
1762651856.5349364,147298.1875,147039.609375,147610.484375,147426.125,147495.6875,147580.171875,147712.671875,147902.84375,0.0
1762651856.5373688,148174.015625,147915.53125,148486.21875,148302.046875,148371.6875,148456.359375,148589.046875,148779.203125,0.0
1762651856.5397851,148452.421875,148194.390625,148764.8125,148580.71875,148650.546875,148734.859375,148867.90625,149058.25,0.0
1762651856.5424118,147882.640625,147624.421875,148195.015625,148010.75,148080.21875,148164.71875,148297.484375,148487.5625,0.0
1762651856.5447848,147303.453125,147045.078125,147615.9375,147431.3125,147501.046875,147585.71875,147718.03125,147907.765625,0.0
1762651856.5472944,148091.125,147833.1875,148403.703125,148219.609375,148289.171875,148373.390625,148506.15625,148696.234375,0.0
1762651856.5496502,148528.59375,148271.015625,148841.25,148657.4375,148727.171875,148811.03125,148943.71875,149134.515625,0.0
1762651856.573614,148097.65625,147839.546875,148410.140625,148226.3125,148295.875,148380.09375,148511.96875,148702.9375,0.0
1762651856.576033,147365.421875,147106.3125,147677.625,147493.171875,147562.921875,147647.40625,147779.1875,147969.8125,0.0
1762651856.5788977,147987.0625,147729.03125,148299.8125,148115.0,148185.1875,148269.5,148402.0,148592.53125,0.0
1762651856.581205,148577.6875,148320.015625,148890.34375,148705.890625,148775.8125,148859.765625,148992.796875,149183.15625,0.0
1762651856.5838864,148290.0625,148032.125,148602.359375,148418.09375,148487.828125,148572.046875,148704.734375,148895.171875,0.0
1762651856.5839024,147475.46875,147217.171875,147787.859375,147603.15625,147673.515625,147757.90625,147889.96875,148080.40625,0.0
1762651856.5860336,147878.34375,147620.140625,148191.265625,148006.46875,148076.46875,148160.875,148292.828125,148483.453125,0.0
1762651856.5886064,148606.109375,148348.359375,148919.21875,148734.859375,148804.421875,148888.640625,149021.140625,149212.03125,0.0
1762651856.5910668,148461.90625,148203.96875,148774.5625,148590.296875,148660.03125,148744.515625,148877.109375,149067.453125,0.0
1762651856.5910852,147635.875,147377.390625,147948.265625,147763.90625,147833.640625,147918.125,148050.453125,148240.703125,0.0
1762651856.5947986,147780.625,147522.328125,148093.453125,147908.734375,147978.296875,148062.96875,148195.015625,148385.734375,0.0
1762651856.5948207,148615.765625,148357.828125,148928.515625,148744.25,148813.8125,148898.03125,149030.625,149221.5,0.0
1762651856.5948284,148611.84375,148354.25,148924.671875,148740.5,148810.234375,148894.640625,149026.953125,149218.109375,0.0
1762651856.5985456,147832.921875,147574.890625,148145.765625,147961.484375,148031.140625,148115.546875,148247.859375,148438.484375,0.0
1762651856.5985608,147702.484375,147444.1875,148014.6875,147830.6875,147900.421875,147984.734375,148117.234375,148307.3125,0.0
1762651856.5985684,148589.3125,148331.375,148901.96875,148717.96875,148787.796875,148872.015625,149005.046875,149195.125,0.0
1762651856.6013582,148730.03125,148471.921875,149042.875,148858.875,148928.609375,149012.109375,149145.859375,149336.296875,0.0
1762651856.6035492,148046.15625,147788.21875,148358.90625,148174.546875,148244.28125,148328.328125,148461.453125,148652.15625,0.0
1762651856.6060324,147662.609375,147403.765625,147975.34375,147790.71875,147860.46875,147945.21875,148077.28125,148267.890625,0.0
1762651856.6087,148532.984375,148274.328125,148845.734375,148661.734375,148731.28125,148815.78125,148948.28125,149139.15625,0.0
1762651856.6111364,148825.078125,148566.953125,149137.640625,148953.640625,149023.203125,149107.515625,149240.09375,149431.171875,0.0
1762651856.617282,148262.96875,148004.859375,148575.359375,148391.09375,148460.734375,148545.40625,148677.46875,148868.53125,0.0
1762651856.6204388,147671.1875,147413.15625,147983.84375,147799.21875,147869.140625,147953.71875,148086.03125,148276.65625,0.0
1762651856.6238537,148449.46875,148191.53125,148762.125,148578.046875,148647.421875,148731.734375,148864.328125,149055.203125,0.0
1762651856.6238687,148898.03125,148640.0,149210.5,149026.6875,149095.796875,149180.203125,149312.875,149504.03125,0.0
1762651856.6238763,148476.203125,148217.90625,148788.953125,148604.6875,148673.890625,148758.5625,148890.875,149082.03125,0.0
1762651856.6260748,147735.921875,147477.359375,148048.390625,147864.03125,147933.328125,148017.8125,148150.3125,148340.75,0.0
1762651856.62609,148344.78125,148086.296875,148657.34375,148473.34375,148542.8125,148626.6875,148759.453125,148950.421875,0.0
1762651856.6287692,148947.296875,148689.625,149259.953125,149076.21875,149145.953125,149229.734375,149362.953125,149553.65625,0.0
1762651856.631032,148670.578125,148413.0,148983.40625,148799.421875,148869.234375,148953.1875,149085.96875,149276.9375,0.0
1762651856.6338594,147851.96875,147593.84375,148164.53125,147980.53125,148050.359375,148134.40625,148267.0,148457.703125,0.0
1762651856.6385825,148236.0625,147978.03125,148548.71875,148364.53125,148434.1875,148518.5,148650.8125,148841.96875,0.0
1762651856.6386046,148974.734375,148717.34375,149288.03125,149103.75,149172.875,149257.71875,149390.21875,149581.546875,0.0
1762651856.6447742,148841.53125,148583.5,149154.359375,148970.265625,149039.46875,149124.046875,149256.734375,149447.25,0.0
1762651856.6475286,148014.0625,147755.140625,148326.453125,148142.265625,148211.828125,148296.140625,148428.828125,148619.171875,0.0
1762651856.6501608,148133.0625,147874.59375,148445.71875,148261.28125,148330.921875,148415.40625,148547.90625,148738.890625,0.0
1762651856.6523235,148974.203125,148716.09375,149287.125,149103.046875,149172.15625,149256.46875,149389.328125,149580.390625,0.0
1762651856.655144,148981.265625,148722.96875,149293.828125,149110.1875,149179.03125,149263.53125,149396.390625,149587.09375,0.0
1762651856.6586308,148207.8125,147948.96875,148520.015625,148336.109375,148405.484375,148490.328125,148622.484375,148812.734375,0.0
1762651856.6586466,148054.75,147795.828125,148366.953125,148183.125,148252.515625,148337.1875,148469.59375,148659.9375,0.0
1762651856.6586545,148942.640625,148685.0625,149255.390625,149072.015625,149140.765625,149225.171875,149358.203125,149549.1875,0.0
1762651856.6611412,149093.203125,148835.71875,149406.3125,149222.484375,149291.515625,149375.90625,149508.859375,149700.1875,0.0
1762651856.6637032,148418.453125,148160.0625,148731.28125,148546.84375,148616.3125,148700.984375,148833.65625,149024.359375,0.0
1762651856.6697807,148016.921875,147758.265625,148329.484375,148145.046875,148214.515625,148299.265625,148431.5,148622.03125,0.0
1762651856.7011592,148885.25,148627.65625,149198.265625,149014.078125,149083.28125,149168.046875,149300.546875,149491.421875,0.0
1762651856.70118,149190.65625,148932.71875,149503.3125,149319.234375,149388.609375,149473.09375,149606.046875,149796.921875,0.0
1762651856.703657,148640.984375,148382.421875,148953.28125,148769.015625,148838.484375,148923.0625,149055.65625,149246.71875,0.0
1762651856.7036722,148030.515625,147771.953125,148343.34375,148158.71875,148228.109375,148312.59375,148445.359375,148635.703125,0.0
1762651856.706031,148796.28125,148538.4375,149109.484375,148925.203125,148994.40625,149078.8125,149211.84375,149402.46875,0.0
1762651856.7086103,149258.25,149000.671875,149571.359375,149387.796875,149457.0,149540.859375,149674.078125,149864.96875,0.0
1762651856.7111087,148850.640625,148592.703125,149163.296875,148979.390625,149048.6875,149132.8125,149265.671875,149456.828125,0.0
1762651856.7136085,148098.28125,147840.078125,148410.578125,148226.3125,148296.234375,148380.453125,148512.78125,148703.75,0.0
1762651856.7186098,148692.578125,148434.453125,149005.5,148821.234375,148890.875,148974.828125,149107.421875,149298.75,0.0
1762651856.7210276,149308.59375,149050.640625,149621.421875,149437.328125,149506.796875,149590.9375,149724.0625,149915.125,0.0
1762651856.723695,149041.171875,148783.328125,149354.28125,149170.09375,149239.828125,149323.78125,149457.0,149647.96875,0.0
1762651856.7237103,148218.359375,147959.609375,148530.828125,148346.65625,148416.484375,148500.796875,148633.5625,148824.359375,0.0
1762651856.7260273,148584.65625,148326.625,148897.578125,148712.953125,148782.78125,148867.28125,149000.140625,149191.109375,0.0
1762651856.7286284,149333.890625,149076.21875,149647.078125,149462.8125,149532.375,149616.59375,149749.8125,149940.6875,151.0
1762651856.7310631,149209.171875,148951.046875,149521.90625,149338.0,149407.375,149491.515625,149624.734375,149815.796875,0.0
1762651856.7310786,148382.59375,148124.21875,148695.25,148511.25,148580.71875,148664.953125,148797.890625,148988.78125,0.0
1762651856.7660313,148483.1875,148224.890625,148796.015625,148611.75,148681.3125,148765.265625,148898.484375,149089.09375,0.0
1762651856.7697945,149331.03125,149073.53125,149644.40625,149460.125,149529.515625,149613.828125,149746.6875,149938.109375,0.0
1762651856.7698116,149350.703125,149092.765625,149663.71875,149479.796875,149548.90625,149633.21875,149766.171875,149957.234375,0.0
1762651856.7698205,148582.875,148324.75,148895.609375,148711.890625,148781.09375,148865.484375,148998.171875,149188.875,0.0
1762651856.7722776,148408.96875,148150.859375,148721.90625,148537.71875,148607.28125,148691.765625,148824.453125,149014.96875,0.0
1762651856.774786,149297.234375,149039.109375,149610.421875,149426.609375,149495.984375,149580.03125,149712.703125,149904.03125,0.0
1762651856.777278,149462.1875,149204.25,149775.65625,149591.65625,149660.84375,149745.25,149878.015625,150069.0,0.0
1762651856.779777,148796.375,148538.171875,149109.484375,148925.296875,148994.59375,149079.34375,149211.84375,149402.734375,0.0
1762651856.7822797,148374.1875,148115.8125,148686.578125,148502.578125,148572.328125,148656.90625,148789.3125,148980.109375,0.0
1762651856.7848682,149232.953125,148975.1875,149545.6875,149362.140625,149431.515625,149515.921875,149648.515625,149839.671875,0.0
1762651856.784887,149550.796875,149293.390625,149863.984375,149680.25,149749.625,149833.671875,149966.71875,150157.953125,0.0
1762651856.7874424,149013.71875,148756.046875,149326.46875,149142.828125,149212.390625,149296.421875,149429.375,149619.984375,0.0
1762651856.789791,148391.265625,148133.0625,148704.203125,148520.203125,148589.671875,148674.0625,148806.65625,148997.359375,0.0
1762651856.7922773,149147.75,148889.890625,149461.109375,149277.03125,149346.234375,149430.625,149563.671875,149754.546875,0.0
1762651856.7947896,149622.40625,149365.0,149935.859375,149751.953125,149821.15625,149905.5625,150038.59375,150229.5625,0.0
1762651856.7948136,149223.109375,148965.265625,149536.21875,149352.484375,149421.515625,149505.90625,149638.859375,149829.921875,0.0
1762651856.8260665,148463.609375,148205.578125,148776.609375,148592.53125,148661.8125,148746.21875,148878.984375,149069.875,0.0
1762651856.828534,149043.578125,148785.734375,149356.515625,149172.515625,149241.796875,149326.296875,149459.234375,149650.03125,0.0
1762651856.82855,149669.34375,149412.03125,149982.8125,149798.8125,149868.359375,149952.3125,150085.53125,150276.328125,0.0
1762651856.833697,149413.46875,149156.140625,149726.921875,149543.015625,149612.21875,149696.171875,149829.203125,150020.53125,0.0
1762651856.836185,148587.609375,148329.765625,148900.4375,148716.4375,148785.90625,148870.21875,149003.078125,149193.78125,0.0
1762651856.8385248,148931.46875,148673.625,149244.578125,149060.296875,149129.859375,149214.4375,149347.484375,149538.0,0.0
1762651856.841023,149691.34375,149433.75,150004.703125,149820.53125,149889.734375,149974.21875,150107.34375,150298.140625,0.0
1762651856.8435261,149578.6875,149321.015625,149891.703125,149708.0625,149776.90625,149861.390625,149994.609375,150185.3125,0.0
1762651856.8460848,148754.625,148496.59375,149067.359375,148883.546875,148953.015625,149037.5,149170.09375,149360.984375,0.0
1762651856.8486125,148833.75,148575.890625,149146.84375,148962.40625,149032.140625,149116.453125,149249.3125,149439.84375,0.0
1762651856.8510234,149687.3125,149430.265625,150000.78125,149816.953125,149886.15625,149970.015625,150103.5,150294.296875,0.0
1762651856.8536408,149716.734375,149459.78125,150030.1875,149846.640625,149915.296875,149999.609375,150132.734375,150323.890625,0.0
1762651856.8536568,148952.75,148695.171875,149266.296875,149081.9375,149151.59375,149235.90625,149368.40625,149559.46875,0.0
1762651856.8560233,148758.28125,148500.609375,149071.5625,148887.5625,148956.953125,149040.90625,149173.84375,149364.734375,0.0
1762651856.8585258,149650.390625,149393.078125,149963.671875,149780.296875,149849.328125,149932.828125,150066.578125,150257.640625,0.0
1762651856.858541,149826.96875,149569.75,150140.34375,149956.875,150026.078125,150109.5,150243.609375,150434.578125,0.0
1762651856.88859,149170.28125,148912.609375,149483.828125,149299.921875,149369.03125,149453.0625,149586.734375,149777.265625,0.0
1762651856.892312,148730.21875,148472.453125,149043.765625,148859.765625,148928.609375,149013.09375,149146.40625,149336.84375,0.0
1762651856.8923287,149587.09375,149329.859375,149900.546875,149716.640625,149785.578125,149870.15625,150003.375,150193.984375,0.0
1762651856.8923364,149919.6875,149662.734375,150233.0625,150049.5,150118.4375,150202.5625,150336.046875,150526.9375,0.0
1762651856.892342,149388.25,149130.671875,149701.359375,149517.359375,149586.546875,149670.59375,149804.34375,149994.875,0.0
1762651856.896056,148749.53125,148491.765625,149062.71875,148878.625,148947.5625,149032.140625,149165.359375,149355.796875,0.0
1762651856.8960714,149496.609375,149239.296875,149809.984375,149626.25,149695.09375,149779.5,149912.625,150103.5,0.0
1762651856.8960793,149985.84375,149728.625,150299.21875,150115.578125,150184.328125,150268.8125,150402.03125,150593.015625,0.0
1762651856.8960848,149596.5625,149339.25,149909.765625,149725.9375,149795.234375,149879.359375,150012.578125,150203.8125,0.0
1762651856.898522,148828.03125,148570.0,149140.59375,148956.59375,149025.875,149110.28125,149243.140625,149434.203125,0.0
1762651856.9338949,149392.546875,149134.953125,149705.828125,149521.90625,149590.578125,149675.15625,149808.28125,149998.984375,0.0
1762651856.9360664,150032.96875,149775.828125,150346.421875,150162.953125,150231.265625,150316.03125,150449.234375,150640.125,0.0
1762651856.9360826,149786.46875,149528.96875,150099.75,149916.015625,149985.046875,150069.53125,150202.5625,150393.546875,0.0
1762651856.9399648,148958.203125,148700.53125,149271.484375,149087.578125,149156.59375,149241.078125,149374.125,149565.28125,0.0
1762651856.93998,149282.21875,149024.625,149595.3125,149412.03125,149481.046875,149565.1875,149698.046875,149889.375,0.0
1762651856.9399877,150048.4375,149790.9375,150361.625,150178.609375,150247.359375,150331.5,150464.703125,150656.046875,0.0
1762651856.9422648,149947.84375,149690.53125,150261.21875,150077.484375,150146.78125,150231.09375,150364.125,150555.1875,0.0
1762651856.9447708,149125.296875,148867.453125,149438.5,149254.5,149323.78125,149408.546875,149541.5,149732.375,0.0
1762651856.9473505,149181.546875,148923.78125,149494.546875,149310.90625,149380.203125,149464.875,149597.640625,149788.703125,0.0
1762651856.9500244,150041.8125,149784.765625,150354.921875,150171.8125,150240.65625,150324.875,150458.1875,150649.515625,0.0
1762651856.9523277,150082.9375,149826.078125,150396.046875,150212.9375,150281.609375,150365.921875,150499.21875,150690.640625,0.0
1762651856.9547765,149327.359375,149069.953125,149640.375,149457.1875,149525.9375,149610.421875,149743.375,149934.34375,0.0
1762651856.9573028,149112.515625,148854.9375,149425.265625,149241.796875,149310.90625,149395.40625,149528.34375,149719.234375,0.0
1762651856.9573183,150004.625,149747.578125,150317.8125,150134.53125,150203.109375,150287.6875,150420.8125,150612.234375,0.0
1762651856.96029,150192.46875,149935.234375,150505.65625,150322.375,150391.125,150475.609375,150608.65625,150800.078125,0.0
1762651856.9889736,149541.578125,149284.453125,149854.859375,149671.21875,149740.25,149825.0,149957.6875,150148.5625,0.0
1762651856.9910228,149083.375,148825.796875,149396.03125,149212.46875,149281.234375,149366.34375,149498.9375,149689.546875,0.0
1762651856.9910405,149935.328125,149678.375,150248.34375,150064.796875,150134.0,150218.578125,150351.4375,150542.671875,0.0
1762651856.9938776,150278.921875,150022.234375,150592.296875,150409.015625,150477.9375,150562.34375,150695.5625,150886.625,0.0
1762651856.9960191,149759.015625,149502.25,150072.921875,149889.109375,149958.125,150042.0,150175.75,150366.546875,0.0
1762651856.9985273,149107.953125,148850.640625,149421.6875,149237.515625,149306.703125,149390.9375,149524.140625,149715.03125,0.0
1762651857.0011373,149840.296875,149583.6875,150154.203125,149970.46875,150039.3125,150123.984375,150256.75,150448.171875,0.0
1762651857.0011523,150339.1875,150082.671875,150653.171875,150469.71875,150538.296875,150623.140625,150755.90625,150947.234375,0.0
1762651857.003636,149960.453125,149703.671875,150274.359375,150090.453125,150159.5625,150244.046875,150377.0,150567.96875,0.0
1762651857.0036511,149185.203125,148927.890625,149498.671875,149314.84375,149383.78125,149468.171875,149601.03125,149791.921875,0.0
1762651857.0109103,149733.984375,149476.671875,150047.625,149863.625,149932.734375,150016.875,150150.265625,150341.234375,0.0
1762651857.0109255,150383.4375,150126.75,150697.34375,150513.796875,150582.546875,150666.953125,150800.25,150991.765625,0.0
1762651857.0361784,150148.65625,149892.0625,150462.65625,150278.75,150347.40625,150431.984375,150565.296875,150756.53125,0.0
1762651857.036198,149316.90625,149059.671875,149630.453125,149446.28125,149515.296875,149600.140625,149733.265625,149923.890625,0.0
1762651857.0362055,149620.34375,149363.21875,149934.25,149750.078125,149819.1875,149903.59375,150036.8125,150227.875,0.0
1762651857.04118,150400.25,150143.375,150713.890625,150530.421875,150599.0,150683.046875,150816.96875,151007.953125,0.0
1762651857.0438716,150309.234375,150052.28125,150622.78125,150439.3125,150508.25,150592.03125,150725.953125,150916.75,0.0
1762651857.046013,149491.515625,149233.9375,149804.703125,149620.703125,149690.0,149774.484375,149907.703125,150098.234375,0.0
1762651857.0485127,149526.03125,149268.71875,149839.484375,149655.390625,149724.59375,149809.171875,149942.21875,150133.1875,0.0
1762651857.051136,150392.015625,150134.96875,150705.65625,150522.109375,150590.6875,150675.0,150808.65625,150999.8125,0.0
1762651857.0561943,150444.328125,150187.640625,150758.140625,150574.59375,150643.25,150727.46875,150861.140625,151051.84375,0.0
1762651857.0586,149692.046875,149434.921875,150005.609375,149821.609375,149890.890625,149974.765625,150108.15625,150299.03125,0.0
1762651857.0610168,149457.265625,149199.953125,149770.734375,149586.828125,149656.015625,149740.421875,149873.28125,150064.515625,0.0
1762651857.063521,150350.53125,150093.40625,150664.171875,150480.53125,150549.375,150633.6875,150767.078125,150958.421875,0.0
1762651857.0635364,150548.75,150292.0625,150862.5625,150679.28125,150747.6875,150832.171875,150965.828125,151156.71875,0.0
1762651857.066018,149909.40625,149652.171875,150222.59375,150039.484375,150107.703125,150192.640625,150325.6875,150516.46875,0.0
1762651857.0685997,149434.03125,149176.53125,149747.03125,149563.84375,149632.234375,149717.265625,149850.21875,150041.28125,0.0
1762651857.0999606,150277.84375,150020.984375,150591.671875,150408.375,150477.140625,150561.453125,150695.015625,150886.0,0.0
1762651857.09998,150631.90625,150375.125,150945.71875,150762.25,150831.359375,150915.3125,151049.078125,151240.21875,0.0
1762651857.1022727,150123.359375,149866.046875,150437.171875,150253.171875,150322.28125,150406.5,150540.171875,150731.140625,0.0
1762651857.1022878,149461.203125,149203.796875,149774.484375,149590.671875,149659.78125,149744.0,149877.125,150068.015625,0.0
1762651857.104848,150181.921875,149924.875,150495.28125,150311.640625,150380.671875,150464.890625,150597.921875,150789.25,0.0
1762651857.107267,150694.390625,150437.796875,151008.03125,150824.484375,150893.5,150977.640625,151111.03125,151302.28125,0.0
1762651857.109766,150326.75,150069.890625,150640.21875,150456.65625,150525.59375,150609.90625,150743.296875,150934.1875,0.0
1762651857.1123743,149542.65625,149285.15625,149855.671875,149671.9375,149741.140625,149825.359375,149958.390625,150149.015625,0.0
1762651857.1148663,150071.765625,149814.453125,150385.046875,150201.140625,150270.609375,150354.65625,150487.6875,150678.84375,0.0
1762651857.1175213,150732.65625,150475.796875,151046.296875,150862.921875,150931.765625,151016.078125,151149.296875,151340.625,0.0
1762651857.123803,150508.875,150252.546875,150823.140625,150639.671875,150708.515625,150793.015625,150926.046875,151117.296875,0.0
1762651857.1260238,149675.6875,149418.375,149989.328125,149805.515625,149874.984375,149959.296875,150091.96875,150282.9375,0.0
1762651857.1260417,149958.21875,149700.8125,150271.5,150087.671875,150157.328125,150241.109375,150374.046875,150565.46875,0.0
1762651857.1285987,150744.828125,150487.859375,151058.375,150874.8125,150943.84375,151027.796875,151161.28125,151352.875,0.0
1762651857.1323552,150664.796875,150408.03125,150978.53125,150794.984375,150864.171875,150948.21875,151081.609375,151272.6875,0.0
1762651857.13237,149849.234375,149592.1875,150163.046875,149979.234375,150048.609375,150132.65625,150265.78125,150456.578125,0.0
1762651857.1848795,149863.625,149606.671875,150177.265625,149993.4375,150062.5625,150146.859375,150280.171875,150471.140625,0.0
1762651857.184899,150734.09375,150478.03125,151047.90625,150864.71875,150933.46875,151017.875,151151.359375,151342.59375,0.0
1762651857.187388,150796.40625,150539.984375,151110.3125,150927.125,150995.515625,151080.0,151213.671875,151404.90625,0.0
1762651857.1874037,150052.984375,149795.859375,150366.359375,150182.8125,150251.203125,150335.96875,150469.359375,150660.515625,0.0
1762651857.189792,149797.90625,149540.59375,150111.109375,149927.546875,149996.390625,150080.890625,150214.015625,150404.984375,0.0
1762651857.1922524,150691.09375,150434.578125,151004.734375,150821.359375,150889.84375,150974.15625,151107.90625,151298.875,0.0
1762651857.1948316,150902.53125,150646.109375,151216.265625,151033.25,151101.640625,151186.046875,151319.890625,151510.6875,0.0
1762651857.1972625,150269.796875,150013.375,150583.53125,150400.515625,150468.734375,150553.578125,150686.96875,150877.859375,0.0
1762651857.1999328,149778.421875,149521.734375,150092.234375,149908.421875,149977.34375,150061.9375,150195.421875,150386.296875,0.0
1762651857.2023532,150619.390625,150362.96875,150933.203125,150749.734375,150818.578125,150902.984375,151036.640625,151227.703125,0.0
1762651857.204846,150987.921875,150731.859375,151301.734375,151118.90625,151186.9375,151271.15625,151405.1875,151596.515625,0.0
1762651857.2073128,150488.21875,150231.625,150801.953125,150618.40625,150687.0625,150771.46875,150904.953125,151096.28125,0.0
1762651857.2098424,149812.125,149554.90625,150125.140625,149941.328125,150010.515625,150095.1875,150228.234375,150419.375,0.0
1762651857.2124968,150521.65625,150265.234375,150834.9375,150651.390625,150720.6875,150804.71875,150938.46875,151129.625,0.0
1762651857.2147713,151046.03125,150789.703125,151359.578125,151176.390625,151244.96875,151329.0,151463.109375,151654.53125,0.0
1762651857.2186463,150689.125,150432.4375,151002.9375,150819.5625,150888.140625,150972.359375,151106.109375,151297.53125,0.0
1762651857.2186613,149897.875,149640.5625,150211.234375,150027.859375,150096.703125,150180.84375,150314.140625,150505.203125,0.0
1762651857.2186694,150409.71875,150152.765625,150723.28125,150539.984375,150608.5625,150692.609375,150826.265625,151017.609375,0.0
1762651857.2209923,151081.53125,150825.109375,151394.984375,151211.96875,151280.28125,151364.859375,151498.609375,151690.03125,0.0
1762651857.2398949,150870.53125,150613.484375,151183.8125,151000.53125,151069.09375,151153.59375,151286.984375,151478.765625,0.0
1762651857.2399135,150036.53125,149778.953125,150349.90625,150166.265625,150235.109375,150319.59375,150452.546875,150643.703125,0.0
1762651857.2422628,150301.453125,150044.3125,150615.09375,150431.71875,150500.375,150584.78125,150717.90625,150909.234375,0.0
1762651857.2448945,151098.0625,150841.46875,151411.890625,151228.609375,151297.625,151381.671875,151515.328125,151706.75,0.0
1762651857.2510948,151028.15625,150771.28125,151341.609375,151158.328125,151227.265625,151311.390625,151444.96875,151636.296875,0.0
1762651857.2535207,150215.4375,149958.3125,150528.640625,150345.265625,150414.109375,150498.234375,150631.1875,150822.6875,0.0
1762651857.2535362,150207.3125,149950.0,150520.5,150336.859375,150405.703125,150490.015625,150623.3125,150814.640625,0.0
1762651857.256012,151082.6875,150825.734375,151396.328125,151212.953125,151281.53125,151366.015625,151499.5,151691.109375,0.0
1762651857.2585137,151157.875,150900.921875,151471.4375,151288.328125,151356.71875,151441.296875,151574.421875,151766.390625,0.0
1762651857.2612653,150421.703125,150163.859375,150734.71875,150551.4375,150619.828125,150704.765625,150837.171875,151029.140625,0.0
1762651857.2612927,150146.78125,149889.109375,150459.96875,150276.6875,150345.078125,150429.921875,150562.609375,150753.765625,0.0
1762651857.263806,151038.078125,150781.390625,151351.8125,151168.875,151237.625,151321.140625,151455.0625,151646.125,0.0
1762651857.263824,151261.765625,151005.53125,151575.765625,151392.578125,151461.328125,151545.1875,151679.125,151870.453125,0.0
1762651857.2974594,150638.78125,150382.09375,150952.328125,150768.78125,150838.078125,150922.03125,151055.6875,151246.484375,0.0
1762651857.2974792,150129.34375,149872.390625,150443.078125,150259.515625,150328.546875,150412.40625,150545.71875,150736.859375,0.0
1762651857.3010256,150959.671875,150703.25,151273.75,151090.46875,151158.859375,151242.734375,151376.75,151568.171875,0.0
1762651857.3010416,151339.640625,151083.578125,151653.546875,151470.53125,151539.296875,151623.328125,151756.8125,151948.234375,0.0
1762651857.3010492,150854.078125,150597.65625,151167.8125,150984.796875,151053.453125,151137.5,151270.890625,151462.21875,0.0
1762651857.3048751,150166.0,149908.953125,150479.28125,150296.09375,150365.203125,150449.0625,150582.1875,150773.703125,0.0
1762651857.3048904,150860.328125,150603.921875,151174.0625,150990.59375,151059.625,151143.671875,151277.15625,151469.109375,0.0
1762651857.3048975,151396.6875,151140.09375,151710.421875,151527.40625,151596.0625,151680.109375,151813.765625,152005.546875,0.0
1762651857.3049033,151051.390625,150794.703125,151365.125,151182.109375,151250.5,151335.171875,151468.65625,151659.8125,0.0
1762651857.3073857,150256.125,149998.984375,150569.3125,150386.03125,150454.609375,150539.1875,150672.3125,150863.375,0.0
1762651857.3074007,150749.5625,150493.046875,151063.015625,150879.921875,150948.578125,151032.984375,151166.28125,151357.4375,0.0
1762651857.3097615,151432.1875,151175.9375,151746.265625,151562.984375,151631.65625,151715.953125,151849.53125,152040.859375,0.0
1762651857.3122623,151231.1875,150974.6875,151545.1875,151361.90625,151430.484375,151514.96875,151648.1875,151839.875,0.0
1762651857.3159888,150395.328125,150138.28125,150708.96875,150525.6875,150594.4375,150678.75,150811.703125,151003.203125,0.0
1762651857.355028,150636.109375,150378.875,150949.203125,150766.28125,150835.125,150918.8125,151052.46875,151243.890625,0.0
1762651857.35505,151441.390625,151185.0625,151755.03125,151572.015625,151640.765625,151724.546875,151858.296875,152050.078125,0.0
1762651857.3585107,151382.65625,151126.046875,151696.015625,151513.359375,151581.578125,151665.4375,151799.109375,151990.890625,0.0
1762651857.3585265,150572.625,150315.671875,150885.71875,150702.796875,150771.28125,150855.328125,150989.078125,151180.140625,0.0
1762651857.3585343,150544.28125,150287.328125,150857.46875,150674.28125,150743.03125,150826.984375,150960.734375,151151.984375,0.0
1762651857.361128,151424.046875,151167.625,151737.78125,151554.3125,151623.25,151707.28125,151841.046875,152032.640625,0.0
1762651857.3635082,151510.6875,151254.078125,151824.046875,151640.953125,151709.875,151793.75,151927.5,152119.1875,0.0
1762651857.3661764,150782.109375,150525.0625,151095.390625,150911.921875,150980.9375,151065.171875,151198.46875,151390.15625,0.0
1762651857.3685112,150483.21875,150226.34375,150796.59375,150613.296875,150681.875,150766.453125,150899.859375,151090.921875,0.0
1762651857.371135,151370.3125,151114.25,151684.125,151500.9375,151569.515625,151653.734375,151787.21875,151979.0,0.0
1762651857.3711505,151608.84375,151352.609375,151922.671875,151739.46875,151808.046875,151892.0,152025.9375,152217.53125,0.0
1762651857.3735275,151000.171875,150743.296875,151313.984375,151130.171875,151199.09375,151283.3125,151416.984375,151607.953125,0.0
1762651857.3760085,150473.296875,150215.890625,150786.65625,150602.9375,150671.953125,150756.359375,150889.578125,151080.453125,0.0
1762651857.378599,151295.921875,151039.15625,151609.296875,151425.921875,151494.953125,151578.625,151712.46875,151904.078125,0.0
1762651857.3786144,151688.0625,151431.640625,152001.609375,151818.421875,151887.359375,151970.953125,152104.796875,152296.484375,0.0
1762651857.381014,151212.859375,150956.09375,151526.15625,151343.3125,151411.703125,151496.109375,151629.328125,151821.28125,0.0
1762651857.387258,150512.71875,150255.671875,150825.90625,150642.546875,150711.5625,150795.96875,150929.0,151120.421875,0.0
1762651857.423804,151193.109375,150936.78125,151506.75,151323.46875,151392.484375,151476.609375,151609.921875,151801.4375,0.0
1762651857.423823,151743.234375,151486.453125,152056.59375,151873.21875,151942.34375,152026.296875,152159.859375,152351.546875,0.0
1762651857.4238317,151412.421875,151155.109375,151725.34375,151542.234375,151611.265625,151695.3125,151828.96875,152020.296875,0.0
1762651857.426196,150607.9375,150350.71875,150921.046875,150737.40625,150806.6875,150890.640625,151024.03125,151215.375,0.0
1762651857.4262114,151082.6875,150825.46875,151395.875,151212.515625,151281.4375,151365.125,151498.703125,151690.203125,0.0
1762651857.428522,151778.984375,151522.03125,152092.453125,151909.4375,151978.1875,152061.609375,152195.71875,152387.5,0.0
1762651857.43109,151588.546875,151331.6875,151901.921875,151718.640625,151787.65625,151871.171875,152005.109375,152196.96875,0.0
1762651857.433613,150749.5625,150492.421875,151062.75,150879.46875,150948.40625,151032.171875,151166.015625,151357.265625,0.0
1762651857.4358516,150970.03125,150712.90625,151283.40625,151099.953125,151168.96875,151252.828125,151386.859375,151578.09375,0.0
1762651857.441321,151782.5625,151525.796875,152096.125,151912.828125,151981.5,152065.546875,152199.5625,152391.34375,0.0
1762651857.4435277,151735.71875,151479.203125,152049.453125,151866.34375,151934.65625,152019.046875,152152.890625,152344.578125,0.0
1762651857.4461837,150933.5625,150676.6875,151247.46875,151063.921875,151132.40625,151216.625,151350.46875,151541.796875,0.0
1762651857.448646,150879.109375,150622.25,151192.84375,151009.5625,151077.765625,151162.0,151295.921875,151487.34375,0.0
1762651857.4510076,151759.046875,151502.640625,152072.6875,151889.765625,151958.25,152042.203125,152176.3125,152367.734375,0.0
1762651857.453631,151857.40625,151601.078125,152171.046875,151988.109375,152056.59375,152140.828125,152274.65625,152466.0,0.0
1762651857.453647,151139.46875,150882.59375,151452.828125,151269.375,151338.125,151422.703125,151555.828125,151747.515625,0.0
1762651857.4610898,150822.34375,150565.5625,151135.53125,150951.984375,151020.90625,151105.21875,151239.15625,151430.578125,0.0
1762651857.4660068,151707.46875,151451.21875,152021.015625,151837.640625,151906.3125,151990.625,152124.546875,152316.328125,0.0
1762651857.5026107,151958.25,151702.28125,152272.421875,152088.875,152157.546875,152241.578125,152375.515625,152567.203125,0.0
1762651857.5026307,151356.546875,151100.125,151670.265625,151486.90625,151555.5625,151639.515625,151773.53125,151964.515625,0.0
1762651857.5026388,150811.078125,150554.296875,151124.4375,150941.15625,151010.0,151093.859375,151227.265625,151418.765625,0.0
1762651857.5072548,151626.546875,151369.859375,151939.65625,151756.546875,151825.296875,151909.25,152043.1875,152234.609375,0.0
1762651857.5097563,152032.453125,151776.21875,152346.09375,152163.0,152231.65625,152315.609375,152449.984375,152641.234375,0.0
1762651857.509772,151567.984375,151311.578125,151881.359375,151698.25,151767.015625,151851.046875,151984.890625,152176.40625,0.0
1762651857.512462,150857.390625,150600.78125,151170.671875,150987.296875,151056.046875,151140.53125,151274.109375,151465.171875,0.0
1762651857.5124793,151524.984375,151268.65625,151838.09375,151655.25,151723.921875,151808.140625,151942.0625,152133.046875,0.0
1762651857.5148752,152085.296875,151829.421875,152398.9375,152216.015625,152284.671875,152368.625,152502.65625,152694.515625,0.0
1762651857.5173368,151764.0625,151507.90625,152077.796875,151894.421875,151963.4375,152047.21875,152181.234375,152372.828125,0.0
1762651857.5200431,150954.921875,150698.0625,151268.484375,151085.109375,151153.953125,151237.8125,151371.75,151562.453125,0.0
1762651857.5224285,151411.171875,151154.65625,151724.90625,151541.796875,151610.1875,151694.234375,151827.984375,152019.234375,0.0
1762651857.5247593,152117.75,151861.25,152431.65625,152248.734375,152316.78125,152400.640625,152534.84375,152726.703125,0.0
1762651857.527336,151940.28125,151683.953125,152254.015625,152070.90625,152139.484375,152223.34375,152357.8125,152549.234375,0.0
1762651857.5298405,151102.625,150846.03125,151416.0,151232.71875,151301.734375,151385.59375,151519.625,151710.78125,0.0
1762651857.5322523,151301.296875,151044.953125,151614.65625,151432.1875,151500.671875,151584.625,151718.1875,151910.0625,0.0
1762651857.5347555,152120.53125,151865.09375,152434.796875,152252.140625,152320.53125,152404.390625,152538.234375,152730.109375,0.0
1762651857.5374644,152086.28125,151830.21875,152400.546875,152217.078125,152285.84375,152369.4375,152503.640625,152694.875,0.0
1762651857.5374796,151287.15625,151030.5625,151600.984375,151417.421875,151485.734375,151569.6875,151703.703125,151894.953125,0.0
1762651857.5426009,151208.84375,150952.609375,151522.75,151339.203125,151407.6875,151491.90625,151625.484375,151816.90625,0.0
1762651857.5711064,152095.671875,151840.234375,152409.9375,152226.921875,152295.234375,152379.53125,152513.375,152704.71875,0.0
1762651857.5711248,152206.796875,151951.1875,152520.71875,152338.140625,152406.359375,152490.84375,152624.515625,152816.109375,0.0
1762651857.577522,151494.40625,151238.265625,151808.40625,151625.390625,151693.78125,151778.015625,151911.578125,152103.1875,0.0
1762651857.581016,151159.578125,150903.421875,151473.484375,151290.203125,151358.59375,151443.265625,151576.578125,151767.640625,0.0
1762651857.581031,152042.296875,151786.765625,152356.5625,152173.8125,152242.03125,152326.078125,152460.09375,152651.515625,0.0
1762651857.5810387,152303.359375,152048.015625,152617.546875,152434.96875,152503.359375,152587.140625,152721.34375,152912.765625,0.0
1762651857.5849445,151711.671875,151455.703125,152025.484375,151842.46875,151911.21875,151994.90625,152128.75,152320.078125,0.0
1762651857.5849683,151153.5,150896.984375,151467.140625,151283.9375,151352.703125,151436.734375,151570.40625,151761.640625,0.0
1762651857.5849793,151959.5,151703.4375,152273.5,152090.84375,152159.15625,152243.28125,152377.296875,152568.546875,0.0
1762651857.5849848,152377.484375,152121.78125,152691.390625,152508.828125,152577.125,152661.171875,152795.28125,152986.875,0.0
1762651857.5878053,151922.765625,151666.515625,152236.75,152053.828125,152122.046875,152206.359375,152340.203125,152531.703125,0.0
1762651857.5878205,151200.796875,150944.109375,151514.96875,151331.421875,151400.359375,151484.484375,151617.796875,151809.296875,0.0
1762651857.5899324,151852.578125,151596.6875,152166.921875,151983.546875,152052.3125,152136.34375,152270.1875,152461.96875,0.0
1762651857.592222,152424.953125,152169.078125,152739.046875,152556.203125,152624.6875,152708.828125,152842.84375,153034.796875,0.0
1762651857.5947528,152115.15625,151858.828125,152429.25,152246.140625,152314.8125,152398.765625,152532.875,152724.828125,0.0
1762651857.6322756,151301.109375,151044.328125,151614.390625,151431.640625,151500.40625,151584.078125,151717.921875,151909.890625,0.0
1762651857.6322968,151735.8125,151479.203125,152048.90625,151866.25,151934.734375,152018.875,152152.71875,152344.671875,0.0
1762651857.6360087,152451.328125,152195.453125,152765.15625,152582.578125,152650.703125,152735.015625,152869.046875,153061.0,0.0
1762651857.636024,152286.5625,152030.671875,152600.640625,152417.53125,152485.9375,152570.0625,152704.078125,152896.21875,0.0
1762651857.6360316,151451.84375,151195.34375,151765.9375,151582.296875,151651.3125,151735.453125,151868.9375,152060.4375,0.0
1762651857.638585,151627.453125,151370.765625,151941.4375,151757.796875,151826.5625,151911.21875,152044.4375,152236.046875,0.0
1762651857.6410835,152449.359375,152193.296875,152763.453125,152580.171875,152648.46875,152733.140625,152866.984375,153059.03125,0.0
1762651857.645982,152426.03125,152169.703125,152740.03125,152556.828125,152625.046875,152709.265625,152843.65625,153035.421875,0.0
1762651857.6509924,151633.703125,151376.75,151947.078125,151764.15625,151832.640625,151916.859375,152050.703125,152242.296875,0.0
1762651857.653751,151534.28125,151277.59375,151847.5625,151664.546875,151733.296875,151817.609375,151951.1875,152142.78125,0.0
1762651857.6559997,152421.828125,152166.03125,152735.828125,152552.8125,152621.203125,152705.25,152839.53125,153031.3125,0.0
1762651857.6585853,152543.875,152288.34375,152857.6875,152675.296875,152743.15625,152827.5625,152962.03125,153153.359375,0.0
1762651857.6609943,151842.5625,151586.3125,152156.203125,151973.71875,152041.84375,152126.25,152260.453125,152451.953125,0.0
1762651857.663658,151485.640625,151229.140625,151799.375,151616.53125,151684.671875,151769.25,151903.0,152094.421875,0.0
1762651857.66594,152366.65625,152110.25,152680.296875,152497.734375,152565.953125,152649.71875,152784.375,152975.96875,0.0
1762651857.671112,152637.75,152381.953125,152951.75,152769.171875,152837.296875,152921.171875,153055.90625,153247.6875,0.0
1762651857.704878,152059.28125,151803.3125,152373.28125,152190.625,152258.75,152343.0625,152477.078125,152668.765625,0.0
1762651857.7048976,151481.265625,151224.9375,151795.078125,151612.25,151680.375,151764.859375,151898.53125,152089.953125,0.0
1762651857.7075064,152281.640625,152025.3125,152595.359375,152412.625,152480.84375,152564.96875,152699.53125,152890.953125,0.0
1762651857.7097895,152716.875,152460.984375,153031.046875,152848.296875,152916.703125,153000.734375,153135.390625,153326.71875,0.0
1762651857.7098053,152274.03125,152017.96875,152588.03125,152405.640625,152473.859375,152558.078125,152692.015625,152883.609375,0.0
1762651857.7122529,151541.796875,151285.28125,151855.4375,151672.5,151741.0,151825.484375,151959.234375,152150.921875,0.0
1762651857.7147498,152177.75,151921.953125,152491.75,152308.734375,152377.296875,152461.609375,152595.453125,152787.0625,0.0
1762651857.7174127,152764.078125,152508.46875,153077.8125,152895.234375,152963.984375,153047.59375,153182.0625,153373.921875,0.0
1762651857.71975,152467.25,152211.359375,152781.15625,152598.40625,152666.796875,152750.75,152885.140625,153076.90625,0.0
1762651857.7224965,151649.53125,151393.015625,151963.34375,151780.0625,151849.0,151932.6875,152066.703125,152258.75,0.0
1762651857.7253897,152065.625,151809.390625,152379.265625,152196.34375,152265.28125,152348.96875,152482.890625,152674.84375,0.0
1762651857.7272472,152792.515625,152536.890625,153106.421875,152923.765625,152992.609375,153076.015625,153210.578125,153402.53125,0.0
1762651857.7298117,152638.1875,152382.484375,152952.375,152769.53125,152838.015625,152921.515625,153055.90625,153248.125,0.0
1762651857.7323267,151803.75,151547.34375,152117.390625,151934.734375,152003.140625,152087.171875,152220.84375,152412.890625,0.0
1762651857.7348688,151959.140625,151702.453125,152272.421875,152089.6875,152158.53125,152242.5625,152376.234375,152568.015625,0.0
1762651857.7348845,152793.046875,152537.078125,153106.859375,152924.296875,152993.046875,153076.734375,153210.84375,153402.890625,0.0
1762651857.7373676,152781.875,152526.4375,153096.046875,152913.484375,152982.046875,153065.46875,153199.765625,153391.984375,0.0
1762651857.7373824,151994.015625,151737.6875,152307.65625,152124.90625,152193.65625,152277.609375,152411.28125,152603.234375,0.0
1762651857.73991,151873.40625,151617.078125,152187.140625,152004.296875,152072.875,152156.734375,152290.578125,152482.53125,0.0
1762651857.7423265,152764.4375,152508.546875,153078.34375,152895.6875,152964.078125,153048.125,153182.234375,153374.1875,0.0
1762651857.7459967,152899.625,152644.0,153213.609375,153031.21875,153099.53125,153183.578125,153317.59375,153509.46875,0.0
1762651857.753585,152206.265625,151950.109375,152519.734375,152337.25,152405.5625,152489.78125,152623.171875,152815.390625,0.0
1762651857.7536008,151829.0625,151572.640625,152142.4375,151959.59375,152028.4375,152112.484375,152245.875,152438.09375,0.0
1762651857.7597508,152704.984375,152449.09375,153018.34375,152836.140625,152904.71875,152988.75,153122.6875,153314.375,0.0
1762651857.7597668,152994.484375,152739.21875,153307.84375,153126.0,153194.21875,153278.25,153412.1875,153604.234375,0.0
1762651857.7910953,152425.84375,152170.0625,152739.140625,152557.015625,152625.5,152709.1875,152843.109375,153035.0625,0.0
1762651857.7911134,151835.3125,151579.25,152148.421875,151965.859375,152034.875,152118.65625,152252.40625,152444.09375,0.0
1762651857.7935028,152617.1875,152361.484375,152930.734375,152748.078125,152817.09375,152900.609375,153034.4375,153226.765625,0.0
1762651857.7935183,153062.34375,152807.078125,153376.515625,153193.859375,153262.34375,153345.84375,153479.953125,153672.625,0.0
1762651857.7961752,152633.0,152377.484375,152946.734375,152764.171875,152832.46875,152916.34375,153050.71875,153242.578125,0.0
1762651857.7985816,151890.75,151634.421875,152204.125,152021.015625,152089.859375,152173.640625,152307.5625,152499.34375,0.0
1762651857.8010857,152510.078125,152254.1875,152824.15625,152640.875,152709.625,152793.5,152927.515625,153119.5625,0.0
1762651857.8034964,153108.203125,152852.6875,153422.46875,153239.640625,153308.125,153392.078125,153526.359375,153718.140625,0.0
1762651857.8059964,152822.546875,152567.296875,153136.640625,152953.984375,153022.109375,153106.0625,153240.609375,153432.3125,0.0
1762651857.8086727,152002.328125,151746.0,152316.234375,152132.953125,152201.625,152285.484375,152419.6875,152611.015625,0.0
1762651857.8151329,152397.515625,152141.453125,152711.5,152528.21875,152596.96875,152680.65625,152814.859375,153006.734375,0.0
1762651857.819952,153133.78125,152878.515625,153448.046875,153265.375,153333.953125,153417.375,153552.015625,153744.0625,0.0
1762651857.819968,152991.96875,152736.265625,153306.0625,153123.046875,153192.15625,153275.9375,153410.21875,153602.171875,0.0
1762651857.8224936,152158.078125,151901.921875,152472.25,152289.234375,152358.078125,152441.859375,152576.0625,152767.828125,0.0
1762651857.8225222,152290.578125,152034.25,152604.390625,152421.65625,152490.140625,152573.8125,152708.203125,152900.15625,0.0
1762651857.824816,153131.0,152875.03125,153444.828125,153262.15625,153330.828125,153414.609375,153548.796875,153741.109375,0.0
1762651857.8248303,153131.890625,152876.46875,153446.078125,153263.859375,153331.8125,153415.765625,153550.234375,153742.28125,0.0
1762651857.861091,152351.46875,152095.84375,152665.28125,152482.984375,152551.203125,152635.0625,152769.4375,152961.3125,0.0
1762651857.863612,152209.484375,151953.25,152523.296875,152340.640625,152409.125,152492.734375,152627.015625,152819.0625,0.0
1762651857.8636272,153099.890625,152844.09375,153414.421875,153231.40625,153299.796875,153383.671875,153518.21875,153710.1875,0.0
1762651857.8659875,153248.3125,152992.609375,153562.921875,153380.0,153448.21875,153532.171875,153666.734375,153858.78125,0.0
1762651857.8685608,152561.484375,152305.6875,152875.5625,152693.0,152761.484375,152844.984375,152979.640625,153171.328125,0.0
1762651857.873492,152162.640625,151906.578125,152476.546875,152293.890625,152362.46875,152446.328125,152580.34375,152771.953125,0.0
1762651857.8759928,153032.921875,152777.21875,153346.65625,153164.078125,153232.84375,153316.34375,153451.265625,153642.859375,0.0
1762651857.8785965,153332.796875,153077.53125,153646.796875,153464.046875,153533.0625,153616.21875,153751.21875,153943.0,0.0
1762651857.8848252,152775.171875,152519.734375,153089.421875,152906.5,152975.25,153059.03125,153193.140625,153385.359375,0.0
1762651857.8848405,152171.40625,151915.25,152485.21875,152301.9375,152371.046875,152454.90625,152588.921875,152780.703125,0.0
1762651857.8872337,152944.046875,152688.4375,153258.140625,153075.296875,153144.234375,153227.5625,153362.5625,153553.90625,0.0
1762651857.889886,153401.734375,153146.46875,153715.90625,153533.0625,153602.09375,153684.96875,153820.421875,154012.109375,0.0
1762651857.8924215,152983.75,152728.40625,153298.28125,153115.265625,153183.9375,153267.171875,153401.90625,153593.859375,0.0
1762651857.8947785,152231.5625,151975.15625,152545.390625,152362.546875,152430.859375,152514.625,152649.1875,152840.703125,0.0
1762651857.8947964,152835.515625,152579.546875,153149.421875,152966.671875,153035.15625,153119.015625,153253.3125,153445.453125,0.0
1762651857.9002674,153446.96875,153191.984375,153761.765625,153578.75,153647.15625,153731.109375,153865.65625,154057.703125,0.0
1762651857.9022431,153174.546875,152918.84375,153488.90625,153305.796875,153374.1875,153457.875,153592.96875,153784.65625,0.0
1762651857.904858,152348.0625,152092.359375,152662.515625,152478.953125,152547.625,152631.390625,152766.3125,152957.828125,0.0
1762651857.9048731,152723.3125,152467.609375,153037.578125,152854.015625,152922.859375,153006.546875,153141.546875,153332.890625,0.0
1762651857.9073243,153470.84375,153215.21875,153785.015625,153602.0,153670.84375,153754.34375,153889.4375,154080.953125,0.0
1762651857.911063,153338.703125,153083.0,153652.609375,153469.40625,153538.515625,153621.9375,153756.859375,153948.625,0.0
1762651857.959802,152508.546875,152252.40625,152822.28125,152639.265625,152707.9375,152791.703125,152926.265625,153118.046875,0.0
1762651857.9598217,152618.078125,152361.75,152931.8125,152748.96875,152817.453125,152901.40625,153035.78125,153227.5625,0.0
1762651857.9635048,153465.828125,153209.953125,153779.828125,153597.265625,153665.65625,153749.34375,153884.4375,154076.296875,0.0
1762651857.963522,153477.1875,153221.578125,153791.453125,153609.15625,153677.453125,153760.515625,153896.0625,154087.84375,0.0
1762651857.96353,152702.5625,152446.59375,153016.203125,152833.640625,152902.125,152985.453125,153120.28125,153312.234375,0.0
1762651857.9686368,152536.984375,152281.1875,152850.71875,152668.140625,152736.453125,152820.5,152954.6875,153146.828125,0.0
1762651857.9686513,153427.5625,153172.484375,153741.65625,153559.171875,153627.296875,153711.34375,153846.078125,154038.21875,0.0
1762651857.9686584,153587.6875,153332.609375,153901.78125,153719.296875,153787.609375,153871.5625,154006.03125,154198.25,0.0
1762651857.968664,152913.296875,152657.6875,153227.109375,153044.28125,153112.671875,153196.71875,153330.828125,153523.046875,0.0
1762651857.9686697,152496.03125,152240.234375,152809.859375,152626.921875,152695.6875,152779.453125,152913.75,153105.96875,0.0
1762651857.971074,153361.234375,153105.609375,153674.953125,153492.46875,153560.96875,153644.640625,153779.5625,153971.96875,0.0
1762651857.973894,153674.234375,153418.890625,153988.15625,153805.84375,153874.421875,153957.75,154092.84375,154284.984375,0.0
1762651857.973909,153127.0625,152871.015625,153440.796875,153258.046875,153327.078125,153410.40625,153545.40625,153737.265625,0.0
1762651857.9759912,152506.578125,152250.609375,152820.046875,152637.484375,152706.140625,152789.921875,152924.296875,153115.890625,0.0
1762651857.9784849,153267.34375,153011.828125,153581.171875,153398.953125,153467.265625,153550.765625,153685.59375,153877.28125,0.0
1762651857.9810455,153739.15625,153483.453125,154053.234375,153871.03125,153939.25,154022.5625,154157.84375,154349.4375,0.0
1762651857.9810638,153334.140625,153078.515625,153648.046875,153465.5625,153534.140625,153617.46875,153753.015625,153944.34375,0.0
1762651857.9972389,152572.75,152317.046875,152886.5625,152703.90625,152772.296875,152855.984375,152990.71875,153182.59375,0.0
1762651857.9997525,153156.75,152901.234375,153471.015625,153288.265625,153356.671875,153440.078125,153575.0,153767.140625,0.0
1762651858.0023649,153779.46875,153523.765625,154093.46875,153911.265625,153979.203125,154062.625,154197.71875,154390.03125,0.0
1762651858.0023801,153518.046875,153262.609375,153831.953125,153649.921875,153717.875,153801.375,153936.296875,154128.515625,0.0
1762651858.0047402,152690.5,152434.703125,153004.3125,152822.28125,152890.046875,152973.828125,153108.65625,153300.25,0.0
1762651858.0075169,153043.921875,152787.859375,153357.296875,153175.265625,153243.390625,153326.984375,153462.078125,153653.765625,0.0
1762651858.011032,153799.046875,153543.609375,154112.78125,153930.921875,153999.328125,154082.296875,154217.65625,154409.53125,0.0
1762651858.0110514,153681.484375,153426.765625,153995.5625,153813.890625,153881.9375,153965.0,154100.53125,154292.40625,0.0
1762651858.0448196,152854.640625,152599.390625,153169.0,152986.703125,153055.015625,153138.421875,153273.078125,153464.765625,0.0
1762651858.0448415,152939.859375,152684.59375,153254.125,153071.28125,153140.125,153223.546875,153358.1875,153549.703125,0.0
1762651858.04748,153790.46875,153535.75,154105.09375,153922.078125,153990.921875,154074.0625,154209.4375,154400.84375,0.0
1762651858.0475028,153817.5625,153562.75,154131.921875,153949.53125,154017.921875,154101.15625,154236.515625,154428.484375,0.0
1762651858.049736,153050.71875,152795.109375,153364.625,153182.140625,153250.1875,153333.515625,153468.78125,153660.375,0.0
1762651858.0522397,152862.6875,152607.53125,153176.78125,152994.03125,153062.34375,153145.578125,153280.578125,153472.265625,0.0
1762651858.0547388,153753.640625,153498.90625,154068.25,153885.421875,153953.8125,154037.046875,154172.234375,154364.28125,0.0
1762651858.0573852,153926.28125,153671.46875,154240.90625,154058.0625,154126.375,154209.875,154345.15625,154537.203125,0.0
1762651858.0597372,153260.375,153005.203125,153574.90625,153392.25,153460.375,153543.96875,153678.890625,153870.84375,0.0
1762651858.0622418,152826.578125,152570.875,153140.390625,152957.734375,153026.21875,153109.8125,153244.640625,153436.328125,0.0
1762651858.0684772,153685.5,153430.421875,153999.40625,153817.203125,153885.78125,153969.015625,154104.109375,154295.984375,0.0
1762651858.0709877,154012.375,153757.5625,154326.46875,154144.703125,154212.921875,154295.984375,154430.984375,154623.203125,0.0
1762651858.0734885,153476.5625,153221.21875,153790.5625,153608.265625,153676.828125,153760.421875,153895.171875,154086.765625,0.0
1762651858.073504,152844.0,152588.578125,153158.09375,152975.4375,153044.015625,153127.875,153262.25,153453.9375,0.0
1762651858.0774395,153594.84375,153339.140625,153908.75,153725.828125,153794.40625,153878.625,154013.265625,154205.046875,0.0
1762651858.0774548,154079.25,153823.734375,154392.71875,154210.59375,154278.984375,154362.578125,154497.859375,154689.546875,0.0
1762651858.0774624,153686.84375,153431.40625,154000.484375,153818.1875,153886.578125,153970.171875,154105.359375,154297.234375,0.0
1762651858.0796692,152918.390625,152662.875,153231.859375,153049.28125,153117.859375,153201.640625,153336.640625,153528.234375,0.0
1762651858.0875459,153486.390625,153230.953125,153800.390625,153617.828125,153686.40625,153769.90625,153905.0,154096.953125,0.0
1762651858.0902627,154121.546875,153866.734375,154435.71875,154253.6875,154321.71875,154405.5,154540.765625,154732.734375,0.0
1762651858.0959857,153872.1875,153617.375,154185.921875,154004.15625,154072.546875,154156.234375,154291.5,154483.28125,0.0
1762651858.129992,153039.8125,152784.109375,153353.359375,153170.96875,153239.453125,153323.234375,153457.875,153649.921875,0.0
1762651858.1300128,153369.28125,153114.015625,153683.265625,153500.875,153569.28125,153652.78125,153787.703125,153979.921875,0.0
1762651858.1325185,154135.140625,153881.03125,154449.84375,154267.28125,154335.765625,154418.90625,154554.625,154746.59375,0.0
1762651858.1325352,154029.71875,153775.09375,154343.90625,154161.59375,154230.0,154313.234375,154448.59375,154640.90625,0.0
1762651858.1347897,153205.125,152949.78125,153519.125,153336.28125,153404.859375,153488.453125,153623.1875,153815.421875,0.0
1762651858.137319,153266.453125,153011.375,153580.625,153397.796875,153466.546875,153550.140625,153684.703125,153877.109375,0.0
1762651858.1401296,154122.890625,153867.71875,154436.875,154254.21875,154322.984375,154406.578125,154541.40625,154734.078125,0.0
1762651858.1422365,154161.0625,153905.71875,154474.875,154292.578125,154360.96875,154444.484375,154579.84375,154772.0625,0.0
1762651858.1447346,153402.265625,153146.65625,153715.546875,153533.25,153601.640625,153685.140625,153820.15625,154012.28125,0.0
1762651858.147319,153193.328125,152937.703125,153506.875,153324.5625,153392.78125,153476.65625,153611.484375,153803.703125,0.0
1762651858.150166,154083.359375,153828.5625,154397.28125,154215.25,154284.078125,154366.875,154502.5,154695.0,0.0
1762651858.1523159,154267.1875,154012.5625,154581.453125,154399.59375,154468.171875,154550.875,154686.6875,154879.09375,0.0
1762651858.1548395,153612.1875,153357.203125,153926.640625,153744.328125,153812.90625,153896.328125,154031.0625,154223.375,0.0
1762651858.1577063,153160.515625,152905.15625,153474.6875,153292.296875,153360.875,153444.546875,153578.75,153770.796875,0.0
1762651858.157729,154012.28125,153757.296875,154326.46875,154144.15625,154212.828125,154296.0625,154431.25,154623.03125,0.0
1762651858.159736,154350.609375,154095.96875,154664.78125,154482.65625,154551.234375,154634.46875,154770.015625,154961.796875,0.0
1762651858.1960096,153826.140625,153571.15625,154140.859375,153958.28125,154026.6875,154110.1875,154245.46875,154437.234375,0.0
1762651858.1960285,153177.40625,152921.609375,153491.578125,153309.015625,153377.140625,153461.09375,153595.921875,153787.703125,0.0
1762651858.1988385,153914.65625,153659.40625,154228.921875,154046.796875,154114.65625,154198.078125,154333.4375,154525.390625,0.0
1762651858.1988537,154410.6875,154156.0625,154725.125,154543.1875,154611.140625,154694.640625,154830.0,155022.140625,0.0
1762651858.2010112,154029.90625,153774.46875,154344.078125,154161.6875,154230.078125,154313.859375,154449.046875,154640.8125,0.0
1762651858.2010283,153254.125,152998.6875,153568.203125,153385.8125,153453.9375,153537.984375,153672.625,153864.3125,0.0
1762651858.2035668,153804.328125,153549.078125,154118.6875,153935.84375,154004.328125,154087.921875,154223.109375,154415.0625,0.0
1762651858.2059824,154451.453125,154196.28125,154765.625,154583.59375,154652.078125,154735.140625,154870.859375,155063.09375,0.0
1762651858.2084818,154213.453125,153958.640625,154527.625,154345.59375,154413.8125,154497.140625,154632.59375,154824.8125,0.0
1762651858.2110555,153379.28125,153124.03125,153693.375,153510.71875,153579.109375,153662.703125,153797.53125,153989.40625,0.0
1762651858.2135189,153689.96875,153434.71875,154004.0625,153821.765625,153890.0625,153973.21875,154108.671875,154300.53125,0.0
1762651858.215976,154464.953125,154210.234375,154779.3125,154597.453125,154664.953125,154748.375,154884.0,155076.234375,0.0
1762651858.2191024,154369.5625,154114.65625,154684.0,154502.15625,154569.828125,154653.34375,154788.875,154981.015625,0.0
1762651858.2191176,153549.078125,153293.546875,153863.421875,153680.953125,153749.34375,153832.40625,153967.765625,154159.90625,0.0
1762651858.221062,153588.5,153332.890625,153902.859375,153720.109375,153788.59375,153872.1875,154007.1875,154199.421875,0.0
1762651858.2250261,154451.71875,154196.90625,154766.078125,154583.59375,154652.171875,154735.5,154870.859375,155063.359375,0.0
1762651858.2250545,154500.546875,154246.09375,154815.15625,154632.5,154701.078125,154784.59375,154919.765625,155112.078125,0.0
1762651858.258489,153746.921875,153491.578125,154060.921875,153878.453125,153946.65625,154030.4375,154165.625,154357.578125,0.0
1762651858.2612667,153517.0625,153261.625,153830.875,153648.140625,153716.796875,153800.484375,153935.40625,154127.4375,0.0
1762651858.261282,154407.109375,154152.5625,154721.546875,154538.984375,154607.46875,154691.15625,154825.984375,155018.65625,0.0
1762651858.2634819,154603.359375,154349.078125,154918.078125,154736.03125,154803.8125,154887.40625,155022.765625,155215.53125,0.0
1762651858.2659814,153959.53125,153704.546875,154273.453125,154091.59375,154159.453125,154243.234375,154378.59375,154570.90625,0.0
1762651858.2684822,153487.203125,153232.296875,153801.5625,153619.34375,153687.5625,153771.0625,153906.34375,154098.125,0.0
1762651858.2711096,154335.9375,154081.40625,154650.75,154468.359375,154536.65625,154619.8125,154755.4375,154947.671875,0.0
1762651858.2734692,154686.5,154432.328125,155001.390625,154818.65625,154887.140625,154970.734375,155106.359375,155298.40625,0.0
1762651858.2949078,154172.953125,153918.234375,154487.3125,154304.734375,154373.140625,154456.90625,154592.359375,154784.140625,0.0
1762651858.2972302,153511.25,153256.171875,153825.609375,153642.765625,153711.4375,153794.9375,153929.9375,154121.71875,0.0
1762651858.3001175,154235.625,153981.171875,154550.15625,154367.765625,154436.171875,154519.5,154654.953125,154846.90625,0.0
1762651858.3023496,154743.90625,154489.8125,155058.625,154876.5,154944.359375,155028.125,155163.84375,155355.71875,0.0
1762651858.3023648,154373.9375,154119.3125,154688.46875,154506.078125,154574.03125,154657.625,154793.4375,154985.296875,0.0
1762651858.3087115,153591.546875,153336.46875,153905.53125,153723.328125,153791.1875,153875.140625,154010.5,154202.015625,0.0
1762651858.3109825,154123.15625,153868.171875,154437.234375,154254.84375,154322.984375,154407.015625,154542.46875,154733.890625,0.0
1762651858.313578,154780.828125,154526.203125,155095.28125,154912.890625,154981.015625,155064.875,155200.5,155392.28125,0.0
1762651858.3159816,154553.296875,154298.65625,154867.90625,154685.609375,154753.46875,154837.34375,154973.234375,155164.75,0.0
1762651858.3185608,153718.859375,153463.859375,154033.203125,153850.46875,153918.671875,154002.90625,154138.078125,154329.5,0.0
1762651858.3210652,154007.640625,153752.828125,154322.0,154139.609375,154207.734375,154291.59375,154427.140625,154618.734375,0.0
1762651858.323669,154790.84375,154536.296875,155105.28125,154923.34375,154991.296875,155074.984375,155210.515625,155402.828125,0.0
1762651858.3236847,154708.40625,154454.3125,155022.9375,154841.0,154908.765625,154992.640625,155128.171875,155320.3125,0.0
1762651858.326017,153889.265625,153634.453125,154203.625,154020.96875,154089.453125,154173.3125,154308.40625,154500.265625,0.0
1762651858.326032,153906.15625,153651.359375,154220.703125,154037.765625,154106.4375,154190.203125,154325.03125,154517.078125,0.0
1762651858.3285277,154772.78125,154518.328125,155087.40625,154905.015625,154973.6875,155057.28125,155192.453125,155384.5,0.0
1762651858.3285427,154831.875,154577.34375,155146.0625,154964.296875,155032.515625,155116.109375,155252.0,155443.78125,0.0
1762651858.3308263,154086.5,153831.234375,154400.671875,154218.28125,154286.328125,154370.453125,154505.8125,154697.421875,0.0
1762651858.364902,153838.84375,153583.5,154152.921875,153970.265625,154038.65625,154122.96875,154257.703125,154449.3125,0.0
1762651858.3649251,154726.46875,154471.84375,155040.921875,154858.609375,154926.75,155011.046875,155146.234375,155337.75,0.0
1762651858.3685968,154935.6875,154681.328125,155250.578125,155068.1875,155136.484375,155220.171875,155356.078125,155547.5,0.0
1762651858.368612,154302.328125,154047.25,154616.765625,154434.46875,154502.78125,154586.453125,154722.0,154913.515625,0.0
1762651858.36862,153811.84375,153556.765625,154126.109375,153943.890625,154012.375,154095.890625,154231.328125,154422.671875,0.0
1762651858.3722453,154651.09375,154396.109375,154965.8125,154783.25,154851.375,154935.234375,155070.859375,155262.46875,0.0
1762651858.3722603,155013.28125,154758.921875,155328.359375,155145.796875,155213.921875,155297.78125,155433.234375,155625.28125,0.0
1762651858.3722684,154512.15625,154257.4375,154826.609375,154643.953125,154712.53125,154796.484375,154931.65625,155123.53125,0.0
1762651858.3747177,153839.90625,153584.5625,154154.09375,153971.609375,154039.921875,154123.953125,154259.140625,154450.65625,0.0
1762651858.3747332,154551.953125,154297.5,154866.484375,154684.453125,154752.578125,154836.265625,154971.71875,155163.5,0.0
1762651858.377734,155073.453125,154819.453125,155388.078125,155206.140625,155274.359375,155357.859375,155493.671875,155685.359375,0.0
1762651858.379724,154715.03125,154460.84375,155029.734375,154847.53125,154915.65625,154999.34375,155134.796875,155326.65625,0.0
1762651858.3822286,153925.203125,153669.953125,154239.296875,154056.984375,154124.9375,154208.984375,154343.984375,154535.859375,0.0
1762651858.4122727,154441.265625,154185.828125,154755.171875,154572.875,154641.09375,154724.953125,154859.953125,155052.09375,0.0
1762651858.4337504,155110.75,154856.296875,155425.359375,155242.96875,155310.921875,155394.96875,155530.515625,155722.640625,0.0
1762651858.4337697,154893.75,154638.9375,155208.203125,155026.25,155094.203125,155177.53125,155313.515625,155505.203125,0.0
1762651858.433777,154056.546875,153801.5625,154370.8125,154188.515625,154256.640625,154340.140625,154475.5,154667.109375,0.0
1762651858.4386785,154324.046875,154069.0625,154638.40625,154456.1875,154524.40625,154607.828125,154743.1875,154934.96875,0.0
1762651858.4410627,155115.390625,154860.765625,155429.921875,155247.890625,155316.109375,155399.609375,155535.0625,155727.109375,0.0
1762651858.4434743,155043.234375,154788.875,155357.78125,155176.1875,155244.671875,155327.640625,155463.359375,155655.234375,0.0
1762651858.445976,154228.828125,153973.9375,154543.1875,154361.25,154429.546875,154512.703125,154647.96875,154839.84375,0.0
1762651858.448626,154225.171875,153970.0,154539.609375,154357.3125,154425.4375,154509.125,154644.21875,154836.53125,0.0
1762651858.4486423,155098.40625,154843.953125,155413.296875,155230.8125,155299.125,155382.453125,155517.90625,155709.953125,0.0
1762651858.4510555,155171.09375,154916.90625,155485.8125,155304.046875,155371.90625,155455.046875,155590.859375,155782.640625,0.0
1762651858.4537227,154433.65625,154179.03125,154748.109375,154566.515625,154634.203125,154717.53125,154853.078125,155044.84375,0.0
1762651858.4560328,154161.59375,153906.875,154476.125,154294.375,154361.953125,154445.640625,154580.921875,154772.78125,0.0
1762651858.4597497,155049.5,154795.5,155364.21875,155182.359375,155250.484375,155333.71875,155469.359375,155661.40625,0.0
1762651858.4597652,155271.140625,155016.78125,155585.578125,155403.734375,155472.125,155555.09375,155691.0,155883.21875,0.0
1762651858.4597728,154647.171875,154392.71875,154961.609375,154779.3125,154847.890625,154931.03125,155066.671875,155258.4375,0.0
1762651858.4622765,154139.875,153885.234375,154454.234375,154271.921875,154340.5,154423.46875,154559.015625,154750.609375,0.0
1762651858.4622912,154970.375,154716.015625,155284.8125,155103.046875,155171.265625,155254.421875,155390.140625,155582.1875,0.0
1762651858.4647312,155347.84375,155093.3125,155662.203125,155480.34375,155548.5625,155631.8125,155767.53125,155959.390625,0.0
1762651858.464746,154858.609375,154603.984375,155173.0625,154991.203125,155059.515625,155142.921875,155278.296875,155470.515625,0.0
1762651858.4672198,154172.328125,153917.703125,154487.046875,154304.921875,154373.3125,154456.734375,154591.90625,154783.953125,0.0
1762651858.469725,154867.28125,154612.75,155182.09375,155000.234375,155068.28125,155151.875,155287.328125,155479.375,0.0
1762651858.475974,155402.484375,155148.390625,155717.09375,155535.515625,155603.828125,155686.96875,155822.78125,156014.734375,0.0
1762651858.507418,155058.078125,154803.984375,155372.703125,155191.03125,155259.0625,155342.21875,155478.109375,155669.890625,0.0
1762651858.5074368,154259.59375,154005.5,154574.921875,154392.53125,154460.390625,154544.078125,154679.53125,154870.859375,0.0
1762651858.5098507,154753.46875,154499.828125,155068.8125,154886.515625,154954.640625,155038.0625,155173.6875,155365.46875,0.0
1762651858.509866,155434.3125,155180.65625,155749.28125,155567.34375,155635.5625,155719.0625,155854.4375,156046.828125,0.0
1762651858.5122197,155230.734375,154976.625,155545.171875,155363.40625,155431.625,155514.859375,155650.5,155842.8125,0.0
1762651858.5147915,154395.390625,154140.765625,154709.484375,154527.71875,154595.84375,154679.171875,154814.53125,155006.5,0.0
1762651858.517309,154642.078125,154387.625,154956.25,154774.578125,154842.703125,154925.765625,155061.5625,155253.34375,0.0
1762651858.5197248,155442.890625,155188.890625,155757.609375,155575.84375,155643.703125,155727.203125,155863.28125,156054.96875,0.0
1762651858.5222237,155381.5625,155127.734375,155696.359375,155514.5,155582.359375,155666.046875,155801.765625,155993.8125,0.0
1762651858.5247302,154572.0625,154317.703125,154886.78125,154704.484375,154772.34375,154856.296875,154991.65625,155183.609375,0.0
1762651858.527223,154544.796875,154290.34375,154859.78125,154677.390625,154745.0625,154829.015625,154964.46875,155156.515625,0.0
1762651858.529938,155419.90625,155165.640625,155734.53125,155552.859375,155620.546875,155704.046875,155840.125,156032.265625,0.0
1762651858.5322618,155504.484375,155250.125,155819.109375,155637.625,155705.296875,155788.53125,155924.53125,156116.578125,0.0
1762651858.532277,154774.296875,154520.125,155089.015625,154907.25,154975.015625,155058.890625,155193.890625,155386.296875,0.0
1762651858.5347242,154480.25,154225.53125,154795.140625,154612.65625,154680.875,154764.46875,154899.5625,155091.875,0.0
1762651858.5447347,155367.34375,155113.15625,155682.5,155500.28125,155568.59375,155651.828125,155787.015625,155979.6875,0.0
1762651858.5547369,155601.765625,155347.578125,155916.484375,155734.359375,155802.65625,155886.078125,156021.796875,156213.9375,0.0
1762651858.5547526,154988.4375,154733.71875,155302.609375,155120.671875,155188.890625,155272.296875,155407.75,155599.984375,0.0
1762651858.5547605,154464.328125,154209.609375,154778.59375,154596.828125,154664.6875,154748.203125,154883.46875,155075.609375,0.0
1762651858.5585916,155285.984375,155031.96875,155600.6875,155418.921875,155486.78125,155570.46875,155705.921875,155898.5,0.0
1762651858.5586069,155676.0625,155422.234375,155991.21875,155809.375,155877.671875,155960.46875,156096.640625,156288.859375,0.0
1762651858.564852,155197.828125,154943.640625,155512.625,155330.6875,155398.8125,155481.78125,155617.6875,155810.078125,0.0
1762651858.570975,154498.65625,154243.5,154812.84375,154630.8125,154698.9375,154782.265625,154917.265625,155109.84375,0.0
1762651858.5709915,155182.265625,154927.8125,155497.0625,155314.765625,155382.984375,155466.40625,155601.671875,155794.34375,0.0
1762651858.6060164,155726.9375,155473.46875,156042.1875,155859.890625,155928.015625,156011.421875,156146.96875,156339.734375,0.0
1762651858.6060338,155392.28125,155138.546875,155707.09375,155525.140625,155593.546875,155676.875,155812.5,156004.984375,0.0
1762651858.6086173,154589.5,154334.6875,154904.03125,154721.734375,154790.390625,154873.453125,155008.90625,155201.046875,0.0
1762651858.6086328,155064.875,154810.0625,155379.59375,155197.640625,155265.859375,155349.015625,155484.734375,155676.875,0.0
1762651858.6109722,155755.71875,155501.71875,156070.609375,155888.578125,155957.15625,156039.953125,156175.9375,156368.15625,0.0
1762651858.6134725,155564.9375,155310.75,155879.375,155697.4375,155765.828125,155849.0625,155984.78125,156177.375,0.0
1762651858.615971,154730.765625,154476.125,155045.03125,154862.734375,154931.03125,155014.546875,155149.640625,155342.484375,0.0
1762651858.618553,154954.546875,154700.1875,155269.171875,155086.875,155155.359375,155238.421875,155373.953125,155566.546875,0.0
1762651858.621014,155762.25,155508.328125,156077.140625,155895.28125,155963.59375,156046.5625,156182.734375,156375.046875,0.0
1762651858.6210291,155712.546875,155458.53125,156027.515625,155846.03125,155913.96875,155997.390625,156133.015625,156325.25,0.0
1762651858.6234698,154908.59375,154654.59375,155223.3125,155041.453125,155109.84375,155193.359375,155328.53125,155520.5,0.0
1762651858.625975,154858.96875,154604.703125,155173.6875,154991.65625,155059.875,155143.28125,155278.65625,155470.78125,0.0
1762651858.6259904,155737.9375,155483.5625,156052.5625,155870.875,155939.015625,156022.15625,156157.78125,156350.28125,0.0
1762651858.6286197,155833.59375,155579.6875,156148.3125,155966.71875,156035.125,156118.0,156254.078125,156446.578125,0.0
1762651858.6322274,155113.515625,154859.59375,155428.3125,155246.375,155314.59375,155397.921875,155533.28125,155725.59375,0.0
1762651858.6322443,154798.71875,154544.265625,155113.609375,154931.03125,154999.34375,155083.03125,155217.859375,155410.4375,0.0
1762651858.680959,155682.140625,155428.046875,155997.21875,155814.828125,155883.578125,155966.375,156102.0,156294.84375,0.0
1762651858.6848092,155927.75,155673.734375,156242.546875,156060.609375,156129.265625,156211.96875,156347.953125,156540.453125,0.0
1762651858.6848264,155326.03125,155071.765625,155640.65625,155458.453125,155527.109375,155609.984375,155745.625,155937.671875,0.0
1762651858.6848383,154783.609375,154529.515625,155098.40625,154916.28125,154984.765625,155067.734375,155203.09375,155395.234375,0.0
1762651858.6899576,155596.671875,155343.015625,155911.5625,155729.703125,155798.015625,155881.15625,156016.96875,156209.015625,0.0
1762651858.689972,156000.15625,155746.515625,156315.328125,156133.734375,156201.59375,156284.921875,156420.90625,156612.953125,0.0
1762651858.689979,155533.90625,155279.8125,155848.625,155666.859375,155734.71875,155818.40625,155954.203125,156146.4375,0.0
1762651858.6899848,154823.296875,154568.9375,155138.09375,154955.71875,155024.109375,155107.609375,155242.96875,155435.375,0.0
1762651858.6899903,155490.09375,155236.265625,155805.078125,155623.21875,155691.265625,155774.328125,155910.21875,156102.796875,0.0
1762651858.692231,156048.796875,155795.0625,156363.78125,156182.640625,156250.40625,156333.390625,156469.734375,156661.859375,0.0
1762651858.6947181,155726.578125,155472.484375,156041.640625,155859.96875,155927.75,156011.25,156147.0625,156339.546875,0.0
1762651858.6973412,154918.078125,154663.4375,155232.78125,155050.75,155118.609375,155202.203125,155337.5625,155529.96875,0.0
1762651858.6997545,155373.515625,155119.421875,155688.3125,155506.546875,155574.59375,155658.09375,155793.359375,155985.953125,0.0
1762651858.6997695,156078.578125,155825.015625,156393.46875,156211.796875,156279.921875,156363.25,156499.140625,156691.640625,0.0
1762651858.7027915,155901.09375,155647.546875,156216.171875,156034.5,156102.171875,156185.859375,156321.484375,156513.984375,0.0
1762651858.7047176,155062.546875,154808.546875,155377.53125,155195.5,155263.359375,155347.046875,155482.59375,155675.171875,0.0
1762651858.7072215,155260.671875,155006.9375,155576.015625,155394.25,155462.015625,155545.4375,155681.0625,155873.390625,0.0
1762651858.7072363,156079.015625,155825.109375,156394.53125,156212.6875,156280.546875,156363.6875,156499.59375,156691.71875,0.0
1762651858.7098207,156044.421875,155790.234375,156359.578125,156177.71875,156245.671875,156328.90625,156464.71875,156657.125,0.0
1762651858.7259831,155246.546875,154992.1875,155561.171875,155379.5,155447.0,155530.421875,155666.046875,155858.1875,0.0
1762651858.726,155171.890625,154917.625,155486.25,155304.484375,155372.265625,155455.765625,155591.21875,155783.625,0.0
1762651858.728462,156054.171875,155800.34375,156369.0625,156187.46875,156255.328125,156338.296875,156474.734375,156667.046875,0.0
1762651858.7310975,156161.984375,155908.15625,156477.234375,156295.75,156363.6875,156446.65625,156583.09375,156775.140625,0.0
1762651858.7334871,155449.78125,155195.234375,155764.3125,155582.546875,155650.40625,155733.8125,155869.71875,156061.765625,0.0
1762651858.7359664,155112.171875,154858.25,155426.890625,155245.03125,155313.25,155396.671875,155532.296875,155724.609375,0.0
1762651858.739802,155993.1875,155739.90625,156308.625,156127.03125,156195.15625,156278.125,156414.203125,156606.515625,0.0
1762651858.771063,156258.015625,156004.1875,156573.078125,156391.5,156459.796875,156542.859375,156679.125,156870.71875,0.0
1762651858.7710807,155666.859375,155412.671875,155981.921875,155799.890625,155868.375,155951.609375,156087.25,156279.375,0.0
1762651858.7736814,155106.8125,154852.71875,155422.0625,155239.578125,155307.890625,155391.484375,155526.84375,155719.15625,0.0
1762651858.773697,155909.5,155656.03125,156224.9375,156042.8125,156110.84375,156194.09375,156329.984375,156522.5625,0.0
1762651858.7759805,156325.25,156071.78125,156640.578125,156458.546875,156526.40625,156609.921875,156745.90625,156938.484375,0.0
1762651858.7785485,155871.0625,155617.40625,156186.3125,156003.921875,156072.046875,156155.640625,156291.453125,156484.03125,0.0
1762651858.781374,155151.15625,154897.0625,155466.21875,155283.75,155352.140625,155435.46875,155571.09375,155763.40625,0.0
1762651858.7835453,155803.828125,155549.640625,156118.890625,155937.046875,156005.078125,156088.046875,156224.03125,156416.4375,0.0
1762651858.785966,156375.40625,156121.9375,156690.828125,156509.515625,156577.375,156660.34375,156796.6875,156988.828125,0.0
1762651858.7922084,156062.75,155809.015625,156377.90625,156196.328125,156264.453125,156347.328125,156483.765625,156675.8125,0.0
1762651858.7949317,155249.859375,154995.859375,155564.75,155382.71875,155450.9375,155534.078125,155669.890625,155862.203125,0.0
1762651858.7972317,155685.8125,155432.078125,156000.796875,155818.84375,155887.421875,155970.390625,156106.375,156298.875,0.0
1762651858.7998383,156398.375,156145.09375,156713.625,156531.953125,156600.265625,156683.328125,156819.40625,157012.15625,0.0
1762651858.7998545,156229.84375,155976.46875,156545.28125,156363.78125,156431.90625,156514.875,156651.140625,156843.8125,0.0
1762651858.803468,155393.0,155139.171875,155708.421875,155526.578125,155594.796875,155678.03125,155813.75,156006.15625,0.0
1762651858.8034835,155572.265625,155318.34375,155887.421875,155705.484375,155773.875,155857.015625,155992.46875,156185.140625,0.0
1762651858.834898,156397.484375,156143.75,156712.921875,156530.796875,156599.28125,156682.34375,156818.0625,157010.8125,0.0
1762651858.8349257,156374.59375,156121.046875,156690.03125,156508.171875,156576.390625,156659.546875,156795.53125,156987.9375,0.0
1762651858.837629,155580.578125,155327.109375,155896.0,155713.796875,155782.28125,155865.34375,156001.140625,156193.546875,0.0
1762651858.8376446,155483.921875,155230.015625,155798.90625,155617.046875,155685.1875,155768.0625,155904.140625,156096.453125,0.0
1762651858.8398547,156368.609375,156115.40625,156684.03125,156502.265625,156570.484375,156653.28125,156789.53125,156982.203125,0.0
1762651858.8422172,156490.46875,156237.265625,156805.71875,156624.046875,156692.171875,156775.328125,156910.859375,157103.71875,0.0
1762651858.844708,155789.15625,155535.6875,156104.5,155921.9375,155990.15625,156073.65625,156209.015625,156401.6875,0.0
1762651858.847628,155432.703125,155178.78125,155747.671875,155565.28125,155633.78125,155716.5625,155852.375,156044.78125,0.0
1762651858.8501678,156310.3125,156056.578125,156625.203125,156443.359375,156511.75,156594.359375,156730.53125,156923.015625,0.0
1762651858.8551292,156583.0,156329.53125,156898.34375,156716.3125,156784.359375,156867.671875,157003.671875,157196.25,0.0
1762651858.8573873,156002.75,155748.84375,156317.734375,156135.703125,156203.75,156287.25,156422.875,156615.375,0.0
1762651858.8597448,155429.5625,155175.296875,155744.375,155562.25,155630.203125,155713.703125,155849.515625,156041.5625,0.0
1762651858.8623407,156223.5,155969.5,156538.484375,156356.359375,156424.40625,156507.734375,156644.078125,156836.203125,0.0
1762651858.8623562,156651.40625,156398.109375,156966.65625,156784.890625,156853.203125,156936.171875,157072.515625,157264.734375,0.0
1762651858.8653743,156208.125,155954.65625,156523.015625,156341.15625,156409.46875,156492.53125,156628.6875,156820.65625,0.0
1762651858.8685768,155475.25,155221.515625,155790.421875,155608.296875,155677.140625,155759.75,155895.640625,156087.875,0.0
1762651858.8723345,156111.390625,155857.65625,156426.71875,156244.953125,156313.453125,156396.328125,156532.5,156724.8125,0.0
1762651858.87235,156696.015625,156442.8125,157011.453125,156829.953125,156897.984375,156980.953125,157117.484375,157309.703125,0.0
1762651858.907296,156398.203125,156144.90625,156713.265625,156531.859375,156599.8125,156682.96875,156819.046875,157011.53125,0.0
1762651858.910117,155578.875,155325.234375,155893.671875,155712.1875,155779.953125,155863.453125,155999.1875,156191.578125,0.0
1762651858.9101324,155995.421875,155741.6875,156310.40625,156128.8125,156196.5,156280.09375,156416.078125,156608.75,0.0
1762651858.912345,156720.515625,156467.21875,157035.3125,156854.359375,156921.765625,157005.28125,157141.625,157334.203125,0.0
1762651858.914708,156562.890625,156309.6875,156877.78125,156696.375,156763.96875,156847.390625,156983.734375,157176.3125,0.0
1762651858.9237113,155728.71875,155475.4375,156043.609375,155861.5,155929.625,156013.03125,156149.109375,156341.34375,0.0
1762651858.9260204,155882.765625,155629.296875,156197.3125,156015.90625,156083.84375,156167.0,156303.078125,156495.390625,0.0
1762651858.9284568,156714.875,156461.765625,157029.859375,156848.546875,156916.40625,156999.640625,157135.8125,157328.21875,0.0
1762651858.931006,156702.09375,156448.71875,157017.25,156835.5,156903.4375,156987.3125,157122.75,157315.609375,0.0
1762651858.931025,155912.71875,155659.171875,156227.609375,156045.9375,156113.984375,156197.75,156332.84375,156525.609375,0.0
1762651858.9349542,155796.859375,155543.734375,156111.828125,155930.15625,155998.109375,156081.53125,156217.421875,156409.921875,0.0
1762651858.9349697,156683.765625,156430.5625,156998.75,156817.4375,156885.375,156968.34375,157104.875,157297.09375,0.0
1762651858.934977,156817.875,156564.59375,157133.046875,156951.359375,157019.40625,157102.640625,157238.546875,157431.296875,0.0
1762651858.9373417,156122.828125,155869.1875,156437.8125,156256.21875,156324.0,156407.59375,156543.484375,156735.71875,0.0
1762651858.9398527,155745.265625,155491.171875,156059.703125,155878.390625,155946.15625,156029.75,156165.75,156357.609375,0.0
1762651858.9423828,156618.140625,156364.59375,156932.859375,156751.71875,156819.484375,156902.8125,157039.25,157231.125,0.0
1762651858.9447062,156904.875,156651.21875,157219.3125,157038.53125,157106.125,157189.453125,157325.796875,157517.84375,0.0
1762651858.9512365,156333.5625,156079.828125,156647.921875,156466.78125,156534.375,156618.234375,156753.953125,156946.265625,0.0
1762651858.9512517,155744.453125,155490.8125,156059.34375,155878.03125,155945.453125,156029.40625,156164.765625,156357.078125,0.0
1762651858.9847188,156528.640625,156275.359375,156843.8125,156662.3125,156729.90625,156813.953125,156949.671875,157142.25,0.0
1762651858.9847372,156970.3125,156717.125,157285.390625,157103.71875,157171.578125,157255.078125,157391.421875,157583.921875,0.0
1762651858.9872532,156538.296875,156285.015625,156853.109375,156671.703125,156739.734375,156822.890625,156958.96875,157151.640625,0.0
1762651858.9872687,155797.390625,155543.46875,156112.015625,155930.15625,155998.546875,156082.0625,156217.875,156410.265625,0.0
1762651858.9898524,156419.21875,156165.65625,156734.109375,156552.515625,156620.5625,156703.890625,156840.234375,157032.359375,0.0
1762651858.9947011,157015.921875,156762.8125,157330.890625,157149.578125,157217.34375,157300.671875,157437.109375,157629.421875,0.0
1762651858.9973302,156726.59375,156473.75,157041.390625,156860.53125,156928.296875,157011.453125,157148.0625,157340.109375,0.0
1762651858.9997103,155904.140625,155650.671875,156218.765625,156037.625,156105.3125,156188.8125,156324.796875,156516.9375,0.0
1762651859.0023384,156301.203125,156048.078125,156616.265625,156435.21875,156502.8125,156586.40625,156722.65625,156914.703125,0.0
1762651859.0347,157036.75,156784.265625,157352.171875,157171.03125,157238.984375,157321.859375,157458.5625,157650.796875,0.0
1762651859.0373404,156893.875,156640.9375,157209.21875,157027.984375,157095.578125,157178.90625,157315.515625,157507.921875,0.0
1762651859.0399244,156059.34375,155805.875,156374.0625,156192.75,156260.609375,156343.578125,156480.1875,156672.421875,0.0
1762651859.03994,156192.03125,155938.734375,156507.015625,156325.78125,156393.640625,156476.53125,156612.78125,156805.0,0.0
1762651859.042379,157030.671875,156777.28125,157345.5625,157164.328125,157232.109375,157315.515625,157452.046875,157644.171875,0.0
1762651859.0447536,157030.21875,156776.65625,157344.9375,157163.703125,157231.75,157314.984375,157451.421875,157643.546875,0.0
1762651859.0447688,156247.015625,155993.09375,156561.8125,156380.40625,156448.71875,156531.78125,156667.671875,156859.625,0.0
1762651859.0472276,156103.34375,155849.609375,156418.3125,156236.828125,156305.046875,156387.828125,156524.265625,156716.21875,0.0
1762651859.04985,156994.28125,156741.4375,157309.265625,157128.125,157195.984375,157279.046875,157415.828125,157607.875,0.0
1762651859.0522935,157138.9375,156886.0,157454.015625,157272.328125,157340.46875,157423.875,157560.40625,157752.71875,0.0
1762651859.0547209,156451.84375,156198.5625,156767.0,156585.0625,156653.015625,156736.515625,156872.859375,157064.734375,0.0
1762651859.0572073,156055.328125,155801.6875,156369.953125,156188.453125,156256.3125,156339.828125,156475.890625,156667.765625,0.0
1762651859.0597036,156924.546875,156671.34375,157239.25,157058.203125,157126.15625,157209.578125,157346.1875,157537.96875,0.0
1762651859.0622408,157224.328125,156971.390625,157539.390625,157358.609375,157426.203125,157509.4375,157645.78125,157838.1875,0.0
1762651859.0622604,156664.546875,156411.53125,156979.796875,156798.75,156866.15625,156949.75,157085.828125,157278.234375,0.0
1762651859.064895,156059.984375,155806.59375,156375.046875,156193.8125,156261.046875,156345.0,156480.640625,156672.6875,0.0
1762651859.0670671,156836.296875,156583.28125,157151.453125,156970.140625,157037.90625,157121.234375,157257.21875,157449.546875,0.0
1762651859.0910287,157291.734375,157038.71875,157606.453125,157425.484375,157493.34375,157576.3125,157712.671875,157905.34375,0.0
1762651859.091047,156869.734375,156616.265625,157184.09375,157003.671875,157070.90625,157154.046875,157290.03125,157482.703125,0.0
1762651859.118466,156119.609375,155865.6875,156434.0625,156252.734375,156320.328125,156403.921875,156539.734375,156731.953125,0.0
1762651859.121044,156724.265625,156471.0625,157039.15625,156857.578125,156925.609375,157009.125,157144.9375,157337.609375,0.0
1762651859.1210592,157331.875,157078.859375,157646.765625,157465.640625,157533.671875,157616.640625,157753.171875,157945.921875,0.0
1762651859.1235795,157055.96875,156802.953125,157370.859375,157190.078125,157258.03125,157340.828125,157477.609375,157669.921875,0.0
1762651859.1259737,156229.046875,155975.671875,156543.84375,156362.625,156430.296875,156513.625,156649.796875,156842.015625,0.0
1762651859.1285577,156604.46875,156351.265625,156919.984375,156738.484375,156805.90625,156889.40625,157025.65625,157217.796875,0.0
1762651859.130963,157348.0625,157095.125,157663.3125,157482.265625,157549.859375,157633.09375,157769.609375,157962.375,0.0
1762651859.1347282,157215.390625,156962.359375,157530.09375,157349.21875,157416.546875,157500.0625,157636.671875,157829.34375,0.0
1762651859.1347442,156384.078125,156130.609375,156698.515625,156517.46875,156585.0625,156668.5625,156805.0,156997.234375,0.0
1762651859.134752,156494.9375,156241.828125,156809.921875,156628.78125,156696.375,156779.96875,156916.3125,157108.28125,0.0
1762651859.1372938,157338.234375,157085.46875,157653.125,157472.15625,157539.75,157623.25,157759.875,157952.1875,0.0
1762651859.1484392,157350.203125,157097.28125,157665.015625,157484.140625,157552.171875,157635.15625,157771.859375,157964.078125,0.0
1762651859.1510375,156574.25,156321.140625,156889.046875,156708.0,156775.859375,156859.1875,156995.4375,157187.671875,0.0
1762651859.1535847,156410.71875,156157.703125,156725.796875,156544.5625,156612.328125,156695.84375,156831.734375,157024.046875,0.0
1762651859.158455,157300.046875,157047.203125,157614.9375,157434.078125,157501.75,157584.8125,157721.421875,157914.09375,0.0
1762651859.1612053,157458.484375,157205.546875,157773.734375,157592.859375,157660.546875,157743.78125,157880.03125,158072.796875,0.0
1762651859.1637993,156782.75,156529.359375,157097.546875,156916.671875,156984.4375,157067.859375,157203.578125,157396.25,0.0
1762651859.165948,156369.0625,156115.40625,156684.03125,156502.984375,156570.484375,156654.0,156789.71875,156982.203125,0.0
1762651859.165966,157232.109375,156979.078125,157547.53125,157366.125,157434.078125,157517.125,157653.65625,157846.0625,0.0
1762651859.1685376,157542.796875,157289.59375,157858.21875,157676.90625,157744.9375,157827.828125,157964.34375,158157.015625,0.0
1762651859.1723073,156994.453125,156740.984375,157309.625,157128.03125,157196.34375,157279.21875,157415.75,157607.796875,0.0
1762651859.1723223,156376.125,156122.5625,156691.1875,156509.515625,156577.640625,156660.609375,156797.234375,156988.921875,0.0
1762651859.1723297,157139.828125,156886.453125,157455.0,157273.234375,157341.09375,157424.6875,157560.9375,157753.34375,0.0
1762651859.1747591,157604.921875,157351.734375,157920.265625,157738.765625,157806.71875,157889.953125,158026.484375,158218.890625,0.0
1762651859.1773171,157196.78125,156943.3125,157512.125,157330.71875,157398.40625,157481.375,157618.15625,157810.5625,0.0
1762651859.1797388,156437.71875,156184.078125,156752.703125,156571.03125,156638.625,156721.953125,156858.203125,157050.34375,0.0
1762651859.1797564,157024.5,156771.296875,157339.484375,157157.890625,157225.671875,157308.8125,157444.890625,157637.5625,0.0
1762651859.182514,157644.265625,157391.0625,157959.25,157777.9375,157845.609375,157928.765625,158065.28125,158258.046875,0.0
1762651859.1847587,157380.875,157127.40625,157696.125,157514.625,157582.125,157665.71875,157802.25,157994.5625,0.0
1762651859.1872027,156552.15625,156298.328125,156867.40625,156685.921875,156753.421875,156837.015625,156973.09375,157165.671875,0.0
1762651859.1898408,156907.90625,156654.625,157223.25,157041.9375,157109.53125,157193.03125,157329.28125,157521.78125,0.0
1762651859.1935718,157662.59375,157409.671875,157977.9375,157796.796875,157864.390625,157947.53125,158084.234375,158276.640625,0.0
1762651859.1935868,157542.171875,157288.703125,157857.328125,157676.0,157743.953125,157826.921875,157963.8125,158156.296875,0.0
1762651859.227222,156713.90625,156459.984375,157028.703125,156847.390625,156915.25,156998.484375,157134.828125,157327.328125,0.0
1762651859.227245,156798.75,156544.828125,157113.640625,156932.328125,157000.09375,157083.15625,157219.578125,157412.078125,0.0
1762651859.229896,157648.734375,157395.453125,157964.171875,157782.84375,157850.625,157933.5,158070.203125,158263.046875,0.0
1762651859.22991,157671.53125,157418.34375,157986.96875,157805.640625,157873.328125,157955.859375,158092.90625,158285.671875,0.0
1762651859.2322867,156901.203125,156647.828125,157216.8125,157034.953125,157103.171875,157185.609375,157322.5,157514.8125,0.0
1762651859.234836,156718.1875,156464.71875,157033.34375,156851.9375,156919.984375,157002.59375,157139.296875,157331.515625,0.0
1762651859.2372842,157607.171875,157354.328125,157922.328125,157741.546875,157809.3125,157891.921875,158028.890625,158221.484375,0.0
1762651859.2399907,157776.5,157523.484375,158092.203125,157910.96875,157979.09375,158061.359375,158198.234375,158391.078125,0.0
1762651859.244712,157109.796875,156856.140625,157425.21875,157243.90625,157311.578125,157394.46875,157530.8125,157723.296875,0.0
1762651859.2472565,156677.515625,156424.046875,156993.03125,156811.359375,156879.125,156962.1875,157098.171875,157290.84375,0.0
1762651859.2497015,157535.8125,157283.25,157851.953125,157670.375,157737.96875,157821.109375,157957.1875,158150.140625,0.0
1762651859.252319,157860.453125,157607.703125,158176.15625,157994.921875,158062.6875,158145.75,158282.1875,158474.765625,0.0
1762651859.2585356,157322.671875,157069.375,157638.28125,157456.6875,157524.640625,157607.796875,157744.3125,157936.453125,0.0
1762651859.2585511,156690.296875,156436.5625,157005.453125,156823.6875,156891.46875,156974.703125,157111.046875,157303.53125,0.0
1762651859.2611563,157439.171875,157185.875,157754.421875,157573.1875,157640.6875,157723.84375,157860.90625,158053.125,0.0
1762651859.2672899,157918.84375,157666.078125,158234.171875,158053.484375,158120.8125,158203.953125,158340.921875,158533.515625,0.0
1762651859.267308,157523.5625,157270.375,157838.640625,157657.671875,157725.625,157808.6875,157944.9375,158137.609375,0.0
1762651859.2723255,156756.90625,156503.609375,157072.0625,156890.75,156959.046875,157041.9375,157177.921875,157370.59375,0.0
1762651859.2723427,157327.140625,157074.125,157642.65625,157461.34375,157529.375,157612.171875,157748.875,157941.453125,0.0
1762651859.2723508,157957.375,157705.15625,158273.25,158092.375,158159.96875,158242.84375,158379.546875,158572.484375,0.0
1762651859.2759476,157704.53125,157452.21875,158020.21875,157839.171875,157906.765625,157989.375,158126.265625,158319.015625,0.0
1762651859.3073144,156873.046875,156619.671875,157188.375,157006.796875,157074.390625,157157.453125,157293.96875,157486.546875,0.0
1762651859.3098943,157206.171875,156952.703125,157521.953125,157340.46875,157407.96875,157491.109375,157627.546875,157820.125,0.0
1762651859.3099256,157967.390625,157714.453125,158283.171875,158102.296875,158169.71875,158252.6875,158389.5625,158582.328125,0.0
1762651859.312201,157860.1875,157607.4375,158175.609375,157995.015625,158062.25,158145.390625,158282.1875,158475.125,0.0
1762651859.3150468,157035.765625,156782.390625,157350.5625,157169.515625,157237.28125,157320.171875,157456.953125,157649.453125,0.0
1762651859.317374,157103.359375,156850.0625,157418.875,157237.640625,157305.59375,157387.9375,157525.0,157717.578125,0.0
1762651859.3197803,157957.375,157704.796875,158273.25,158091.75,158159.96875,158242.671875,158379.46875,158572.21875,0.0
1762651859.32237,157991.171875,157738.40625,158306.59375,158125.375,158193.5,158276.109375,158412.984375,158605.84375,0.0
1762651859.3246992,157229.421875,156975.953125,157544.578125,157363.265625,157431.390625,157514.1875,157650.53125,157843.203125,0.0
1762651859.32722,157024.59375,156771.65625,157340.28125,157158.96875,157226.734375,157309.4375,157445.96875,157638.453125,0.0
1762651859.329836,157913.828125,157660.984375,158229.4375,158048.390625,158116.34375,158199.03125,158335.828125,158528.40625,0.0
1762651859.3324912,158095.0625,157841.859375,158410.484375,158229.4375,158297.203125,158380.09375,158517.234375,158709.828125,0.0
1762651859.332507,157437.375,157184.265625,157752.71875,157571.671875,157639.078125,157722.234375,157858.84375,158051.34375,0.0
1762651859.3349898,156988.015625,156734.375,157302.828125,157121.859375,157189.28125,157272.515625,157408.765625,157601.359375,0.0
1762651859.3447375,157838.734375,157585.703125,158154.15625,157973.46875,158040.78125,158124.109375,158260.46875,158453.046875,0.0
1762651859.344754,158174.1875,157921.15625,158489.171875,158308.5625,158375.96875,158459.484375,158595.828125,158788.40625,0.0
1762651859.3472033,157647.671875,157394.46875,157962.640625,157781.859375,157849.28125,157932.6875,158069.21875,158261.4375,0.0
1762651859.347221,157001.875,156748.59375,157317.3125,157135.8125,157203.484375,157286.640625,157423.171875,157615.84375,0.0
1762651859.3811188,157739.671875,157486.734375,158055.09375,157874.046875,157941.71875,158024.78125,158161.21875,158354.515625,0.0
1762651859.383485,158231.765625,157979.09375,158547.09375,158366.5,158433.734375,158516.875,158653.671875,158846.875,0.0
1762651859.3835003,157847.125,157594.203125,158162.828125,157981.78125,158048.828125,158132.25,158268.953125,158461.71875,0.0
1762651859.3859348,157071.796875,156818.140625,157387.046875,157205.90625,157273.40625,157356.828125,157492.90625,157685.84375,0.0
1762651859.3884935,157624.953125,157371.484375,157940.734375,157759.421875,157827.1875,157909.984375,158046.421875,158239.359375,0.0
1762651859.388509,158264.75,158011.90625,158580.625,158399.484375,158467.171875,158549.96875,158686.75,158879.6875,0.0
1762651859.3909044,158026.390625,157773.46875,158342.265625,158160.953125,158228.546875,158311.421875,158448.21875,158641.25,0.0
1762651859.42971,157194.734375,156941.265625,157509.984375,157328.65625,157396.078125,157479.40625,157615.484375,157808.515625,0.0
1762651859.4322813,157507.390625,157254.453125,157823.171875,157641.40625,157709.265625,157792.421875,157928.671875,158121.609375,0.0
1762651859.4322965,158276.46875,158024.25,158592.609375,158411.109375,158479.15625,158561.9375,158698.5625,158891.671875,0.0
1762651859.4348474,158180.703125,157928.40625,158496.671875,158315.53125,158383.21875,158466.09375,158602.625,158795.828125,0.0
1762651859.4371977,157358.609375,157105.59375,157674.046875,157492.71875,157560.21875,157643.546875,157779.71875,157972.65625,0.0
1762651859.4372125,157404.296875,157151.546875,157719.8125,157538.40625,157606.09375,157689.234375,157825.578125,158018.703125,0.0
1762651859.4398339,158264.125,158012.0,158579.90625,158398.953125,158466.359375,158549.609375,158686.484375,158879.421875,0.0
1762651859.4422567,158309.09375,158056.34375,158624.890625,158443.828125,158511.25,158594.390625,158731.1875,158923.953125,0.0
1762651859.457214,157553.703125,157300.953125,157869.578125,157688.34375,157756.203125,157839.265625,157975.4375,158168.1875,0.0
1762651859.459869,157327.765625,157074.75,157643.828125,157462.140625,157530.09375,157613.15625,157749.328125,157942.265625,0.0
1762651859.4626327,158217.640625,157964.96875,158533.421875,158352.46875,158420.046875,158502.9375,158639.71875,158832.9375,0.0
1762651859.4648764,158411.375,158159.4375,158727.4375,158546.46875,158614.15625,158696.859375,158833.65625,159027.125,0.0
1762651859.467696,157763.0,157510.875,158079.140625,157897.734375,157965.859375,158048.203125,158184.734375,158378.03125,0.0
1762651859.4696949,157295.3125,157042.734375,157611.453125,157429.6875,157497.640625,157580.515625,157716.59375,157909.984375,0.0
1762651859.4721863,158140.65625,157888.53125,158457.15625,158275.390625,158343.25,158426.21875,158562.921875,158755.953125,0.0
1762651859.474694,158488.984375,158236.953125,158805.21875,158623.90625,158691.671875,158774.46875,158911.4375,159104.734375,0.0
1762651859.4772823,157972.578125,157719.8125,158288.171875,158106.953125,158174.625,158257.6875,158394.21875,158587.0625,0.0
1762651859.477298,157314.171875,157061.15625,157629.34375,157448.28125,157515.703125,157598.84375,157735.28125,157927.953125,0.0
1762651859.4803064,158040.078125,157787.671875,158355.671875,158174.90625,158242.671875,158325.453125,158461.71875,158654.921875,0.0
1762651859.4846807,158543.703125,158291.21875,158859.9375,158678.625,158746.484375,158829.453125,158965.796875,159159.09375,0.0
1762651859.4909413,158172.84375,157920.09375,158488.53125,158307.046875,158374.984375,158458.5,158594.484375,158787.515625,0.0
1762651859.493445,157390.625,157137.515625,157705.78125,157524.46875,157592.59375,157675.46875,157811.640625,158004.578125,0.0
1762651859.4959843,157926.796875,157674.125,158242.125,158061.078125,158128.671875,158211.734375,158348.078125,158541.203125,0.0
1762651859.4960032,158579.015625,158326.796875,158894.625,158713.84375,158781.25,158863.953125,159000.84375,159193.875,0.0
1762651859.498484,158350.859375,158098.8125,158666.8125,158485.671875,158553.359375,158636.0625,158772.859375,158965.4375,0.0
1762651859.498499,157517.484375,157265.0,157833.359375,157651.6875,157719.546875,157802.703125,157938.6875,158131.359375,0.0
1762651859.500985,157810.203125,157558.078125,158126.078125,157944.859375,158012.71875,158095.6875,158231.84375,158424.96875,0.0
1762651859.5037193,158587.953125,158336.1875,158903.921875,158723.234375,158790.828125,158873.703125,159010.3125,159203.34375,0.0
1762651859.5037353,158502.75,158250.8125,158818.890625,158637.765625,158705.703125,158788.5,158925.015625,159117.96875,0.0
1762651859.5059752,157684.59375,157431.921875,157999.921875,157818.796875,157886.828125,157969.53125,158106.234375,158298.640625,0.0
1762651859.5059927,157707.296875,157455.0,158022.90625,157841.5,157909.625,157992.515625,158129.03125,158321.703125,0.0
1762651859.508522,158570.53125,158318.578125,158886.21875,158705.34375,158773.296875,158856.09375,158992.796875,159185.640625,0.0
1762651859.511064,158628.1875,158376.25,158944.25,158763.015625,158830.703125,158913.84375,159050.46875,159243.578125,0.0
1762651859.5110788,157882.71875,157629.96875,158198.59375,158016.921875,158084.78125,158167.921875,158304.453125,158497.484375,0.0
1762651859.544864,157636.40625,157383.5625,157952.0,157770.515625,157838.1875,157921.25,158058.046875,158250.53125,0.0
1762651859.5485048,158521.796875,158269.765625,158838.125,158656.71875,158724.484375,158807.1875,158944.515625,159137.1875,0.0
1762651859.54852,158728.0625,158475.9375,159044.203125,158862.890625,158930.75,159013.625,159150.78125,159343.1875,0.0
1762651859.5485277,158091.921875,157839.796875,158407.71875,158226.578125,158294.34375,158377.578125,158514.203125,158706.875,0.0
1762651859.5588403,157607.875,157355.484375,157923.484375,157741.984375,157810.03125,157893.171875,158029.609375,158222.109375,0.0
1762651859.558856,158446.875,158194.390625,158762.125,158581.078125,158649.109375,158731.8125,158868.515625,159061.546875,0.0
1762651859.5588655,158805.9375,158554.4375,159121.71875,158940.9375,159008.53125,159091.328125,159228.5625,159421.140625,0.0
1762651859.5588765,158301.765625,158049.546875,158617.734375,158436.6875,158504.625,158587.25,158724.03125,158917.15625,0.0
1762651859.5610256,157629.0625,157376.046875,157944.859375,157763.453125,157831.046875,157914.1875,158050.890625,158243.5625,0.0
1762651859.5638971,158341.203125,158088.53125,158657.15625,158475.65625,158543.25,158626.578125,158763.203125,158956.046875,0.0
1762651859.565942,158856.625,158604.234375,159172.40625,158991.1875,159058.78125,159141.828125,159278.890625,159471.75,0.0
1762651859.5686207,158497.203125,158244.453125,158812.453125,158631.59375,158699.09375,158782.234375,158919.125,159111.609375,0.0
1762651859.571025,157708.640625,157455.796875,158024.0625,157843.015625,157910.078125,157993.671875,158130.109375,158322.953125,0.0
1762651859.5737464,158224.96875,157972.921875,158541.203125,158360.0625,158427.296875,158510.71875,158647.421875,158840.265625,0.0
1762651859.575977,158890.15625,158638.390625,159206.65625,159025.78125,159092.75,159176.078125,159312.953125,159505.90625,0.0
1762651859.5759935,158674.6875,158422.5625,158990.46875,158809.859375,158876.921875,158960.078125,159097.3125,159290.078125,0.0
1762651859.5822709,157838.453125,157585.53125,158153.890625,157973.015625,158040.703125,158123.21875,158260.46875,158452.953125,0.0
1762651859.61728,158108.921875,157856.4375,158424.515625,158243.5625,158311.25,158394.125,158531.359375,158723.859375,0.0
1762651859.617298,158894.890625,158642.9375,159210.953125,159030.171875,159097.40625,159180.453125,159317.78125,159510.640625,0.0
1762651859.6210427,158820.15625,158568.015625,159136.203125,158955.15625,159022.75,159105.71875,159242.859375,159435.8125,0.0
1762651859.6210577,158006.71875,157753.875,158322.234375,158141.109375,158208.609375,158291.578125,158428.640625,158621.21875,0.0
1762651859.6210651,158007.625,157754.6875,158323.046875,158141.734375,158209.140625,158292.203125,158429.078125,158622.109375,0.0
1762651859.6236289,158875.765625,158623.453125,159191.8125,159010.765625,159078.171875,159160.875,159298.125,159491.328125,0.0
1762651859.6236465,158946.390625,158694.0,159262.0,159081.390625,159148.625,159231.6875,159368.75,159561.875,0.0
1762651859.6259408,158205.921875,157952.71875,158521.171875,158340.390625,158407.796875,158490.78125,158627.484375,158820.6875,0.0
1762651859.6285255,157938.15625,157685.125,158253.578125,158072.34375,158140.03125,158222.546875,158359.53125,158552.828125,0.0
1762651859.6311924,158821.84375,158569.625,159137.546875,158956.9375,159024.359375,159106.78125,159244.109375,159437.140625,0.0
1762651859.6335468,159036.0625,158783.84375,159352.03125,159171.421875,159238.578125,159321.0,159458.96875,159651.546875,0.0
1762651859.6360104,158412.625,158159.96875,158728.15625,158547.453125,158614.953125,158697.21875,158835.171875,159027.578125,0.0
1762651859.63844,157907.296875,157654.375,158222.546875,158041.421875,158109.1875,158192.15625,158329.125,158521.703125,0.0
1762651859.6410232,158742.09375,158490.0625,159057.4375,158876.65625,158944.78125,159027.3125,159164.453125,159357.390625,0.0
1762651859.6410384,159111.890625,158859.578125,159427.046875,159246.625,159314.390625,159397.09375,159534.25,159727.0,0.0
1762651859.6446896,158620.6875,158368.203125,158936.015625,158755.234375,158823.09375,158905.625,159042.953125,159235.4375,0.0
1762651859.6785583,157934.65625,157681.734375,158249.734375,158068.765625,158136.625,158219.25,158356.578125,158548.890625,0.0
1762651859.678577,158634.984375,158382.328125,158950.5,158769.640625,158837.140625,158920.109375,159057.53125,159249.84375,0.0
1762651859.6810355,159163.46875,158911.515625,159479.609375,159298.296875,159366.34375,159448.859375,159586.453125,159778.859375,0.0
1762651859.6810513,158816.125,158563.8125,159131.734375,158950.59375,159018.453125,159101.328125,159238.390625,159431.515625,0.0
1762651859.6835208,158019.59375,157766.84375,158335.203125,158154.25,158221.921875,158304.8125,158441.328125,158634.625,0.0
1762651859.685944,158521.53125,158268.953125,158837.140625,158656.53125,158723.859375,158806.828125,158943.796875,159136.46875,0.0
1762651859.6885169,159201.5625,158949.25,159517.34375,159336.5625,159403.96875,159487.125,159624.0,159817.03125,0.0
1762651859.6909375,158997.53125,158745.3125,159313.234375,159133.078125,159200.125,159283.359375,159420.25,159613.28125,0.0
1762651859.693513,158158.984375,157906.5,158474.859375,158294.078125,158361.3125,158444.28125,158581.25,158773.921875,0.0
1762651859.6961007,158411.015625,158158.8125,158726.8125,158545.765625,158613.4375,158696.5,158833.203125,159025.875,0.0
1762651859.6985989,159205.140625,158953.1875,159521.09375,159340.59375,159408.09375,159490.703125,159627.9375,159821.0625,0.0
1762651859.70167,159142.1875,158890.328125,159458.609375,159277.90625,159345.140625,159427.671875,159565.0,159757.765625,0.0
1762651859.701687,158331.265625,158078.78125,158646.78125,158466.09375,158533.59375,158616.390625,158753.09375,158945.859375,0.0
1762651859.7035942,158310.4375,158058.046875,158626.046875,158445.09375,158513.03125,158595.5625,158732.625,158925.5625,0.0
1762651859.705937,159181.53125,158929.671875,159497.578125,159317.078125,159384.75,159466.828125,159604.609375,159797.640625,0.0
1762651859.7100773,159264.328125,159012.46875,159580.28125,159399.6875,159467.546875,159549.796875,159687.484375,159880.0625,0.0
1762651859.7100923,158531.359375,158278.96875,158847.234375,158665.921875,158733.953125,158816.84375,158953.8125,159146.3125,0.0
1762651859.7459283,158244.015625,157991.796875,158559.96875,158378.75,158446.515625,158529.21875,158666.28125,158858.859375,0.0
1762651859.7509515,159129.140625,158877.453125,159445.640625,159264.859375,159332.265625,159414.53125,159552.296875,159745.0625,0.0
1762651859.7509732,159359.265625,159107.6875,159675.6875,159494.546875,159562.765625,159644.65625,159782.25,159975.375,0.0
1762651859.7534409,158742.09375,158489.96875,159058.234375,158876.75,158945.046875,159027.578125,159164.8125,159357.578125,0.0
1762651859.7947237,158224.609375,157972.390625,158540.75,158359.53125,158427.390625,158509.90625,158647.140625,158839.8125,0.0
1762651859.7972777,159048.671875,158797.0,159364.734375,159184.03125,159251.984375,159334.5,159471.75,159664.234375,0.0
1762651859.799694,159430.703125,159179.390625,159747.125,159566.609375,159634.015625,159716.546875,159854.3125,160046.984375,0.0
1762651859.8021927,158945.765625,158693.734375,159262.265625,159081.3125,159148.890625,159231.875,159369.109375,159562.046875,0.0
1762651859.8047833,158252.328125,158000.109375,158568.296875,158387.234375,158455.1875,158538.15625,158674.953125,158867.53125,0.0
1762651859.8072317,158940.140625,158688.1875,159255.828125,159075.234375,159142.90625,159225.703125,159362.84375,159555.515625,0.0
1762651859.8072553,159481.40625,159229.453125,159797.015625,159616.671875,159683.90625,159766.875,159904.203125,160096.96875,0.0
1762651859.809748,159142.546875,158890.609375,159458.515625,159277.90625,159345.421875,159428.03125,159565.453125,159758.125,0.0
1762651859.8123336,158341.90625,158089.875,158657.96875,158477.09375,158544.5,158627.484375,158764.265625,158957.125,0.0
1762651859.8146987,158825.78125,158573.828125,159141.484375,158961.140625,159028.640625,159111.34375,159248.234375,159440.90625,0.0
1762651859.8147163,159509.03125,159257.4375,159824.71875,159644.296875,159711.890625,159794.59375,159931.828125,160124.78125,0.0
1762651859.8174255,159312.78125,159061.09375,159628.828125,159447.875,159516.0,159598.4375,159735.59375,159928.171875,0.0
1762651859.8196957,158474.328125,158221.921875,158790.015625,158609.234375,158677.359375,158759.4375,158896.59375,159089.078125,0.0
1762651859.8222396,158706.0625,158453.84375,159021.9375,158841.421875,158908.84375,158991.0,159128.875,159321.359375,0.0
1762651859.8247018,159509.203125,159257.34375,159825.359375,159645.015625,159712.515625,159794.6875,159932.734375,160125.046875,0.0
1762651859.8272424,159456.09375,159204.421875,159772.328125,159591.546875,159659.6875,159741.578125,159879.4375,160071.84375,0.0
1762651859.8295927,158649.109375,158397.34375,158965.4375,158784.390625,158851.984375,158934.59375,159071.5625,159264.328125,0.0
1762651859.8447692,158606.375,158354.78125,158922.15625,158741.5625,158809.0625,158892.03125,159029.0,159221.671875,0.0
1762651859.847182,159481.5,159230.171875,159797.71875,159617.390625,159684.453125,159766.96875,159904.75,160097.59375,0.0
1762651859.8498697,159574.125,159322.4375,159890.34375,159709.5625,159776.890625,159859.5,159997.28125,160189.953125,0.0
1762651859.8498852,158848.40625,158596.1875,159164.453125,158983.3125,159050.90625,159133.515625,159270.9375,159463.515625,0.0
1762651859.85634,158541.46875,158289.078125,158857.96875,158676.375,158743.796875,158826.671875,158964.09375,159156.5,0.0
1762651859.856375,159424.546875,159172.953125,159740.953125,159559.984375,159627.5,159709.84375,159847.96875,160040.28125,0.0
1762651859.8563848,159663.53125,159412.46875,159980.296875,159799.328125,159866.84375,159949.1875,160087.40625,160279.984375,0.0
1762651859.8585804,159055.5625,158803.703125,159372.0625,159190.734375,159258.421875,159340.9375,159478.71875,159671.390625,0.0
1762651859.8610284,158524.296875,158271.8125,158840.4375,158658.859375,158727.078125,158809.421875,158946.75,159139.421875,0.0
1762651859.8610468,159338.703125,159086.578125,159654.9375,159473.625,159541.65625,159624.0,159761.515625,159954.359375,0.0
1762651859.8659415,159734.609375,159482.921875,160050.921875,159870.140625,159937.828125,160020.34375,160157.859375,160350.796875,0.0
1762651859.8685489,159264.859375,159012.546875,159580.828125,159399.953125,159467.546875,159550.25,159687.484375,159880.34375,0.0
1762651859.8710656,158560.25,158307.84375,158876.03125,158695.0625,158762.75,158845.265625,158982.25,159175.1875,0.0
1762651859.8735127,159231.953125,158980.28125,159548.1875,159367.40625,159435.359375,159517.875,159655.203125,159847.53125,0.0
1762651859.8771975,159782.4375,159531.03125,160098.765625,159918.15625,159986.1875,160068.625,160206.21875,160398.625,0.0
1762651859.8772135,159455.296875,159203.4375,159771.265625,159590.75,159658.609375,159741.40625,159878.90625,160071.671875,0.0
1762651859.8772216,158650.8125,158398.859375,158967.046875,158786.0,158853.5,158936.28125,159073.53125,159266.375,0.0
1762651859.8796709,159115.453125,158864.046875,159431.78125,159251.1875,159318.6875,159400.9375,159538.359375,159731.46875,0.0
1762651859.87968,159808.09375,159556.6875,160124.421875,159943.71875,160011.40625,160093.75,160231.53125,160424.5625,0.0
1762651859.8821788,159624.1875,159372.59375,159940.421875,159759.8125,159827.3125,159909.578125,160047.265625,160240.46875,0.0
1762651859.8821912,158787.96875,158535.921875,159103.84375,158923.0625,158990.5625,159072.984375,159210.234375,159403.34375,0.0
1762651859.884684,158999.046875,158747.28125,159315.203125,159134.421875,159202.1875,159284.265625,159421.5,159614.703125,111.0
1762651859.919748,159808.8125,159557.3125,160125.140625,159944.359375,160012.03125,160094.5625,160231.890625,160425.0,0.0
1762651859.9197726,159767.421875,159516.0,160083.921875,159903.046875,159970.90625,160053.25,160190.40625,160383.875,0.0
1762651859.922197,158964.546875,158712.859375,159280.953125,159100.265625,159167.765625,159250.015625,159387.34375,159580.375,0.0
1762651859.9222155,158901.0625,158649.375,159217.390625,159036.78125,159104.375,159186.71875,159324.046875,159516.890625,0.0
1762651859.9259434,159778.40625,159527.359375,160095.09375,159914.671875,159982.4375,160064.6875,160202.296875,160395.140625,0.0
1762651859.9259577,159881.328125,159630.265625,160198.265625,160017.75,160085.25,160167.609375,160305.28125,160498.3125,0.0
1762651859.9259648,159164.640625,158912.78125,159481.140625,159300.265625,159367.953125,159450.46875,159587.703125,159780.921875,0.0
1762651859.9298005,158839.453125,158587.328125,159155.96875,158974.5625,159042.59375,159124.84375,159262.265625,159455.03125,0.0
1762651859.9298177,159719.671875,159468.078125,160036.359375,159855.296875,159922.984375,160005.0625,160143.015625,160335.859375,0.0
1762651859.9298253,159974.484375,159723.0625,160290.890625,160110.296875,160177.609375,160260.140625,160398.1875,160590.9375,0.0
1762651859.9325144,159375.90625,159123.78125,159692.21875,159511.265625,159578.765625,159661.46875,159798.796875,159991.65625,0.0
1762651859.9346805,158827.03125,158574.453125,159143.171875,158962.03125,159029.71875,159112.328125,159249.390625,159442.421875,0.0
1762651859.9371765,159634.46875,159382.78125,159950.96875,159770.015625,159837.6875,159920.390625,160057.546875,160250.484375,0.0
1762651859.9410343,160044.3125,159792.71875,160360.8125,160180.03125,160247.265625,160330.046875,160467.65625,160661.03125,0.0
1762651859.9772,159583.953125,159332.265625,159900.1875,159719.5,159786.640625,159869.25,160007.03125,160200.0625,0.0
1762651859.9772236,158869.59375,158617.1875,159185.015625,159004.5,159071.5625,159154.53125,159291.6875,159484.53125,0.0
1762651859.979768,159526.203125,159274.25,159842.34375,159661.5625,159728.796875,159811.671875,159948.90625,160142.03125,0.0
1762651859.9797833,160088.46875,159837.421875,160405.15625,160224.828125,160291.96875,160374.484375,160512.0,160705.109375,0.0
1762651859.9823463,159772.515625,159521.015625,160088.921875,159908.671875,159975.828125,160058.171875,160195.671875,160388.796875,0.0
1762651859.9823608,158960.515625,158708.21875,159276.84375,159096.140625,159163.109375,159246.265625,159383.328125,159576.359375,0.0
1762651859.9847183,159406.921875,159155.15625,159723.15625,159542.375,159609.703125,159692.578125,159830.09375,160022.9375,0.0
1762651859.984733,160111.625,159860.3125,160427.953125,160247.703125,160315.03125,160397.46875,160535.0625,160727.921875,0.0
1762651859.9872048,159939.96875,159688.109375,160256.5625,160076.140625,160143.015625,160225.984375,160363.578125,160556.25,0.0
1762651859.9896507,159101.875,158849.828125,159418.1875,159237.234375,159304.375,159387.53125,159525.03125,159717.609375,0.0
1762651859.9921784,159290.875,159039.015625,159607.28125,159426.15625,159493.46875,159576.4375,159714.046875,159906.53125,0.0
1762651859.9947896,160108.5,159856.90625,160425.09375,160244.40625,160311.8125,160394.34375,160532.296875,160724.78125,0.0
1762651859.994809,160079.359375,159828.21875,160395.953125,160215.609375,160282.9375,160365.1875,160503.234375,160696.171875,0.0
1762651860.029835,159283.28125,159031.59375,159599.78125,159419.265625,159486.5,159568.84375,159706.4375,159899.5625,0.0
1762651860.02986,159199.328125,158947.640625,159515.5625,159334.953125,159402.546875,159484.890625,159622.125,159815.25,0.0
1762651860.0334473,160078.640625,159827.3125,160394.875,160214.546875,160281.953125,160364.828125,160502.078125,160694.828125,0.0
1762651860.0334647,160193.625,159942.203125,160510.125,160329.609375,160397.015625,160479.984375,160617.234375,160809.984375,0.0
1762651860.0334735,159485.421875,159233.65625,159801.921875,159620.875,159688.734375,159771.265625,159908.671875,160101.4375,0.0
1762651860.0387387,159140.9375,158889.171875,159457.0,159276.125,159344.15625,159426.6875,159564.28125,159756.328125,0.0
1762651860.0387535,160017.3125,159765.8125,160333.90625,160153.03125,160220.796875,160303.046875,160441.1875,160633.59375,0.0
1762651860.040929,160282.9375,160031.4375,160599.703125,160419.1875,160486.6875,160569.03125,160707.0,160899.578125,0.0
1762651860.0434449,159695.890625,159443.765625,160012.03125,159831.875,159898.9375,159981.546875,160119.046875,160312.0,0.0
1762651860.0459263,159131.28125,158879.34375,159447.25,159267.0,159334.234375,159416.671875,159554.453125,159747.125,0.0
1762651860.0485947,159930.21875,159678.71875,160246.90625,160066.21875,160133.71875,160215.875,160354.1875,160546.6875,0.0
1762651860.051165,160348.828125,160097.78125,160665.953125,160485.0,160552.5,160635.296875,160773.328125,160966.09375,0.0
1762651860.0534484,159899.015625,159647.515625,160215.609375,160035.09375,160102.609375,160185.03125,160322.90625,160515.65625,0.0
1762651860.055771,159173.125,158921.265625,159489.71875,159308.84375,159376.34375,159458.78125,159596.015625,159789.140625,0.0
1762651860.0609305,159815.25,159563.921875,160132.109375,159951.59375,160018.828125,160101.171875,160238.6875,160431.703125,0.0
1762651860.0609453,160390.671875,160139.890625,160707.703125,160527.46875,160594.609375,160676.953125,160814.640625,161007.765625,0.0
1762651860.0634754,160086.78125,159835.359375,160403.1875,160222.859375,160289.828125,160372.4375,160510.203125,160703.328125,0.0
1762651860.063491,159271.03125,159019.078125,159587.171875,159406.21875,159473.890625,159556.5,159693.75,159886.78125,0.0
1762651860.065936,159697.765625,159446.359375,160014.265625,159833.390625,159901.34375,159983.515625,160121.203125,160314.046875,0.0
1762651860.1284392,160412.046875,160160.890625,160728.625,160548.03125,160615.890625,160698.140625,160835.921875,161028.953125,0.0
1762651860.1309445,160252.453125,160000.953125,160569.3125,160388.4375,160456.296875,160538.640625,160676.328125,160869.171875,0.0
1762651860.1309657,159416.84375,159164.90625,159733.078125,159552.484375,159619.890625,159702.59375,159839.921875,160032.59375,0.0
1762651860.1359267,159583.78125,159332.1875,159900.625,159719.671875,159787.078125,159869.875,160007.203125,160200.140625,0.0
1762651860.1385496,160406.234375,160155.0,160723.0,160542.390625,160609.890625,160692.328125,160830.28125,161023.3125,0.0
1762651860.1410031,160389.875,160138.453125,160706.453125,160526.296875,160593.53125,160675.96875,160813.75,161006.859375,0.0
1762651860.1434753,159597.1875,159345.765625,159913.59375,159733.359375,159800.765625,159883.015625,160020.890625,160213.640625,0.0
1762651860.1460955,159491.859375,159240.265625,159808.09375,159627.578125,159695.078125,159777.78125,159915.5625,160108.0625,0.0
1762651860.148498,160374.9375,160123.796875,160691.703125,160511.375,160578.609375,160661.125,160799.171875,160991.84375,0.0
1762651860.151003,160501.53125,160249.859375,160818.3125,160637.875,160705.03125,160787.546875,160925.421875,161118.171875,0.0
1762651860.1535373,159800.5,159548.8125,160116.8125,159936.03125,160003.71875,160086.234375,160223.921875,160416.59375,0.0
1762651860.1559217,159437.5,159185.375,159753.640625,159573.140625,159640.71875,159723.34375,159860.671875,160053.34375,0.0
1762651860.1584225,160309.765625,160058.25,160626.265625,160445.84375,160513.25,160595.859375,160733.28125,160926.578125,0.0
1762651860.160921,160586.03125,160335.0625,160902.609375,160722.734375,160789.34375,160871.953125,161009.90625,161203.375,0.0
1762651860.1632497,160007.296875,159755.796875,160323.4375,160143.640625,160210.25,160292.953125,160430.8125,160624.03125,0.0
1762651860.1772668,159429.09375,159176.96875,159745.25,159565.0,159632.046875,159714.75,159852.53125,160045.375,0.0
1762651860.1797564,160218.921875,159967.421875,160535.421875,160355.265625,160422.328125,160505.03125,160642.796875,160835.46875,0.0
1762651860.1821814,160650.9375,160399.4375,160967.4375,160787.375,160854.0625,160936.859375,161075.171875,161267.9375,0.0
1762651860.1846795,160213.28125,159961.875,160529.703125,160349.453125,160416.59375,160499.296875,160637.34375,160830.015625,0.0
1762651860.1872957,159478.28125,159226.328125,159794.234375,159613.71875,159681.234375,159763.84375,159901.609375,160094.109375,0.0
1762651860.1873105,160108.421875,159857.0,160424.5625,160244.3125,160311.90625,160394.515625,160532.296875,160724.78125,0.0
1762651860.1909282,160695.1875,160444.40625,161012.140625,160831.8125,160899.125,160982.015625,161119.875,161312.8125,0.0
1762651860.190945,160400.859375,160149.8125,160717.984375,160537.75,160604.796875,160687.765625,160825.71875,161018.390625,0.0
1762651860.1909523,159579.03125,159327.4375,159895.453125,159715.296875,159782.4375,159865.5,160003.09375,160195.59375,0.0
1762651860.1934159,159988.4375,159737.203125,160305.015625,160125.046875,160191.921875,160274.984375,160412.9375,160605.421875,0.0
1762651860.195924,160712.0,160460.765625,161028.59375,160848.53125,160915.40625,160998.375,161136.328125,161329.359375,0.0
1762651860.1984613,160559.65625,160308.0625,160876.0625,160696.0,160763.234375,160846.109375,160983.703125,161177.09375,0.0
1762651860.2009225,159725.125,159473.53125,160041.53125,159861.296875,159928.96875,160011.5,160148.921875,160342.296875,0.0
1762651860.2036092,159872.296875,159620.609375,160188.515625,160008.28125,160075.6875,160158.578125,160295.90625,160489.203125,0.0
1762651860.2036247,160703.0625,160451.921875,161019.46875,160839.5,160906.8125,160989.703125,161127.296875,161320.328125,0.0
1762651860.205922,160696.53125,160445.5625,161013.390625,160833.421875,160900.734375,160983.4375,161120.859375,161314.15625,0.0
1762651860.2084267,159908.671875,159657.53125,160225.71875,160045.109375,160112.265625,160195.3125,160332.5625,160525.59375,0.0
1762651860.210782,159781.8125,159530.046875,160098.484375,159917.703125,159985.125,160067.828125,160205.515625,160398.265625,0.0
1762651860.218509,160667.5625,160416.15625,160984.328125,160803.828125,160871.328125,160953.84375,161091.625,161284.734375,0.0
1762651860.2209291,160804.453125,160553.03125,161121.125,160940.53125,161008.109375,161091.09375,161228.953125,161421.359375,0.0
1762651860.2209444,160111.1875,159859.953125,160427.953125,160247.359375,160314.765625,160397.734375,160535.421875,160727.828125,0.0
1762651860.2234125,159729.0625,159477.5625,160045.921875,159865.140625,159932.640625,160015.515625,160152.84375,160345.25,0.0
1762651860.2259183,160600.0625,160349.359375,160917.1875,160736.859375,160804.265625,160886.609375,161024.921875,161217.328125,0.0
1762651860.2286685,160888.3125,160637.875,161205.609375,161025.546875,161092.703125,161175.21875,161313.359375,161505.9375,0.0
1762651860.2346728,160322.0,160070.59375,160638.953125,160458.171875,160525.765625,160608.640625,160746.25,160938.921875,0.0
1762651860.2346926,159727.359375,159475.5,160044.125,159863.078125,159930.578125,160013.46875,160150.96875,160343.640625,0.0
1762651860.27099,160506.984375,160255.40625,160823.765625,160643.0625,160710.296875,160793.265625,160930.875,161123.625,0.0
1762651860.2710176,160952.78125,160701.453125,161269.546875,161089.125,161156.53125,161238.875,161376.828125,161569.953125,0.0
1762651860.274792,160524.15625,160273.375,160841.375,160660.859375,160728.1875,160810.703125,160948.578125,161141.515625,0.0
1762651860.2748218,159778.140625,159526.640625,160095.09375,159914.21875,159981.640625,160064.78125,160201.9375,160394.96875,0.0
1762651860.2748299,160392.90625,160141.671875,160709.859375,160529.15625,160596.75,160679.546875,160817.328125,161010.0,0.0
1762651860.2748387,160991.484375,160740.4375,161308.53125,161127.65625,161195.25,161278.125,161416.078125,161609.015625,0.0
1762651860.2984188,160708.0625,160456.75,161025.109375,160844.140625,160911.5625,160994.4375,161132.21875,161325.328125,0.0
1762651860.2984452,159882.125,159630.53125,160198.890625,160018.03125,160085.34375,160168.40625,160305.734375,160498.859375,0.0
1762651860.2984543,160273.109375,160021.953125,160589.875,160409.265625,160476.5,160559.390625,160697.34375,160890.09375,0.0
1762651860.2984607,161008.109375,160757.234375,161325.328125,161144.640625,161212.234375,161294.75,161432.890625,161625.734375,0.0
1762651860.3084416,160868.734375,160617.671875,161185.859375,161005.25,161072.84375,161155.453125,161293.140625,161486.09375,0.0
1762651860.3109756,160036.53125,159785.03125,160353.5625,160172.421875,160239.9375,160322.359375,160460.3125,160652.984375,0.0
1762651860.3134503,160162.328125,159911.1875,160479.546875,160298.5,160366.078125,160448.421875,160586.5625,160779.328125,0.0
1762651860.3134687,160999.796875,160748.921875,161317.46875,161136.59375,161203.921875,161286.53125,161424.484375,161617.609375,0.0
1762651860.3159423,161004.359375,160753.390625,161321.9375,161141.25,161208.203125,161291.171875,161428.6875,161621.984375,0.0
1762651860.3159573,160223.125,159971.703125,160539.796875,160359.46875,160426.53125,160509.5,160646.828125,160839.859375,0.0
1762651860.3234987,160073.1875,159821.5,160389.953125,160209.359375,160276.859375,160359.375,160497.0625,160689.921875,0.0
1762651860.3259227,160959.296875,160707.984375,161276.34375,161095.5625,161163.0625,161245.671875,161383.53125,161576.5625,0.0
1762651860.3284218,161109.0625,160857.734375,161426.0,161245.765625,161312.90625,161395.421875,161533.734375,161726.6875,0.0
1762651860.3309135,160427.0625,160175.375,160743.921875,160563.578125,160630.46875,160713.078125,160851.125,161044.0625,0.0
1762651860.3337927,160025.171875,159773.5,160342.125,160161.703125,160229.03125,160311.375,160449.0625,160641.90625,0.0
1762651860.3359575,160891.171875,160640.125,161208.390625,161028.328125,161095.5625,161177.984375,161316.03125,161508.890625,0.0
1762651860.335978,161191.484375,160940.4375,161508.4375,161328.375,161395.515625,161478.21875,161616.359375,161809.375,0.0
1762651860.3385224,160635.640625,160384.328125,160952.140625,160772.078125,160839.40625,160921.921875,161059.890625,161253.0,0.0
1762651860.3385396,160028.03125,159776.359375,160344.53125,160164.390625,160231.890625,160314.40625,160452.0,160644.765625,0.0
1762651860.3445432,160798.8125,160547.484375,161115.578125,160935.515625,161002.84375,161085.453125,161222.96875,161415.90625,0.0
1762651860.3445597,161255.234375,161004.0,161572.453125,161392.296875,161459.796875,161542.40625,161679.921875,161873.21875,0.0
1762651860.3597088,160837.265625,160585.84375,161153.9375,160973.96875,161041.46875,161124.171875,161261.40625,161454.53125,0.0
1762651860.3597336,160083.296875,159831.34375,160399.515625,160219.09375,160286.515625,160369.21875,160506.71875,160699.578125,0.0
1762651860.3597426,160683.84375,160432.515625,161000.78125,160820.453125,160888.046875,160970.46875,161107.890625,161301.015625,0.0
1762651860.362218,161295.375,161044.6875,161612.78125,161432.53125,161500.125,161582.28125,161720.0625,161913.09375,0.0
1762651860.3622415,161022.421875,160771.640625,161339.375,161158.859375,161226.71875,161308.796875,161446.921875,161640.046875,0.0
1762651860.3648512,160191.296875,159940.234375,160508.234375,160327.8125,160395.234375,160478.015625,160615.359375,160808.5625,0.0
1762651860.3671844,160562.6875,160311.640625,160879.28125,160699.125,160766.359375,160849.234375,160986.921875,161179.78125,0.0
1762651860.3734095,161307.0,161056.03125,161623.59375,161443.53125,161511.03125,161593.375,161731.6875,161924.625,0.0
1762651860.383458,161176.65625,160925.6875,161493.6875,161313.265625,161380.59375,161463.640625,161601.421875,161794.71875,0.0
1762651860.383481,160343.203125,160091.6875,160659.703125,160479.09375,160546.421875,160629.75,160766.984375,160960.375,0.0
1762651860.3859384,160449.6875,160198.171875,160766.53125,160586.03125,160653.265625,160735.96875,160873.46875,161067.125,0.0
1762651860.3859537,161297.171875,161046.375,161614.390625,161433.78125,161501.109375,161583.359375,161721.765625,161915.328125,0.0
1762651860.4198053,161308.25,161057.5625,161625.203125,161445.046875,161512.546875,161594.984375,161733.125,161926.421875,0.0
1762651860.424676,160533.640625,160282.484375,160850.140625,160670.15625,160737.578125,160820.1875,160957.875,161151.171875,0.0
1762651860.4246993,160366.078125,160114.84375,160682.859375,160502.25,160569.84375,160652.546875,160790.234375,160983.265625,0.0
1762651860.4271667,161256.484375,161005.96875,161573.4375,161393.109375,161460.875,161543.125,161681.171875,161874.46875,0.0
1762651860.429686,161414.734375,161164.40625,161731.953125,161551.796875,161619.125,161701.734375,161839.6875,162033.078125,0.0
1762651860.4321659,160738.203125,160487.5,161055.234375,160875.171875,160942.40625,161024.65625,161162.703125,161355.734375,0.0
1762651860.4348292,160319.953125,160069.078125,160636.984375,160456.46875,160523.890625,160606.59375,160743.828125,160936.953125,0.0
1762651860.437198,161185.40625,160934.359375,161502.53125,161322.03125,161389.703125,161472.234375,161609.734375,161803.390625,0.0
1762651860.4398916,161495.75,161244.421875,161812.421875,161632.53125,161699.765625,161782.65625,161920.34375,162113.71875,0.0
1762651860.442193,160948.125,160696.53125,161264.53125,161084.828125,161151.703125,161234.5,161372.71875,161565.65625,0.0
1762651860.4446743,160324.15625,160072.5625,160640.5625,160460.671875,160527.46875,160610.34375,160748.203125,160941.15625,0.0
1762651860.4471855,161087.0625,160836.09375,161404.1875,161223.859375,161290.90625,161373.875,161511.828125,161704.59375,0.0
1762651860.4498696,161557.34375,161306.46875,161874.375,161693.78125,161761.015625,161843.890625,161982.109375,162174.78125,0.0
1762651860.4498868,161147.953125,160897.15625,161464.890625,161284.65625,161351.53125,161434.671875,161572.625,161765.296875,0.0
1762651860.4521644,160382.625,160131.390625,160699.484375,160518.96875,160585.9375,160669.0,160806.859375,160999.71875,0.0
1762651860.4586215,160970.65625,160719.6875,161287.609375,161107.0,161174.140625,161257.203125,161395.15625,161588.015625,0.0
1762651860.4586456,161593.640625,161342.765625,161910.40625,161730.4375,161797.484375,161880.1875,162018.6875,162211.265625,0.0
1762651860.487272,161329.796875,161078.84375,161646.65625,161466.59375,161533.375,161616.53125,161754.484375,161947.34375,0.0
1762651860.4872992,160496.984375,160245.390625,160813.296875,160632.96875,160700.28125,160783.34375,160920.59375,161113.890625,0.0
1762651860.4896808,160848.078125,160596.75,161164.9375,160984.421875,161052.109375,161134.890625,161272.21875,161465.515625,0.0
1762651860.4896972,161602.140625,161351.53125,161919.171875,161739.015625,161806.4375,161889.046875,162027.0,162219.9375,0.0
1762651860.4921677,161482.875,161232.171875,161799.8125,161619.921875,161687.15625,161769.6875,161907.640625,162100.671875,0.0
1762651860.4946797,160653.890625,160402.734375,160970.390625,160790.046875,160857.203125,160940.078125,161077.9375,161270.96875,0.0
1762651860.497178,160737.75,160486.34375,161054.703125,160874.453125,160941.421875,161024.203125,161162.25,161355.1875,0.0
1762651860.499663,161588.71875,161338.390625,161906.03125,161726.140625,161793.46875,161876.078125,162014.21875,162207.328125,0.0
1762651860.5021617,161611.96875,161361.90625,161929.09375,161749.21875,161816.4375,161898.96875,162036.921875,162230.125,0.0
1762651860.5046732,160841.1875,160590.40625,161158.140625,160977.984375,161045.3125,161128.015625,161265.703125,161458.640625,0.0
1762651860.5071974,160655.671875,160404.34375,160972.171875,160791.65625,160859.078125,160942.140625,161079.734375,161272.578125,0.0
1762651860.507213,161548.578125,161298.0625,161865.625,161685.734375,161752.703125,161835.21875,161973.4375,162166.390625,0.0
1762651860.5097268,161718.09375,161467.765625,162035.046875,161855.609375,161922.21875,162004.921875,162143.046875,162336.171875,0.0
1762651860.5122187,161050.40625,160799.625,161367.0,161187.203125,161254.078125,161337.140625,161474.734375,161667.84375,0.0
1762651860.549704,160611.59375,160360.28125,160927.828125,160747.859375,160815.265625,160897.96875,161035.5625,161228.421875,0.0
1762651860.5497324,161469.1875,161218.046875,161785.875,161605.71875,161673.03125,161755.46875,161893.609375,162086.640625,0.0
1762651860.5526175,161793.375,161542.765625,162110.140625,161930.265625,161997.765625,162080.015625,162218.328125,162411.09375,0.0
1762651860.5526364,161256.75,161006.0625,161573.4375,161393.453125,161461.234375,161543.3125,161681.53125,161874.375,0.0
1762651860.5546608,160620.71875,160369.125,160936.953125,160757.15625,160824.203125,160906.734375,161044.5,161237.71875,0.0
1762651860.5571606,161371.28125,161119.78125,161687.4375,161507.984375,161574.328125,161657.125,161795.609375,161988.46875,0.0
1762651860.559664,161851.3125,161600.34375,162167.640625,161988.28125,162054.890625,162137.234375,162275.734375,162468.765625,0.0
1762651860.562188,161454.609375,161203.65625,161771.109375,161591.5,161658.46875,161740.53125,161878.765625,162072.15625,0.0
1762651860.562202,160682.140625,160431.0,160998.640625,160818.84375,160885.890625,160968.328125,161106.203125,161299.046875,0.0
1762651860.5671847,161254.703125,161003.828125,161571.203125,161391.671875,161458.546875,161541.078125,161679.390625,161872.40625,0.0
1762651860.567201,161887.796875,161637.1875,162204.734375,162025.125,162092.171875,162174.25,162313.09375,162506.21875,0.0
1762651860.5733795,161633.96875,161383.09375,161951.0,161771.296875,161838.0,161920.515625,162059.0,162252.03125,0.0
1762651860.5759184,160798.546875,160546.859375,161115.046875,160934.984375,161001.859375,161084.65625,161222.515625,161415.71875,0.0
1762651860.5759392,161132.484375,160881.15625,161449.25,161269.09375,161336.234375,161418.859375,161556.984375,161750.109375,0.0
1762651860.57841,161895.125,161644.515625,162212.25,162032.359375,162099.234375,162181.765625,162320.4375,162513.546875,0.0
1762651860.5859363,161785.15625,161534.1875,162101.921875,161922.125,161989.171875,162071.875,162209.75,162403.21875,0.0
1762651860.5859575,160956.796875,160705.65625,161273.5625,161093.671875,161160.640625,161243.34375,161380.765625,161573.96875,0.0
1762651860.5859675,161020.1875,160769.3125,161336.78125,161157.15625,161224.296875,161306.640625,161444.328125,161637.359375,0.0
1762651860.5922172,161875.1875,161624.40625,162191.953125,162012.25,162079.296875,162162.0,162299.953125,162493.34375,0.0
1762651860.592235,161910.765625,161659.984375,162227.625,162048.015625,162114.96875,162197.40625,162335.90625,162529.015625,0.0
1762651860.598451,161146.15625,160895.546875,161462.9375,161283.3125,161350.015625,161432.703125,161570.671875,161763.78125,0.0
1762651860.6009157,160938.5625,160687.59375,161255.421875,161075.265625,161142.140625,161224.921875,161362.96875,161555.90625,0.0
1762651860.6046588,161829.234375,161578.359375,162146.359375,161965.84375,162033.171875,162115.6875,162253.90625,162446.765625,0.0
1762651860.6386669,162010.546875,161759.578125,162327.40625,162146.890625,162214.3125,162296.734375,162435.046875,162628.0,0.0
1762651860.6386945,161350.90625,161099.84375,161667.671875,161487.421875,161554.484375,161637.359375,161775.40625,161967.984375,0.0
1762651860.6424732,160897.96875,160646.5625,161214.46875,161034.40625,161101.453125,161184.25,161321.9375,161514.78125,0.0
1762651860.6424887,161753.234375,161501.90625,162069.90625,161889.765625,161957.078125,162039.515625,162177.65625,162370.859375,0.0
1762651860.6424968,162088.78125,161838.0,162405.8125,162225.578125,162293.25,162375.0625,162513.546875,162706.578125,0.0
1762651860.6459908,161561.28125,161310.578125,161878.21875,161698.15625,161765.65625,161847.734375,161986.046875,162178.546875,0.0
1762651860.6460075,160912.71875,160661.75,161229.84375,161049.25,161117.015625,161199.359375,161336.953125,161529.984375,0.0
1762651860.6460156,161653.90625,161403.390625,161970.9375,161790.875,161858.375,161940.453125,162078.859375,162272.0625,0.0
1762651860.646022,162143.9375,161893.609375,162460.796875,162281.546875,162348.421875,162430.84375,162569.078125,162762.375,0.0
1762651860.6485832,161757.4375,161506.828125,162074.5625,161894.5,161961.546875,162043.984375,162182.484375,162375.6875,0.0
1762651860.6509635,160977.984375,160726.9375,161294.75,161114.875,161182.109375,161264.171875,161402.578125,161595.25,0.0
1762651860.6535838,161534.8125,161284.03125,161851.9375,161671.609375,161739.28125,161821.09375,161959.671875,162152.25,0.0
1762651860.657159,162176.3125,161925.703125,162493.53125,162313.375,162380.953125,162462.953125,162601.4375,162794.734375,0.0
1762651860.6921785,161933.390625,161682.78125,162250.25,162070.8125,162138.046875,162220.296875,162358.4375,162551.640625,0.0
1762651860.6922138,161098.15625,160846.828125,161414.828125,161234.671875,161302.09375,161384.15625,161522.390625,161715.234375,0.0
1762651860.70095,161413.84375,161162.875,161730.875,161550.8125,161618.046875,161699.859375,161838.796875,162031.5625,0.0
1762651860.7009811,162184.171875,161934.375,162502.015625,162322.125,162388.921875,162471.171875,162610.109375,162802.875,0.0
1762651860.703576,162084.671875,161834.5,162402.6875,162222.171875,162289.234375,162371.65625,162510.421875,162703.1875,0.0
1762651860.7059016,161258.453125,161007.140625,161575.40625,161394.890625,161462.21875,161544.734375,161683.046875,161875.71875,0.0
1762651860.7084014,161302.53125,161051.296875,161619.65625,161439.140625,161506.65625,161588.71875,161727.21875,161919.984375,0.0
1762651860.710978,162163.875,161913.359375,162481.359375,162300.9375,162368.4375,162450.15625,162589.1875,162782.3125,0.0
1762651860.71364,162209.484375,161959.234375,162526.515625,162346.71875,162414.3125,162496.109375,162634.96875,162827.90625,0.0
1762651860.715948,161452.296875,161201.140625,161768.796875,161588.640625,161656.234375,161738.390625,161876.53125,162069.375,0.0
1762651860.7159648,161223.046875,160972.078125,161539.546875,161359.75,161426.90625,161509.15625,161647.375,161840.3125,0.0
1762651860.7186716,162112.921875,161862.671875,162429.953125,162250.34375,162317.125,162399.375,162537.78125,162731.34375,0.0
1762651860.721079,162305.40625,162055.34375,162622.890625,162443.015625,162509.96875,162591.96875,162730.984375,162924.203125,0.0
1762651860.723407,161657.5625,161407.140625,161974.96875,161794.71875,161862.125,161944.03125,162082.78125,162275.640625,0.0
1762651860.7259076,161187.46875,160936.59375,161504.234375,161323.984375,161391.5,161473.921875,161612.421875,161804.90625,0.0
1762651860.7284083,162036.203125,161785.59375,162353.25,162173.359375,162240.5,162323.375,162461.421875,162654.453125,0.0
1762651860.731609,162384.0,162133.65625,162701.578125,162521.6875,162588.296875,162671.171875,162809.75,163002.875,0.0
1762651860.733536,161867.5,161617.0625,162184.796875,162004.921875,162071.875,162154.40625,162292.453125,162485.921875,0.0
1762651860.733552,161205.890625,160955.28125,161523.09375,161343.125,161410.359375,161492.609375,161630.75,161823.59375,0.0
1762651860.739715,161933.125,161682.515625,162250.0625,162070.359375,162137.5,162219.84375,162358.15625,162551.1875,0.0
1762651860.7397404,162435.859375,162185.609375,162753.15625,162573.546875,162640.515625,162722.765625,162861.4375,163054.46875,0.0
1762651860.7421842,162062.765625,161812.25,162380.421875,162200.09375,162267.234375,162349.578125,162488.34375,162681.015625,0.0
1762651860.775936,161276.15625,161025.109375,161593.375,161412.953125,161480.546875,161562.96875,161701.015625,161893.6875,0.0
1762651860.7784257,161813.9375,161563.15625,162130.703125,161950.734375,162018.234375,162100.484375,162238.890625,162431.828125,0.0
1762651860.7784476,162466.796875,162216.359375,162783.921875,162604.125,162671.171875,162753.703125,162892.1875,163085.21875,0.0
1762651860.780993,162235.9375,161985.15625,162553.15625,162373.265625,162440.234375,162522.765625,162661.078125,162854.28125,0.0
1762651860.783425,161396.5,161145.359375,161713.359375,161533.375,161600.53125,161682.953125,161820.828125,162014.03125,0.0
1762651860.7859056,161690.828125,161439.953125,162007.59375,161828.0625,161895.21875,161977.5625,162115.6875,162309.078125,0.0
1762651860.7888126,162472.6875,162222.359375,162789.90625,162609.84375,162677.25,162759.875,162898.0,163091.828125,0.0
1762651860.790908,162384.890625,162134.5625,162702.015625,162522.046875,162588.921875,162672.25,162810.203125,163003.6875,0.0
1762651860.7934055,161562.703125,161311.5625,161879.03125,161699.234375,161766.28125,161849.25,161987.296875,162180.15625,0.0
1762651860.7960236,161584.515625,161333.375,161901.109375,161721.40625,161788.546875,161870.890625,162009.109375,162201.96875,0.0
1762651860.8061547,162452.3125,162201.96875,162769.53125,162590.0,162657.234375,162739.125,162877.703125,163070.640625,0.0
1762651860.8061905,162508.90625,162258.734375,162826.46875,162646.671875,162713.828125,162796.171875,162934.5625,163127.78125,0.0
1762651860.8084135,161756.8125,161506.03125,162073.671875,161893.78125,161960.65625,162043.53125,162181.671875,162374.53125,0.0
1762651860.811108,161509.15625,161258.28125,161825.390625,161646.296875,161713.0,161795.609375,161933.65625,162126.515625,0.0
1762651860.8111265,162400.453125,162150.203125,162717.40625,162537.953125,162605.015625,162687.53125,162826.03125,163018.796875,0.0
1762651860.8134215,162603.859375,162353.875,162921.421875,162741.625,162808.765625,162890.9375,163029.78125,163222.734375,0.0
1762651860.813444,161963.4375,161713.0,162280.5625,162100.671875,162168.078125,162250.0625,162388.828125,162581.765625,0.0
1762651860.818471,161474.828125,161224.296875,161791.953125,161612.15625,161679.203125,161761.546875,161899.859375,162092.796875,0.0
1762651860.822871,162315.609375,162065.09375,162632.90625,162453.109375,162520.171875,162602.328125,162740.734375,162933.859375,0.0
1762651860.8228867,162675.28125,162424.859375,162992.421875,162812.625,162879.765625,162961.921875,163100.78125,163293.8125,0.0
1762651860.8847334,162169.609375,161919.171875,162486.734375,162307.015625,162373.890625,162456.15625,162595.0,162787.859375,0.0
1762651860.8884134,161495.109375,161244.15625,161811.96875,161631.8125,161699.328125,161781.390625,161919.890625,162112.734375,0.0
1762651860.8884516,162210.640625,161960.296875,162527.953125,162348.234375,162415.65625,162497.640625,162636.125,162829.15625,0.0
1762651860.8884597,162724.8125,162475.203125,163042.296875,162862.6875,162929.828125,163012.359375,163150.671875,163343.78125,0.0
1762651860.8909073,162361.5625,162111.75,162679.046875,162499.0625,162566.21875,162649.09375,162787.140625,162980.25,0.0
1762651860.8934128,161568.609375,161318.09375,161885.5625,161705.765625,161772.90625,161855.25,161993.65625,162186.5,0.0
1762651860.8959403,162090.03125,161840.046875,162407.609375,162227.53125,162294.765625,162377.296875,162515.703125,162708.734375,0.0
1762651860.8959594,162756.734375,162506.9375,163074.046875,162894.421875,162961.296875,163043.5625,163182.5,163375.796875,0.0
1762651860.8985891,162537.609375,162287.796875,162854.453125,162675.109375,162742.4375,162824.59375,162963.09375,163156.390625,0.0
1762651860.8986044,161697.890625,161447.8125,162015.203125,161835.21875,161902.359375,161984.984375,162123.109375,162316.140625,0.0
1762651860.9023457,161973.171875,161723.28125,162290.921875,162111.21875,162178.0,162260.4375,162398.65625,162591.875,0.0
1762651860.9023852,162763.796875,162514.0,163081.203125,162901.9375,162968.90625,163050.796875,163189.46875,163382.859375,0.0
1762651860.9023943,162686.828125,162437.109375,163004.390625,162825.140625,162892.015625,162974.09375,163112.84375,163306.0625,0.0
1762651860.9072974,161867.671875,161617.25,162184.984375,162005.265625,162072.59375,162154.578125,162292.984375,162486.375,0.0
1762651860.9073305,161868.390625,161617.609375,162185.34375,162005.265625,162072.859375,162154.84375,162293.4375,162486.640625,0.0
1762651860.9246724,162739.75,162489.234375,163057.0625,162877.4375,162944.578125,163026.75,163165.78125,163358.71875,0.0
1762651860.924718,162805.109375,162555.125,163122.40625,162942.96875,163010.296875,163092.640625,163232.203125,163424.609375,0.0
1762651860.9271517,162061.59375,161811.34375,162378.71875,162199.375,162266.609375,162348.859375,162487.4375,162680.390625,0.0
1762651860.9296534,161792.75,161542.234375,162109.96875,161930.171875,161997.21875,162079.75,162218.0625,162410.90625,0.0
1762651860.9321504,162684.40625,162434.609375,163001.984375,162822.546875,162889.5,162971.859375,163110.34375,163303.375,0.0
1762651860.9349823,162898.71875,162648.734375,163216.109375,163036.5,163104.0,163185.984375,163324.46875,163517.40625,0.0
1762651860.9371505,162266.875,162016.625,162584.1875,162404.203125,162471.890625,162553.78125,162692.359375,162885.3125,0.0
1762651860.940922,161762.359375,161512.015625,162079.125,161899.5,161966.65625,162048.90625,162187.390625,162380.421875,0.0
1762651860.9409435,162600.09375,162350.390625,162917.671875,162737.96875,162804.84375,162887.453125,163025.859375,163219.0625,0.0
1762651860.9409564,162969.890625,162720.34375,163287.640625,163107.921875,163174.8125,163257.328125,163395.90625,163588.9375,0.0
1762651860.943471,162473.59375,162223.609375,162791.15625,162611.265625,162678.15625,162761.203125,162899.078125,163092.734375,0.0
1762651860.9509063,161786.765625,161536.59375,162104.15625,161924.453125,161991.421875,162074.203125,162212.078125,162405.453125,0.0
1762651860.953568,162490.578125,162240.5,162807.96875,162628.53125,162695.21875,162777.390625,162915.875,163109.09375,0.0
1762651860.955928,163016.640625,162766.9375,163334.046875,163154.6875,163221.296875,163303.46875,163442.3125,163635.96875,0.0
1762651860.9585416,162664.921875,162415.203125,162982.484375,162803.046875,162869.484375,162952.09375,163090.765625,163284.0625,0.0
1762651860.9585588,161867.234375,161617.15625,162184.625,162005.09375,162071.4375,162154.578125,162292.71875,162485.65625,0.0
1762651860.9821515,162371.3125,162121.59375,162688.96875,162509.625,162575.953125,162658.65625,162797.234375,162990.265625,0.0
1762651860.9884117,163046.0625,162796.4375,163363.90625,163184.46875,163250.984375,163333.40625,163472.359375,163665.46875,0.0
1762651860.9908888,162836.40625,162586.5,163153.796875,162974.265625,163041.328125,163123.84375,163262.421875,163455.8125,0.0
1762651860.9933772,161994.453125,161744.203125,162311.765625,162131.875,162199.109375,162281.71875,162419.9375,162613.328125,0.0
1762651860.995901,162248.90625,161998.921875,162566.390625,162386.5,162453.65625,162535.8125,162674.125,162868.046875,0.0
1762651860.9984088,163045.171875,162795.71875,163362.921875,163183.5625,163250.359375,163332.4375,163470.921875,163665.03125,0.0
1762651861.0008633,162978.734375,162728.671875,163296.40625,163116.953125,163183.921875,163266.171875,163404.578125,163598.0625,0.0
1762651861.0034392,162162.984375,161912.5625,162480.46875,162300.671875,162367.90625,162450.34375,162588.203125,162781.59375,0.0
1762651861.0058997,162142.25,161891.90625,162459.453125,162279.484375,162346.8125,162429.328125,162567.203125,162760.578125,0.0
1762651861.0085592,163017.8125,162767.921875,163335.296875,163155.765625,163222.546875,163304.796875,163443.65625,163637.125,0.0
1762651861.010893,163096.484375,162846.59375,163413.515625,163234.625,163301.234375,163383.578125,163522.328125,163715.265625,0.0
1762651861.0136929,162359.859375,162109.515625,162676.625,162497.8125,162564.0625,162646.59375,162784.71875,162978.015625,0.0
1762651861.013722,162069.46875,161819.03125,162386.421875,162207.15625,162273.671875,162356.28125,162494.328125,162687.53125,0.0
1762651861.0247235,162960.3125,162710.515625,163277.625,163098.265625,163165.15625,163247.21875,163385.984375,163579.375,0.0
1762651861.0247457,163188.21875,162938.234375,163505.171875,163326.34375,163393.234375,163475.21875,163614.0625,163807.359375,0.0
1762651861.0271497,162567.546875,162317.125,162884.234375,162704.96875,162772.46875,162854.640625,162992.765625,163185.984375,0.0
1762651861.0296268,162046.21875,161795.875,162363.609375,162183.734375,162250.96875,162333.484375,162471.53125,162664.5625,0.0
1762651861.029663,162876.640625,162626.65625,163194.46875,163014.765625,163081.640625,163164.078125,163302.65625,163495.6875,0.0
1762651861.0321584,163260.015625,163009.765625,163577.3125,163397.78125,163464.84375,163547.09375,163685.40625,163878.796875,0.0
1762651861.0360303,162773.546875,162523.203125,163090.9375,162911.234375,162978.28125,163060.71875,163198.859375,163391.96875,0.0
1762651861.0360577,162074.65625,161824.046875,162391.953125,162211.984375,162279.21875,162361.65625,162499.609375,162692.546875,0.0
1762651861.0360675,162765.859375,162515.703125,163083.15625,162903.8125,162970.78125,163052.9375,163191.34375,163384.640625,0.0
1762651861.0396576,163304.359375,163055.09375,163622.28125,163442.765625,163509.640625,163591.890625,163730.65625,163923.953125,0.0
1762651861.073434,162961.921875,162712.578125,163279.6875,163100.15625,163167.203125,163249.734375,163388.046875,163581.34375,0.0
1762651861.0759544,162156.8125,161906.75,162474.125,162294.765625,162361.5625,162444.171875,162582.03125,162775.328125,0.0
1762651861.0759764,162641.9375,162392.046875,162959.328125,162779.984375,162846.6875,162929.65625,163067.25,163260.640625,0.0
1762651861.0784032,163326.96875,163077.171875,163644.640625,163465.28125,163531.984375,163614.78125,163753.0,163946.390625,0.0
1762651861.0808969,163130.28125,162880.390625,163447.765625,163268.59375,163335.296875,163417.90625,163556.484375,163749.6875,0.0
1762651861.083526,162288.6875,162038.359375,162605.734375,162426.015625,162492.984375,162575.6875,162713.90625,162907.125,0.0
1762651861.0858967,162519.90625,162269.5625,162837.03125,162657.3125,162724.109375,162806.8125,162945.125,163138.328125,0.0
1762651861.08841,163326.0,163075.921875,163643.296875,163464.03125,163530.640625,163612.90625,163751.84375,163945.046875,0.0
1762651861.0908966,163272.171875,163022.28125,163589.46875,163410.296875,163477.1875,163559.171875,163698.1875,163891.140625,0.0
1762651861.0935893,162461.703125,162211.890625,162778.734375,162599.46875,162666.53125,162748.78125,162887.265625,163080.390625,0.0
1762651861.0960703,162417.703125,162167.8125,162734.65625,162555.65625,162622.265625,162704.4375,162842.921875,163036.21875,0.0
1762651861.0984354,163296.578125,163047.125,163614.328125,163434.984375,163501.859375,163584.296875,163722.78125,163916.171875,0.0
1762651861.098451,163388.21875,163138.78125,163705.609375,163526.53125,163593.671875,163675.484375,163814.515625,164007.625,0.0
1762651861.1035366,162660.53125,162410.734375,162977.75,162798.140625,162865.453125,162947.625,163086.203125,163279.328125,0.0
1762651861.1035552,162351.09375,162101.109375,162668.21875,162488.609375,162556.015625,162638.1875,162776.765625,162969.890625,0.0
1762651861.1058924,163239.171875,162989.734375,163556.03125,163377.40625,163444.09375,163526.359375,163665.203125,163858.671875,0.0
1762651861.1086533,163478.078125,163228.265625,163795.203125,163616.46875,163682.8125,163765.25,163904.1875,164097.21875,0.0
1762651861.112306,162866.53125,162616.453125,163183.921875,163004.484375,163071.359375,163153.96875,163292.375,163485.5,0.0
1762651861.149664,162328.484375,162078.234375,162645.6875,162466.25,162533.046875,162615.46875,162753.703125,162946.90625,0.0
1762651861.1496923,163149.0625,162899.609375,163466.453125,163287.640625,163354.0625,163436.40625,163575.265625,163768.375,0.0
1762651861.1521413,163544.0625,163294.875,163861.359375,163682.8125,163749.421875,163831.671875,163970.703125,164163.828125,0.0
1762651861.1546764,163070.640625,162821.203125,163388.046875,163208.78125,163275.5625,163358.0,163496.765625,163689.96875,0.0
1762651861.1547017,162360.9375,162111.21875,162678.234375,162498.625,162565.5,162648.109375,162786.6875,162979.890625,0.0
1762651861.1571808,163037.921875,162788.75,163355.671875,163176.0625,163243.109375,163325.640625,163464.3125,163657.609375,0.0
1762651861.157195,163589.5625,163340.296875,163907.5,163727.96875,163795.015625,163877.09375,164016.21875,164209.328125,0.0
1762651861.16091,163259.203125,163009.84375,163577.21875,163397.515625,163464.390625,163546.734375,163685.3125,163879.0625,0.0
1762651861.1609251,162447.125,162197.3125,162764.78125,162585.171875,162652.125,162734.390625,162872.875,163066.0,0.0
1762651861.1609323,162915.4375,162665.984375,163232.921875,163053.484375,163120.625,163202.875,163341.734375,163534.765625,0.0
1762651861.1637113,163611.921875,163362.46875,163929.578125,163750.046875,163817.1875,163899.71875,164038.390625,164231.78125,0.0
1762651861.1637251,163424.609375,163174.984375,163742.09375,163562.75,163629.625,163712.046875,163850.625,164043.75,0.0
1762651861.1658933,162581.046875,162331.421875,162898.359375,162718.828125,162785.96875,162868.234375,163006.71875,163199.84375,0.0
1762651861.1684659,162792.40625,162543.140625,163109.890625,162930.359375,162997.328125,163079.765625,163218.34375,163411.46875,0.0
1762651861.2022347,163605.65625,163356.21875,163923.046875,163743.875,163810.75,163893.1875,164031.765625,164225.34375,0.0
1762651861.2059052,163561.9375,163312.671875,163879.6875,163700.703125,163767.3125,163849.734375,163988.40625,164181.53125,0.0
1762651861.2059202,162756.46875,162507.03125,163074.40625,162894.515625,162961.296875,163043.640625,163182.40625,163375.4375,0.0
1762651861.205928,162691.921875,162442.296875,163009.21875,162829.421875,162896.484375,162978.921875,163117.765625,163310.890625,0.0
1762651861.2095592,163574.09375,163324.65625,163891.3125,163711.96875,163778.921875,163861.359375,164000.03125,164193.515625,0.0
1762651861.209574,163674.59375,163425.59375,163992.078125,163812.71875,163879.515625,163962.03125,164100.53125,164294.265625,0.0
1762651861.2095819,162953.515625,162704.25,163270.5625,163091.296875,163158.4375,163240.4375,163379.09375,163572.75,0.0
1762651861.209587,162624.59375,162374.703125,162941.0,162761.921875,162829.15625,162911.765625,163050.0,163243.375,0.0
1762651861.2321553,163512.765625,163263.234375,163829.796875,163650.625,163717.6875,163799.84375,163938.96875,164131.90625,0.0
1762651861.2346392,163766.140625,163516.78125,164083.359375,163904.28125,163971.0625,164052.953125,164192.609375,164385.734375,0.0
1762651861.262304,163164.53125,162915.171875,163481.828125,163302.296875,163369.265625,163451.25,163590.375,163783.578125,0.0
1762651861.2684617,162609.125,162359.328125,162926.25,162746.71875,162813.78125,162896.125,163034.4375,163227.5625,0.0
1762651861.2709723,163421.390625,163171.859375,163738.6875,163559.4375,163626.40625,163708.828125,163847.421875,164040.890625,0.0
1762651861.2735584,163830.875,163581.34375,164148.171875,163968.828125,164035.96875,164118.046875,164257.078125,164450.375,0.0
1762651861.307165,163367.484375,163117.5,163684.515625,163505.34375,163572.390625,163654.5625,163793.59375,163986.359375,0.0
1762651861.3098273,162645.96875,162395.53125,162962.828125,162783.109375,162850.078125,162932.421875,163071.0,163264.21875,0.0
1762651861.3121371,163308.828125,163058.84375,163625.859375,163446.15625,163513.390625,163595.734375,163734.40625,163927.515625,0.0
1762651861.314782,163873.25,163624.4375,164191.09375,164011.46875,164078.625,164160.875,164299.71875,164493.109375,0.0
1762651861.3171527,163554.703125,163305.609375,163872.359375,163692.65625,163760.328125,163842.234375,163980.984375,164174.375,0.0
1762651861.3196616,162738.59375,162489.046875,163055.984375,162876.09375,162943.515625,163025.859375,163164.171875,163357.375,0.0
1762651861.3222616,163187.5,162938.0625,163504.984375,163325.546875,163392.59375,163474.859375,163613.609375,163806.734375,0.0
1762651861.3246346,163892.46875,163643.296875,164209.875,164031.0625,164097.9375,164180.359375,164319.390625,164512.328125,0.0
1762651861.3271625,163716.96875,163467.53125,164034.359375,163855.546875,163921.984375,164004.5,164143.078125,164336.46875,0.0
1762651861.3297565,162875.375,162625.578125,163192.515625,163012.984375,163080.03125,163162.5625,163300.78125,163494.171875,0.0
1762651861.3322425,163065.640625,162816.109375,163383.03125,163203.234375,163270.65625,163352.8125,163491.578125,163684.6875,0.0
1762651861.3384252,163887.015625,163637.9375,164204.859375,164025.421875,164092.65625,164174.734375,164313.578125,164506.96875,0.0
1762651861.3384404,163854.65625,163605.75,164172.40625,163993.421875,164060.5625,164142.375,164281.125,164474.6875,0.0
1762651861.3408856,163053.21875,162803.671875,163370.875,163191.4375,163258.40625,163340.828125,163479.140625,163672.4375,0.0
1762651861.340912,162967.03125,162717.40625,163284.6875,163105.0625,163172.296875,163254.640625,163392.875,163585.8125,0.0
1762651861.3433995,163852.953125,163603.953125,164170.984375,163991.890625,164058.5,164140.40625,164279.703125,164472.453125,0.0
1762651861.3458593,163965.515625,163716.4375,164283.359375,164104.28125,164171.15625,164253.046875,164392.34375,164585.375,0.0
1762651861.3483977,163253.84375,163004.390625,163571.765625,163392.25,163459.484375,163541.640625,163680.046875,163873.078125,0.0
1762651861.350881,162903.8125,162654.015625,163221.203125,163041.859375,163108.828125,163191.25,163329.390625,163522.59375,0.0
1762651861.3534074,163787.6875,163538.25,164104.8125,163925.828125,163992.796875,164075.140625,164213.71875,164407.453125,0.0
1762651861.3558834,164051.703125,163802.265625,164368.921875,164189.9375,164256.625,164338.609375,164477.90625,164671.484375,0.0
1762651861.358371,163461.71875,163211.90625,163779.015625,163599.75,163666.453125,163748.703125,163887.921875,164080.765625,0.0
1762651861.3609989,162889.421875,162638.984375,163206.71875,163027.109375,163093.984375,163176.140625,163315.265625,163508.109375,0.0
1762651861.368507,163690.765625,163440.96875,164008.25,163829.4375,163895.875,163977.765625,164116.890625,164310.1875,0.0
1762651861.3685212,164115.28125,163865.921875,164433.125,164253.953125,164320.90625,164402.8125,164541.65625,164735.21875,0.0
1762651861.3685281,163664.578125,163415.21875,163982.328125,163802.796875,163869.9375,163951.9375,164090.78125,164284.25,0.0
1762651861.3685336,162931.703125,162681.546875,163249.015625,163069.3125,163136.546875,163218.96875,163357.109375,163550.5,0.0
1762651861.3722312,163580.4375,163331.09375,163898.375,163718.75,163785.90625,163868.0625,164006.828125,164199.953125,0.0
1762651861.3722453,164156.046875,163907.3125,164474.328125,164294.984375,164361.6875,164444.03125,164583.328125,164776.4375,0.0
1762651861.3722525,163849.109375,163599.484375,164166.59375,163987.515625,164053.9375,164136.375,164275.21875,164468.796875,0.0
1762651861.3746521,163027.46875,162777.5625,163344.765625,163165.15625,163231.84375,163314.546875,163452.765625,163646.34375,0.0
1762651861.3771348,163457.421875,163207.625,163775.0,163595.46875,163662.25,163744.78125,163883.0,164076.5625,0.0
1762651861.377149,164175.453125,163926.0,164493.296875,164314.03125,164380.640625,164462.984375,164602.09375,164795.21875,0.0
1762651861.3838003,164009.6875,163760.15625,164327.171875,164148.0,164214.703125,164297.046875,164435.890625,164629.453125,0.0
1762651861.3861308,163167.65625,162917.484375,163484.6875,163305.25,163372.3125,163454.734375,163593.046875,163786.53125,0.0
1762651861.3861468,163338.328125,163088.265625,163655.71875,163476.46875,163543.15625,163625.6875,163764.359375,163957.5625,0.0
1762651861.3883832,164167.21875,163917.78125,164485.25,164305.71875,164372.59375,164454.9375,164593.875,164787.171875,0.0
1762651861.3908844,164144.421875,163894.796875,164462.265625,164283.0,164349.796875,164432.140625,164570.8125,164764.46875,0.0
1762651861.3935184,163349.78125,163100.328125,163667.53125,163488.171875,163555.140625,163637.21875,163776.0625,163969.453125,0.0
1762651861.395894,163244.453125,162994.65625,163561.84375,163382.234375,163449.734375,163531.453125,163670.125,163863.59375,0.0
1762651861.3986585,164130.75,163881.296875,164448.40625,164269.140625,164336.65625,164418.28125,164557.21875,164750.96875,0.0
1762651861.3986733,164253.234375,164003.875,164571.25,164391.984375,164459.5,164540.859375,164679.96875,164873.890625,0.0
1762651861.4009001,163550.671875,163301.40625,163868.421875,163688.8125,163756.21875,163838.109375,163976.78125,164170.796875,0.0
1762651861.400915,163183.921875,162934.296875,163501.3125,163321.703125,163388.9375,163471.09375,163609.953125,163803.25,0.0
1762651861.403643,164063.953125,163814.421875,164381.890625,164202.53125,164269.5,164351.578125,164491.234375,164683.90625,0.0
1762651861.4108815,164338.34375,164089.34375,164656.640625,164477.640625,164544.25,164626.5,164765.71875,164958.75,0.0
1762651861.4424531,163759.078125,163510.078125,164077.09375,163897.921875,163964.453125,164046.4375,164186.0,164378.9375,0.0
1762651861.4424777,163174.8125,162925.53125,163492.5625,163313.125,163379.90625,163462.0625,163601.1875,163794.125,0.0
1762651861.4447129,163968.5625,163719.03125,164286.046875,164106.78125,164173.84375,164255.828125,164394.765625,164588.15625,0.0
1762651861.4447308,164399.328125,164149.96875,164717.078125,164537.71875,164604.609375,164686.859375,164825.796875,165019.1875,0.0
1762651861.4471667,163958.71875,163708.921875,164276.296875,164096.859375,164164.0,164245.90625,164384.921875,164578.40625,0.0
1762651861.4496427,163217.90625,162968.359375,163535.65625,163355.59375,163423.359375,163505.171875,163644.109375,163837.3125,0.0
1762651861.4521492,163852.234375,163602.890625,164170.171875,163990.109375,164057.703125,164139.59375,164278.984375,164472.015625,0.0
1762651861.454636,164439.203125,164189.9375,164757.046875,164577.515625,164644.75,164726.734375,164866.296875,165059.421875,0.0
1762651861.457312,164141.296875,163891.84375,164459.046875,164279.515625,164346.84375,164428.734375,164568.125,164761.15625,0.0
1762651861.4596565,163315.796875,163065.90625,163633.28125,163453.75,163521.078125,163602.625,163741.640625,163934.671875,0.0
1762651861.462573,163727.609375,163478.078125,164045.625,163865.921875,163932.890625,164014.78125,164153.90625,164347.375,0.0
1762651861.46471,164455.03125,164205.84375,164773.40625,164594.234375,164660.65625,164742.734375,164882.125,165075.6875,0.0
1762651861.464725,164303.03125,164053.859375,164621.140625,164442.0625,164508.75,164590.921875,164729.953125,164923.515625,0.0
1762651861.4676416,163463.59375,163214.234375,163781.515625,163601.71875,163668.78125,163751.21875,163890.0625,164083.1875,0.0
1762651861.4696836,163609.234375,163359.78125,163926.8125,163747.1875,163814.328125,163896.59375,164035.53125,164228.90625,0.0
1762651861.499951,164442.78125,164193.59375,164760.53125,164581.359375,164648.234375,164730.21875,164869.421875,165063.34375,0.0
1762651861.4999754,164431.78125,164182.421875,164749.4375,164570.53125,164637.140625,164719.40625,164858.34375,165052.171875,0.0
1762651861.5058844,163641.953125,163392.328125,163959.703125,163780.265625,163847.328125,163929.21875,164068.34375,164261.8125,0.0
1762651861.5059013,163514.375,163264.65625,163832.296875,163652.5,163719.65625,163801.640625,163940.484375,164134.046875,0.0
1762651861.50848,164404.6875,164155.875,164722.4375,164543.453125,164610.234375,164692.40625,164831.515625,165025.078125,0.0
1762651861.5109203,164538.625,164289.984375,164856.640625,164677.640625,164744.171875,164826.15625,164965.890625,165159.109375,0.0
1762651861.510935,163843.75,163594.75,164161.765625,163982.15625,164049.109375,164131.015625,164270.484375,164463.34375,0.0
1762651861.5136669,163460.015625,163210.484375,163777.765625,163597.875,163665.109375,163747.1875,163886.125,164079.25,0.0
1762651861.5137012,164335.75,164086.671875,164653.78125,164474.25,164541.484375,164623.46875,164762.578125,164956.0625,0.0
1762651861.5158825,164620.6875,164371.96875,164938.984375,164759.984375,164826.59375,164908.765625,165048.0625,165241.09375,0.0
1762651861.5185697,164051.0,163801.90625,164368.921875,164189.671875,164256.625,164338.796875,164477.734375,164670.578125,0.0
1762651861.5209167,163454.5625,163204.671875,163772.140625,163592.78125,163659.84375,163741.5625,163880.40625,164073.078125,0.0
1762651861.5209384,164239.828125,163990.203125,164557.9375,164378.84375,164445.28125,164527.265625,164666.375,164859.59375,0.0
1762651861.524798,164681.9375,164432.40625,164999.78125,164820.96875,164887.578125,164969.5625,165109.03125,165302.15625,0.0
1762651861.558564,164252.875,164003.34375,164570.453125,164391.640625,164458.515625,164540.234375,164679.703125,164873.0,0.0
1762651861.558588,163505.078125,163255.453125,163822.734375,163643.5625,163710.359375,163792.15625,163931.09375,164124.046875,0.0
1762651861.560913,164120.1875,163871.015625,164438.390625,164259.140625,164325.921875,164407.90625,164546.9375,164740.234375,0.0
1762651861.560929,164716.984375,164468.171875,165035.09375,164856.015625,164922.796875,165004.78125,165144.0,165337.109375,0.0
1762651861.563383,164432.21875,164183.234375,164750.609375,164571.25,164637.953125,164719.765625,164859.328125,165052.265625,0.0
1762651861.5658803,163603.328125,163353.53125,163921.078125,163741.5625,163808.515625,163890.515625,164029.71875,164222.65625,0.0
1762651861.56866,163994.125,163744.234375,164311.96875,164132.4375,164199.40625,164281.390625,164420.875,164613.8125,0.0
1762651861.5709584,164727.984375,164478.8125,165046.265625,164867.1875,164933.703125,165015.609375,165155.171875,165348.46875,0.0
1762651861.5733817,164585.828125,164336.5625,164904.109375,164724.859375,164791.734375,164873.453125,165012.921875,165205.859375,0.0
1762651861.5758717,163750.3125,163500.78125,164068.25,163888.90625,163955.328125,164037.9375,164176.96875,164369.640625,0.0
1762651861.5784304,163878.171875,163628.28125,164196.1875,164016.75,164083.09375,164165.4375,164304.375,164498.03125,0.0
1762651861.5834148,164717.515625,164468.703125,165035.984375,164856.734375,164923.421875,165005.234375,165144.796875,165338.359375,0.0
1762651861.5834296,164716.984375,164468.34375,165035.09375,164855.828125,164922.984375,165004.4375,165144.171875,165337.734375,0.0
1762651861.586048,163934.234375,163684.875,164252.34375,164072.90625,164139.859375,164221.765625,164360.875,164554.359375,0.0
1762651861.5909772,163785.546875,163536.375,164104.015625,163924.296875,163991.453125,164073.34375,164212.640625,164405.5,0.0
1762651861.593361,164673.890625,164425.15625,164992.453125,164813.546875,164879.96875,164961.78125,165101.4375,165294.828125,0.0
1762651861.5933764,164819.796875,164570.984375,165137.734375,164958.921875,165026.0625,165107.609375,165246.984375,165440.734375,0.0
1762651861.6474028,164138.4375,163889.703125,164456.640625,164277.109375,164344.515625,164426.0625,164565.171875,164758.921875,0.0
1762651861.6496243,163735.390625,163486.484375,164053.5,163873.96875,163941.109375,164023.453125,164162.125,164355.421875,0.0
1762651861.6521263,164605.5,164356.765625,164923.78125,164744.703125,164811.484375,164893.921875,165032.6875,165226.0625,0.0
1762651861.6546485,164904.5625,164655.65625,165222.671875,165043.765625,165110.640625,165192.359375,165331.75,165525.046875,0.0
1762651861.657107,164346.125,164097.125,164664.234375,164485.0625,164552.125,164633.921875,164773.140625,164966.34375,0.0
1762651861.6596296,163732.890625,163483.796875,164051.171875,163871.828125,163938.703125,164020.953125,164159.796875,164353.1875,0.0
1762651861.6622465,164504.28125,164255.921875,164822.84375,164643.765625,164710.640625,164792.53125,164931.65625,165125.046875,0.0
1762651861.66487,164953.734375,164705.1875,165272.03125,165093.296875,165160.0,165241.625,165381.28125,165574.484375,0.0
1762651861.664886,164536.5625,164287.46875,164854.671875,164675.59375,164742.28125,164824.546875,164963.921875,165156.953125,0.0
1762651861.6672115,163778.484375,163529.03125,164096.40625,163916.96875,163984.03125,164066.46875,164205.3125,164398.34375,0.0
1762651861.669633,164382.6875,164133.34375,164700.453125,164521.1875,164588.234375,164670.3125,164809.515625,165002.640625,0.0
1762651861.6722147,164990.578125,164741.84375,165309.125,165129.78125,165196.75,165278.734375,165418.03125,165611.328125,0.0
1762651861.6746264,164717.4375,164468.4375,165035.8125,164856.640625,164923.25,165005.59375,165144.4375,165337.828125,0.0
1762651861.677137,163886.9375,163637.671875,164204.859375,164025.515625,164092.296875,164174.546875,164313.578125,164506.515625,0.0
1762651861.6796472,164258.78125,164009.328125,164577.0625,164397.71875,164464.5,164546.671875,164686.234375,164878.90625,0.0
1762651861.6819708,165002.640625,164753.828125,165321.46875,165141.9375,165208.8125,165290.796875,165430.640625,165623.84375,0.0
1762651861.7099042,164871.65625,164622.9375,165190.484375,165010.953125,165077.65625,165159.640625,165299.390625,165492.5,0.0
1762651861.7146456,164039.734375,163790.375,164357.921875,164178.671875,164245.28125,164327.625,164466.734375,164659.765625,0.0
1762651861.7183852,164141.921875,163892.125,164459.578125,164280.765625,164347.375,164429.546875,164568.84375,164761.6875,0.0
1762651861.7184007,164993.796875,164744.4375,165311.8125,165132.90625,165199.609375,165281.59375,165421.609375,165614.28125,0.0
1762651861.7184088,165006.046875,164756.765625,165324.15625,165145.25,165212.125,165293.84375,165433.859375,165626.703125,0.0
1762651861.7208707,164229.546875,163979.921875,164547.375,164368.484375,164435.265625,164517.15625,164656.71875,164849.3125,0.0
1762651861.7258754,164060.828125,163811.5625,164378.765625,164199.5,164266.28125,164348.625,164487.5625,164680.515625,0.0
1762651861.7284148,164952.65625,164704.109375,165271.125,165092.3125,165158.75,165241.0,165380.03125,165573.421875,0.0
1762651861.728433,165109.296875,164860.578125,165427.859375,165249.21875,165315.65625,165397.46875,165536.9375,165730.5,0.0
1762651861.7309604,164432.40625,164183.234375,164750.609375,164571.96875,164638.390625,164720.390625,164859.765625,165053.15625,0.0
1762651861.7335367,164010.40625,163760.875,164328.328125,164148.71875,164215.859375,164298.03125,164437.140625,164630.171875,0.0
1762651861.735875,164876.75,164627.578125,165195.140625,165015.875,165082.921875,165164.921875,165304.296875,165497.234375,0.0
1762651861.7384555,165187.796875,164938.71875,165505.734375,165327.09375,165393.796875,165475.421875,165615.34375,165808.640625,0.0
1762651861.74096,164640.359375,164390.65625,164958.03125,164779.125,164845.90625,164927.546875,165067.46875,165260.671875,0.0
1762651861.7434533,164016.125,163766.40625,164333.96875,164154.703125,164221.40625,164303.484375,164443.046875,164635.984375,0.0
1762651861.7546694,164778.3125,164529.234375,165096.34375,164917.4375,164984.140625,165065.9375,165205.859375,165398.796875,0.0
1762651861.7571588,165242.96875,164994.0625,165561.34375,165382.53125,165449.234375,165530.859375,165670.59375,165863.8125,0.0
1762651861.7596116,164836.609375,164587.796875,165154.984375,164976.0,165042.96875,165124.421875,165264.25,165457.09375,0.0
1762651861.7621114,164071.828125,163822.734375,164389.671875,164210.5,164277.640625,164359.1875,164498.828125,164691.953125,0.0
1762651861.7646196,164657.625,164408.4375,164975.640625,164796.375,164863.875,164945.515625,165085.34375,165278.015625,0.0
1762651861.7673008,165275.515625,165026.421875,165593.796875,165415.078125,165482.046875,165563.765625,165703.6875,165896.71875,0.0
1762651861.7673163,165012.03125,164763.03125,165330.234375,165151.765625,165218.5625,165300.359375,165440.015625,165633.671875,0.0
1762651861.7696245,164179.03125,163930.109375,164497.5,164318.328125,164385.203125,164467.09375,164606.5625,164799.953125,0.0
1762651861.772092,164531.5625,164282.46875,164850.296875,164670.859375,164737.546875,164819.53125,164958.921875,165152.046875,0.0
1762651861.772102,165286.421875,165037.15625,165604.890625,165425.8125,165492.6875,165574.3125,165713.875,165907.171875,0.0
1762651861.7746167,165166.609375,164917.53125,165484.71875,165305.828125,165372.609375,165454.234375,165593.796875,165787.1875,0.0
1762651861.7746313,164334.59375,164085.328125,164652.875,164473.625,164540.5,164622.125,164761.6875,164954.8125,0.0
1762651861.7771556,164417.296875,164167.765625,164735.3125,164556.328125,164623.203125,164704.828125,164844.84375,165037.515625,0.0
1762651861.77717,165268.265625,165019.265625,165586.828125,165407.75,165474.796875,165556.078125,165696.4375,165889.296875,121.0
1762651861.7796075,165290.71875,165041.796875,165609.359375,165430.359375,165496.796875,165578.59375,165718.609375,165912.0,0.0
1762651861.7833776,164522.4375,164273.078125,164840.71875,164661.546875,164728.15625,164810.421875,164949.625,165143.015625,0.0
1762651861.7833953,164330.65625,164081.125,164648.671875,164469.421875,164536.5625,164618.453125,164757.671875,164950.609375,0.0
1762651861.8172824,165222.671875,164973.40625,165540.78125,165361.609375,165429.109375,165510.46875,165650.03125,165843.328125,0.0
1762651861.8173232,165391.203125,165142.5625,165710.03125,165530.765625,165598.09375,165679.28125,165818.921875,166012.765625,0.0
1762651861.8234224,164725.921875,164477.015625,165044.3125,164865.21875,164932.09375,165013.453125,165153.296875,165346.6875,0.0
1762651861.823447,164285.421875,164036.15625,164603.34375,164424.265625,164491.140625,164572.859375,164712.15625,164905.640625,0.0
1762651861.8234553,165145.0625,164895.796875,165463.53125,165284.09375,165351.421875,165432.953125,165572.34375,165765.90625,0.0
1762651861.8234613,165467.5625,165218.65625,165786.203125,165606.671875,165674.09375,165755.453125,165894.921875,166088.578125,0.0
1762651861.8234673,164931.203125,164682.296875,165249.671875,165070.6875,165137.828125,165219.09375,165358.75,165551.875,0.0
1762651861.8234735,164292.03125,164042.5,164610.40625,164430.890625,164497.9375,164579.75,164719.21875,164912.25,0.0
1762651861.8234797,165042.25,164793.421875,165360.71875,165181.71875,165248.515625,165330.40625,165470.15625,165663.1875,0.0
1762651861.825877,165521.109375,165272.65625,165840.03125,165660.671875,165727.828125,165809.359375,165949.109375,166142.84375,0.0
1762651861.825898,165127.71875,164878.8125,165446.640625,165266.75,165334.15625,165415.515625,165555.0,165748.828125,0.0
1762651861.828458,164355.609375,164106.0625,164673.71875,164494.1875,164561.421875,164642.875,164782.703125,164976.09375,0.0
1762651861.859867,164922.359375,164673.4375,165240.90625,165061.734375,165128.703125,165210.25,165349.90625,165543.546875,0.0
1762651861.869748,165551.421875,165303.046875,165870.15625,165691.171875,165757.59375,165839.765625,165979.234375,166172.796875,0.0
1762651861.8697653,165302.609375,165053.78125,165620.984375,165441.890625,165508.328125,165590.5,165730.0625,165923.171875,0.0
1762651861.873466,164467.1875,164217.734375,164785.46875,164606.125,164673.0,164754.625,164894.109375,165087.3125,0.0
1762651861.8734808,164799.234375,164550.421875,165118.25,164938.53125,165005.765625,165087.046875,165226.875,165420.0,0.0
1762651861.8734882,165559.109375,165310.46875,165877.9375,165698.578125,165765.8125,165847.265625,165986.921875,166180.21875,0.0
1762651861.8758695,165449.9375,165200.765625,165768.5,165589.6875,165656.203125,165737.75,165877.578125,166071.140625,0.0
1762651861.8784115,164622.65625,164372.953125,164941.046875,164761.6875,164828.75,164909.921875,165049.9375,165242.96875,0.0
1762651861.8808832,164684.0,164434.28125,165002.640625,164822.75,164890.53125,164971.625,165111.453125,165304.21875,0.0
1762651861.8834095,165541.40625,165292.40625,165860.140625,165680.609375,165748.109375,165829.390625,165969.3125,166162.421875,0.0
1762651861.8834248,165575.46875,165326.828125,165893.671875,165714.859375,165781.828125,165863.625,166003.015625,166196.5,0.0
1762651861.8858802,164814.53125,164565.53125,165132.546875,164953.734375,165020.515625,165102.421875,165241.71875,165434.921875,0.0
1762651861.888527,164601.828125,164352.296875,164919.765625,164740.5,164807.734375,164889.359375,165028.5625,165222.140625,0.0
1762651861.890948,165493.9375,165244.9375,165811.953125,165632.96875,165700.015625,165781.28125,165921.03125,166114.859375,0.0
1762651861.8946228,165674.265625,165425.625,165992.640625,165813.828125,165880.4375,165962.0625,166102.078125,166295.46875,0.0
1762651861.894637,165018.734375,164769.828125,165336.84375,165157.9375,165224.453125,165306.71875,165446.546875,165639.484375,0.0
1762651861.9284577,164561.5,164312.0625,164879.53125,164700.09375,164767.140625,164849.125,164988.6875,165181.8125,0.0
1762651861.9284804,165413.90625,165165.0,165732.46875,165553.203125,165620.0,165701.71875,165841.71875,166034.84375,0.0
1762651861.9308763,165747.40625,165498.765625,166066.140625,165887.140625,165953.84375,166035.46875,166175.578125,166368.953125,0.0
1762651861.9308915,165221.953125,164973.40625,165540.78125,165361.796875,165428.390625,165510.03125,165649.765625,165843.515625,0.0
1762651861.9336224,164571.609375,164322.703125,164890.078125,164710.90625,164778.140625,164859.328125,164998.796875,165192.28125,0.0
1762651861.9358673,165308.40625,165059.6875,165627.234375,165447.984375,165514.9375,165596.296875,165736.21875,165929.4375,0.0
1762651861.9384508,165796.390625,165547.578125,166115.140625,165936.140625,166002.84375,166084.375,166224.390625,166417.5,0.0
1762651861.9411595,165412.9375,165164.109375,165731.390625,165552.5,165619.375,165700.46875,165840.828125,166033.953125,0.0
1762651861.943535,164634.203125,164385.109375,164952.125,164772.953125,164839.921875,164921.375,165061.296875,165254.5,0.0
1762651861.9622767,165184.5,164935.5,165502.515625,165323.609375,165390.671875,165472.203125,165611.859375,165805.15625,0.0
1762651861.964618,165825.28125,165576.90625,166143.921875,165965.015625,166032.078125,166113.4375,166253.71875,166446.65625,0.0
1762651861.9671729,165589.15625,165340.328125,165907.890625,165728.625,165795.5,165877.046875,166017.234375,166210.171875,0.0
1762651861.967188,164754.359375,164504.90625,165072.296875,164892.765625,164960.078125,165041.625,165181.640625,165374.390625,0.0
1762651861.969617,165062.71875,164813.8125,165380.921875,165201.65625,165268.71875,165350.25,165490.53125,165683.203125,0.0
1762651861.9722009,165832.421875,165583.96875,166151.25,165972.078125,166039.21875,166120.765625,166260.78125,166453.984375,0.0
1762651861.9746168,165734.703125,165486.15625,166053.171875,165874.0,165941.234375,166022.6875,166162.609375,166356.0,0.0
1762651861.9810143,164910.640625,164662.1875,165229.109375,165049.765625,165117.0,165198.53125,165338.359375,165531.3125,0.0
1762651861.98335,164948.109375,164699.375,165266.65625,165086.78125,165154.546875,165236.0,165375.828125,165568.859375,0.0
1762651861.9860466,165807.390625,165559.203125,166126.484375,165946.953125,166014.375,166095.734375,166236.015625,166428.953125,0.0
1762651861.9883652,165854.0625,165605.421875,166172.703125,165993.546875,166060.859375,166142.40625,166282.59375,166475.4375,0.0
1762651861.9921236,165100.625,164851.8125,165419.1875,165239.75,165307.078125,165388.515625,165528.71875,165721.296875,0.0
1762651861.9921389,164868.984375,164620.0625,165187.265625,165007.734375,165075.0625,165156.6875,165296.796875,165489.109375,0.0
1762651861.9921465,165758.3125,165509.671875,166077.046875,165897.6875,165964.75,166046.375,166186.484375,166379.0625,0.0
1762651861.9959157,165949.46875,165700.546875,166268.28125,166088.9375,166156.078125,166237.625,166377.71875,166570.65625,0.0
1762651861.9959307,165304.84375,165055.65625,165623.390625,165443.953125,165510.734375,165592.453125,165732.734375,165925.234375,0.0
1762651862.034649,164829.28125,164579.84375,165147.390625,164968.125,165035.09375,165116.71875,165256.640625,165449.234375,0.0
1762651862.0346737,165674.453125,165425.71875,165992.90625,165814.015625,165881.25,165962.6875,166102.609375,166295.375,0.0
1762651862.0376778,166019.921875,165771.28125,166338.5625,166159.484375,166226.71875,166307.984375,166448.171875,166641.203125,0.0
1762651862.0396223,165507.4375,165258.796875,165825.71875,165646.375,165713.875,165795.140625,165935.421875,166128.1875,0.0
1762651862.0396373,164842.875,164594.046875,165161.421875,164981.8125,165048.6875,165130.5,165270.234375,165463.53125,0.0
1762651862.042204,165565.375,165316.640625,165884.1875,165704.75,165771.625,165852.984375,165993.09375,166186.65625,0.0
1762651862.0446348,166068.46875,165819.640625,166386.75,166207.671875,166274.90625,166356.265625,166496.546875,166689.84375,0.0
1762651862.0471232,165698.859375,165450.125,166017.40625,165838.234375,165905.296875,165986.5625,166127.03125,166320.40625,0.0
1762651862.049729,164914.046875,164665.578125,165232.859375,165053.6875,165120.484375,165201.9375,165341.9375,165534.875,0.0
1762651862.0521147,165446.90625,165198.71875,165766.0,165586.921875,165653.53125,165734.890625,165875.078125,166068.375,0.0
1762651862.0547845,166097.875,165849.765625,166417.234375,166237.984375,166304.5,166385.765625,166526.3125,166719.703125,0.0
1762651862.0573568,165870.6875,165622.671875,166189.875,166010.609375,166077.40625,166158.859375,166299.046875,166492.25,0.0
1762651862.0597343,165032.765625,164784.125,165351.328125,165171.703125,165239.390625,165320.65625,165460.140625,165653.703125,0.0
1762651862.0623257,165321.5625,165073.09375,165640.203125,165461.03125,165528.171875,165609.359375,165749.375,165942.75,0.0
1762651862.0648024,166100.65625,165852.28125,166419.75,166240.578125,166307.359375,166388.890625,166529.171875,166722.46875,0.0
1762651862.0648172,166015.4375,165766.890625,166334.1875,166155.015625,166221.96875,166303.609375,166443.703125,166637.265625,0.0
1762651862.0696137,165195.21875,164946.40625,165513.78125,165334.515625,165401.21875,165483.296875,165622.953125,165816.328125,0.0
1762651862.072252,165212.125,164963.125,165530.59375,165351.15625,165417.9375,165499.828125,165639.75,165832.875,0.0
1762651862.0722668,166075.796875,165827.25,166394.703125,166215.71875,166282.328125,166363.953125,166504.046875,166697.34375,0.0
1762651862.0748725,166132.75,165884.375,166451.75,166272.75,166339.640625,166421.171875,166561.09375,166754.390625,0.0
1762651862.110947,165388.4375,165139.703125,165706.90625,165527.8125,165594.875,165676.328125,165816.328125,166009.1875,0.0
1762651862.1148608,165133.171875,164884.171875,165451.28125,165272.46875,165339.265625,165420.984375,165560.546875,165753.75,0.0
1762651862.1148763,166020.359375,165771.984375,166339.359375,166160.46875,166226.984375,166308.703125,166448.625,166641.921875,0.0
1762651862.114884,166226.0,165977.625,166545.09375,166366.015625,166432.890625,166514.421875,166654.25,166847.640625,0.0
1762651862.1148896,165592.1875,165343.28125,165910.5625,165731.390625,165798.359375,165879.90625,166019.921875,166212.859375,0.0
1762651862.118389,165099.203125,164850.03125,165417.578125,165238.234375,165305.28125,165386.5625,165526.5625,165719.953125,0.0
1762651862.1184025,165936.40625,165687.765625,166255.5,166075.96875,166143.125,166224.390625,166364.75,166557.609375,0.0
1762651862.118409,166295.46875,166047.1875,166614.46875,166435.390625,166502.71875,166583.796875,166724.078125,166917.296875,0.0
1762651862.118414,165794.703125,165546.0625,166113.34375,165934.078125,166001.3125,166082.671875,166222.78125,166416.171875,0.0
1762651862.1209877,165117.890625,164868.890625,165436.53125,165257.0,165324.328125,165405.875,165545.609375,165738.546875,0.0
1762651862.1210022,165825.546875,165576.8125,166144.375,165965.203125,166032.515625,166113.96875,166253.890625,166446.828125,0.0
1762651862.1233635,166339.90625,166091.703125,166658.90625,166479.90625,166547.140625,166628.328125,166768.078125,166961.546875,0.0
1762651862.1258655,165981.296875,165732.921875,166300.03125,166120.765625,166188.171875,166269.1875,166409.28125,166602.578125,0.0
1762651862.1599135,165188.609375,164940.0625,165507.34375,165327.90625,165395.140625,165476.140625,165616.234375,165809.453125,0.0
1762651862.163416,165702.515625,165453.96875,166021.171875,165842.078125,165909.234375,165990.140625,166130.515625,166323.890625,0.0
1762651862.1634312,166366.09375,166117.8125,166684.921875,166506.203125,166573.078125,166654.25,166794.625,166988.015625,0.0
1762651862.1634388,166150.71875,165902.25,166469.453125,166290.640625,166357.6875,166438.78125,166579.25,166772.546875,0.0
1762651862.1660602,165314.578125,165065.859375,165633.046875,165453.4375,165521.03125,165602.65625,165742.125,165935.515625,0.0
1762651862.1660788,165580.296875,165331.484375,165898.59375,165719.328125,165786.46875,165868.1875,166008.109375,166200.96875,0.0
1762651862.1683621,166365.65625,166117.375,166684.5625,166505.65625,166572.625,166653.625,166794.0,166987.484375,0.0
1762651862.174611,166290.109375,166042.4375,166609.28125,166430.46875,166497.53125,166578.53125,166718.453125,166912.375,0.0
1762651862.1771116,165475.25,165227.328125,165794.25,165614.8125,165682.578125,165763.578125,165903.5,166096.796875,0.0
1762651862.1821826,165469.796875,165221.6875,165789.0625,165609.53125,165676.59375,165757.953125,165898.140625,166091.4375,0.0
1762651862.1846066,166339.09375,166090.8125,166657.921875,166479.015625,166546.078125,166627.171875,166767.625,166961.109375,0.0
1762651862.1872532,166406.875,166158.5,166726.046875,166546.609375,166614.03125,166695.109375,166835.484375,167028.78125,0.0
1762651862.1897624,165669.703125,165421.15625,165988.71875,165809.359375,165876.421875,165958.140625,166097.875,166291.171875,0.0
1762651862.1922386,165395.5,165146.9375,165714.328125,165534.703125,165601.9375,165683.296875,165823.484375,166016.609375,0.0
1762651862.1946106,166281.34375,166033.140625,166600.609375,166421.0,166488.3125,166569.765625,166710.40625,166903.171875,0.0
1762651862.1946356,166498.0625,166249.953125,166817.328125,166637.53125,166705.046875,166786.578125,166927.125,167120.0625,0.0
1762651862.1971097,165874.625,165625.890625,166193.453125,166014.015625,166080.890625,166162.515625,166302.625,166495.828125,0.0
1762651862.2046137,165367.25,165118.25,165685.796875,165506.265625,165573.234375,165654.953125,165795.0625,165988.078125,0.0
1762651862.2046285,166196.40625,165948.03125,166515.5,166336.140625,166403.015625,166484.5625,166624.9375,166817.96875,0.0
1762651862.2410083,166564.765625,166316.75,166884.03125,166704.6875,166771.828125,166853.1875,166993.5625,167186.5,0.0
1762651862.241032,166075.796875,165827.59375,166394.890625,166215.71875,166282.953125,166364.21875,166504.671875,166697.4375,0.0
1762651862.2434452,165388.078125,165139.53125,165706.71875,165527.375,165594.96875,165676.234375,165816.15625,166009.28125,0.0
1762651862.24346,166084.28125,165835.921875,166402.671875,166224.03125,166291.359375,166372.453125,166512.8125,166706.03125,0.0
1762651862.2458565,166610.359375,166362.34375,166929.1875,166750.453125,166817.78125,166898.78125,167039.15625,167232.8125,0.0
1762651862.2483542,166263.90625,166015.796875,166582.90625,166403.921875,166471.15625,166551.890625,166692.515625,166885.90625,0.0
1762651862.2511272,165464.96875,165216.59375,165783.703125,165604.4375,165671.671875,165752.859375,165893.140625,166086.34375,0.0
1762651862.253439,165960.09375,165711.546875,166278.65625,166099.75,166166.546875,166247.90625,166388.453125,166581.5625,0.0
1762651862.255854,166634.234375,166385.953125,166953.5,166774.328125,166841.390625,166922.75,167063.390625,167256.5,0.0
1762651862.2584543,166430.03125,166181.65625,166749.46875,166570.21875,166637.0,166718.546875,166858.8125,167052.203125,0.0
1762651862.2608957,165593.984375,165344.984375,165912.8125,165733.640625,165800.421875,165881.609375,166021.875,166215.265625,0.0
1762651862.2609112,165838.859375,165590.3125,166158.046875,165978.421875,166045.484375,166126.9375,166267.03125,166460.515625,0.0
1762651862.2635179,166634.859375,166386.9375,166954.578125,166775.046875,166842.09375,166923.546875,167064.09375,167257.390625,0.0
1762651862.265869,166571.46875,166323.0,166890.921875,166711.5625,166778.71875,166859.984375,167000.4375,167193.65625,0.0
1762651862.2658832,165761.890625,165512.703125,166080.359375,165901.0,165968.328125,166049.421875,166189.96875,166383.171875,0.0
1762651862.268354,165730.859375,165482.125,166049.421875,165869.984375,165937.390625,166018.390625,166158.765625,166352.15625,0.0
1762651862.2708666,166603.734375,166355.734375,166922.75,166743.9375,166811.078125,166892.34375,167032.453125,167225.828125,0.0
1762651862.283357,166684.390625,166436.375,167003.5625,166825.03125,166891.90625,166973.171875,167113.359375,167306.84375,0.0
1762651862.2860477,165955.71875,165707.171875,166274.546875,166095.734375,166162.25,166244.0625,166384.25,166577.640625,0.0
1762651862.286062,165657.90625,165409.078125,165976.734375,165797.5625,165864.171875,165945.890625,166086.25,166279.46875,0.0
1762651862.288712,166541.609375,166293.5,166860.78125,166681.53125,166748.765625,166829.765625,166970.484375,167164.0625,0.0
1762651862.291165,166771.015625,166523.453125,167090.734375,166911.5625,166978.625,167059.625,167200.53125,167393.828125,0.0
1762651862.3246284,166157.78125,165909.765625,166477.234375,166298.328125,166365.03125,166446.390625,166586.9375,166779.96875,0.0
1762651862.3246484,165631.359375,165382.890625,165950.4375,165771.453125,165838.234375,165919.6875,166059.875,166253.0,0.0
1762651862.3271236,166453.0,166204.984375,166772.546875,166593.453125,166660.515625,166741.703125,166882.0625,167075.1875,0.0
1762651862.329648,166836.640625,166588.71875,167156.015625,166977.015625,167043.890625,167125.4375,167265.984375,167458.921875,0.0
1762651862.3697014,166359.03125,166111.203125,166678.578125,166499.3125,166566.453125,166647.8125,166788.09375,166981.21875,0.0
1762651862.3697271,165657.8125,165409.71875,165977.359375,165797.5625,165864.875,165946.328125,166086.25,166279.640625,0.0
1762651862.3721075,166339.546875,166091.4375,166658.546875,166479.46875,166546.609375,166627.703125,166768.078125,166961.734375,0.0
1762651862.3746047,166881.171875,166633.25,167200.53125,167021.71875,167088.59375,167170.046875,167310.328125,167503.71875,0.0
1762651862.3796597,166547.6875,166299.40625,166867.046875,166687.515625,166754.65625,166836.375,166976.75,167169.6875,0.0
1762651862.3935316,165741.953125,165493.125,166060.6875,165881.515625,165948.65625,166030.28125,166170.203125,166363.5,0.0
1762651862.3958547,166214.46875,165965.640625,166533.203125,166354.296875,166421.171875,166502.71875,166642.640625,166836.203125,0.0
1762651862.3987782,166899.953125,166652.015625,167219.046875,167040.140625,167106.921875,167188.46875,167328.828125,167522.40625,0.0
1762651862.4008584,166709.25,166461.40625,167028.421875,166849.703125,166916.671875,166998.203125,167138.21875,167331.6875,0.0
1762651862.4035156,165872.390625,165623.84375,166191.390625,166012.3125,166079.375,166161.171875,166301.015625,166494.390625,0.0
1762651862.4058423,166094.125,165845.484375,166412.953125,166233.78125,166301.015625,166382.546875,166522.65625,166716.03125,0.0
1762651862.4108539,166897.53125,166649.78125,167217.25,167038.4375,167105.3125,167186.859375,167326.953125,167520.34375,0.0
1762651862.4133534,166848.1875,166600.609375,167167.90625,166988.8125,167055.515625,167137.328125,167277.421875,167471.171875,0.0
1762651862.4158473,166043.515625,165795.234375,166362.609375,166183.34375,166250.3125,166331.9375,166472.046875,166665.4375,0.0
1762651862.4183533,165988.796875,165740.078125,166307.625,166128.71875,166195.515625,166277.234375,166417.15625,166610.625,0.0
1762651862.4209087,166865.078125,166616.96875,167184.703125,167005.453125,167072.40625,167154.046875,167294.234375,167487.625,0.0
1762651862.4233649,166960.125,166712.1875,167279.84375,167100.75,167167.625,167249.265625,167389.546875,167582.921875,0.0
1762651862.4259183,166240.125,165992.015625,166559.484375,166380.40625,166447.28125,166529.359375,166669.1875,166862.484375,0.0
1762651862.4259324,165920.84375,165672.84375,166240.03125,166061.125,166127.921875,166210.078125,166349.640625,166542.765625,0.0
1762651862.4283724,166803.65625,166555.640625,167123.015625,166944.375,167011.171875,167092.890625,167232.90625,167426.109375,0.0
1762651862.4284043,167045.6875,166797.75,167365.40625,167186.671875,167253.28125,167334.828125,167475.109375,167668.84375,0.0
1762651862.430979,166445.671875,166197.5625,166765.125,166586.125,166652.640625,166734.1875,166874.375,167068.484375,0.0
1762651862.4309936,165901.09375,165652.8125,166220.1875,166041.1875,166107.984375,166189.609375,166329.359375,166523.28125,0.0
1762651862.433422,166714.0625,166466.328125,167033.609375,166854.796875,166921.578125,167002.859375,167143.140625,167337.140625,0.0
1762651862.4334702,167112.109375,166864.1875,167431.46875,167252.65625,167319.359375,167400.71875,167541.171875,167734.921875,0.0
1762651862.4371195,166646.484375,166398.546875,166965.578125,166786.84375,166853.453125,166935.265625,167075.625,167268.578125,0.0
1762651862.4371345,165936.3125,165687.765625,166254.875,166075.96875,166143.46875,166224.828125,166364.9375,166558.0625,0.0
1762651862.4371412,166601.234375,166353.140625,166920.328125,166741.609375,166808.65625,166890.296875,167030.390625,167223.6875,0.0
1762651862.439756,167153.234375,166905.765625,167472.78125,167294.140625,167361.109375,167442.203125,167583.015625,167776.046875,0.0
1762651862.4422183,166831.109375,166583.171875,167150.375,166971.46875,167038.4375,167119.53125,167260.53125,167453.375,0.0
1762651862.4447954,166020.453125,165772.078125,166339.640625,166160.640625,166227.515625,166309.0625,166449.34375,166642.359375,0.0
1762651862.4471607,166473.46875,166225.375,166793.015625,166614.46875,166681.34375,166762.703125,166902.8125,167095.921875,0.0
1762651862.4471753,167172.28125,166924.171875,167491.546875,167313.1875,167380.0625,167461.421875,167601.96875,167795.09375,0.0
1762651862.4496007,166992.21875,166744.296875,167311.3125,167133.03125,167199.734375,167281.265625,167421.8125,167614.84375,0.0
1762651862.4520965,166155.1875,165906.71875,166473.828125,166295.28125,166362.171875,166443.796875,166584.15625,166777.015625,0.0
1762651862.4547317,166350.1875,166101.90625,166669.015625,166490.46875,166557.15625,166638.796875,166779.34375,166972.28125,0.0
1762651862.4584377,167162.359375,166914.609375,167481.890625,167303.359375,167369.78125,167451.40625,167592.3125,167785.25,0.0
1762651862.4584546,167126.421875,166878.484375,167445.515625,167267.234375,167333.578125,167415.296875,167556.109375,167749.046875,0.0
1762651862.4971125,166328.28125,166080.171875,166647.28125,166468.46875,166535.171875,166616.890625,166757.4375,166950.375,0.0
1762651862.4971337,166247.640625,165999.34375,166566.640625,166388.09375,166454.796875,166535.96875,166676.875,166869.8125,0.0
1762651862.501172,167126.59375,166878.765625,167445.78125,167267.59375,167334.015625,167415.296875,167556.28125,167749.140625,0.0
1762651862.501187,167234.0625,166986.671875,167553.421875,167375.328125,167441.484375,167522.9375,167663.75,167856.78125,0.0
1762651862.5011947,166523.71875,166275.4375,166842.640625,166663.90625,166730.515625,166812.328125,166952.875,167145.375,0.0
1762651862.5060575,166181.921875,165933.09375,166500.484375,166321.84375,166388.546875,166470.25,166610.625,166803.296875,0.0
1762651862.5060737,167059.265625,166811.078125,167378.625,167200.0,167266.34375,167347.78125,167488.421875,167681.546875,0.0
1762651862.506082,167317.125,167068.921875,167636.65625,167457.84375,167524.359375,167605.71875,167746.453125,167939.921875,0.0
1762651862.5060883,166729.359375,166480.625,167048.359375,166869.734375,166936.34375,167017.25,167158.0625,167351.359375,0.0
1762651862.5060945,166165.734375,165916.921875,166484.734375,166306.015625,166372.796875,166453.71875,166593.90625,166787.390625,0.0
1762651862.5089476,166965.484375,166717.203125,167284.84375,167106.03125,167172.640625,167253.546875,167394.453125,167587.84375,0.0
1762651862.510934,167379.796875,167131.78125,167699.15625,167520.515625,167586.953125,167668.40625,167809.125,168002.515625,0.0
1762651862.5139601,166929.09375,166680.984375,167248.8125,167070.0,167136.703125,167217.875,167358.609375,167551.90625,0.0
1762651862.5160244,166204.09375,165955.625,166523.28125,166344.546875,166411.0625,166492.609375,166632.890625,166826.546875,0.0
1762651862.5196066,166850.5,166602.3125,167169.859375,166991.59375,167057.75,167139.5625,167279.65625,167473.40625,0.0
1762651862.5196211,167416.625,167168.703125,167736.265625,167557.890625,167624.046875,167705.6875,167846.671875,168039.796875,0.0
1762651862.5534956,167107.734375,166859.71875,167427.1875,167248.359375,167315.25,167396.328125,167536.96875,167730.359375,0.0
1762651862.5558603,166293.234375,166045.03125,166612.0625,166433.25,166500.296875,166581.84375,166722.03125,166915.0625,0.0
1762651862.5558777,166723.8125,166475.53125,167043.0,166864.09375,166931.15625,167012.328125,167152.875,167345.90625,0.0
1762651862.5583498,167434.6875,167186.234375,167754.140625,167575.421875,167642.03125,167723.5625,167864.203125,168057.859375,0.0
1762651862.5608487,167268.84375,167020.5625,167588.375,167409.5625,167476.078125,167558.078125,167698.265625,167892.09375,0.0
1762651862.5633492,166430.734375,166182.015625,166749.5625,166570.921875,166637.53125,166719.25,166859.625,167053.1875,0.0
1762651862.5658486,166601.0625,166352.0625,166919.796875,166741.421875,166808.03125,166889.75,167029.859375,167223.59375,0.0
1762651862.568349,167423.421875,167174.875,167742.34375,167564.15625,167630.9375,167712.296875,167852.9375,168046.5,0.0
1762651862.5709505,167400.53125,167152.25,167719.8125,167541.4375,167607.96875,167689.328125,167830.40625,168023.796875,0.0
1762651862.5735536,166607.234375,166358.59375,166926.140625,166747.0625,166814.109375,166895.828125,167036.203125,167229.6875,0.0
1762651862.5758574,166501.453125,166253.0,166820.734375,166641.734375,166708.34375,166790.328125,166930.34375,167123.90625,0.0
1762651862.5758739,167386.046875,167137.5,167705.5,167526.875,167593.296875,167674.65625,167815.5625,168008.859375,0.0
1762651862.5786023,167505.5,167257.125,167825.3125,167646.671875,167713.28125,167794.46875,167935.453125,168128.3125,0.0
1762651862.580891,166804.90625,166556.265625,167124.1875,166945.71875,167012.328125,167093.78125,167234.328125,167427.453125,0.0
1762651862.5809052,166441.015625,166192.203125,166760.296875,166581.390625,166648.265625,166729.71875,166869.734375,167063.390625,0.0
1762651862.6195908,167317.296875,167068.84375,167636.84375,167458.203125,167524.359375,167606.171875,167746.625,167940.46875,0.0
1762651862.6221,167588.109375,167340.546875,167908.1875,167729.375,167796.078125,167877.609375,168017.984375,168211.453125,0.0
1762651862.622116,167012.875,166764.765625,167332.140625,167153.78125,167220.203125,167301.828125,167441.75,167635.40625,0.0
1762651862.624601,166431.0,166182.453125,166750.1875,166571.109375,166637.8125,166719.25,166859.71875,167053.09375,0.0
1762651862.6271796,167219.671875,166971.390625,167539.203125,167359.953125,167426.734375,167508.265625,167649.09375,167842.46875,0.0
1762651862.6296153,167646.5,167398.296875,167966.296875,167787.21875,167854.09375,167935.453125,168076.359375,168269.84375,0.0
1762651862.632213,167208.40625,166960.125,167528.03125,167349.125,167415.828125,167497.546875,167638.265625,167831.5625,0.0
1762651862.6371253,166469.90625,166221.34375,166789.4375,166610.171875,166676.96875,166758.859375,166899.046875,167092.265625,0.0
1762651862.6396673,167098.703125,166850.234375,167418.234375,167239.15625,167306.03125,167387.3125,167528.03125,167721.515625,0.0
1762651862.642188,167680.296875,167432.546875,168000.09375,167821.015625,167888.25,167968.984375,168110.15625,168303.546875,0.0
1762651862.642203,167386.671875,167138.75,167706.3125,167527.234375,167594.453125,167675.46875,167816.09375,168009.40625,0.0
1762651862.6447651,166566.015625,166317.015625,166885.109375,166705.9375,166773.171875,166854.078125,166994.8125,167188.015625,0.0
1762651862.6472225,166971.828125,166723.28125,167291.28125,167112.375,167179.078125,167260.4375,167401.078125,167594.28125,0.0
1762651862.6472373,167694.421875,167446.140625,168013.875,167835.328125,167902.109375,167983.296875,168123.921875,168317.5,0.0
1762651862.6498175,167542.96875,167294.5,167862.328125,167683.421875,167750.46875,167831.5625,167972.390625,168165.765625,0.0
1762651862.6520996,166705.671875,166456.84375,167025.03125,166845.59375,166912.90625,166994.09375,167134.546875,167328.125,0.0
1762651862.6558523,166850.140625,166601.328125,167169.421875,166990.25,167057.484375,167138.65625,167279.390625,167472.328125,0.0
1762651862.6558678,167680.828125,167432.71875,168000.640625,167821.828125,167888.34375,167969.703125,168110.609375,168303.8125,0.0
1762651862.6608613,167674.125,167426.28125,167993.9375,167815.125,167881.640625,167962.8125,168103.8125,168297.203125,0.0
1762651862.6645975,166889.125,166640.671875,167208.671875,167029.59375,167096.375,167177.640625,167318.546875,167511.9375,0.0
1762651862.6646123,166757.078125,166508.53125,167076.265625,166897.359375,166964.046875,167045.765625,167186.140625,167379.53125,0.0
1762651862.7296317,167640.953125,167392.765625,167960.5,167781.765625,167848.015625,167929.640625,168070.28125,168264.03125,0.0
1762651862.7358472,167777.390625,167529.28125,168096.921875,167918.203125,167984.8125,168065.90625,168206.8125,168400.546875,0.0
1762651862.735864,167087.25,166838.96875,167406.703125,167227.984375,167294.953125,167376.21875,167516.765625,167709.96875,0.0
1762651862.7383173,166699.140625,166450.40625,167018.5,166839.328125,166906.296875,166987.828125,167128.203125,167321.140625,0.0
1762651862.740839,167567.8125,167319.890625,167887.359375,167708.8125,167775.515625,167857.046875,167997.328125,168190.625,0.0
1762651862.7433949,167854.28125,167606.703125,168174.0,167995.546875,168062.0625,168143.515625,168284.234375,168477.4375,0.0
1762651862.7458432,167289.9375,167041.484375,167609.75,167430.671875,167497.28125,167578.640625,167719.625,167912.578125,0.0
1762651862.7485175,166691.09375,166442.1875,167010.359375,166831.109375,166898.15625,166979.78125,167120.15625,167313.359375,0.0
1762651862.7509277,167469.203125,167220.46875,167788.828125,167609.578125,167676.453125,167758.078125,167898.984375,168092.09375,0.0
1762651862.753426,167910.515625,167662.328125,168230.5,168051.6875,168118.03125,168199.484375,168340.65625,168533.6875,0.0
1762651862.755842,167484.671875,167236.5625,167804.828125,167626.375,167692.71875,167773.8125,167914.890625,168107.75,0.0
1762651862.7584286,166738.03125,166489.921875,167057.65625,166878.671875,166945.453125,167026.8125,167167.28125,167360.578125,0.0
1762651862.760995,167348.953125,167101.109375,167669.203125,167490.03125,167557.0,167638.0,167778.90625,167972.203125,0.0
1762651862.7633483,167944.578125,167696.75,168264.5625,168085.84375,168152.890625,168233.984375,168374.890625,168568.015625,0.0
1762651862.76574,167663.578125,167415.640625,167983.46875,167804.75,167871.4375,167952.71875,168093.625,168287.0,0.0
1762651862.7785184,166837.265625,166588.984375,167156.90625,166977.546875,167044.515625,167125.796875,167266.875,167459.8125,0.0
1762651862.7810893,167223.875,166975.578125,167543.234375,167364.328125,167431.03125,167512.46875,167653.46875,167846.3125,0.0
1762651862.783425,167958.96875,167711.3125,168279.140625,168100.328125,168166.84375,168248.296875,168389.109375,168582.59375,0.0
1762651862.7871068,167819.9375,167572.46875,168139.671875,167961.03125,168027.546875,168109.09375,168249.90625,168443.296875,0.0
1762651862.7871225,166987.484375,166738.84375,167306.5625,167127.84375,167194.625,167276.265625,167416.71875,167609.75,0.0
1762651862.7871296,167106.75,166857.921875,167426.015625,167247.296875,167313.8125,167395.703125,167535.984375,167729.015625,0.0
1762651862.7897415,167944.84375,167696.75,168264.828125,168086.5625,168152.546875,168234.078125,168374.625,168568.453125,0.0
1762651862.7897587,167948.0625,167699.96875,168267.96875,168089.234375,168155.84375,168237.203125,168377.84375,168571.328125,0.0
1762651862.7946289,167168.171875,166919.703125,167487.890625,167308.984375,167375.59375,167457.125,167597.765625,167790.890625,0.0
1762651862.794644,167012.421875,166764.046875,167332.234375,167153.234375,167219.484375,167301.75,167441.75,167635.046875,0.0
1762651862.7974668,167900.59375,167652.484375,168220.40625,168041.578125,168107.75,168189.828125,168330.1875,168523.9375,0.0
1762651862.7997112,168049.546875,167801.609375,168369.53125,168190.890625,168257.234375,168338.859375,168479.5,168672.984375,0.0
1762651862.8025556,167369.25,167121.234375,167688.875,167510.6875,167576.484375,167658.65625,167798.9375,167992.046875,0.0
1762651862.809693,166958.15625,166709.78125,167277.15625,167098.875,167165.21875,167247.203125,167387.390625,167580.6875,0.0
1762651862.8097076,167822.71875,167575.421875,168142.703125,167964.0625,168030.5,168112.03125,168252.671875,168446.234375,0.0
1762651862.809715,168124.90625,167877.875,168444.90625,168266.625,168332.6875,168414.40625,168555.140625,168748.609375,0.0
1762651862.8121789,167572.640625,167324.984375,167892.359375,167714.53125,167780.609375,167861.96875,168002.421875,168196.265625,0.0
1762651862.8145912,166957.171875,166708.796875,167276.4375,167097.984375,167164.5,167245.859375,167386.234375,167579.796875,0.0
1762651862.8170943,167722.578125,167474.828125,168042.203125,167863.75,167930.359375,168011.71875,168152.359375,168345.921875,0.0
1762651862.8221781,168180.609375,167933.484375,168500.328125,168322.40625,168388.578125,168470.109375,168610.484375,168804.234375,0.0
1762651862.8221934,167766.75,167519.09375,168086.375,167908.453125,167974.625,168055.984375,168196.265625,168390.453125,0.0
1762651862.8271754,167008.578125,166760.296875,167327.765625,167149.390625,167216.09375,167297.359375,167437.8125,167631.296875,0.0
1762651862.8295915,167601.53125,167353.859375,167921.328125,167742.515625,167809.484375,167890.84375,168031.578125,168224.875,0.0
1762651862.8321965,168212.359375,167964.96875,168532.421875,168354.15625,168420.3125,168501.765625,168643.03125,168836.140625,0.0
1762651862.8346312,167943.59375,167695.578125,168263.578125,168085.390625,168151.203125,168233.0,168374.0,168567.125,0.0
1762651862.834646,167113.359375,166865.25,167432.90625,167254.265625,167320.421875,167402.328125,167542.78125,167736.078125,0.0
1762651862.8372443,167474.65625,167227.09375,167794.203125,167615.921875,167682.34375,167763.625,167904.609375,168097.90625,0.0
1762651862.840835,168220.484375,167972.921875,168540.390625,168362.015625,168428.453125,168509.90625,168650.71875,168844.375,0.0
1762651862.8796363,168095.9375,167848.5625,168416.46875,168237.75,168304.078125,168385.53125,168526.4375,168719.828125,0.0
1762651862.8796568,167263.296875,167015.46875,167583.203125,167404.5625,167470.453125,167552.53125,167693.078125,167886.46875,0.0
1762651862.8834283,167357.265625,167109.78125,167676.890625,167498.265625,167564.515625,167646.3125,167786.953125,167980.4375,0.0
1762651862.8834436,168203.328125,167956.109375,168523.40625,168344.9375,168411.1875,168492.46875,168633.453125,168826.75,0.0
1762651862.8834512,168219.234375,167971.671875,168539.40625,168361.125,168427.375,168508.375,168649.375,168842.765625,0.0
1762651862.888468,167449.078125,167200.4375,167768.453125,167589.90625,167656.234375,167737.6875,167878.234375,168071.359375,0.0
1762651862.8884945,167269.28125,167020.921875,167588.828125,167409.921875,167476.53125,167558.25,167698.796875,167891.828125,0.0
1762651862.8885033,168153.875,167906.21875,168473.78125,168295.59375,168361.75,168443.015625,168584.46875,168777.5,0.0
1762651862.8885121,168317.5,168070.015625,168637.21875,168459.390625,168525.71875,168606.734375,168748.171875,168941.203125,0.0
1762651862.8885198,167647.84375,167399.546875,167967.5625,167789.1875,167855.34375,167936.984375,168078.234375,168270.5625,0.0
1762651862.890966,167216.0,166967.625,167535.453125,167357.0,167423.328125,167504.78125,167645.59375,167838.546875,0.0
1762651862.8934216,168074.9375,167827.28125,168394.828125,168217.0,168282.984375,168364.34375,168505.421875,168698.546875,0.0
1762651862.8958614,168388.9375,168141.71875,168709.09375,168530.734375,168596.796875,168678.515625,168819.875,169012.8125,0.0
1762651862.9194868,167850.875,167602.859375,168170.59375,167992.234375,168058.390625,168140.015625,168280.65625,168474.140625,0.0
1762651862.9298797,167219.9375,166971.203125,167539.296875,167361.109375,167426.734375,167508.71875,167648.90625,167842.390625,0.0
1762651862.9322133,167972.828125,167724.90625,168292.640625,168114.359375,168180.171875,168261.96875,168402.609375,168595.8125,0.0
1762651862.932228,168446.234375,168198.5,168766.046875,168587.5,168653.75,168735.390625,168876.375,169069.40625,0.0
1762651862.9358711,168044.53125,167796.703125,168364.34375,168185.796875,168252.140625,168333.59375,168474.5,168667.609375,0.0
1762651862.935886,167275.453125,167027.359375,167595.0,167416.265625,167483.0625,167564.234375,167705.0625,167898.171875,0.0
1762651862.9358933,167850.796875,167603.140625,168170.6875,167992.046875,168058.578125,168139.9375,168281.203125,168473.953125,0.0
1762651862.935899,168473.0625,168225.765625,168793.140625,168614.953125,168680.84375,168762.203125,168903.640625,169096.859375,0.0
1762651862.9384172,168215.921875,167968.546875,168536.09375,168357.8125,168423.625,168505.25,168646.15625,168839.625,0.0
1762651862.9412584,167384.53125,167136.78125,167704.15625,167525.96875,167592.21875,167673.5,167814.21875,168007.4375,0.0
1762651862.9433372,167724.28125,167476.359375,168043.8125,167865.453125,167931.796875,168013.25,168154.234375,168347.0,0.0
1762651862.9458375,168480.9375,168233.453125,168801.28125,168622.8125,168688.890625,168770.4375,168911.78125,169104.90625,0.0
1762651862.9487596,168368.375,168120.625,168688.359375,168510.078125,168576.0625,168657.59375,168798.6875,168991.984375,0.0
1762651862.9510057,167539.125,167291.453125,167858.75,167680.203125,167746.8125,167828.34375,167969.078125,168162.1875,0.0
1762651862.9534576,167610.203125,167362.71875,167929.828125,167751.453125,167817.703125,167899.515625,168040.0625,168233.625,0.0
1762651862.953472,168462.515625,168214.859375,168782.328125,168603.953125,168670.203125,168752.1875,168892.828125,169086.21875,0.0
1762651862.95708,168489.875,168242.390625,168810.125,168631.5,168697.828125,168779.453125,168920.640625,169113.671875,0.0
1762651862.9921424,167725.078125,167477.515625,168044.625,167866.4375,167932.6875,168014.3125,168155.125,168348.25,0.0
1762651862.9921672,167523.46875,167275.453125,167842.65625,167664.28125,167730.53125,167812.25,167953.15625,168146.453125,0.0
1762651862.9945858,168410.125,168162.734375,168730.015625,168552.09375,168618.34375,168699.359375,168840.96875,169034.1875,0.0
1762651862.9946012,168584.375,168337.171875,168904.8125,168726.984375,168793.140625,168873.96875,169015.5,169208.34375,0.0
1762651862.9970868,167925.71875,167678.0625,168245.515625,168067.609375,168133.9375,168215.03125,168355.9375,168549.0625,0.0
1762651862.9996688,167475.28125,167227.359375,167794.90625,167616.546875,167682.890625,167763.96875,167905.0625,168098.265625,0.0
1762651863.0020833,168326.875,168079.140625,168646.515625,168468.328125,168534.75,168616.109375,168757.28125,168950.40625,0.0
1762651863.0046592,168656.96875,168409.046875,168976.953125,168798.5,168865.203125,168946.296875,169087.640625,169281.03125,0.0
1762651863.009712,168128.046875,167880.109375,168448.203125,168269.296875,168335.90625,168417.359375,168558.0,168751.5625,0.0
1762651863.009727,167483.234375,167235.046875,167803.40625,167624.328125,167690.75,167772.5625,167913.015625,168106.5,0.0
1762651863.0135455,168220.484375,167972.921875,168541.1875,168362.015625,168428.53125,168509.984375,168650.984375,168844.1875,0.0
1762651863.0135603,168704.71875,168457.421875,169025.515625,168846.609375,168912.859375,168994.3125,169135.484375,169328.6875,0.0
1762651863.013568,168320.453125,168072.78125,168640.4375,168461.890625,168528.671875,168610.03125,168750.84375,168944.15625,0.0
1762651863.0158305,167544.03125,167296.375,167863.9375,167685.125,167752.265625,167833.359375,167974.078125,168167.46875,0.0
1762651863.0183537,168097.734375,167850.078125,168417.71875,168239.171875,168306.234375,168386.96875,168528.140625,168721.609375,0.0
1762651863.024854,168731.625,168484.0625,169051.96875,168873.609375,168940.390625,169021.3125,169162.296875,169355.6875,0.0
1762651863.0896368,168491.21875,168243.734375,168811.46875,168633.015625,168699.4375,168780.984375,168921.625,169115.1875,0.0
1762651863.089677,167655.96875,167408.21875,167975.875,167797.5,167863.75,167945.46875,168085.65625,168279.234375,0.0
1762651863.0922728,167969.25,167721.859375,168289.0625,168110.96875,168177.125,168258.578125,168398.9375,168592.78125,0.0
1762651863.0922892,168735.109375,168488.0,169055.546875,168877.265625,168943.34375,169024.96875,169165.703125,169359.53125,0.0
1762651863.094591,168631.9375,168384.640625,168952.375,168773.828125,168840.25,168921.4375,169062.4375,169256.171875,0.0
1762651863.0971673,167807.34375,167559.6875,168127.0625,167948.421875,168014.765625,168096.125,168236.9375,168430.421875,0.0
1762651863.100012,167853.203125,167605.8125,168173.015625,167994.734375,168060.8125,168142.171875,168283.25,168476.375,0.0
1762651863.1020815,168708.5625,168461.53125,169029.078125,168850.8125,168916.96875,168998.0625,169139.59375,169332.625,0.0
1762651863.1045823,168750.40625,168502.75,169070.125,168892.203125,168958.625,169039.90625,169181.171875,169374.375,0.0
1762651863.1070957,167993.84375,167746.359375,168313.375,168135.546875,168201.984375,168283.515625,168424.25,168617.453125,0.0
1762651863.1258368,167767.546875,167520.15625,168087.265625,167909.53125,167975.515625,168056.875,168197.6875,168391.078125,0.0
1762651863.1284993,168657.6875,168410.484375,168977.9375,168800.03125,168866.1875,168947.1875,169088.0,169281.75,0.0
1762651863.130947,168848.03125,168601.09375,169168.03125,168990.46875,169056.4375,169137.796875,169278.703125,169472.453125,0.0
1762651863.1337748,168197.78125,167950.21875,168518.125,168339.578125,168405.734375,168487.375,168628.1875,168821.296875,0.0
1762651863.1358423,167728.578125,167480.203125,168048.109375,167869.5625,167936.0,168017.53125,168158.34375,168351.46875,0.0
1762651863.1383314,168572.9375,168325.1875,168893.0,168714.46875,168781.0625,168862.25,169003.34375,169196.8125,0.0
1762651863.1409972,168915.359375,168667.96875,169235.609375,169057.421875,169123.671875,169204.859375,169345.765625,169539.328125,0.0
1762651863.1434145,168399.484375,168151.828125,168719.375,168541.375,168607.625,168688.796875,168829.703125,169022.921875,0.0
1762651863.1487055,167739.65625,167492.171875,168059.28125,167881.1875,167947.53125,168029.515625,168169.53125,168362.640625,0.0
1762651863.1487205,168464.84375,168217.71875,168784.640625,168606.8125,168673.0625,168754.6875,168895.25,169088.8125,0.0
1762651863.155938,168964.625,168717.765625,169285.0625,169106.953125,169173.203125,169254.484375,169395.75,169589.046875,0.0
1762651863.1559525,168592.15625,168345.125,168912.5,168734.578125,168800.65625,168881.921875,169022.921875,169216.21875,0.0
1762651863.15596,167807.703125,167560.046875,168127.6875,167949.140625,168015.65625,168097.109375,168237.75,168431.046875,0.0
1762651863.164772,168344.9375,168097.90625,168665.203125,168486.75,168553.53125,168634.4375,168775.703125,168969.09375,0.0
1762651863.1647868,168995.46875,168748.078125,169315.453125,169137.265625,169203.78125,169284.796875,169426.40625,169619.625,0.0
1762651863.1647947,168765.78125,168518.390625,169085.6875,168907.9375,168974.28125,169055.28125,169196.546875,169389.9375,0.0
1762651863.167375,167926.703125,167679.3125,168246.59375,168068.234375,168135.015625,168216.375,168357.28125,168550.40625,0.0
1762651863.1695988,168218.609375,167970.953125,168538.59375,168360.046875,168426.390625,168508.296875,168649.109375,168842.21875,0.0
1762651863.1720998,168995.5625,168748.171875,169315.8125,169137.53125,169203.515625,169285.59375,169426.5,169619.890625,0.0
1762651863.1772833,168907.671875,168660.28125,169227.84375,169049.828125,169115.90625,169197.703125,169338.4375,169532.0,0.0
1762651863.177298,168087.8125,167839.96875,168407.53125,168229.34375,168295.859375,168377.390625,168517.765625,168711.515625,0.0
1762651863.1797073,168109.53125,167861.96875,168429.4375,168251.328125,168317.859375,168399.21875,168539.671875,168733.59375,0.0
1762651863.1797216,168971.234375,168724.03125,169291.21875,169113.484375,169179.5625,169261.0,169402.0,169595.65625,0.0
1762651863.182161,169025.328125,168777.859375,169345.234375,169167.390625,169233.46875,169314.734375,169456.0,169649.75,0.0
1762651863.184579,168278.15625,168030.59375,168598.046875,168419.859375,168486.203125,168567.75,168708.5625,168902.03125,0.0
1762651863.1870725,168029.609375,167781.765625,168349.59375,168171.40625,168237.46875,168319.46875,168459.65625,168653.125,0.0
1762651863.1897335,168917.140625,168669.9375,169237.40625,169059.578125,169125.640625,169207.0,169347.640625,169541.390625,0.0
1762651863.191939,169118.671875,168871.28125,169438.5625,169260.921875,169327.078125,169408.171875,169549.078125,169742.828125,0.0
1762651863.1972077,168479.671875,168231.9375,168799.578125,168621.390625,168687.546875,168768.90625,168910.0,169103.5625,0.0
1762651863.1997504,167991.0625,167742.96875,168310.515625,168132.328125,168198.578125,168280.125,168421.203125,168614.5,0.0
1762651863.2020924,168829.703125,168582.140625,169149.15625,168971.59375,169037.484375,169119.03125,169260.375,169453.59375,0.0
1762651863.204625,169186.4375,168939.234375,169506.421875,169328.6875,169394.578125,169475.9375,169617.390625,169810.765625,0.0
1762651863.2046397,168681.734375,168434.34375,169001.8125,168823.71875,168890.140625,168971.0625,169112.328125,169305.796875,0.0
1762651863.2070756,168008.5,167760.75,168328.21875,168150.125,168216.46875,168297.640625,168438.640625,168631.84375,0.0
1762651863.20975,168719.5625,168472.078125,169039.453125,168861.625,168927.875,169009.140625,169150.328125,169343.53125,0.0
1762651863.2097645,169232.484375,168985.09375,169552.203125,169374.734375,169441.078125,169521.8125,169663.421875,169857.078125,0.0
1762651863.2124465,168868.875,168621.296875,169188.59375,169011.03125,169077.0,169158.28125,169299.359375,169493.28125,0.0
1762651863.2176461,168078.78125,167830.859375,168398.234375,168220.484375,168286.5625,168368.015625,168509.1875,168702.484375,0.0
1762651863.228338,168595.90625,168347.890625,168915.359375,168737.34375,168803.78125,168885.40625,169025.953125,169219.609375,0.0
1762651863.228357,169256.8125,169009.765625,169577.0625,169399.140625,169465.390625,169546.75,169687.65625,169881.3125,0.0
1762651863.2645955,169038.734375,168791.796875,169358.90625,169180.890625,169247.234375,169328.6875,169469.6875,169663.34375,0.0
1762651863.264613,168200.28125,167952.796875,168519.640625,168341.90625,168408.15625,168489.6875,168630.78125,168823.890625,0.0
1762651863.264621,168469.84375,168222.28125,168789.46875,168611.546875,168677.8125,168759.078125,168900.515625,169093.90625,0.0
1762651863.268459,169254.390625,169007.625,169574.921875,169396.8125,169462.984375,169544.515625,169686.140625,169879.171875,0.0
1762651863.268475,169177.140625,168930.375,169497.578125,169319.484375,169385.375,169467.0,169608.796875,169801.734375,0.0
1762651863.2684824,168361.03125,168113.828125,168681.109375,168503.015625,168568.8125,168650.53125,168791.890625,168985.0,0.0
1762651863.268488,168358.4375,168110.703125,168678.703125,168500.421875,168566.046875,168647.9375,168788.671875,168982.140625,0.0
1762651863.2721965,169224.796875,168977.671875,169545.234375,169367.140625,169433.296875,169514.5625,169655.828125,169849.3125,0.0
1762651863.272211,169292.03125,169044.828125,169612.375,169434.359375,169500.625,169581.625,169723.0625,169916.265625,0.0
1762651863.272218,168550.40625,168303.09375,168870.65625,168692.296875,168758.453125,168839.984375,168981.15625,169174.375,0.0
1762651863.2722235,168280.484375,168032.46875,168600.203125,168421.65625,168488.0,168569.359375,168710.53125,168903.921875,0.0
1762651863.274677,169165.703125,168918.40625,169486.3125,169308.21875,169374.015625,169455.28125,169596.640625,169790.203125,0.0
1762651863.2770777,169381.4375,169134.40625,169702.234375,169524.046875,169589.9375,169671.296875,169812.828125,170006.21875,0.0
1762651863.2795875,168751.921875,168504.359375,169072.09375,168893.984375,168959.96875,169041.25,169182.859375,169375.984375,0.0
1762651863.2821393,168244.09375,167996.4375,168563.984375,168385.796875,168451.609375,168533.234375,168674.5,168867.703125,0.0
1762651863.3158467,169075.125,168828.015625,169395.828125,169217.28125,169283.359375,169364.8125,169506.078125,169699.453125,0.0
1762651863.3197532,169444.203125,169196.984375,169764.90625,169586.71875,169652.703125,169734.15625,169875.40625,170068.984375,0.0
1762651863.319769,168951.296875,168704.09375,169271.828125,169093.71875,169159.890625,169241.421875,169382.0625,169575.8125,0.0
1762651863.3197763,168265.546875,168017.890625,168585.71875,168407.34375,168473.6875,168555.046875,168695.859375,168889.25,0.0
1762651863.3258688,168964.359375,168716.96875,169284.875,169106.25,169172.578125,169253.859375,169395.203125,169588.765625,0.0
1762651863.3258853,169489.078125,169242.046875,169809.703125,169631.515625,169697.40625,169778.859375,169920.5625,170114.125,0.0
1762651863.3283367,169139.140625,168892.109375,169459.578125,169281.65625,169347.46875,169429.09375,169570.265625,169763.65625,0.0
1762651863.3309908,168340.109375,168092.546875,168660.109375,168482.0,168548.171875,168629.703125,168770.703125,168964.171875,0.0
1762651863.3337064,168838.203125,168590.8125,169158.546875,168980.453125,169046.515625,169127.609375,169269.140625,169462.796875,0.0
1762651863.335896,169510.28125,169263.328125,169831.328125,169653.0625,169718.953125,169799.859375,169941.65625,170135.234375,0.0
1762651863.3383312,169302.484375,169055.546875,169623.109375,169444.828125,169510.625,169591.984375,169733.703125,169927.171875,0.0
1762651863.3445628,168462.609375,168215.484375,168782.671875,168604.765625,168670.5625,168752.015625,168893.453125,169086.578125,0.0
1762651863.3471744,168711.328125,168464.03125,169031.5,168853.484375,168919.46875,169000.75,169141.921875,169335.296875,0.0
1762651863.3496232,169505.171875,169258.0625,169825.796875,169647.875,169713.5,169794.765625,169936.203125,170129.78125,0.0
1762651863.3496373,169440.890625,169193.765625,169761.78125,169583.234375,169649.125,169730.578125,169871.75,170065.578125,0.0
1762651863.3520772,168626.578125,168379.359375,168947.453125,168768.734375,168834.796875,168916.515625,169057.25,169251.171875,0.0
1762651863.3545809,168602.34375,168355.046875,168923.140625,168744.328125,168810.578125,168892.203125,169033.015625,169226.765625,0.0
1762651863.3545957,169472.1875,169225.328125,169793.34375,169615.234375,169680.953125,169762.671875,169903.84375,170097.40625,0.0
1762651863.3887866,169550.78125,169304.453125,169872.28125,169694.09375,169759.8125,169841.609375,169982.796875,170176.265625,0.0
1762651863.3888063,168817.453125,168570.703125,169138.78125,168959.96875,169026.21875,169107.578125,169248.84375,169442.140625,0.0
1762651863.393362,168525.359375,168278.0625,168846.25,168667.515625,168733.6875,168815.140625,168956.046875,169149.78125,0.0
1762651863.3933775,169410.40625,169163.28125,169731.203125,169553.28125,169619.0,169700.078125,169841.4375,170035.453125,0.0
1762651863.395825,169637.671875,169390.640625,169958.5625,169780.8125,169846.09375,169927.171875,170068.984375,170262.359375,0.0
1762651863.3984053,169018.796875,168771.328125,169339.421875,169160.953125,169226.5,169307.859375,169449.75,169643.125,0.0
1762651863.400823,168496.046875,168248.65625,168816.5625,168637.921875,168704.09375,168785.265625,168926.890625,169120.28125,0.0
1762651863.403324,169317.78125,169070.84375,169638.21875,169460.109375,169526.015625,169607.1875,169748.984375,169942.28125,0.0
1762651863.4056573,169700.4375,169453.859375,170020.96875,169843.140625,169908.9375,169990.125,170132.015625,170325.484375,0.0
1762651863.429953,169216.484375,168969.625,169537.0,169359.0,169424.625,169505.890625,169647.78125,169841.171875,0.0
1762651863.4334373,168518.578125,168271.359375,168839.1875,168660.734375,168726.890625,168808.15625,168949.515625,169142.8125,0.0
1762651863.4383233,169200.921875,168954.078125,169521.53125,169343.34375,169409.328125,169490.328125,169632.3125,169825.875,0.0
1762651863.4410653,169741.921875,169495.078125,170062.8125,169884.4375,169950.6875,170031.25,170173.578125,170367.0625,0.0
1762651863.4433255,169403.703125,169156.9375,169724.3125,169546.125,169612.015625,169693.109375,169835.09375,170028.390625,0.0
1762651863.4433427,168599.3125,168352.453125,168919.828125,168741.734375,168807.4375,168888.8125,169030.25,169223.8125,0.0
1762651863.445822,169076.65625,168829.96875,169397.796875,169219.515625,169285.59375,169366.59375,169507.859375,169701.875,0.0
1762651863.4489036,169761.59375,169514.828125,170082.5625,169904.734375,169970.265625,170051.359375,170192.8125,170386.734375,0.0
1762651863.4510536,169564.984375,169318.5,169885.875,169708.125,169773.671875,169854.84375,169996.46875,170190.484375,0.0
1762651863.4570508,168725.1875,168478.421875,169045.890625,168867.796875,168933.6875,169014.78125,169156.21875,169349.875,0.0
1762651863.4596865,168952.46875,168705.515625,169273.25,169095.15625,169160.953125,169241.96875,169383.21875,169576.796875,0.0
1762651863.4626813,169756.046875,169509.46875,170077.03125,169899.28125,169964.546875,170045.734375,170187.359375,170380.921875,0.0
1762651863.4646528,169703.75,169457.171875,170024.71875,169847.0625,169912.0625,169993.421875,170135.40625,170328.796875,0.0
1762651863.4670815,168895.0625,168648.296875,169216.125,169038.03125,169103.296875,169184.46875,169326.359375,169519.578125,0.0
1762651863.4696293,168845.53125,168598.40625,169166.234375,168987.953125,169054.03125,169135.125,169276.390625,169469.6875,0.0
1762651863.4696476,169720.015625,169473.078125,170040.640625,169862.8125,169928.4375,170009.609375,170151.234375,170344.796875,0.0
1762651863.4937835,169812.203125,169565.171875,170133.078125,169955.34375,170020.875,170101.96875,170243.5,170437.515625,0.0
1762651863.4938018,169087.296875,168839.8125,169407.71875,169229.625,169295.96875,169376.78125,169517.875,169711.890625,0.0
1762651863.5313065,168775.609375,168527.953125,169095.875,168917.59375,168984.03125,169065.109375,169206.109375,169399.671875,0.0
1762651863.531326,169658.59375,169411.484375,169979.484375,169801.203125,169867.28125,169948.09375,170089.984375,170283.640625,0.0
1762651863.5388231,169900.265625,169653.5,170221.15625,170042.875,170108.9375,170189.671875,170331.75,170525.578125,0.0
1762651863.53884,169291.765625,169044.734375,169612.5625,169434.28125,169499.984375,169581.0,169722.703125,169916.265625,0.0
1762651863.5408971,168750.21875,168502.921875,169070.390625,168892.5625,168958.09375,169039.640625,169180.8125,169374.28125,0.0
1762651863.543404,169562.9375,169316.0,169883.640625,169705.890625,169771.34375,169852.4375,169994.140625,170187.625,0.0
1762651863.5458367,169959.0,169712.421875,170279.984375,170102.421875,170167.859375,170248.59375,170390.671875,170584.140625,0.0
1762651863.5484009,169488.1875,169240.984375,169808.453125,169631.0625,169696.78125,169777.421875,169918.953125,170112.515625,0.0
1762651863.5509305,168777.3125,168529.921875,169097.296875,168919.65625,168985.546875,169066.28125,169207.71875,169401.28125,0.0
1762651863.55332,169446.265625,169199.140625,169766.421875,169589.046875,169654.9375,169735.40625,169877.640625,170071.125,0.0
1762651863.5558193,169999.59375,169752.828125,170320.125,170142.46875,170208.453125,170289.09375,170431.171875,170624.90625,0.0
1762651863.5585637,169673.265625,169426.59375,169993.609375,169816.40625,169881.9375,169962.9375,170104.5625,170298.3125,0.0
1762651863.5608184,168860.109375,168612.890625,169180.1875,169002.53125,169068.15625,169148.984375,169290.875,169484.34375,0.0
1762651863.5634663,169317.515625,169070.390625,169637.953125,169460.296875,169525.828125,169606.46875,169748.625,169942.203125,0.0
1762651863.5658195,170017.21875,169770.359375,170338.265625,170160.53125,170225.890625,170306.71875,170449.046875,170642.53125,0.0
1762651863.572052,169834.28125,169587.609375,170155.171875,169977.0625,170042.953125,170123.875,170265.671875,170459.421875,0.0
1762651863.5745692,168992.078125,168744.6875,169312.421875,169134.140625,169199.9375,169281.296875,169422.75,169616.21875,0.0
1762651863.5773327,169193.59375,168946.203125,169513.765625,169336.015625,169401.375,169482.921875,169624.09375,169817.921875,0.0
1762651863.5796533,170005.046875,169758.015625,170325.578125,170148.015625,170213.546875,170294.46875,170435.90625,170629.828125,0.0
1762651863.5820704,169964.28125,169717.25,170284.8125,170107.25,170172.875,170253.515625,170395.3125,170589.78125,0.0
1762651863.584556,169161.234375,168914.203125,169481.484375,169303.828125,169369.375,169450.1875,169591.71875,169786.09375,0.0
1762651863.5870879,169089.875,168842.5,169410.234375,169232.03125,169298.296875,169379.203125,169520.375,169714.484375,0.0
1762651863.5908394,169970.359375,169723.421875,170291.15625,170113.40625,170179.3125,170260.21875,170401.84375,170595.859375,0.0
1762651863.590854,170074.875,169828.390625,170395.671875,170218.28125,170283.90625,170364.921875,170506.53125,170700.28125,0.0
1762651863.590861,169357.03125,169110.0,169677.28125,169499.453125,169564.90625,169646.265625,169787.875,169981.359375,0.0
1762651863.5945835,169022.375,168775.34375,169342.28125,169164.359375,169230.15625,169311.4375,169452.96875,169646.171875,0.0
1762651863.5945983,169901.703125,169654.9375,170222.3125,170044.296875,170110.28125,170191.203125,170332.90625,170526.734375,0.0
1762651863.5946057,170155.796875,169908.84375,170476.234375,170298.390625,170364.46875,170445.46875,170587.0,170780.75,0.0
1762651863.597074,169557.296875,169310.265625,169877.109375,169699.640625,169765.359375,169846.796875,169987.96875,170181.90625,0.0
1762651863.5970886,169000.03125,168753.078125,169320.1875,169142.0,169208.609375,169289.34375,169430.609375,169624.625,0.0
1762651863.59961,169805.671875,169558.546875,170126.203125,169947.734375,170014.265625,170094.90625,170236.53125,170430.625,0.0
1762651863.5996244,170216.5,169969.828125,170537.203125,170359.375,170425.0,170505.90625,170648.0625,170841.90625,0.0
1762651863.6023605,169757.484375,169510.359375,170078.1875,169900.0,169965.796875,170046.890625,170188.96875,170382.53125,0.0
1762651863.6023827,169031.234375,168783.9375,169351.75,169173.03125,169239.453125,169320.734375,169461.8125,169656.09375,0.0
1762651863.6045685,169685.421875,169438.5625,170005.859375,169827.671875,169893.5625,169974.75,170116.359375,170310.828125,0.0
1762651863.6072345,170252.265625,170005.671875,170573.140625,170395.21875,170461.203125,170541.9375,170683.921875,170878.015625,0.0
1762651863.6145704,169939.78125,169693.015625,170260.3125,170082.390625,170148.734375,170229.1875,170371.171875,170565.09375,0.0
1762651863.6145856,169123.234375,168875.75,169443.3125,169265.03125,169331.375,169412.46875,169553.71875,169747.734375,0.0
1762651863.6459105,169559.625,169312.328125,169879.96875,169701.875,169768.125,169848.953125,169990.484375,170184.9375,0.0
1762651863.6459305,170262.0,170015.25,170582.796875,170405.140625,170470.859375,170551.953125,170693.84375,170887.765625,0.0
1762651863.6483223,170088.5625,169841.4375,170409.078125,170231.4375,170297.140625,170378.328125,170520.21875,170713.609375,0.0
1762651863.6483371,169251.171875,169003.6875,169570.984375,169393.515625,169458.953125,169540.3125,169682.03125,169875.140625,0.0
1762651863.6508143,169428.109375,169181.34375,169748.546875,169570.890625,169636.34375,169717.78125,169859.5,170052.609375,0.0
1762651863.6535325,170249.3125,170002.8125,170570.109375,170392.546875,170457.890625,170539.265625,170681.140625,170874.71875,0.0
1762651863.6558154,170219.265625,169972.421875,170540.0625,170362.140625,170427.671875,170508.953125,170650.921875,170844.578125,0.0
1762651863.658332,169423.28125,169176.0625,169743.890625,169565.34375,169631.328125,169712.609375,169854.40625,170047.875,0.0
1762651863.6612208,169327.078125,169079.875,169647.25,169469.234375,169534.953125,169616.40625,169757.84375,169951.3125,0.0
1762651863.664154,170209.53125,169962.765625,170530.046875,170352.484375,170417.9375,170499.03125,170641.09375,170834.65625,0.0
1762651863.665862,170324.40625,170077.65625,170645.296875,170467.90625,170533.171875,170614.359375,170756.421875,170949.8125,0.0
1762651863.6658757,169619.265625,169372.046875,169939.78125,169761.6875,169827.578125,169908.9375,170050.5625,170244.125,0.0
1762651863.668769,169262.265625,169015.046875,169582.78125,169404.234375,169470.578125,169551.578125,169693.296875,169886.9375,0.0
1762651863.6720698,170139.96875,169893.5625,170460.578125,170282.578125,170348.640625,170429.46875,170571.265625,170765.375,0.0
1762651863.675848,170413.90625,170167.421875,170734.34375,170556.609375,170622.671875,170703.671875,170845.5625,171039.671875,0.0
1762651863.6758623,169827.75,169580.546875,170148.109375,169969.921875,170035.8125,170116.984375,170258.96875,170452.984375,0.0
1762651863.7097769,169253.046875,169005.390625,169573.125,169394.765625,169460.46875,169542.1875,169683.71875,169877.296875,0.0
1762651863.7097962,170046.71875,169799.765625,170367.859375,170189.59375,170255.03125,170336.75,170478.46875,170672.390625,0.0
1762651863.7098043,170470.234375,170223.5625,170791.125,170613.375,170679.09375,170760.265625,170902.078125,171096.4375,0.0
1762651863.7125719,170023.296875,169776.078125,170343.640625,170165.890625,170231.609375,170312.796875,170454.765625,170648.328125,0.0
1762651863.7160244,169289.265625,169041.953125,169609.78125,169431.78125,169497.578125,169578.3125,169720.296875,169913.765625,0.0
1762651863.7160387,169924.140625,169677.546875,170244.9375,170067.28125,170133.0,170213.546875,170355.53125,170549.453125,0.0
1762651863.716046,170503.9375,170257.359375,170824.640625,170647.625,170712.53125,170793.703125,170935.6875,171129.4375,0.0
1762651863.7160518,170203.625,169956.953125,170524.15625,170346.59375,170411.859375,170493.125,170634.65625,170828.484375,0.0
1762651863.7184396,169380.71875,169133.421875,169700.796875,169522.703125,169588.421875,169669.78125,169811.21875,170004.96875,0.0
1762651863.718454,169796.28125,169549.078125,170116.28125,169938.53125,170004.15625,170085.34375,170226.953125,170421.0625,0.0
1762651863.7208152,170515.203125,170268.71875,170835.734375,170658.171875,170723.703125,170804.53125,170946.5,171140.703125,0.0
1762651863.7247243,170358.390625,170112.25,170679.09375,170501.4375,170567.15625,170648.25,170790.046875,170984.0625,0.0
1762651863.7559109,169518.59375,169271.46875,169838.9375,169660.5625,169726.8125,169808.09375,169949.796875,170143.546875,0.0
1762651863.7559292,169674.609375,169427.65625,169994.859375,169817.03125,169883.09375,169963.921875,170105.8125,170299.828125,0.0
1762651863.7583592,170502.15625,170255.84375,170822.765625,170645.46875,170710.65625,170791.5625,170933.8125,171127.921875,0.0
1762651863.7583735,170487.3125,170241.09375,170808.109375,170630.453125,170695.90625,170776.90625,170918.96875,171112.71875,0.0
1762651863.762084,169693.296875,169446.890625,170013.90625,169836.4375,169901.875,169983.0625,170124.59375,170318.421875,0.0
1762651863.7621007,169574.46875,169328.0625,169894.90625,169717.421875,169782.78125,169864.5,170006.125,170199.515625,0.0
1762651863.76211,170459.234375,170212.921875,170779.9375,170602.828125,170667.828125,170749.09375,170891.25,171085.0,0.0
1762651863.7621176,170590.578125,170344.4375,170911.546875,170734.078125,170799.609375,170880.25,171022.6875,171216.34375,0.0
1762651863.7645612,169890.515625,169643.765625,170210.78125,170033.125,170099.203125,170180.015625,170322.0,170515.46875,0.0
1762651863.7670612,169513.9375,169266.8125,169833.84375,169656.28125,169721.984375,169803.34375,169945.15625,170138.984375,0.0
1762651863.7695763,170385.203125,170138.796875,170706.0,170528.265625,170593.96875,170675.0625,170817.21875,171010.96875,0.0
1762651863.7736735,170667.921875,170421.6875,170989.15625,170811.5,170877.03125,170958.046875,171099.9375,171293.9375,0.0
1762651863.8358452,170093.65625,169846.984375,170414.171875,170236.796875,170302.421875,170383.25,170525.3125,170719.140625,0.0
1762651863.8358762,169501.78125,169254.296875,169821.59375,169644.203125,169710.1875,169790.65625,169932.90625,170126.828125,0.0
1762651863.8383355,170284.0,170037.59375,170604.34375,170427.40625,170492.953125,170573.765625,170715.84375,170909.84375,0.0
1762651863.8383536,170722.0,170475.515625,171042.171875,170865.0625,170931.046875,171011.953125,171153.84375,171347.9375,0.0
1762651863.8408911,170286.6875,170039.921875,170607.03125,170429.90625,170495.453125,170576.359375,170718.703125,170912.4375,0.0
1762651863.8434577,169543.265625,169296.046875,169863.515625,169685.953125,169751.765625,169832.671875,169974.75,170168.671875,0.0
1762651863.8608124,170163.03125,169916.453125,170483.5625,170306.265625,170371.890625,170452.625,170594.875,170788.890625,0.0
1762651863.8634257,170754.90625,170508.859375,171075.703125,170898.671875,170963.859375,171044.671875,171187.09375,171380.9375,0.0
1762651863.8658779,170465.5,170218.734375,170786.203125,170609.0,170674.171875,170755.171875,170897.609375,171091.34375,0.0
1762651863.8687606,169638.03125,169390.828125,169958.03125,169780.8125,169846.265625,169927.53125,170069.609375,170262.90625,0.0
1762651863.8708088,170032.953125,169786.71875,170353.734375,170176.4375,170242.0625,170323.25,170465.40625,170658.4375,0.0
1762651863.8735657,170760.71875,170514.671875,171081.515625,170904.484375,170969.9375,171051.03125,171193.265625,171386.65625,0.0
1762651863.8759816,170614.984375,170368.671875,170935.953125,170758.75,170824.015625,170905.5625,171047.453125,171240.75,0.0
1762651863.8783104,169777.6875,169531.46875,170098.484375,169920.921875,169986.640625,170067.71875,170209.890625,170403.1875,0.0
1762651863.8808155,169912.515625,169666.109375,170233.3125,170055.125,170121.1875,170202.015625,170344.265625,170538.0,0.0
1762651863.8858128,170748.109375,170502.15625,171069.078125,170891.609375,170957.0625,171037.703125,171180.03125,171374.046875,0.0
1762651863.8885393,170745.078125,170498.75,171065.859375,170888.125,170954.015625,171034.75,171177.265625,171370.75,0.0
1762651863.890808,169958.03125,169711.265625,170278.1875,170100.625,170166.515625,170247.25,170389.859375,170583.15625,0.0
1762651863.8933482,169818.109375,169571.25,170138.171875,169960.609375,170026.6875,170107.421875,170249.9375,170443.140625,0.0
1762651863.8933632,170703.140625,170456.921875,171024.015625,170846.453125,170912.171875,170992.90625,171135.421875,171328.90625,0.0
1762651863.8958085,170846.375,170600.234375,171167.25,170989.875,171055.5,171136.40625,171278.921875,171472.40625,0.0
1762651863.8983095,170154.8125,169908.578125,170475.59375,170298.21875,170363.9375,170444.484375,170586.734375,170780.296875,0.0
1762651863.9008899,169757.390625,169510.90625,170077.734375,169900.359375,169966.25,170047.078125,170189.046875,170382.53125,0.0
1762651863.9033153,170625.71875,170379.40625,170946.59375,170768.765625,170834.65625,170915.21875,171057.8125,171251.390625,0.0
1762651863.907065,170922.28125,170676.046875,171243.25,171065.59375,171131.125,171212.046875,171354.5625,171548.390625,0.0
1762651863.9070797,170359.640625,170112.96875,170680.15625,170502.78125,170568.046875,170649.40625,170791.390625,170985.40625,0.0
1762651863.9070868,169750.875,169504.375,170071.578125,169894.359375,169959.640625,170040.71875,170182.703125,170376.1875,0.0
1762651863.9095922,170521.734375,170275.421875,170842.96875,170665.328125,170730.859375,170811.953125,170954.203125,171147.765625,0.0
1762651863.9096107,170974.9375,170728.796875,171296.171875,171118.703125,171184.6875,171265.25,171407.765625,171601.6875,0.0
1762651863.9120667,170552.671875,170306.265625,170873.734375,170696.078125,170761.609375,170842.34375,170984.953125,171178.703125,0.0
1762651863.9145608,169798.96875,169552.46875,170119.9375,169942.203125,170007.734375,170088.828125,170230.71875,170424.734375,0.0
1762651863.9145763,170402.640625,170155.875,170723.4375,170546.140625,170611.40625,170692.59375,170834.75,171028.5,0.0
1762651863.917614,171005.6875,170759.640625,171326.578125,171149.375,171214.640625,171295.734375,171438.421875,171631.71875,0.0
1762651863.919754,170729.609375,170483.828125,171050.671875,170873.28125,170938.8125,171020.171875,171162.328125,171355.71875,0.0
1762651863.9197686,169899.546875,169653.234375,170220.515625,170042.6875,170108.578125,170189.59375,170331.75,170525.125,0.0
1762651863.9220908,170274.96875,170028.296875,170595.859375,170418.296875,170484.0,170565.0,170706.890625,170901.0,0.0
1762651863.9246428,171017.046875,170770.46875,171338.015625,171160.375,171226.078125,171307.0,171449.328125,171643.703125,0.0
1762651863.9269168,170883.75,170637.0625,171204.71875,171026.96875,171092.859375,171173.59375,171315.9375,171509.765625,0.0
1762651863.932381,170047.96875,169800.9375,170368.3125,170190.484375,170256.28125,170337.109375,170479.359375,170672.828125,0.0
1762651863.932397,170157.140625,169910.28125,170477.296875,170299.828125,170365.546875,170446.640625,170588.515625,170782.265625,0.0
1762651863.9646373,170997.375,170750.96875,171318.34375,171141.0625,171206.140625,171287.234375,171429.75,171623.3125,0.0
1762651863.9721532,171007.65625,170761.53125,171328.28125,171151.34375,171216.421875,171297.25,171439.9375,171633.78125,0.0
1762651863.9721687,170227.9375,169981.359375,170548.203125,170370.90625,170436.265625,170517.265625,170659.25,170853.25,0.0
1762651863.9721763,170064.234375,169817.46875,170384.5,170207.015625,170272.5625,170353.5625,170495.8125,170689.1875,0.0
1762651863.9745588,170950.078125,170704.125,171271.046875,171093.671875,171158.9375,171240.125,171382.546875,171576.375,0.0
1762651863.9770555,171105.390625,170859.609375,171426.890625,171249.15625,171314.859375,171395.859375,171538.296875,171732.125,0.0
1762651863.9796252,170425.890625,170178.859375,170746.6875,170568.765625,170634.65625,170715.390625,170857.71875,171051.5625,0.0
1762651863.9821901,170008.53125,169761.6875,170329.515625,170151.234375,170217.21875,170297.859375,170440.28125,170634.203125,0.0
1762651863.9845653,170870.875,170624.734375,171192.5625,171014.8125,171080.53125,171161.078125,171303.234375,171497.703125,0.0
1762651863.9872067,171180.484375,170934.4375,171501.8125,171324.703125,171390.140625,171470.796875,171612.953125,171807.5,0.0
1762651863.9898858,170629.5625,170383.6875,170951.328125,170773.234375,170839.046875,170919.859375,171061.84375,171256.03125,0.0
1762651863.992136,170007.375,169760.875,170328.4375,170150.0625,170216.046875,170297.328125,170439.03125,170633.21875,0.0
1762651863.9945571,170768.046875,170521.5625,171088.84375,170911.1875,170977.171875,171057.8125,171200.0625,171394.34375,0.0
1762651863.997109,171232.15625,170986.296875,171553.578125,171375.921875,171441.640625,171522.109375,171664.625,171858.546875,0.0
1762651863.997124,170824.828125,170578.6875,171146.0625,170968.40625,171034.03125,171114.953125,171257.109375,171450.9375,0.0
1762651863.9995563,170060.484375,169813.984375,170381.640625,170203.71875,170269.515625,170350.609375,170492.3125,170686.25,0.0
1762651864.0358407,170643.6875,170397.8125,170964.828125,170787.28125,170852.8125,170933.71875,171075.875,171270.078125,0.0
1762651864.03586,171260.5,171014.71875,171582.1875,171404.359375,171469.984375,171550.90625,171693.0625,171887.25,0.0
1762651864.0358684,170998.09375,170751.953125,171320.140625,171141.953125,171207.578125,171288.21875,171430.640625,171624.5625,0.0
1762651864.035874,170166.4375,169920.109375,170488.125,170309.84375,170375.828125,170456.5625,170598.453125,170792.28125,0.0
1762651864.0383058,170519.328125,170273.625,170841.1875,170663.359375,170729.421875,170810.078125,170952.046875,171145.796875,0.0
1762651864.040806,171268.109375,171022.765625,171590.140625,171412.765625,171478.390625,171558.765625,171701.28125,171894.75,0.0
1762651864.04341,171146.328125,170900.46875,171468.109375,171290.453125,171356.171875,171436.640625,171578.96875,171772.53125,0.0
1762651864.0496213,170313.953125,170067.09375,170634.921875,170457.0,170523.171875,170603.8125,170745.96875,170939.796875,0.0
1762651864.0522382,170400.5,170153.828125,170721.375,170543.375,170609.796875,170690.359375,170832.25,171026.078125,0.0
1762651864.0757236,171245.9375,170999.609375,171567.34375,171389.703125,171455.765625,171536.0625,171678.578125,171872.140625,0.0
1762651864.0845523,171268.375,171022.234375,171589.515625,171412.140625,171477.9375,171558.5,171700.828125,171894.578125,0.0
1762651864.0895555,170498.40625,170251.90625,170819.28125,170641.546875,170707.25,170787.984375,170930.140625,171123.890625,0.0
1762651864.0934453,170309.84375,170063.34375,170630.8125,170452.890625,170518.78125,170599.515625,170742.03125,170935.515625,0.0
1762651864.0934606,171195.859375,170949.8125,171517.8125,171339.8125,171405.4375,171485.984375,171628.765625,171822.609375,0.0
1762651864.0934684,171366.453125,171120.578125,171688.5,171510.484375,171576.015625,171656.84375,171799.265625,171993.015625,0.0
1762651864.095805,170697.953125,170451.640625,171019.640625,170841.8125,170907.25,170988.265625,171129.96875,171323.8125,0.0
1762651864.0984485,170261.109375,170014.703125,170582.359375,170404.25,170470.140625,170550.96875,170692.953125,170886.515625,0.0
1762651864.1008115,171116.296875,170869.96875,171437.4375,171259.609375,171325.5,171405.96875,171548.390625,171742.140625,0.0
1762651864.103413,171440.125,171194.171875,171761.453125,171584.15625,171649.875,171730.515625,171872.859375,172066.6875,0.0
1762651864.1058018,170900.015625,170654.140625,171221.34375,171043.96875,171109.671875,171190.5,171332.65625,171526.484375,0.0
1762651864.1084733,170263.078125,170016.859375,170584.234375,170406.40625,170472.65625,170553.109375,170695.359375,170888.484375,0.0
1762651864.1108851,171009.625,170763.84375,171331.5,171153.3125,171219.375,171299.9375,171442.265625,171635.5625,0.0
1762651864.1136084,171488.046875,171242.625,171809.734375,171632.171875,171697.53125,171778.625,171920.78125,172114.78125,0.0
1762651864.1157904,171091.96875,170846.375,171413.5625,171235.921875,171301.359375,171382.359375,171524.53125,171718.53125,0.0
1762651864.1184268,170319.859375,170073.359375,170640.921875,170462.71875,170528.703125,170609.4375,170751.59375,170945.609375,0.0
1762651864.1233003,170885.171875,170638.953125,171206.859375,171028.9375,171094.46875,171175.203125,171317.28125,171511.46875,0.0
1762651864.1258063,171513.703125,171268.28125,171835.84375,171658.1875,171723.453125,171804.09375,171946.796875,172140.890625,0.0
1762651864.1258214,171262.03125,171016.25,171583.796875,171405.96875,171471.328125,171552.0625,171694.75,171888.5,0.0
1762651864.1284068,170426.96875,170180.921875,170748.296875,170570.546875,170635.734375,170716.90625,170858.984375,171052.71875,0.0
1762651864.1307995,170756.515625,170510.640625,171078.03125,170900.375,170965.640625,171046.734375,171188.625,171382.546875,0.0
1762651864.1333025,171514.875,171269.0,171836.734375,171659.078125,171724.4375,171805.265625,171947.421875,172141.4375,0.0
1762651864.1333177,171408.65625,171162.875,171730.0625,171552.6875,171617.953125,171698.859375,171841.03125,172034.953125,0.0
1762651864.1358051,170581.28125,170335.234375,170902.15625,170724.515625,170790.140625,170871.3125,171013.109375,171207.046875,0.0
1762651864.1433015,170642.796875,170396.5625,170963.859375,170786.015625,170851.640625,170932.5625,171074.53125,171268.46875,0.0
1762651864.1433165,171492.25,171246.640625,171813.84375,171636.28125,171701.640625,171782.1875,171924.890625,172118.8125,0.0
1762651864.1433237,171528.546875,171282.953125,171850.140625,171673.03125,171737.9375,171818.578125,171961.546875,172154.9375,0.0
1762651864.1470408,170765.640625,170518.96875,171086.875,170909.140625,170974.578125,171055.21875,171197.734375,171390.953125,0.0
1762651864.147054,170555.625,170308.765625,170876.6875,170698.9375,170764.296875,170845.125,170987.28125,171180.75,0.0
1762651864.2009344,171440.65625,171194.4375,171761.71875,171584.421875,171649.609375,171730.515625,171872.9375,172066.515625,0.0
1762651864.203626,171624.921875,171379.234375,171946.4375,171768.96875,171833.96875,171915.046875,172057.390625,172251.3125,0.0
1762651864.2036414,170966.625,170720.671875,171287.78125,171110.65625,171175.75,171256.84375,171398.90625,171592.109375,0.0
1762651864.2058353,170510.109375,170264.15625,170831.078125,170653.703125,170718.875,170800.234375,170942.3125,171135.328125,0.0
1762651864.2058506,171355.546875,171109.859375,171676.96875,171499.484375,171564.40625,171645.671875,171788.1875,171981.84375,0.0
1762651864.2083824,171689.921875,171443.96875,172011.34375,171833.78125,171898.875,171979.96875,172122.484375,172316.578125,0.0
1762651864.2108107,171164.125,170917.71875,171485.1875,171307.53125,171373.0625,171453.796875,171596.40625,171790.515625,0.0
1762651864.2133002,170513.515625,170266.75,170834.296875,170656.5625,170722.1875,170803.1875,170945.609375,171139.359375,0.0
1762651864.2158003,171246.375,171000.15625,171567.703125,171390.140625,171455.140625,171536.59375,171678.921875,171872.9375,0.0
1762651864.2185512,171735.703125,171490.109375,172057.75,171880.09375,171945.09375,172026.28125,172168.609375,172362.984375,0.0
1762651864.2208805,171351.4375,171105.390625,171672.9375,171495.46875,171560.734375,171641.640625,171783.796875,171977.90625,0.0
1762651864.223513,170573.140625,170326.828125,170894.203125,170716.90625,170781.734375,170863.1875,171005.0625,171199.0,0.0
1762651864.2257974,171120.3125,170874.359375,171441.640625,171264.53125,171329.53125,171410.265625,171552.859375,171746.703125,0.0
1762651864.2283003,171760.640625,171514.875,172082.609375,171905.125,171970.125,172050.6875,172193.828125,172387.296875,0.0
1762651864.23088,171523.09375,171277.21875,171844.78125,171667.125,171732.578125,171813.484375,171955.828125,172149.65625,0.0
1762651864.2333355,170686.6875,170440.109375,171007.578125,170830.1875,170895.90625,170977.078125,171118.609375,171312.546875,0.0
1762651864.2459087,170993.625,170747.484375,171314.78125,171137.5625,171203.015625,171283.84375,171426.0,171620.09375,0.0
1762651864.2459235,171761.8125,171516.203125,172083.3125,171906.109375,171971.5625,172052.296875,172194.984375,172388.90625,0.0
1762651864.2484608,171665.421875,171419.828125,171986.9375,171809.640625,171875.171875,171955.90625,172098.15625,172292.171875,0.0
1762651864.2521453,170841.0,170594.6875,171161.796875,170984.421875,171050.046875,171130.78125,171273.015625,171466.859375,0.0
1762651864.2521598,170878.015625,170631.703125,171199.0,171021.609375,171086.96875,171167.703125,171309.765625,171503.875,0.0
1762651864.2521672,171733.5625,171487.59375,172054.96875,171878.3125,171943.125,172023.59375,172166.015625,172360.296875,0.0
1762651864.25455,171781.125,171535.25,172102.546875,171925.953125,171990.78125,172071.515625,172214.296875,172408.125,0.0
1762651864.2570477,171026.703125,170780.5625,171347.59375,171170.5625,171235.921875,171316.921875,171459.078125,171653.0,0.0
1762651864.259726,170793.53125,170547.21875,171114.5,170937.125,171002.65625,171083.65625,171225.375,171419.46875,0.0
1762651864.271222,171676.6875,171430.828125,171998.015625,171820.8125,171886.0,171966.8125,172109.0625,172303.53125,0.0
1762651864.2712376,171872.765625,171626.984375,172194.359375,172017.0625,172082.25,172163.25,172305.84375,172499.859375,0.0
1762651864.2733047,171226.4375,170980.75,171547.40625,171370.203125,171435.65625,171516.390625,171658.984375,171853.0,0.0
1762651864.2759683,170751.875,170505.640625,171072.921875,170895.28125,170960.984375,171041.546875,171183.796875,171377.890625,0.0
1762651864.2783833,171591.484375,171345.984375,171913.4375,171735.875,171801.234375,171881.96875,172024.21875,172218.5,0.0
1762651864.2810428,171938.65625,171692.96875,172260.25,172082.875,172148.140625,172228.875,172371.390625,172565.671875,0.0
1762651864.2835784,171426.0,171180.21875,171747.234375,171569.859375,171635.296875,171715.9375,171858.453125,172052.203125,0.0
1762651864.2857966,170761.4375,170515.125,171082.671875,170904.84375,170970.640625,171051.921875,171193.53125,171387.734375,0.0
1762651864.2883368,171481.078125,171235.46875,171802.9375,171625.109375,171690.734375,171771.640625,171913.4375,172107.8125,0.0
1762651864.2883515,171984.078125,171738.65625,172306.125,172128.640625,172194.1875,172274.828125,172416.890625,172611.0,0.0
1762651864.3233795,171614.46875,171368.421875,171935.703125,171758.59375,171824.03125,171904.859375,172047.203125,172240.859375,0.0
1762651864.3273659,170828.3125,170581.90625,171149.375,170971.90625,171037.4375,171118.609375,171260.328125,171454.34375,0.0
1762651864.327381,171354.921875,171108.609375,171676.15625,171498.59375,171564.21875,171645.140625,171787.296875,171981.296875,0.0
1762651864.3273885,172006.703125,171761.0,172328.65625,172151.4375,172216.625,172297.71875,172439.78125,172633.96875,0.0
1762651864.3298008,171779.515625,171533.828125,172101.28125,171924.53125,171989.265625,172070.265625,172212.59375,172406.703125,0.0
1762651864.3320413,170943.015625,170696.703125,171264.265625,171086.875,171152.140625,171233.421875,171375.578125,171569.234375,0.0
1762651864.3345451,171227.25,170980.921875,171548.390625,171370.921875,171436.28125,171517.734375,171659.796875,171853.453125,0.0
1762651864.3371108,172003.03125,171757.34375,172324.625,172147.328125,172212.78125,172293.953125,172436.390625,172629.953125,0.0
1762651864.3399324,171920.5,171674.90625,172242.1875,172064.546875,172130.4375,172211.34375,172353.765625,172547.34375,0.0
1762651864.342137,171098.5,170852.71875,171420.28125,171242.359375,171308.609375,171389.34375,171531.5,171724.96875,0.0
1762651864.3421528,171113.4375,170867.203125,171434.9375,171256.75,171322.828125,171403.28125,171546.078125,171739.8125,0.0
1762651864.3445446,171973.703125,171727.828125,172295.390625,172117.921875,172183.1875,172263.921875,172406.609375,172600.453125,0.0
1762651864.3470447,172034.6875,171789.078125,172356.28125,172178.890625,172244.25,172325.515625,172467.953125,172661.953125,0.0
1762651864.352084,171287.5,171041.453125,171608.75,171431.09375,171496.8125,171578.078125,171719.78125,171913.890625,0.0
1762651864.3520987,171033.140625,170786.640625,171354.03125,171176.734375,171242.09375,171323.171875,171465.0625,171659.265625,0.0
1762651864.354562,171919.25,171673.5625,172240.765625,172063.828125,172128.828125,172209.65625,172352.609375,172546.359375,0.0
1762651864.3545766,172127.9375,171882.59375,172449.890625,172272.765625,172337.6875,172418.59375,172561.640625,172755.125,0.0
1762651864.3858864,171490.640625,171244.765625,171812.234375,171634.9375,171699.9375,171780.765625,171923.453125,172117.109375,0.0
1762651864.3883004,170997.203125,170751.0625,171318.4375,171140.96875,171206.234375,171287.0625,171429.484375,171623.3125,0.0
1762651864.3883176,171831.28125,171585.671875,172152.78125,171975.5,172040.765625,172121.671875,172263.828125,172458.109375,0.0
1762651864.3908763,172192.84375,171947.328125,172514.609375,172337.40625,172402.234375,172483.140625,172625.578125,172819.9375,0.0
1762651864.3932908,171690.28125,171444.234375,172011.515625,171834.40625,171899.234375,171980.5,172122.75,172316.84375,0.0
1762651864.395794,171012.125,170765.90625,171333.109375,171155.71875,171220.359375,171302.078125,171444.0625,171638.078125,0.0
1762651864.3984563,171718.265625,171472.40625,172039.421875,171862.21875,171926.859375,172008.21875,172150.734375,172344.75,0.0
1762651864.4007926,172234.59375,171988.546875,172555.921875,172378.625,172444.15625,172524.890625,172667.765625,172861.609375,0.0
1762651864.4032943,171876.421875,171630.03125,172197.671875,172020.640625,172085.734375,172166.5625,172309.25,172503.078125,0.0
1762651864.4059546,171081.78125,170835.46875,171402.9375,171225.375,171290.546875,171371.90625,171514.15625,171707.984375,0.0
1762651864.4083765,171591.578125,171345.984375,171913.359375,171735.703125,171801.15625,171882.515625,172024.578125,172218.59375,0.0
1762651864.4083908,172255.421875,172010.0,172577.296875,172399.734375,172465.078125,172546.359375,172688.609375,172882.796875,0.0
1762651864.410792,172043.0,171797.296875,172364.234375,172187.03125,172252.296875,172333.5625,172475.71875,172670.1875,0.0
1762651864.4145525,171204.171875,170958.40625,171525.234375,171347.671875,171413.296875,171494.296875,171636.734375,171830.5625,0.0
1762651864.4145668,171466.40625,171220.71875,171787.828125,171610.53125,171675.796875,171756.71875,171899.3125,172092.890625,0.0
1762651864.4496088,172251.765625,172006.421875,172573.453125,172396.328125,172461.328125,172542.328125,172685.03125,172878.765625,0.0
1762651864.449645,172180.59375,171934.90625,172502.09375,172324.984375,172389.984375,172471.078125,172613.671875,172807.421875,0.0
1762651864.4537148,171365.375,171119.421875,171686.265625,171508.875,171574.328125,171655.59375,171797.65625,171991.578125,0.0
1762651864.4537308,171354.203125,171108.421875,171675.359375,171498.0625,171563.5,171644.59375,171786.75,171980.234375,0.0
1762651864.4537387,172218.59375,171972.8125,172539.734375,172362.796875,172427.890625,172508.890625,172650.96875,172845.0625,0.0
1762651864.4570892,172291.28125,172045.859375,172612.78125,172435.484375,172500.578125,172581.578125,172723.828125,172918.28125,0.0
1762651864.4571033,171555.015625,171309.328125,171876.34375,171698.953125,171764.21875,171845.046875,171987.296875,172181.671875,0.0
1762651864.4571104,171277.578125,171031.890625,171599.265625,171421.53125,171486.890625,171567.96875,171709.953125,171904.0625,0.0
1762651864.457116,172157.53125,171912.109375,172479.125,172301.734375,172366.921875,172448.09375,172590.25,172784.625,0.0
1762651864.459581,172378.53125,172133.03125,172700.21875,172522.65625,172587.84375,172669.015625,172811.625,173005.90625,0.0
1762651864.4595957,171755.546875,171509.59375,172076.96875,171899.234375,171964.671875,172045.5,172188.375,172382.5625,0.0
1762651864.4620643,171243.875,170997.921875,171565.5625,171387.640625,171452.8125,171533.734375,171676.515625,171870.265625,0.0
1762651864.4684577,172067.21875,171821.984375,172389.171875,172211.796875,172276.703125,172357.890625,172500.40625,172694.328125,0.0
1762651864.479641,172441.84375,172196.859375,172763.796875,172586.59375,172651.40625,172732.59375,172875.46875,173069.46875,0.0
1762651864.4796576,171952.6875,171707.359375,172274.375,172096.90625,172162.0,172243.0,172385.6875,172580.15625,0.0
1762651864.4832916,171261.9375,171015.96875,171583.171875,171405.515625,171471.0625,171551.96875,171694.125,171888.671875,0.0
1762651864.4833064,171951.796875,171706.375,172273.578125,172095.75,172161.28125,172242.375,172384.96875,172578.984375,0.0
1762651864.5170472,172478.234375,172233.078125,172800.0,172622.703125,172687.796875,172768.796875,172911.859375,173105.6875,0.0
1762651864.520916,172134.1875,171889.03125,172455.875,172278.40625,172343.484375,172424.578125,172567.359375,172761.921875,0.0
1762651864.520931,171336.59375,171091.078125,171657.828125,171480.265625,171545.890625,171626.8125,171769.046875,171963.6875,0.0
1762651864.5209389,171822.78125,171577.453125,172144.296875,171966.640625,172032.265625,172113.265625,172255.875,172450.15625,0.0
1762651864.5234208,172497.265625,172251.9375,172818.875,172641.84375,172707.46875,172788.203125,172930.71875,173125.09375,0.0
1762651864.5234354,172295.75,172050.140625,172617.34375,172440.40625,172505.59375,172586.59375,172728.75,172923.203125,0.0
1762651864.5258172,171458.90625,171213.125,171779.953125,171602.9375,171668.296875,171749.375,171891.453125,172085.734375,0.0
1762651864.5633907,171697.078125,171451.203125,172017.953125,171840.84375,171906.296875,171986.9375,172129.71875,172323.828125,0.0
1762651864.5696435,172490.125,172244.875,172811.71875,172634.59375,172699.953125,172780.609375,172923.46875,173117.75,0.0
1762651864.5720847,172432.890625,172187.46875,172754.234375,172577.203125,172642.5625,172723.296875,172866.171875,173060.265625,0.0
1762651864.574623,171622.609375,171376.90625,171943.9375,171766.546875,171832.265625,171913.0,172055.515625,172249.609375,0.0
1762651864.5770395,171590.234375,171344.375,171911.484375,171734.09375,171799.71875,171880.359375,172023.0625,172217.34375,0.0
1762651864.5947752,172458.109375,172212.515625,172779.703125,172602.328125,172667.328125,172748.234375,172891.109375,173085.65625,0.0
1762651864.5972075,172540.8125,172295.484375,172862.59375,172685.109375,172750.203125,172831.390625,172974.171875,173168.53125,0.0
1762651864.5996184,171812.859375,171567.171875,172133.828125,171956.359375,172021.890625,172103.171875,172245.328125,172439.78125,0.0
1762651864.6022005,171514.59375,171268.8125,171835.390625,171657.921875,171723.453125,171805.078125,171946.796875,172141.34375,0.0
1762651864.6050923,172392.9375,172147.25,172714.0,172536.796875,172601.875,172683.421875,172825.75,173020.296875,0.0
1762651864.607036,172626.90625,172381.40625,172948.15625,172771.21875,172836.125,172917.21875,173060.0,173254.453125,0.0
1762651864.609536,172013.578125,171767.625,172335.0,172157.53125,172222.53125,172303.796875,172445.765625,172640.6875,0.0
1762651864.612036,171485.90625,171239.765625,171807.046875,171629.671875,171695.015625,171775.9375,171918.0,172112.375,0.0
1762651864.617089,172299.953125,172054.53125,172621.28125,172444.34375,172509.609375,172590.171875,172733.03125,172927.3125,0.0
1762651864.6197443,172686.1875,172441.125,173007.703125,172830.9375,172895.9375,172976.765625,173119.546875,173313.734375,0.0
1762651864.6197584,172210.28125,171964.859375,172531.6875,172354.75,172419.84375,172500.484375,172643.625,172837.46875,0.0
1762651864.6221237,171509.234375,171263.640625,171830.203125,171653.1875,171718.53125,171799.453125,171942.046875,172135.796875,0.0
1762651864.6221385,172184.890625,171939.28125,172506.21875,172328.734375,172394.09375,172475.09375,172617.875,172811.984375,0.0
1762651864.6249247,172726.421875,172481.359375,173048.5625,172870.71875,172936.4375,173017.359375,173160.5,173354.328125,0.0
1762651864.627032,172394.1875,172149.03125,172715.78125,172538.484375,172604.109375,172685.03125,172827.625,173021.734375,0.0
1762651864.62939,171591.125,171345.265625,171912.453125,171735.34375,171800.875,171881.4375,172024.046875,172218.046875,0.0
1762651864.6345365,172059.171875,171813.671875,172380.78125,172203.484375,172268.921875,172349.65625,172492.359375,172686.640625,0.0
1762651864.6370394,172743.234375,172498.34375,173065.1875,172887.984375,172953.0625,173033.71875,173176.765625,173371.40625,0.0
1762651864.6409817,172555.390625,172310.328125,172877.34375,172699.875,172765.5,172845.953125,172989.015625,173183.46875,0.0
1762651864.640996,171718.8125,171473.109375,172039.953125,171862.578125,171928.203125,172009.015625,172151.359375,172345.640625,0.0
1762651864.6410034,171931.59375,171686.078125,172252.921875,172075.625,172140.984375,172221.890625,172364.59375,172558.6875,0.0
1762651864.6433268,172732.234375,172486.90625,173053.734375,172876.453125,172941.71875,173022.8125,173165.5,173359.78125,0.0
1762651864.6433413,172688.609375,172442.90625,173009.75,172832.453125,172897.8125,172978.90625,173121.515625,173315.609375,0.0
1762651864.6457791,171885.28125,171639.328125,172206.609375,172029.046875,172094.5,172175.671875,172318.015625,172511.9375,0.0
1762651864.6483705,171826.890625,171581.296875,172148.578125,171971.015625,172036.46875,172117.65625,172259.890625,172454.09375,0.0
1762651864.6483853,172697.0,172452.03125,173019.140625,172841.9375,172907.203125,172988.03125,173130.90625,173324.734375,0.0
1762651864.6507852,172794.453125,172549.21875,173116.328125,172939.296875,173004.5625,173085.484375,173228.171875,173422.1875,0.0
1762651864.6532855,172075.09375,171829.765625,172396.59375,172219.21875,172284.84375,172365.84375,172508.453125,172702.1875,0.0
1762651864.6557925,171751.96875,171506.46875,172073.390625,171896.015625,171961.28125,172042.453125,172185.15625,172378.8125,0.0
1762651864.6584547,172628.796875,172383.71875,172950.828125,172773.890625,172838.71875,172919.71875,173062.765625,173256.6875,0.0
1762651864.6584802,172875.640625,172630.75,173197.59375,173020.921875,173085.5625,173166.578125,173309.71875,173503.453125,0.0
1762651864.6608932,172275.0,172029.578125,172596.515625,172419.484375,172484.75,172565.75,172708.453125,172902.203125,0.0
1762651864.664535,171728.90625,171483.3125,172050.421875,171872.9375,171938.390625,172019.296875,172162.171875,172355.828125,0.0
1762651864.7007916,172533.65625,172288.15625,172855.34375,172678.5,172743.046875,172823.96875,172967.109375,173161.03125,0.0
1762651864.700813,172934.921875,172689.765625,173256.6875,173079.671875,173144.75,173225.3125,173368.546875,173562.5625,0.0
1762651864.7033725,172474.03125,172228.6875,172795.890625,172618.328125,172684.046875,172764.59375,172907.46875,173101.578125,0.0
1762651864.703394,171762.53125,171517.015625,172084.03125,171906.375,171972.1875,172052.921875,172195.4375,172389.265625,0.0
1762651864.7057838,172419.046875,172173.703125,172741.078125,172563.4375,172628.875,172709.609375,172852.484375,173046.40625,0.0
1762651864.7083633,172972.828125,172727.859375,173294.953125,173117.84375,173183.015625,173263.75,173406.890625,173600.734375,0.0
1762651864.7108681,172651.859375,172406.703125,172973.453125,172796.515625,172861.609375,172942.703125,173085.484375,173279.5,0.0
1762651864.7132895,171841.03125,171595.328125,172162.265625,171984.875,172050.421875,172131.328125,172273.75,172467.765625,0.0
1762651864.7157876,172287.515625,172042.015625,172609.484375,172432.265625,172497.359375,172577.921875,172720.703125,172914.796875,0.0
1762651864.7183967,172985.34375,172740.28125,173307.75,173130.625,173195.625,173276.0,173418.96875,173613.25,0.0
1762651864.718412,172808.671875,172563.796875,173130.71875,172953.6875,173018.515625,173099.421875,173242.203125,173436.578125,0.0
1762651864.7209053,171972.453125,171726.765625,172293.609375,172116.578125,172181.84375,172262.9375,172405.1875,172599.46875,0.0
1762651864.72092,172166.015625,171920.234375,172487.171875,172310.140625,172375.671875,172456.859375,172599.109375,172792.9375,0.0
1762651864.72341,172976.3125,172730.984375,173298.0,173121.25,173186.328125,173267.25,173410.03125,173603.953125,0.0
1762651864.7234244,172940.640625,172695.484375,173262.5,173085.75,173150.65625,173231.65625,173374.171875,173568.546875,0.0
1762651864.7296462,172141.515625,171896.1875,172462.765625,172285.828125,172351.0,172432.1875,172574.25,172768.796875,0.0
1762651864.733341,172061.59375,171816.078125,172382.921875,172205.53125,172270.890625,172351.890625,172494.40625,172688.609375,0.0
1762651864.7333555,172937.0625,172692.0,173259.203125,173081.90625,173147.078125,173227.71875,173370.859375,173565.140625,0.0
1762651864.7671432,173045.34375,172800.546875,173367.5625,173190.359375,173255.359375,173335.90625,173478.953125,173673.328125,0.0
1762651864.7671635,172332.859375,172087.703125,172654.625,172477.421875,172542.421875,172623.25,172765.9375,172960.125,0.0
1762651864.7708852,171990.515625,171744.828125,172311.65625,172134.90625,172200.0,172280.8125,172423.515625,172617.25,0.0
1762651864.7709007,172863.578125,172618.328125,173185.171875,173008.40625,173073.40625,173154.328125,173297.109375,173491.390625,0.0
1762651864.770908,173122.671875,172877.15625,173444.1875,173267.875,173332.421875,173413.421875,173556.203125,173750.75,0.0
1762651864.778312,172531.875,172286.265625,172853.296875,172676.890625,172741.625,172822.4375,172964.953125,173159.515625,0.0
1762651864.7783275,171972.453125,171726.578125,172293.78125,172117.03125,172181.84375,172262.9375,172405.1875,172599.546875,0.0
1762651864.7783356,172768.53125,172523.015625,173090.21875,172913.015625,172978.015625,173059.109375,173201.53125,173396.078125,0.0
1762651864.7783413,173181.234375,172935.546875,173503.015625,173325.625,173390.8125,173471.8125,173614.40625,173809.140625,131.0
1762651864.7810912,172728.828125,172483.0625,173050.609375,172873.3125,172938.40625,173019.40625,173161.5625,173356.296875,0.0
1762651864.7832778,172004.453125,171758.5,172325.515625,172148.5,172213.765625,172294.671875,172436.828125,172631.109375,0.0
1762651864.7857823,172650.15625,172404.828125,172971.484375,172794.546875,172860.078125,172940.640625,173083.25,173277.703125,0.0
1762651864.8094347,173215.296875,172970.328125,173537.078125,173360.234375,173425.671875,173506.140625,173648.921875,173843.46875,0.0
1762651864.823436,172906.9375,172661.875,173228.796875,173051.59375,173117.3125,173197.59375,173340.46875,173535.015625,0.0
1762651864.8270483,172092.25,171846.828125,172413.671875,172236.65625,172302.1875,172382.734375,172525.34375,172719.8125,0.0
1762651864.8270655,172521.140625,172275.8125,172842.65625,172665.796875,172731.421875,172811.453125,172954.234375,173148.875,0.0
1762651864.827074,173227.1875,172981.859375,173549.140625,173372.296875,173437.46875,173517.859375,173660.71875,173855.09375,0.0
1762651864.8297892,173061.609375,172816.453125,173383.296875,173206.265625,173271.453125,173351.734375,173494.96875,173689.25,0.0
1762651864.8298037,172225.828125,171980.40625,172547.421875,172370.140625,172435.578125,172515.875,172658.65625,172852.671875,0.0
1762651864.832086,172398.03125,172152.515625,172719.8125,172542.328125,172607.328125,172688.15625,172830.671875,173025.125,0.0
1762651864.8345304,173215.125,172969.875,173536.984375,173360.046875,173424.6875,173505.515625,173648.5625,173843.03125,0.0
1762651864.8370967,173190.4375,172945.015625,173512.390625,173335.375,173400.375,173480.65625,173623.984375,173818.34375,0.0
1762651864.8396895,172396.234375,172150.640625,172718.015625,172540.640625,172606.078125,172686.375,172829.421875,173023.609375,0.0
1762651864.8397045,172296.28125,172050.6875,172617.4375,172440.234375,172506.125,172586.59375,172729.375,172923.203125,0.0
1762651864.8421905,173174.0,172929.015625,173495.40625,173318.46875,173384.09375,173464.5625,173607.703125,173801.625,0.0
1762651864.844696,173293.0,173048.109375,173614.765625,173438.015625,173503.28125,173583.5625,173726.890625,173920.984375,0.0
1762651864.847062,172590.078125,172345.015625,172911.859375,172734.640625,172800.0,172880.375,173023.15625,173217.4375,0.0
1762651864.8470805,172229.40625,171983.984375,172550.640625,172373.359375,172438.890625,172519.4375,172661.953125,172856.328125,0.0
1762651864.892143,173097.8125,172853.015625,173419.6875,173242.84375,173308.109375,173388.390625,173531.359375,173725.453125,0.0
1762651864.8947127,173369.53125,173124.546875,173691.296875,173514.640625,173579.71875,173660.359375,173803.0625,173997.4375,0.0
1762651864.894729,172790.171875,172544.5625,173111.671875,172934.375,173000.1875,173080.5625,173223.078125,173417.890625,0.0
1762651864.8970447,172213.765625,171967.890625,172534.828125,172357.796875,172423.328125,172503.984375,172646.578125,172840.765625,0.0
1762651864.8998733,173000.359375,172755.390625,173321.78125,173145.203125,173210.203125,173290.9375,173433.984375,173628.09375,0.0
1762651864.9020464,173423.96875,173179.171875,173745.921875,173569.265625,173634.078125,173714.71875,173857.78125,174052.234375,0.0
1762651864.9045272,172981.859375,172736.609375,173303.984375,173126.96875,173191.875,173272.515625,173415.390625,173609.765625,0.0
1762651864.9070294,172249.34375,172003.75,172571.125,172394.09375,172459.0,172539.828125,172682.515625,172876.359375,0.0
1762651864.909529,172880.296875,172634.78125,173202.25,173025.3125,173090.125,173170.859375,173313.734375,173507.921875,0.0
1762651864.9121091,173457.5,173212.703125,173779.640625,173603.140625,173667.78125,173748.515625,173891.578125,174085.9375,0.0
1762651864.9145222,173159.6875,172914.890625,173481.46875,173305.15625,173369.703125,173450.53125,173593.21875,173787.859375,0.0
1762651864.9171002,172338.03125,172092.609375,172659.90625,172482.96875,172547.96875,172628.703125,172771.296875,172965.5,0.0
1762651864.9195292,172747.515625,172502.546875,173069.921875,172892.890625,172957.890625,173038.546875,173181.140625,173375.609375,0.0
1762651864.9221592,173466.0,173221.375,173788.3125,173611.734375,173676.546875,173757.015625,173899.984375,174094.4375,0.0
1762651864.9246557,173311.234375,173066.25,173633.1875,173456.609375,173521.515625,173601.890625,173744.953125,173939.3125,0.0
1762651864.9269676,172477.328125,172232.265625,172799.109375,172622.0,172687.0,172767.90625,172910.421875,173104.796875,0.0
1762651864.9571197,172628.078125,172383.1875,172950.125,172773.1875,172838.265625,172919.0,173061.421875,173255.890625,0.0
1762651864.957139,173452.40625,173207.703125,173774.890625,173597.78125,173663.3125,173743.875,173886.390625,174081.03125,0.0
1762651864.9596148,173437.921875,173193.484375,173760.328125,173583.03125,173648.5625,173729.203125,173871.90625,174066.359375,0.0
1762651864.9596293,172651.046875,172406.4375,172973.09375,172795.625,172861.421875,172941.890625,173084.671875,173278.953125,0.0
1762651864.9620495,172527.671875,172282.875,172849.71875,172672.15625,172737.953125,172818.515625,172961.296875,173155.84375,0.0
1762651864.9645264,173407.4375,173163.0,173729.5625,173552.71875,173617.71875,173698.546875,173841.421875,174036.140625,0.0
1762651864.9670277,173537.515625,173292.453125,173859.5625,173682.984375,173747.625,173828.0,173971.40625,174165.78125,0.0
1762651864.9696884,172842.734375,172597.234375,173164.421875,172987.21875,173052.578125,173132.859375,173276.0,173470.28125,0.0
1762651864.9721446,172464.453125,172218.953125,172786.0625,172608.765625,172674.46875,172754.9375,172897.8125,173092.0,0.0
1762651864.974588,173332.0625,173086.90625,173654.109375,173477.078125,173542.265625,173622.640625,173766.046875,173960.5,0.0
1762651864.977029,173614.59375,173369.4375,173936.71875,173760.0625,173824.78125,173904.984375,174048.84375,174242.9375,0.0
1762651864.9820273,173042.5625,172796.96875,173364.34375,173187.5,173252.3125,173332.875,173476.1875,173670.296875,0.0
1762651864.9820423,172449.265625,172203.75,172770.765625,172593.46875,172658.828125,172739.65625,172882.53125,173076.625,0.0
1762651864.9845328,173229.421875,172984.359375,173551.375,173374.4375,173439.796875,173520.265625,173663.234375,173857.78125,0.0
1762651864.9845498,173667.703125,173422.8125,173990.09375,173813.25,173878.34375,173958.625,174101.859375,174296.59375,0.0
1762651864.9871304,173238.09375,172993.03125,173560.046875,173383.390625,173448.46875,173528.765625,173671.984375,173866.1875,0.0
1762651864.9921513,172492.171875,172246.9375,172813.765625,172636.75,172702.375,172782.65625,172925.53125,173119.71875,0.0
1762651864.992166,173106.578125,172861.96875,173428.890625,173251.78125,173317.140625,173397.78125,173540.5625,173735.296875,0.0
1762651864.9945316,173699.265625,173454.546875,174021.84375,173844.640625,173910.078125,173990.28125,174133.515625,174328.234375,0.0
1762651864.9971297,173412.796875,173167.5625,173734.84375,173558.078125,173623.078125,173703.375,173847.046875,174041.328125,0.0
1762651865.0021508,172589.09375,172343.484375,172910.6875,172733.75,172799.015625,172879.484375,173022.453125,173216.640625,0.0
1762651865.0021653,172978.640625,172733.484375,173300.5,173123.5625,173188.828125,173269.21875,173412.171875,173606.359375,0.0
1762651865.0046859,173705.25,173460.0,174027.03125,173850.53125,173915.53125,173995.90625,174138.96875,174333.59375,0.0
1762651865.008362,173562.109375,173316.59375,173883.96875,173707.390625,173772.21875,173852.765625,173995.734375,174190.109375,0.0
1762651865.042157,172727.578125,172481.796875,173049.265625,172871.96875,172937.328125,173017.984375,173161.03125,173355.125,0.0
1762651865.0421736,172853.734375,172607.875,173175.421875,172998.21875,173063.21875,173143.953125,173287.1875,173481.640625,0.0
1762651865.044592,173684.953125,173439.53125,174006.8125,173829.875,173895.0625,173975.796875,174119.109375,174313.390625,0.0
1762651865.0446055,173684.15625,173439.078125,174005.921875,173829.078125,173894.4375,173975.078125,174118.40625,174312.40625,0.0
1762651865.0470548,172900.671875,172655.171875,173222.546875,173045.34375,173110.6875,173191.421875,173334.296875,173528.578125,0.0
1762651865.0496073,172753.78125,172508.53125,173075.640625,172898.625,172963.703125,173044.625,173187.21875,173381.6875,0.0
1762651865.0524297,173635.875,173390.984375,173958.1875,173781.15625,173846.328125,173926.625,174070.03125,174264.671875,0.0
1762651865.0546968,173780.625,173535.90625,174102.75,173926.359375,173991.0,174071.453125,174215.140625,174409.234375,0.0
1762651865.0570395,173095.671875,172850.34375,173417.453125,173240.6875,173305.59375,173386.328125,173529.390625,173723.40625,0.0
1762651865.0596073,172695.9375,172450.0625,173017.796875,172840.5,172905.765625,172986.59375,173129.375,173323.296875,0.0
1762651865.062224,173557.546875,173312.21875,173879.5,173702.828125,173767.75,173848.21875,173991.703125,174185.8125,0.0
1762651865.0645573,173854.375,173609.21875,174176.6875,174000.203125,174065.015625,174145.3125,174288.546875,174483.09375,0.0
1762651865.064572,173296.5625,173051.234375,173618.34375,173441.765625,173507.03125,173587.40625,173730.375,173924.75,0.0
1762651865.0720031,172687.890625,172442.46875,173009.75,172832.71875,172898.078125,172978.734375,173121.25,173315.4375,0.0
1762651865.072018,173455.71875,173210.65625,173778.03125,173601.265625,173666.359375,173746.734375,173889.96875,174084.15625,0.0
1762651865.1033432,173908.03125,173663.3125,174230.515625,174054.03125,174119.03125,174199.3125,174342.546875,174536.640625,0.0
1762651865.1070335,173489.0625,173243.90625,173811.203125,173633.984375,173699.4375,173780.0,173922.859375,174116.875,0.0
1762651865.1070485,172735.265625,172490.03125,173057.046875,172879.9375,172945.375,173025.9375,173168.625,173362.46875,0.0
1762651865.107056,173332.953125,173087.984375,173655.0,173477.984375,173543.421875,173623.796875,173766.578125,173961.046875,0.0
1762651865.109696,173937.796875,173693.0,174260.015625,174083.171875,174148.34375,174228.640625,174372.046875,174566.328125,0.0
1762651865.1120615,173661.625,173416.546875,173983.9375,173806.90625,173872.34375,173952.453125,174095.78125,174289.875,0.0
1762651865.1145215,172833.4375,172587.75,173155.3125,172978.1875,173043.734375,173124.1875,173267.0625,173461.078125,0.0
1762651865.1170115,173202.328125,172957.1875,173524.296875,173347.359375,173412.359375,173493.171875,173635.875,173830.234375,0.0
1762651865.1196043,173939.765625,173694.875,174262.171875,174085.5,174150.3125,174231.046875,174373.75,174568.390625,0.0
1762651865.12219,173807.4375,173562.90625,174129.578125,173953.171875,174018.078125,174098.46875,174241.609375,174436.15625,0.0
1762651865.1222048,172974.609375,172729.46875,173296.296875,173119.1875,173184.8125,173265.28125,173408.15625,173602.34375,0.0
1762651865.1246479,173078.421875,172833.078125,173400.1875,173222.90625,173288.515625,173369.171875,173511.59375,173705.96875,0.0
1762651865.1271312,173917.328125,173672.96875,174239.546875,174063.140625,174128.140625,174208.703125,174351.125,174546.21875,0.0
1762651865.129696,173933.140625,173688.796875,174255.375,174078.96875,174144.140625,174224.609375,174367.125,174562.125,0.0
1762651865.132554,173158.609375,172913.546875,173480.390625,173303.71875,173368.984375,173449.8125,173591.875,173786.875,0.0
1762651865.1325765,172988.390625,172743.140625,173310.421875,173133.578125,173198.484375,173279.5,173421.65625,173616.375,0.0
1762651865.1660068,173869.484375,173624.515625,174191.796875,174015.046875,174079.953125,174160.234375,174303.296875,174498.109375,0.0
1762651865.168576,174027.65625,173783.03125,174350.140625,174173.65625,174238.390625,174318.671875,174461.546875,174656.625,0.0
1762651865.1685913,173352.453125,173107.921875,173674.671875,173498.359375,173563.265625,173643.640625,173785.984375,173981.15625,0.0
1762651865.1722383,172932.59375,172687.890625,173254.90625,173077.875,173142.96875,173223.53125,173366.046875,173561.125,0.0
1762651865.1722536,173789.46875,173544.9375,174112.140625,173935.296875,174000.203125,174080.765625,174223.90625,174418.71875,0.0
1762651865.172261,174099.171875,173854.640625,174421.40625,174245.09375,174309.8125,174390.203125,174533.34375,174727.890625,0.0
1762651865.1722667,173551.921875,173307.390625,173874.140625,173697.65625,173762.296875,173843.390625,173985.890625,174180.53125,0.0
1762651865.17582,172927.9375,172683.15625,173250.34375,173073.5,173138.234375,173219.328125,173361.65625,173556.296875,0.0
1762651865.1758347,173682.984375,173438.09375,174005.75,173828.984375,173893.71875,173974.28125,174117.421875,174311.703125,0.0
1762651865.175842,174148.796875,173903.828125,174471.46875,174294.703125,174359.625,174439.640625,174583.140625,174777.6875,0.0
1762651865.1820953,173741.453125,173496.578125,174063.6875,173886.5625,173952.109375,174032.390625,174175.4375,174369.90625,0.0
1762651865.18454,172976.9375,172732.140625,173298.8125,173122.140625,173187.5,173267.875,173410.75,173604.9375,0.0
1762651865.1870515,173557.734375,173313.28125,173879.953125,173702.921875,173768.546875,173848.84375,173991.703125,174186.34375,0.0
1762651865.187068,174174.90625,173930.5625,174497.65625,174320.640625,174386.0,174466.375,174609.15625,174803.96875,0.0
1762651865.2196105,173913.921875,173669.390625,174236.421875,174059.5625,174124.65625,174205.21875,174347.734375,174542.546875,0.0
1762651865.21964,173081.90625,172837.109375,173403.859375,173227.015625,173292.453125,173372.5625,173515.171875,173709.984375,0.0
1762651865.2221017,173429.703125,173184.90625,173751.734375,173575.34375,173640.34375,173720.53125,173863.5,174058.40625,0.0
1762651865.2257807,174178.921875,173934.484375,174501.328125,174325.109375,174389.65625,174470.125,174613.4375,174808.359375,0.0
1762651865.2257953,174058.5,173813.96875,174380.890625,174204.40625,174269.3125,174349.96875,174492.921875,174687.75,0.0
1762651865.225803,173226.5625,172981.859375,173548.875,173371.84375,173437.390625,173518.296875,173660.8125,173855.09375,0.0
1762651865.22855,173306.5,173061.96875,173628.8125,173451.953125,173517.5,173597.78125,173740.828125,173934.9375,0.0
1762651865.2285645,174152.828125,173908.375,174475.40625,174299.09375,174364.0,174444.109375,174587.421875,174782.25,0.0
1762651865.2307677,174175.171875,173930.46875,174497.484375,174321.171875,174386.171875,174465.921875,174609.421875,174804.515625,0.0
1762651865.2332666,173406.0,173161.125,173728.046875,173551.46875,173616.828125,173696.671875,173840.078125,174034.71875,0.0
1762651865.235927,173216.28125,172971.125,173538.421875,173361.5625,173426.921875,173507.125,173650.171875,173844.640625,0.0
1762651865.2383492,174098.734375,173854.015625,174420.953125,174244.46875,174309.640625,174389.921875,174533.421875,174727.625,0.0
1762651865.2407672,174267.0,174022.46875,174589.21875,174412.90625,174478.0,174558.015625,174701.59375,174895.96875,0.0
1762651865.2959676,173602.25,173357.28125,173924.390625,173747.53125,173812.8125,173892.921875,174036.40625,174230.609375,0.0
1762651865.3145297,173163.0,172918.109375,173485.21875,173308.1875,173373.640625,173453.65625,173597.25,173791.4375,0.0
1762651865.314548,174016.03125,173771.40625,174338.609375,174161.84375,174227.203125,174307.140625,174450.71875,174645.453125,0.0
1762651865.3145564,174339.234375,174094.53125,174661.71875,174484.78125,174550.140625,174629.890625,174773.75,174968.75,0.0
1762651865.3170276,173801.625,173557.1875,174124.203125,173947.28125,174012.453125,174092.5625,174236.0625,174430.703125,0.0
1762651865.3197548,173162.640625,172918.015625,173485.125,173308.28125,173373.1875,173453.65625,173596.703125,173791.34375,0.0
1762651865.322015,173907.671875,173663.234375,174230.15625,174053.671875,174118.671875,174199.046875,174342.359375,174536.90625,0.0
1762651865.3249743,174385.453125,174140.84375,174707.859375,174531.28125,174596.28125,174676.75,174820.0625,175014.875,0.0
1762651865.327094,173990.09375,173745.21875,174312.59375,174135.5625,174200.921875,174281.5625,174424.171875,174618.90625,0.0
1762651865.3295135,173219.40625,172973.984375,173541.546875,173363.796875,173429.609375,173510.4375,173653.21875,173847.234375,0.0
1762651865.3320973,173781.515625,173536.53125,174103.640625,173926.703125,173992.25,174072.53125,174216.03125,174410.046875,0.0
1762651865.3345137,174409.859375,174165.6875,174732.625,174556.140625,174621.3125,174701.59375,174845.09375,175039.5625,0.0
1762651865.3372931,174160.6875,173916.078125,174483.09375,174306.421875,174371.875,174451.96875,174595.390625,174789.84375,0.0
1762651865.3395612,173325.8125,173080.5625,173647.9375,173471.09375,173536.265625,173616.734375,173759.703125,173954.34375,0.0
1762651865.342141,173648.921875,173403.859375,173971.140625,173794.390625,173859.5625,173939.859375,174082.90625,174277.453125,0.0
1762651865.3445225,174407.265625,174162.46875,174730.296875,174553.1875,174618.546875,174698.828125,174842.234375,175036.4375,0.0
1762651865.3468764,174302.75,174058.3125,174625.515625,174448.9375,174513.75,174594.21875,174737.8125,174931.90625,0.0
1762651865.3520255,173476.8125,173232.203125,173799.21875,173622.1875,173687.640625,173767.921875,173911.328125,174105.609375,0.0
1762651865.3545141,173533.59375,173288.703125,173855.984375,173678.609375,173744.40625,173824.34375,173967.84375,174162.390625,0.0
1762651865.3571243,174385.375,174140.921875,174708.125,174531.1875,174596.453125,174676.828125,174820.0625,175014.96875,0.0
1762651865.3621387,174420.421875,174175.984375,174743.53125,174566.859375,174631.78125,174711.796875,174855.46875,175050.203125,0.0
1762651865.3657737,173660.8125,173416.109375,173983.484375,173806.375,173871.71875,173951.921875,174095.59375,174290.0625,0.0
1762651865.365789,173446.5,173201.796875,173768.8125,173591.609375,173657.421875,173737.703125,173881.015625,174075.484375,0.0
1762651865.3657968,174331.8125,174087.734375,174654.84375,174477.640625,174543.078125,174623.09375,174766.875,174961.5,0.0
1762651865.3732753,174512.953125,174268.875,174836.15625,174658.78125,174724.40625,174804.328125,174948.09375,175142.734375,0.0
1762651865.37329,173857.328125,173612.53125,174179.828125,174002.34375,174068.15625,174148.4375,174291.578125,174486.484375,0.0
1762651865.3732975,173398.5,173153.875,173720.8125,173543.6875,173609.046875,173689.328125,173832.296875,174027.03125,0.0
1762651865.3757737,174243.484375,173999.3125,174566.0625,174388.859375,174454.21875,174534.59375,174677.546875,174872.71875,0.0
1762651865.3783672,174578.75,174334.5,174901.25,174724.578125,174789.671875,174869.953125,175013.359375,175208.09375,0.0
1762651865.3808,174053.84375,173809.40625,174376.34375,174199.484375,174265.203125,174344.78125,174488.546875,174683.0,0.0
1762651865.3808167,173401.53125,173157.0,173723.84375,173546.734375,173612.53125,173692.640625,173835.875,174030.328125,0.0
1762651865.3833416,174132.4375,173888.265625,174455.375,174278.34375,174344.234375,174423.71875,174567.40625,174761.953125,0.0
1762651865.385762,174621.9375,174378.3125,174944.96875,174768.296875,174833.46875,174913.578125,175057.34375,175252.078125,0.0
1762651865.3885477,174240.0,173995.734375,174562.75,174385.71875,174451.0,174531.734375,174675.046875,174869.6875,0.0
1762651865.3907628,173460.1875,173215.65625,173782.859375,173605.109375,173671.09375,173751.5625,173894.703125,174088.890625,0.0
1762651865.393263,174003.6875,173759.609375,174326.359375,174149.328125,174214.59375,174294.984375,174438.46875,174632.75,0.0
1762651865.39577,174643.75,174400.03125,174966.421875,174789.578125,174854.671875,174935.21875,175078.625,175273.171875,0.0
1762651865.3957849,174403.421875,174159.53125,174726.359375,174549.25,174614.703125,174694.890625,174838.390625,175032.765625,0.0
1762651865.3983636,173567.828125,173323.484375,173890.671875,173713.203125,173779.09375,173859.390625,174002.4375,174196.890625,0.0
1762651865.4007723,173872.703125,173628.1875,174195.109375,174017.734375,174083.625,174164.0,174307.21875,174501.78125,0.0
1762651865.4357734,174641.78125,174397.53125,174964.375,174787.4375,174852.875,174933.171875,175076.390625,175271.03125,0.0
1762651865.4395268,174545.671875,174301.859375,174868.515625,174691.765625,174757.03125,174837.234375,174980.546875,175175.015625,0.0
1762651865.4395432,173721.875,173477.34375,174044.375,173867.34375,173932.4375,174012.90625,174156.125,174350.59375,0.0
1762651865.439551,173756.75,173511.953125,174079.328125,173901.859375,173967.296875,174047.59375,174191.0,174385.375,0.0
1762651865.442094,174613.984375,174369.8125,174937.015625,174760.15625,174825.15625,174905.453125,175048.953125,175243.578125,0.0
1762651865.4446971,174662.171875,174418.1875,174985.109375,174808.796875,174873.53125,174954.078125,175097.21875,175292.046875,0.0
1762651865.44701,173907.578125,173663.5,174229.984375,174053.484375,174118.75,174199.21875,174342.09375,174536.375,0.0
1762651865.4495091,173671.453125,173427.015625,173994.03125,173817.09375,173882.625,173963.359375,174105.96875,174300.078125,0.0
1762651865.45202,174554.703125,174310.4375,174877.640625,174701.0625,174765.703125,174846.34375,174989.40625,175184.125,0.0
1762651865.4545548,174749.609375,174505.4375,175072.640625,174896.0625,174960.4375,175041.078125,175184.84375,175379.65625,0.0
1762651865.4545712,174104.359375,173860.015625,174427.125,174250.28125,174315.0,174395.921875,174539.234375,174733.421875,0.0
1762651865.457097,173627.375,173382.484375,173949.859375,173772.84375,173838.015625,173918.390625,174061.625,174255.8125,0.0
1762651865.4599173,174467.4375,174223.0,174790.296875,174613.265625,174678.09375,174758.640625,174902.234375,175096.78125,0.0
1762651865.4620352,174816.21875,174572.3125,175139.0625,174962.3125,175027.21875,175107.6875,175251.359375,175446.0,0.0
1762651865.4645128,174303.921875,174059.65625,174626.671875,174449.828125,174514.921875,174595.5625,174738.890625,174933.34375,0.0
1762651865.4671028,173640.25,173395.625,173962.5625,173785.8125,173850.796875,173931.8125,174074.765625,174269.046875,0.0
1762651865.4671173,174357.46875,174112.859375,174680.046875,174503.296875,174568.390625,174648.84375,174792.171875,174986.71875,0.0
1762651865.501254,174860.65625,174615.953125,175183.5,175007.109375,175071.65625,175152.03125,175295.625,175490.171875,0.0
1762651865.503539,174490.15625,174245.53125,174812.828125,174636.328125,174700.890625,174781.625,174924.671875,175119.484375,0.0
1762651865.5035546,173703.734375,173458.75,174025.859375,173849.375,173914.1875,173995.015625,174137.796875,174332.171875,0.0
1762651865.5057583,174232.125,173987.15625,174554.4375,174377.859375,174442.671875,174523.234375,174666.828125,174861.109375,0.0
1762651865.5084355,174882.296875,174637.765625,175204.96875,175028.390625,175093.296875,175174.03125,175317.53125,175512.078125,0.0
1762651865.5319424,174656.8125,174412.453125,174979.65625,174802.984375,174868.078125,174948.546875,175091.859375,175286.328125,0.0
1762651865.5444965,173819.78125,173575.078125,174141.90625,173964.796875,174030.15625,174110.796875,174253.765625,174448.484375,0.0
1762651865.5470054,174101.859375,173857.0625,174424.171875,174247.0625,174312.40625,174392.875,174535.921875,174730.84375,0.0
1762651865.5495932,174877.90625,174633.828125,175200.9375,175024.09375,175089.1875,175169.640625,175312.875,175507.6875,0.0
1762651865.5521216,174795.296875,174551.046875,175118.234375,174941.484375,175006.5625,175086.671875,175230.265625,175424.90625,0.0
1762651865.55475,173976.0625,173731.359375,174298.28125,174121.625,174186.609375,174267.265625,174410.21875,174604.953125,0.0
1762651865.5547657,173986.96875,173742.265625,174309.015625,174132.875,174197.34375,174278.171875,174421.046875,174615.953125,0.0
1762651865.5570078,174847.78125,174603.609375,175170.1875,174994.140625,175058.78125,175139.0625,175282.828125,175477.296875,0.0
1762651865.5597281,174907.234375,174663.0625,175230.0,175053.859375,175118.421875,175198.875,175342.65625,175536.9375,0.0
1762651865.5620077,174160.234375,173915.53125,174482.546875,174306.328125,174370.703125,174451.890625,174595.296875,174789.21875,0.0
1762651865.564512,173901.9375,173657.6875,174224.25,174048.03125,174112.3125,174192.96875,174336.734375,174530.828125,0.0
1762651865.5670028,174785.109375,174541.46875,175107.953125,174931.375,174995.84375,175076.578125,175220.34375,175415.15625,0.0
1762651865.569508,174992.984375,174748.71875,175315.296875,175138.984375,175203.890625,175284.4375,175427.9375,175622.765625,0.0
1762651865.5770795,174358.09375,174113.921875,174680.5,174503.828125,174569.1875,174649.390625,174792.703125,174987.25,0.0
1762651865.583284,173862.6875,173618.34375,174184.828125,174008.421875,174073.421875,174154.078125,174297.03125,174491.3125,0.0
1762651865.5833015,174694.625,174450.09375,175017.03125,174840.890625,174905.359375,174985.921875,175129.234375,175323.875,0.0
1762651865.5833104,175055.921875,174811.75,175378.59375,175202.734375,175267.015625,175347.5625,175490.625,175685.796875,0.0
1762651865.5857568,174554.96875,174310.890625,174877.734375,174701.59375,174765.96875,174846.625,174990.03125,175184.390625,0.0
1762651865.5882635,173875.390625,173631.046875,174197.96875,174021.578125,174086.21875,174166.953125,174310.09375,174504.453125,0.0
1762651865.5882788,174579.109375,174335.203125,174901.78125,174725.390625,174790.109375,174870.671875,175014.171875,175208.453125,0.0
1762651865.5932553,175096.6875,174852.703125,175419.53125,175243.578125,175308.234375,175388.421875,175532.015625,175726.5625,0.0
1762651865.5957985,174738.609375,174494.53125,175061.375,174885.78125,174949.96875,175030.265625,175173.84375,175368.3125,0.0
1762651865.5958157,173943.078125,173698.546875,174265.5625,174089.34375,174153.796875,174234.453125,174377.765625,174571.953125,0.0
1762651865.5983644,174450.453125,174206.109375,174772.953125,174596.71875,174661.28125,174741.75,174885.421875,175079.703125,0.0
1762651865.6008377,175113.5,174869.6875,175436.25,175260.3125,175324.3125,175405.0625,175548.734375,175743.1875,0.0
1762651865.603392,174898.109375,174654.296875,175220.875,175044.828125,175109.203125,175189.671875,175333.171875,175527.625,0.0
1762651865.6057673,174058.765625,173814.6875,174381.171875,174205.03125,174269.9375,174350.328125,174493.640625,174687.75,0.0
1762651865.6083395,174318.40625,174074.5,174641.078125,174464.765625,174529.484375,174609.875,174753.28125,174947.65625,0.0
1762651865.6109405,175105.265625,174861.8125,175428.65625,175252.34375,175317.078125,175397.28125,175540.6875,175735.5,0.0
1762651865.6109548,175035.71875,174791.984375,175358.921875,175182.703125,175247.25,175327.625,175471.125,175665.859375,0.0
1762651865.6133673,174217.90625,173973.921875,174540.484375,174364.171875,174428.90625,174509.46875,174652.78125,174847.25,0.0
1762651865.6570237,174206.203125,173961.75,174528.59375,174352.203125,174417.015625,174497.75,174640.796875,174835.171875,0.0
1762651865.6645043,175070.140625,174826.0625,175392.890625,175216.671875,175280.953125,175361.78125,175505.28125,175699.921875,0.0
1762651865.6645226,175133.171875,174889.265625,175455.921875,175279.34375,175344.265625,175424.640625,175567.859375,175763.046875,0.0
1762651865.668344,174396.71875,174152.734375,174719.296875,174542.71875,174607.90625,174688.375,174831.234375,175026.140625,0.0
1762651865.6683595,174115.09375,173871.015625,174437.3125,174261.1875,174326.0,174406.296875,174549.25,174744.15625,0.0
1762651865.6683671,175000.21875,174756.046875,175322.625,175146.671875,175211.40625,175291.859375,175434.921875,175630.09375,0.0
1762651865.672011,175219.09375,174975.0,175541.765625,175365.53125,175430.171875,175510.640625,175654.328125,175849.046875,0.0
1762651865.6720252,174594.21875,174349.96875,174916.796875,174740.5,174804.859375,174885.328125,175029.28125,175223.5625,0.0
1762651865.6720328,174080.40625,173836.140625,174402.890625,174226.40625,174291.046875,174371.59375,174515.09375,174709.640625,0.0
1762651865.6759543,174905.09375,174661.1875,175227.84375,175051.265625,175116.1875,175196.734375,175339.96875,175534.875,0.0
1762651865.6759784,175279.96875,175035.984375,175602.375,175425.890625,175490.796875,175571.359375,175714.9375,175909.671875,0.0
1762651865.6759858,174790.734375,174547.015625,175113.765625,174936.921875,175001.734375,175082.203125,175225.53125,175420.34375,0.0
1762651865.6782484,174101.234375,173857.0625,174423.90625,174246.96875,174311.96875,174392.4375,174535.65625,174730.03125,0.0
1762651865.6821315,174793.0625,174549.078125,175115.5625,174938.96875,175003.890625,175084.265625,175227.765625,175422.21875,0.0
1762651865.6821463,175328.515625,175084.703125,175651.453125,175475.0625,175539.703125,175619.90625,175763.84375,175958.65625,0.0
1762651865.6821537,174981.265625,174737.453125,175303.9375,175127.625,175192.53125,175272.734375,175416.140625,175610.875,0.0
1762651865.6845157,174180.453125,173936.09375,174502.578125,174326.265625,174391.09375,174471.640625,174614.78125,174809.25,0.0
1762651865.6870847,174671.5625,174427.75,174994.3125,174817.921875,174882.5625,174962.765625,175106.53125,175301.15625,0.0
1762651865.689948,175347.828125,175104.296875,175670.59375,175494.1875,175559.1875,175639.03125,175783.421875,175977.890625,0.0
1762651865.6919632,175143.0,174899.546875,175465.5,175289.453125,175354.1875,175434.203125,175578.328125,175773.046875,0.0
1762651865.7045052,174301.59375,174057.328125,174623.734375,174447.140625,174512.0625,174592.609375,174735.84375,174930.484375,0.0
1762651865.7070732,174541.109375,174297.03125,174863.78125,174687.109375,174752.03125,174832.21875,174975.546875,175170.265625,0.0
1762651865.709504,175336.5625,175092.671875,175659.59375,175482.84375,175547.75,175628.03125,175771.53125,175966.265625,0.0
1762651865.712154,175276.671875,175032.5,175599.609375,175422.84375,175487.84375,175568.21875,175711.625,175906.453125,0.0
1762651865.7145028,174464.40625,174220.328125,174786.984375,174610.3125,174675.578125,174755.6875,174898.828125,175093.203125,0.0
1762651865.7183683,174430.25,174186.171875,174753.015625,174576.515625,174642.0625,174721.890625,174864.765625,175059.3125,0.0
1762651865.7183833,175299.734375,175055.734375,175622.671875,175446.265625,175511.265625,175591.296875,175734.78125,175929.609375,0.0
1762651865.7245035,175382.078125,175138.078125,175705.1875,175528.53125,175593.34375,175673.640625,175817.125,176011.6875,0.0
1762651865.7282522,174650.734375,174406.109375,174973.484375,174796.375,174861.375,174942.015625,175085.421875,175279.796875,0.0
1762651865.7620504,174353.09375,174108.109375,174675.671875,174498.5625,174563.828125,174644.46875,174787.4375,174982.0625,0.0
1762651865.762081,175235.1875,174990.390625,175557.84375,175381.359375,175446.09375,175526.921875,175669.875,175864.875,0.0
1762651865.7647145,175469.0625,175224.8125,175792.09375,175615.34375,175680.25,175760.984375,175904.03125,176099.03125,0.0
1762651865.7647295,174853.59375,174609.421875,175176.359375,174999.765625,175064.59375,175145.234375,175288.296875,175483.28125,0.0
1762651865.7670023,174322.78125,174078.609375,174645.546875,174468.703125,174533.96875,174614.34375,174757.296875,174952.484375,0.0
1762651865.7733257,175138.078125,174893.734375,175461.296875,175284.4375,175349.625,175429.828125,175573.3125,175768.21875,0.0
1762651865.7757523,175526.015625,175281.765625,175849.046875,175672.921875,175737.375,175817.671875,175961.34375,176156.15625,0.0
1762651865.7782607,175046.625,174802.1875,175369.203125,175193.078125,175257.4375,175337.90625,175481.3125,175676.3125,0.0
1762651865.780833,174342.359375,174097.65625,174664.859375,174488.09375,174552.734375,174633.5625,174776.609375,174971.34375,0.0
1762651865.7832592,175020.0625,174775.546875,175343.0,175166.515625,175230.890625,175311.625,175454.9375,175649.9375,0.0
1762651865.7857602,175563.578125,175319.84375,175886.875,175710.375,175774.84375,175855.125,175998.984375,176193.890625,0.0
1762651865.7857788,175225.4375,174981.53125,175548.46875,175371.796875,175436.703125,175517.078125,175660.671875,175855.390625,0.0
1762651865.7910264,174415.40625,174171.234375,174738.171875,174561.234375,174626.5,174706.96875,174849.921875,175044.921875,0.0
1762651865.791041,174887.390625,174643.390625,175210.328125,175033.5625,175098.828125,175178.859375,175322.359375,175517.53125,0.0
1762651865.7937963,175574.84375,175331.109375,175897.859375,175721.640625,175786.375,175866.3125,176010.25,176205.34375,0.0
1762651865.793811,175383.421875,175139.875,175706.53125,175529.859375,175594.59375,175675.15625,175818.828125,176013.46875,0.0
1762651865.795745,174541.65625,174297.484375,174864.765625,174687.828125,174752.46875,174833.296875,174976.4375,175170.984375,0.0
1762651865.829841,174757.484375,174513.40625,175080.421875,174904.203125,174968.390625,175049.21875,175192.4375,175387.0,0.0
1762651865.8298616,175563.21875,175319.21875,175885.890625,175709.84375,175774.125,175854.6875,175998.453125,176193.265625,0.0
1762651865.832246,175514.578125,175270.765625,175837.6875,175661.5625,175725.9375,175806.671875,175949.90625,176144.8125,0.0
1762651865.8322616,174703.75,174459.75,175026.6875,174850.734375,174914.84375,174995.578125,175138.796875,175333.625,0.0
1762651865.8345,174647.6875,174403.609375,174970.890625,174794.3125,174858.78125,174939.15625,175082.921875,175277.375,0.0
1762651865.8372808,175523.15625,175279.796875,175846.546875,175670.328125,175734.34375,175815.078125,175958.65625,176153.65625,0.0
1762651865.839667,175618.375,175374.75,175941.859375,175765.453125,175829.734375,175910.203125,176053.96875,176248.96875,0.0
1762651865.8425796,174891.328125,174647.515625,175214.625,175038.125,175102.765625,175182.96875,175326.5625,175521.46875,0.0
1762651865.8444989,174570.0,174326.0,174892.75,174716.359375,174781.171875,174861.546875,175005.3125,175199.515625,0.0
1762651865.8469975,175452.984375,175208.984375,175775.828125,175599.515625,175664.25,175744.359375,175888.5625,176082.765625,0.0
1762651865.8495612,175698.21875,175454.3125,176021.515625,175845.109375,175909.671875,175989.515625,176133.8125,176328.453125,0.0
1762651865.8521845,175092.9375,174849.03125,175416.046875,175239.296875,175304.109375,175384.484375,175527.8125,175722.8125,0.0
1762651865.8545053,174544.609375,174300.34375,174867.359375,174690.6875,174755.515625,174835.984375,174979.5625,175174.109375,0.0
1762651865.8570864,175354.890625,175110.546875,175677.203125,175501.34375,175565.984375,175646.1875,175790.046875,175984.6875,0.0
1762651865.8571014,175756.515625,175512.25,176078.921875,175902.6875,175967.78125,176047.984375,176191.84375,176386.828125,0.0
1762651865.860874,175289.453125,175045.375,175612.296875,175435.984375,175500.625,175581.09375,175724.859375,175919.6875,0.0
1762651865.8683777,174572.859375,174328.421875,174895.609375,174719.03125,174783.59375,174864.5,175007.734375,175202.453125,0.0
1762651865.8683941,175236.703125,174992.625,175559.640625,175383.6875,175448.0625,175528.53125,175672.296875,175866.84375,0.0
1762651865.9032717,175792.90625,175549.171875,176116.375,175939.984375,176004.4375,176084.90625,176228.671875,176423.484375,0.0
1762651865.9032893,175467.375,175223.296875,175790.484375,175614.09375,175678.734375,175759.28125,175902.78125,176097.515625,0.0
1762651865.9057524,174651.078125,174406.734375,174973.75,174797.4375,174862.09375,174943.0,175085.875,175280.6875,0.0
1762651865.9057689,175105.359375,174861.734375,175428.390625,175251.8125,175316.90625,175397.1875,175540.859375,175735.5,0.0
1762651865.9084115,175804.796875,175561.609375,176128.453125,175952.21875,176016.859375,176096.96875,176241.28125,176435.5625,0.0
1762651865.9107435,175623.921875,175380.109375,175947.3125,175771.171875,175835.375,175915.75,176060.046875,176254.421875,0.0
1762651865.9132636,174781.0,174536.5625,175103.65625,174927.53125,174991.71875,175072.109375,175216.5,175410.78125,0.0
1762651865.915746,174978.3125,174733.96875,175300.8125,175124.5,175189.3125,175269.421875,175413.640625,175608.1875,0.0
1762651865.9183612,175792.453125,175548.109375,176115.484375,175939.078125,176003.90625,176083.828125,176227.78125,176422.859375,0.0
1762651865.920787,175753.734375,175509.578125,176076.765625,175900.28125,175965.015625,176045.203125,176189.15625,176384.15625,0.0
1762651865.920802,174946.75,174702.21875,175269.515625,175093.109375,175157.671875,175237.859375,175381.625,175576.171875,0.0
1762651865.923327,174871.390625,174626.859375,175193.875,175017.65625,175082.296875,175162.5,175306.171875,175500.625,0.0
1762651865.925752,175752.046875,175507.78125,176074.53125,175898.671875,175963.046875,176043.15625,176187.359375,176381.921875,0.0
1762651865.9257667,175858.890625,175614.453125,176181.375,176005.15625,176069.703125,176149.90625,176294.203125,176488.84375,0.0
1762651865.9283152,175139.6875,174894.71875,175461.921875,175285.609375,175350.34375,175430.171875,175574.296875,175769.03125,0.0
1762651865.9337137,174798.15625,174553.625,175120.46875,174943.890625,175008.984375,175089.09375,175232.671875,175427.140625,0.0
1762651865.9337285,175676.578125,175432.6875,175999.171875,175823.125,175887.578125,175967.96875,176111.734375,176306.453125,0.0
1762651865.9670146,175935.15625,175691.609375,176257.90625,176082.21875,176146.328125,176226.703125,176370.921875,176565.46875,0.0
1762651865.9695039,175338.171875,175094.09375,175660.484375,175484.53125,175549.359375,175629.828125,175773.5,175967.78125,0.0
1762651865.9695275,174774.46875,174530.03125,175096.953125,174920.5625,174985.203125,175065.84375,175209.34375,175403.890625,0.0
1762651865.9721797,175575.734375,175331.390625,175898.3125,175722.359375,175786.90625,175867.640625,176011.328125,176205.78125,0.0
1762651865.9746692,175989.234375,175744.890625,176311.828125,176135.953125,176200.6875,176280.96875,176424.828125,176619.296875,0.0
1762651865.9770107,175532.28125,175288.109375,175854.5,175678.546875,175743.109375,175823.921875,175967.25,176161.796875,0.0
1762651865.979352,174804.59375,174560.515625,175126.734375,174950.953125,175015.421875,175096.15625,175239.296875,175434.015625,0.0
1762651866.0182528,175456.203125,175212.46875,175779.21875,175603.453125,175667.828125,175748.109375,175892.046875,176086.78125,0.0
1762651866.0245647,176024.734375,175780.75,176347.9375,176171.984375,176236.265625,176316.640625,176460.765625,176655.5,0.0
1762651866.0274181,175710.921875,175466.65625,176033.671875,175857.640625,175922.359375,176002.65625,176146.78125,176341.234375,0.0
1762651866.0295796,174889.984375,174645.1875,175212.109375,175035.890625,175100.4375,175181.171875,175324.765625,175519.3125,0.0
1762651866.0319877,175324.234375,175079.875,175646.90625,175470.859375,175535.140625,175615.875,175759.640625,175954.375,0.0
1762651866.0345178,176034.5625,175790.40625,176357.328125,176181.640625,176245.65625,176326.296875,176470.25,176664.890625,0.0
1762651866.0532253,175865.140625,175620.96875,176187.90625,176011.859375,176076.234375,176156.703125,176300.5625,176494.921875,0.0
1762651866.0559044,175023.203125,174778.84375,175345.78125,175169.28125,175234.203125,175314.3125,175458.25,175652.4375,0.0
1762651866.0583572,175195.75,174951.671875,175518.515625,175341.75,175406.9375,175487.046875,175630.890625,175825.171875,0.0
1762651866.0607512,176019.546875,175775.5625,176342.21875,176165.8125,176230.90625,176311.109375,176455.234375,176649.6875,0.0
1762651866.0633235,175994.875,175750.796875,176317.546875,176141.671875,176206.046875,176286.34375,176430.46875,176624.65625,0.0
1762651866.06575,175192.359375,174948.28125,175515.109375,175338.71875,175403.359375,175483.828125,175627.59375,175821.78125,0.0
1762651866.065765,175091.140625,174846.890625,175414.0,175237.328125,175302.5,175382.25,175526.203125,175720.65625,0.0
1762651866.0686347,175973.328125,175729.25,176296.359375,176120.21875,176184.953125,176265.234375,176409.0,176603.5625,0.0
1762651866.0707333,176091.34375,175847.34375,176414.375,176238.234375,176302.96875,176383.34375,176527.46875,176721.75,0.0
1762651866.0745137,175381.09375,175136.921875,175703.671875,175527.453125,175592.453125,175672.46875,175816.59375,176010.703125,0.0
1762651866.0745285,175021.3125,174777.0625,175343.546875,175167.140625,175232.59375,175312.609375,175456.375,175650.65625,0.0
1762651866.0745356,175898.84375,175654.859375,176221.78125,176045.390625,176109.9375,176190.40625,176334.34375,176528.984375,0.0
1762651866.0769985,176168.859375,175925.3125,176491.890625,176315.75,176380.125,176460.6875,176604.71875,176799.453125,0.0
1762651866.0770133,175582.265625,175338.171875,175904.75,175728.703125,175793.34375,175873.8125,176017.671875,176212.046875,0.0
1762651866.0807736,175001.921875,174757.296875,175324.234375,175147.828125,175212.375,175292.9375,175436.703125,175631.4375,0.0
1762651866.0807884,175794.953125,175550.875,176117.890625,175942.03125,176006.046875,176086.6875,176230.640625,176425.375,0.0
1762651866.0807955,176221.875,175978.0625,176544.8125,176369.21875,176433.140625,176513.796875,176657.5625,176852.734375,0.0
1762651866.0808012,175774.21875,175530.046875,176096.96875,175920.84375,175985.65625,176066.125,176209.890625,176404.53125,0.0
1762651866.0832517,175036.4375,174791.8125,175358.734375,175182.609375,175247.609375,175327.8125,175471.390625,175666.03125,0.0
1762651866.08574,175672.03125,175427.859375,175994.78125,175818.65625,175883.296875,175963.765625,176107.53125,176302.609375,0.0
1762651866.0882473,176254.78125,176010.515625,176577.71875,176401.3125,176465.6875,176546.515625,176690.546875,176885.453125,0.0
1762651866.0882616,175952.40625,175708.40625,176275.25,176099.5625,176163.671875,176243.953125,176388.4375,176582.984375,0.0
1762651866.0907402,175125.390625,174881.21875,175447.875,175272.015625,175336.390625,175416.953125,175561.0625,175755.078125,0.0
1762651866.0938115,175537.828125,175293.5625,175860.5,175684.359375,175748.90625,175829.203125,175973.421875,176167.515625,0.0
1762651866.0957367,176259.515625,176015.796875,176582.546875,176406.59375,176470.96875,176551.25,176695.640625,176889.84375,0.0
1762651866.0983255,176104.125,175860.578125,176427.0625,176251.203125,176315.671875,176395.78125,176539.890625,176734.8125,0.0
1762651866.1007793,175261.828125,175018.015625,175584.5,175408.359375,175473.09375,175553.375,175697.5,175891.96875,0.0
1762651866.1007938,175412.75,175168.578125,175735.59375,175559.453125,175623.828125,175704.390625,175848.609375,176042.890625,0.0
1762651866.1033223,176241.375,175997.5625,176564.3125,176388.171875,176453.0,176533.453125,176677.3125,176871.859375,0.0
1762651866.142,176227.953125,175984.328125,176551.34375,176374.671875,176439.765625,176519.78125,176664.0,176858.453125,0.0
1762651866.1483815,175431.25,175187.078125,175754.09375,175577.78125,175642.78125,175722.984375,175866.578125,176061.21875,0.0
1762651866.1483977,175307.6875,175062.984375,175630.09375,175453.953125,175518.78125,175599.0625,175742.65625,175937.203125,0.0
1762651866.1484056,176191.65625,175947.75,176515.046875,176339.0,176403.375,176483.578125,176628.046875,176822.328125,0.0
1762651866.15349,176322.546875,176079.09375,176646.46875,176470.078125,176534.4375,176614.46875,176758.859375,176953.21875,0.0
1762651866.1535048,175623.75,175380.015625,175947.3125,175770.546875,175835.1875,175915.5625,176059.515625,176253.703125,0.0
1762651866.1535127,175242.6875,174998.4375,175565.71875,175389.046875,175453.6875,175534.15625,175678.109375,175872.390625,0.0
1762651866.153518,176114.40625,175870.421875,176437.609375,176261.65625,176325.859375,176406.328125,176550.171875,176744.90625,0.0
1762651866.1535232,176397.5625,176153.84375,176720.859375,176545.0,176609.28125,176689.65625,176833.515625,177028.421875,0.0
1762651866.15574,175822.3125,175578.234375,176145.609375,175969.296875,176034.21875,176114.234375,176258.171875,176453.171875,0.0
1762651866.1583872,175225.96875,174981.890625,175549.09375,175372.515625,175437.59375,175517.796875,175661.390625,175856.03125,0.0
1762651866.162087,176007.5625,175763.9375,176330.59375,176154.90625,176219.28125,176299.296875,176443.34375,176638.15625,0.0
1762651866.1621013,176448.96875,176204.984375,176771.8125,176596.140625,176660.5,176740.4375,176884.734375,177079.640625,0.0
1762651866.162109,176016.328125,175772.15625,176339.171875,176163.140625,176227.6875,176307.796875,176451.921875,176646.65625,0.0
1762651866.1644838,175268.0,175023.828125,175590.75,175414.4375,175479.4375,175559.640625,175703.765625,175898.046875,0.0
1762651866.1669853,175884.015625,175640.1875,176207.578125,176031.171875,176095.984375,176176.09375,176320.671875,176514.78125,0.0
1762651866.1734903,176478.03125,176234.390625,176801.6875,176625.546875,176689.75,176770.03125,176914.609375,177108.890625,0.0
1762651866.207003,176188.890625,175944.53125,176511.640625,176335.421875,176399.625,176480.4375,176624.5625,176819.109375,0.0
1762651866.207023,175360.703125,175116.1875,175683.640625,175506.890625,175571.703125,175652.4375,175796.125,175990.484375,0.0
1762651866.209793,175753.921875,175509.484375,176077.03125,175900.28125,175965.28125,176045.484375,176189.25,176384.15625,0.0
1762651866.209808,176484.828125,176240.65625,176808.125,176631.8125,176696.453125,176776.5625,176920.859375,177115.328125,0.0
1762651866.2122564,176339.8125,176095.90625,176663.09375,176486.609375,176551.609375,176631.625,176775.75,176970.296875,0.0
1762651866.214491,175500.359375,175255.65625,175822.671875,175645.921875,175711.359375,175791.375,175934.96875,176129.875,0.0
1762651866.2170696,175628.484375,175383.953125,175950.609375,175774.390625,175839.390625,175919.140625,176063.453125,176257.734375,0.0
1762651866.2194867,176464.078125,176220.09375,176787.375,176611.25,176675.625,176755.28125,176900.390625,177094.40625,0.0
1762651866.2219353,176461.125,176217.40625,176784.515625,176608.390625,176672.75,176752.78125,176897.4375,177092.078125,0.0
1762651866.245831,175675.15625,175430.625,175997.828125,175821.328125,175886.25,175966.265625,176110.65625,176305.109375,0.0
1762651866.250826,175527.71875,175283.1875,175850.484375,175674.078125,175739.078125,175818.921875,175963.140625,176157.59375,0.0
1762651866.250841,176413.75,176169.75,176736.953125,176560.734375,176625.28125,176704.9375,176849.78125,177044.25,0.0
1762651866.2570927,176558.9375,176315.125,176882.5,176706.546875,176770.390625,176850.671875,176995.15625,177189.53125,0.0
1762651866.2598915,175867.46875,175623.65625,176190.40625,176014.453125,176078.296875,176158.9375,176302.875,176497.609375,0.0
1762651866.2619836,175466.390625,175222.390625,175789.234375,175612.84375,175677.390625,175757.9375,175901.53125,176096.265625,0.0
1762651866.2644844,176332.65625,176088.75,176655.59375,176479.453125,176543.921875,176624.125,176768.25,176963.0625,0.0
1762651866.26739,176627.96875,176384.6875,176951.171875,176775.390625,176839.5,176919.875,177064.53125,177259.0,0.0
1762651866.269742,176066.75,175822.765625,176389.78125,176213.828125,176278.203125,176358.140625,176502.890625,176697.515625,0.0
1762651866.2719848,175458.15625,175213.640625,175781.09375,175604.609375,175669.4375,175749.453125,175893.75,176088.21875,0.0
1762651866.2745137,176228.046875,175984.046875,176550.984375,176375.484375,176439.3125,176519.421875,176664.4375,176858.640625,0.0
1762651866.2770276,176679.734375,176436.453125,177003.296875,176827.703125,176891.53125,176971.90625,177116.21875,177310.859375,0.0
1762651866.2770424,176258.359375,176015.4375,176582.09375,176405.96875,176470.34375,176550.71875,176694.390625,176889.390625,0.0
1762651866.2798815,175501.796875,175258.34375,175825.0,175648.421875,175713.15625,175793.703125,175937.5625,176132.296875,0.0
1762651866.2798955,176103.140625,175859.6875,176426.53125,176250.125,176314.859375,176395.234375,176539.1875,176733.90625,0.0
1762651866.282102,176708.703125,176465.0625,177031.90625,176856.046875,176920.234375,177000.703125,177145.1875,177340.0,0.0
1762651866.2821167,176431.984375,176188.265625,176754.828125,176579.5,176643.4375,176723.625,176867.84375,177063.203125,0.0
1762651866.2844846,175598.703125,175354.625,175921.5625,175745.25,175809.984375,175890.265625,176033.9375,176229.125,0.0
1762651866.2869415,175971.53125,175727.71875,176294.75,176118.515625,176183.25,176263.1875,176407.3125,176602.296875,0.0
1762651866.2995331,176713.34375,176469.890625,177037.0,176860.875,176925.328125,177005.53125,177149.75,177344.921875,0.0
1762651866.2995515,176578.703125,176334.984375,176902.171875,176725.78125,176790.328125,176870.796875,177014.46875,177209.828125,0.0
1762651866.3020763,175741.765625,175497.953125,176064.96875,175888.65625,175953.203125,176033.671875,176177.265625,176372.078125,0.0
1762651866.3044732,175848.25,175604.078125,176171.625,175995.234375,176059.421875,176139.71875,176284.015625,176478.5625,0.0
1762651866.3071115,176689.75,176446.015625,177013.484375,176837.0,176901.375,176981.390625,177125.953125,177320.875,0.0
1762651866.3095398,176700.296875,176456.75,177023.671875,176847.375,176912.015625,176992.203125,177136.6875,177331.421875,0.0
1762651866.313336,175918.34375,175674.265625,176241.1875,176065.140625,176130.0625,176210.515625,176354.28125,176549.015625,0.0
1762651866.3133512,175749.0,175504.65625,176071.671875,175895.90625,175960.625,176040.734375,176185.046875,176379.328125,0.0
1762651866.349569,176635.734375,176392.203125,176959.3125,176783.359375,176847.546875,176927.5625,177072.40625,177267.046875,0.0
1762651866.3495991,176794.34375,176551.15625,177118.359375,176942.3125,177006.421875,177086.53125,177230.921875,177425.828125,0.0
1762651866.3519845,176112.0,175868.359375,176435.65625,176259.15625,176323.796875,176403.8125,176548.03125,176742.765625,0.0
1762651866.3544838,175692.671875,175448.5,176015.890625,175839.21875,175903.859375,175984.140625,176128.359375,176322.8125,0.0
1762651866.3569813,176556.96875,176313.15625,176880.359375,176704.234375,176768.15625,176848.703125,176993.09375,177187.921875,0.0
1762651866.3594818,176864.984375,176621.609375,177188.1875,177012.5,177076.421875,177156.625,177301.5625,177496.375,0.0
1762651866.3620937,176311.734375,176068.28125,176634.765625,176458.8125,176523.171875,176603.28125,176747.59375,176942.765625,0.0
1762651866.3645985,175685.796875,175441.4375,176008.640625,175832.234375,175896.96875,175977.171875,176121.296875,176316.203125,0.0
1762651866.3708038,176446.203125,176202.03125,176769.3125,176593.09375,176658.0,176737.578125,176882.140625,177077.328125,0.0
1762651866.3734999,176910.578125,176666.765625,177233.96875,177058.09375,177122.390625,177202.40625,177346.703125,177541.875,0.0
1762651866.375889,176500.921875,176257.640625,176824.5625,176648.53125,176713.171875,176793.28125,176937.484375,177132.21875,0.0
1762651866.378275,175735.40625,175492.140625,176058.53125,175882.484375,175946.953125,176027.421875,176171.1875,176366.359375,0.0
1762651866.3782887,176320.5,176077.125,176643.78125,176467.828125,176531.9375,176612.234375,176756.625,176951.703125,0.0
1762651866.3809247,176939.09375,176695.90625,177262.84375,177086.703125,177150.71875,177231.109375,177375.5,177570.84375,0.0
1762651866.3809392,176672.40625,176428.765625,176995.6875,176819.734375,176884.109375,176964.21875,177108.34375,177303.875,0.0
1762651866.3833587,175834.125,175590.21875,176156.96875,175981.015625,176045.75,176125.859375,176269.703125,176464.796875,0.0
1762651866.3833733,176184.859375,175941.234375,176508.421875,176331.84375,176396.3125,176476.953125,176620.625,176815.625,0.0
1762651866.4245923,176936.6875,176693.234375,177260.078125,177083.765625,177147.78125,177228.59375,177373.171875,177567.90625,0.0
1762651866.427102,176815.890625,176571.90625,177138.921875,176962.25,177026.984375,177107.359375,177251.84375,177446.65625,0.0
1762651866.4271176,175982.0,175737.46875,176304.671875,176128.171875,176193.09375,176273.28125,176417.59375,176612.234375,0.0
1762651866.4294803,176063.53125,175819.546875,176386.828125,176210.515625,176274.984375,176355.265625,176499.390625,176693.953125,0.0
1762651866.4320612,176910.75,176667.578125,177234.671875,177058.640625,177122.5625,177203.03125,177347.515625,177542.328125,0.0
1762651866.4344795,176932.75,176689.296875,177255.953125,177080.09375,177144.109375,177224.390625,177369.421875,177563.875,0.0
1762651866.4370575,176158.84375,175915.03125,176481.34375,176305.46875,176370.03125,176450.3125,176594.609375,176788.984375,0.0
1762651866.439479,175967.328125,175723.25,176290.359375,176114.140625,176178.96875,176258.890625,176403.1875,176597.75,0.0
1762651866.4419785,176853.359375,176610.078125,177176.828125,177000.609375,177065.15625,177145.453125,177289.84375,177484.75,0.0
1762651866.4445257,177023.234375,176780.21875,177347.15625,177170.75,177235.125,177315.40625,177459.8125,177654.625,0.0
1762651866.4469793,176353.03125,176109.5,176676.953125,176500.375,176564.484375,176644.765625,176789.171875,176984.15625,0.0
1762651866.4495869,175912.4375,175668.265625,176235.5625,176059.25,176123.53125,176204.171875,176348.03125,176543.109375,0.0
1762651866.465731,176768.15625,176524.609375,177091.453125,176915.234375,176979.6875,177060.15625,177203.921875,177399.453125,0.0
1762651866.468576,177093.6875,176850.5,177416.890625,177240.9375,177305.21875,177385.328125,177529.8125,177724.984375,0.0
1762651866.4707289,176552.859375,176309.578125,176876.421875,176700.296875,176764.578125,176844.5,176989.171875,177184.078125,0.0
1762651866.473356,175910.390625,175666.75,176233.765625,176057.453125,176121.734375,176202.203125,176346.234375,176540.96875,0.0
1762651866.4733708,176659.609375,176416.0625,176983.265625,176806.59375,176870.96875,176951.4375,177096.015625,177290.921875,0.0
1762651866.4757288,177137.84375,176894.484375,177461.59375,177285.28125,177349.5625,177429.765625,177574.34375,177769.6875,0.0
1762651866.479789,176740.078125,176496.796875,177063.640625,176887.328125,176951.703125,177031.71875,177176.125,177371.65625,0.0
1762651866.4798017,175965.546875,175721.640625,176288.75,176112.359375,176176.90625,176257.1875,176401.234375,176596.140625,0.0
1762651866.4798076,176533.28125,176289.921875,176856.9375,176680.890625,176745.0,176825.375,176969.765625,177164.671875,0.0
1762651866.48573,177162.53125,176919.34375,177486.359375,177310.40625,177374.421875,177454.796875,177599.28125,177794.453125,0.0
1762651866.4857447,176908.515625,176665.515625,177232.4375,177056.484375,177120.421875,177200.796875,177345.28125,177540.265625,0.0
1762651866.4883153,176070.328125,175826.875,176393.53125,176217.5,176281.953125,176362.328125,176506.28125,176701.09375,0.0
1762651866.4907284,176400.421875,176156.703125,176723.71875,176547.40625,176611.953125,176692.15625,176836.375,177031.015625,0.0
1762651866.4934828,177161.640625,176918.53125,177485.203125,177309.25,177373.265625,177453.640625,177598.03125,177793.109375,0.0
1762651866.498252,177052.828125,176809.640625,177376.203125,177200.890625,177264.453125,177344.65625,177489.046875,177684.390625,0.0
1762651866.4982667,176220.171875,175976.453125,176543.390625,176367.609375,176431.53125,176511.828125,176656.03125,176850.859375,0.0
1762651866.498274,176279.71875,176036.171875,176603.28125,176426.796875,176491.171875,176571.71875,176716.125,176910.578125,0.0
1762651866.5020587,177134.1875,176891.09375,177458.109375,177281.890625,177346.171875,177426.453125,177571.203125,177765.9375,0.0
1762651866.535932,177167.890625,176924.796875,177491.8125,177315.859375,177380.140625,177460.078125,177604.5625,177799.640625,0.0
1762651866.5359557,176398.984375,176155.53125,176722.203125,176546.515625,176610.890625,176690.90625,176835.296875,177030.03125,0.0
1762651866.5386276,176186.46875,175942.75,176509.765625,176333.8125,176398.09375,176478.03125,176622.59375,176817.328125,0.0
1762651866.538643,177075.71875,176832.34375,177399.546875,177223.40625,177287.609375,177367.453125,177512.015625,177707.28125,0.0
1762651866.5420072,177256.765625,177013.390625,177580.59375,177404.640625,177468.5625,177548.671875,177693.34375,177888.421875,0.0
1762651866.5420225,176595.421875,176351.96875,176918.890625,176742.765625,176806.953125,176887.15625,177031.546875,177226.625,0.0
1762651866.5420296,176136.046875,175892.6875,176459.4375,176283.390625,176347.578125,176427.953125,176572.171875,176767.265625,0.0
1762651866.542035,176987.015625,176743.65625,177310.9375,177135.34375,177198.921875,177279.296875,177423.328125,177618.953125,0.0
1762651866.5444992,177323.8125,177080.625,177647.46875,177471.78125,177535.71875,177615.734375,177760.125,177955.65625,0.0
1762651866.5468214,176792.5625,176549.109375,177115.765625,176939.71875,177004.015625,177084.46875,177228.59375,177423.78125,0.0
1762651866.5526068,176137.828125,175894.015625,176460.421875,176284.375,176348.921875,176429.390625,176573.328125,176768.328125,0.0
1762651866.5546317,176874.375,176631.265625,177198.015625,177021.890625,177086.078125,177166.28125,177310.5,177506.03125,0.0
1762651866.5595157,177367.453125,177124.265625,177691.28125,177515.328125,177579.4375,177659.625,177804.015625,177999.28125,0.0
1762651866.5595305,176982.375,176739.09375,177305.84375,177130.25,177194.265625,177274.640625,177419.125,177614.03125,0.0
1762651866.5620584,176197.828125,175953.921875,176520.765625,176344.546875,176409.1875,176489.375,176633.6875,176828.59375,0.0
1762651866.59574,176747.328125,176503.78125,177070.625,176894.21875,176959.125,177038.875,177183.1875,177378.453125,0.0
1762651866.601978,177390.25,177146.703125,177713.546875,177537.5,177601.875,177681.890625,177826.28125,178021.453125,0.0
1762651866.601994,177149.921875,176906.109375,177472.953125,177297.171875,177361.1875,177441.296875,177586.046875,177781.21875,0.0
1762651866.604476,176307.34375,176063.265625,176630.109375,176454.25,176518.703125,176598.734375,176743.203125,176937.84375,0.0
1762651866.6069922,176613.390625,176369.84375,176936.78125,176760.46875,176825.015625,176905.125,177049.609375,177244.328125,0.0
1762651866.6094875,177383.8125,177140.890625,177707.375,177531.515625,177595.609375,177675.8125,177820.46875,178015.375,0.0
1762651866.612056,177286.625,177043.796875,177610.375,177434.234375,177498.15625,177578.625,177723.28125,177918.203125,0.0
1762651866.6148376,176457.203125,176213.46875,176780.484375,176604.1875,176668.46875,176748.84375,176893.40625,177088.046875,0.0
1762651866.617059,176492.328125,176248.15625,176815.359375,176639.3125,176703.78125,176784.34375,176928.453125,177123.1875,0.0
1762651866.619864,177351.53125,177107.90625,177675.1875,177499.140625,177563.515625,177643.984375,177788.28125,177983.015625,0.0
1762651866.6233268,177398.46875,177155.375,177722.390625,177546.359375,177610.546875,177691.1875,177835.3125,178030.140625,0.0
1762651866.6233416,176637.703125,176394.515625,176961.359375,176785.234375,176849.328125,176930.15625,177074.015625,177269.09375,0.0
1762651866.6233487,176403.015625,176159.5625,176726.671875,176550.265625,176614.375,176694.921875,176839.5,177034.234375,0.0
1762651866.6257195,177293.59375,177050.234375,177617.34375,177441.203125,177505.40625,177585.6875,177730.796875,177925.265625,0.0
1762651866.6283045,177488.328125,177245.046875,177811.984375,177636.109375,177700.21875,177780.234375,177925.171875,178119.984375,0.0
1762651866.6307263,176837.171875,176593.71875,177160.296875,176984.34375,177048.71875,177128.90625,177273.296875,177468.296875,0.0
1762651866.6645873,176359.390625,176115.921875,176682.59375,176506.1875,176570.828125,176651.125,176795.515625,176990.421875,0.0
1762651866.6646125,177202.9375,176959.578125,177526.140625,177350.109375,177414.828125,177494.671875,177639.328125,177834.875,0.0
1762651866.6673691,177549.65625,177306.46875,177873.671875,177697.265625,177761.734375,177841.75,177986.328125,178181.765625,0.0
1762651866.670822,177032.34375,176789.34375,177356.453125,177179.875,177244.25,177324.53125,177469.015625,177664.015625,0.0
1762651866.6708376,176364.921875,176121.46875,176688.578125,176512.0,176576.28125,176656.484375,176800.875,176995.78125,0.0
1762651866.6708455,177086.53125,176843.53125,177410.359375,177234.234375,177297.71875,177378.265625,177522.75,177717.921875,0.0
1762651866.6735067,177592.75,177350.109375,177916.59375,177740.546875,177804.46875,177884.75,178029.5,178224.328125,0.0
1762651866.6757195,177220.109375,176976.828125,177543.671875,177367.625,177431.828125,177512.109375,177656.859375,177851.40625,0.0
1762651866.6782167,176426.703125,176182.984375,176749.921875,176573.6875,176637.890625,176718.359375,176862.484375,177057.390625,0.0
1762651866.683386,176955.46875,176712.1875,177279.46875,177103.4375,177167.4375,177247.46875,177392.03125,177586.9375,0.0
1762651866.6857233,177610.8125,177367.890625,177935.1875,177759.40625,177822.984375,177903.078125,178047.921875,178243.015625,0.0
1762651866.6883223,177382.828125,177139.453125,177706.5625,177531.0625,177594.984375,177675.015625,177819.125,178014.484375,0.0
1762651866.690808,176540.515625,176296.796875,176863.90625,176687.515625,176751.875,176832.265625,176976.375,177171.296875,0.0
1762651866.6933064,176825.640625,176582.28125,177149.5625,176972.984375,177037.53125,177117.640625,177262.03125,177456.859375,0.0
1762651866.6957304,177605.8125,177362.984375,177930.0,177754.21875,177818.0625,177898.265625,178042.734375,178237.828125,0.0
1762651866.6957448,177518.8125,177275.984375,177843.1875,177667.5,177731.0625,177811.53125,177955.921875,178150.921875,0.0
1762651866.6984138,176692.609375,176449.421875,177016.34375,176840.65625,176904.59375,176985.0625,177129.171875,177323.90625,0.0
1762651866.7007227,176707.453125,176464.4375,177031.09375,176855.140625,176919.875,176999.984375,177143.84375,177339.015625,0.0
1762651866.704527,177571.03125,177328.203125,177895.21875,177718.90625,177783.546875,177863.484375,178007.953125,178202.953125,0.0
1762651866.7045443,177630.390625,177387.65625,177954.3125,177778.359375,177842.640625,177922.671875,178067.328125,178262.5,0.0
1762651866.7145076,176879.109375,176635.828125,177202.671875,177026.625,177090.640625,177171.015625,177315.328125,177510.40625,0.0
1762651866.7632687,176624.125,176380.390625,176947.140625,176771.28125,176835.296875,176915.765625,177059.703125,177255.25,0.0
1762651866.7632887,177510.046875,177266.859375,177833.34375,177658.015625,177721.953125,177801.96875,177946.09375,178141.796875,0.0
1762651866.7632968,177715.875,177473.03125,178039.96875,177864.28125,177928.03125,178008.3125,178152.265625,178347.703125,0.0
1762651866.7657273,177073.921875,176830.65625,177397.75,177221.53125,177285.546875,177365.84375,177510.046875,177705.40625,0.0
1762651866.7657423,176579.59375,176335.953125,176903.25,176726.84375,176790.859375,176871.0625,177015.546875,177210.546875,0.0
1762651866.7682204,177415.90625,177172.90625,177739.828125,177563.609375,177627.796875,177707.828125,177852.65625,178047.65625,0.0
1762651866.770893,177776.75,177533.484375,178100.671875,177924.1875,177988.46875,178069.03125,178213.59375,178408.40625,0.0
1762651866.7733045,177270.625,177027.25,177594.625,177418.40625,177482.875,177562.890625,177707.734375,177902.109375,0.0
1762651866.775719,176590.859375,176347.5,176914.25,176738.203125,176802.671875,176882.765625,177027.34375,177221.796875,0.0
1762651866.7782273,177299.765625,177056.3125,177623.0625,177447.734375,177511.296875,177591.40625,177736.25,177931.421875,0.0
1762651866.7808237,177817.609375,177574.34375,178141.09375,177965.84375,178029.328125,178109.703125,178254.359375,178449.359375,0.0
1762651866.783235,177454.890625,177211.609375,177778.453125,177603.03125,177667.046875,177747.078125,177891.828125,178086.375,0.0
1762651866.785719,176657.734375,176413.828125,176980.765625,176805.25,176869.0,176949.46875,177094.046875,177288.5,0.0
1762651866.7883012,177169.140625,176925.6875,177492.53125,177317.203125,177380.5,177461.140625,177605.984375,177800.453125,0.0
1762651866.7910185,177833.34375,177590.515625,178156.90625,177982.03125,178044.96875,178125.34375,178270.453125,178465.09375,0.0
1762651866.793466,177615.734375,177372.359375,177938.671875,177763.96875,177826.90625,177907.640625,178052.3125,178246.9375,151.0
1762651866.7955828,176773.15625,176529.890625,177096.1875,176920.5,176984.703125,177065.34375,177209.46875,177404.109375,0.0
1762651866.8333378,177037.625,176794.34375,177361.1875,177185.140625,177249.703125,177329.71875,177474.296875,177669.015625,0.0
1762651866.8333611,177824.5,177581.484375,178148.234375,177972.828125,178036.75,178116.859375,178261.421875,178456.515625,0.0
1762651866.839739,177750.296875,177507.1875,178074.125,177898.34375,177962.265625,178042.5625,178187.484375,178382.484375,0.0
1762651866.839754,176929.359375,176686.171875,177252.828125,177076.609375,177141.0625,177221.265625,177366.109375,177560.75,0.0
1762651866.8397615,176920.953125,176677.859375,177244.25,177068.109375,177132.75,177212.859375,177357.4375,177552.25,0.0
1762651866.8421636,177787.921875,177544.75,178111.40625,177935.625,177999.828125,178080.203125,178224.765625,178420.03125,0.0
1762651866.842178,177858.5625,177615.640625,178182.296875,178006.53125,178070.8125,178150.828125,178295.671875,178490.84375,0.0
1762651866.8444796,177112.734375,176869.1875,177435.84375,177259.984375,177324.265625,177404.546875,177549.21875,177743.671875,0.0
1762651866.8470654,176835.03125,176591.578125,177158.140625,176982.546875,177046.828125,177127.21875,177271.609375,177466.0625,0.0
1762651866.8495824,177720.875,177477.859375,178044.703125,177868.9375,177933.03125,178012.875,178157.8125,178353.078125,0.0
1762651866.8519683,177939.296875,177696.375,178263.125,178087.078125,178151.1875,178230.9375,178376.234375,178571.40625,0.0
1762651866.8544784,177309.953125,177066.859375,177633.4375,177457.296875,177521.40625,177601.6875,177746.71875,177941.265625,0.0
1762651866.857186,176798.46875,176555.28125,177121.9375,176945.71875,177010.0,177090.28125,177234.59375,177429.59375,0.0
1762651866.8658872,177628.421875,177385.0625,177951.984375,177776.03125,177840.046875,177920.25,178065.265625,178260.359375,0.0
1762651866.8713,178001.078125,177757.625,178324.375,178149.046875,178213.0625,178292.984375,178438.0,178632.828125,0.0
1762651866.8732245,177505.9375,177262.3125,177828.703125,177653.375,177717.65625,177797.578125,177942.421875,178137.6875,0.0
1762651866.8732398,176815.8125,176571.90625,177138.203125,176962.703125,177027.078125,177107.546875,177251.84375,177446.84375,0.0
1762651866.8757164,177511.125,177267.484375,177833.796875,177658.296875,177722.65625,177802.6875,177947.4375,178142.34375,0.0
1762651866.8782222,178041.125,177797.765625,178364.25,178189.015625,178253.46875,178332.953125,178477.890625,178673.0625,0.0
1762651866.8782372,177690.390625,177447.375,178013.765625,177838.171875,177902.640625,177982.390625,178127.140625,178322.5,0.0
1762651866.8807156,176885.71875,176642.09375,177208.578125,177032.890625,177097.171875,177177.1875,177321.578125,177517.03125,0.0
1762651866.8833013,177379.609375,177136.421875,177702.90625,177527.3125,177591.234375,177671.4375,177815.828125,178011.265625,0.0
1762651866.8857198,178054.546875,177811.625,178378.109375,178203.140625,178266.53125,178346.90625,178491.46875,178686.921875,0.0
1762651866.8884575,177847.921875,177604.828125,178171.390625,177996.0625,178060.078125,178140.109375,178284.9375,178479.9375,0.0
1762651866.8909175,177003.734375,176760.203125,177326.59375,177151.0,177215.453125,177295.296875,177440.046875,177634.59375,0.0
1762651866.8909297,177247.828125,177005.078125,177571.296875,177395.796875,177459.984375,177540.1875,177684.671875,177879.75,0.0
1762651866.8932264,178044.4375,177801.703125,178368.1875,178192.859375,178256.6875,178336.890625,178481.453125,178676.640625,0.0
1762651866.895723,177981.578125,177738.75,178305.78125,178129.90625,178193.75,178274.03125,178418.609375,178613.78125,0.0
1762651866.8957376,177162.890625,176920.0625,177487.078125,177311.03125,177375.3125,177455.328125,177600.078125,177795.0,0.0
1762651866.8983345,177132.75,176890.015625,177457.03125,177281.171875,177345.359375,177425.390625,177570.140625,177765.125,0.0
1762651866.9344828,178005.015625,177762.265625,178329.015625,178153.515625,178217.4375,178297.28125,178442.296875,178637.390625,0.0
1762651866.9345,178087.890625,177845.0625,178411.90625,178236.3125,178300.234375,178380.078125,178525.09375,178720.0,0.0
1762651866.9369729,177351.71875,177108.609375,177675.453125,177499.765625,177563.515625,177643.625,177788.5625,177983.28125,0.0
1762651866.9369893,177055.234375,176812.234375,177379.078125,177202.9375,177266.859375,177347.15625,177491.8125,177686.625,0.0
1762651866.9399228,177937.859375,177694.953125,178261.703125,178086.28125,178150.125,178229.875,178375.25,178570.234375,0.0
1762651866.9420843,178169.078125,177925.96875,178492.90625,178317.671875,178381.59375,178461.171875,178606.359375,178801.265625,0.0
1762651866.9444835,177550.375,177307.09375,177874.03125,177698.4375,177762.265625,177842.28125,177987.3125,178182.125,0.0
1762651866.946834,177020.546875,176776.921875,177343.484375,177167.984375,177232.09375,177312.1875,177456.859375,177651.578125,0.0
1762651866.9844663,177840.046875,177597.21875,178163.890625,177988.5625,178052.578125,178132.140625,178277.25,178472.34375,0.0
1762651866.9870884,178225.390625,177982.921875,178549.40625,178373.90625,178437.65625,178517.765625,178662.953125,178857.328125,0.0
1762651866.9895482,177742.59375,177499.765625,178066.515625,177891.109375,177954.671875,178035.3125,178180.0625,178374.34375,0.0
1762651866.9922156,177038.4375,176795.25,177362.265625,177186.578125,177250.5,177331.0625,177475.1875,177669.828125,0.0
1762651866.9945943,177719.359375,177476.34375,178043.453125,177867.5,177931.515625,178012.078125,178156.28125,178351.375,0.0
1762651866.9946296,178261.078125,178018.15625,178584.90625,178409.578125,178473.0625,178553.515625,178697.90625,178893.171875,0.0
1762651866.9969587,177922.578125,177679.390625,178246.40625,178070.90625,178134.5625,178215.203125,178359.515625,178554.59375,0.0
1762651866.9996321,177110.84375,176867.3125,177434.0625,177258.1875,177322.484375,177402.671875,177547.328125,177741.890625,0.0
1762651867.00254,177586.234375,177342.859375,177909.703125,177733.75,177798.125,177878.140625,178023.34375,178217.890625,0.0
1762651867.0044632,178272.0625,178029.0625,178595.8125,178420.21875,178484.140625,178564.421875,178709.265625,178904.09375,0.0
1762651867.0070736,178078.765625,177835.765625,178402.78125,178226.921875,178290.84375,178370.953125,178515.53125,178710.96875,0.0
1762651867.0095472,177234.59375,176991.5,177558.15625,177382.296875,177446.484375,177526.421875,177671.171875,177866.421875,0.0
1762651867.0121386,177458.203125,177215.015625,177781.5,177606.078125,177669.90625,177749.9375,177894.6875,178090.125,0.0
1762651867.0196426,178263.484375,178020.65625,178587.234375,178411.984375,178475.640625,178555.484375,178700.5,178896.046875,0.0
1762651867.0220764,178213.234375,177970.234375,178537.34375,178361.921875,178425.578125,178505.78125,178650.703125,178845.796875,0.0
1762651867.0245345,177402.046875,177158.6875,177725.25,177549.65625,177613.9375,177694.046875,177838.71875,178033.703125,0.0
1762651867.0282476,177348.3125,177105.3125,177671.515625,177495.84375,177560.125,177640.234375,177784.984375,177979.890625,0.0
1762651867.0282624,178222.8125,177979.796875,178546.546875,178371.046875,178434.796875,178514.8125,178659.640625,178854.90625,0.0
1762651867.0282695,178316.328125,178073.578125,178640.421875,178464.65625,178528.84375,178608.78125,178753.4375,178948.875,0.0
1762651867.0282755,177589.625,177346.4375,177913.1875,177737.5,177801.78125,177881.890625,178026.46875,178221.734375,0.0
1762651867.0307758,177270.703125,177027.4375,177594.09375,177418.40625,177482.78125,177562.984375,177707.546875,177902.640625,0.0
1762651867.0307896,178151.375,177908.8125,178475.203125,178299.78125,178363.703125,178444.0,178588.84375,178783.828125,0.0
1762651867.0332172,178395.890625,178153.25,178719.640625,178544.21875,178608.234375,178688.171875,178833.1875,179028.1875,0.0
1762651867.035724,177788.109375,177545.375,178111.84375,177935.8125,178000.0,178079.84375,178225.046875,178419.953125,0.0
1762651867.038295,177242.015625,176998.5625,177565.65625,177389.703125,177454.078125,177534.015625,177678.765625,177873.671875,0.0
1762651867.0408432,178053.828125,177810.546875,178377.5625,178202.15625,178266.171875,178346.1875,178490.765625,178686.203125,0.0
1762651867.0433283,178452.671875,178209.84375,178776.765625,178601.4375,178664.921875,178745.03125,178889.875,179085.40625,0.0
1762651867.0457077,177981.578125,177738.75,178305.5,178130.171875,178193.84375,178273.859375,178418.78125,178614.046875,0.0
1762651867.0495524,177265.53125,177022.78125,177589.453125,177413.40625,177477.59375,177557.34375,177702.546875,177897.359375,0.0
1762651867.0495672,177930.71875,177688.234375,178254.546875,178078.765625,178142.78125,178222.53125,178367.90625,178562.734375,0.0
1762651867.1095092,178485.84375,178243.453125,178809.578125,178634.078125,178698.0,178777.671875,178923.3125,179118.578125,0.0
1762651867.1095316,178160.484375,177917.921875,178484.140625,178308.640625,178372.46875,178452.21875,178597.515625,178792.78125,0.0
1762651867.1157084,177343.9375,177100.84375,177667.3125,177491.546875,177555.65625,177635.484375,177780.328125,177975.234375,0.0
1762651867.1157277,177797.3125,177554.40625,178121.234375,177945.375,178008.765625,178088.96875,178233.984375,178429.328125,0.0
1762651867.1184735,178496.390625,178253.65625,178820.3125,178644.625,178708.375,178788.296875,178933.59375,179129.296875,0.0
1762651867.123446,178314.53125,178071.53125,178638.1875,178462.6875,178526.34375,178606.359375,178751.640625,178946.90625,0.0
1762651867.1257222,177471.609375,177228.421875,177795.078125,177619.390625,177683.234375,177763.515625,177908.265625,178103.0,0.0
1762651867.128379,177668.21875,177425.46875,177992.40625,177816.546875,177880.203125,177960.390625,178104.78125,178300.234375,0.0
1762651867.1307304,178481.453125,178238.984375,178805.46875,178630.140625,178693.53125,178773.90625,178918.484375,179113.921875,0.0
1762651867.1332889,178445.078125,178202.328125,178768.453125,178593.046875,178656.96875,178736.984375,178881.640625,179077.09375,0.0
1762651867.1356993,177638.078125,177394.984375,177961.296875,177785.6875,177849.703125,177929.90625,178074.390625,178269.5625,0.0
1762651867.1383412,177561.375,177318.546875,177884.9375,177709.4375,177773.359375,177853.546875,177997.953125,178193.296875,0.0
1762651867.1407256,178440.78125,178198.21875,178764.703125,178589.546875,178653.125,178733.140625,178877.796875,179073.515625,0.0
1762651867.1432862,178546.375,178303.71875,178870.015625,178694.96875,178758.171875,178838.375,178983.390625,179178.828125,0.0
1762651867.145743,177827.171875,177583.90625,178150.65625,177975.140625,178038.71875,178119.0,178263.578125,178458.921875,0.0
1762651867.1583288,177487.609375,177244.25,177810.734375,177635.046875,177698.875,177779.25,177923.65625,178119.09375,0.0
1762651867.1607492,178363.984375,178120.96875,178687.359375,178512.125,178575.78125,178655.796875,178800.90625,178996.265625,0.0
1762651867.1607647,178621.375,178378.1875,178944.859375,178769.4375,178833.09375,178912.84375,179058.21875,179253.671875,0.0
1762651867.1635842,178025.03125,177781.84375,178348.515625,178172.734375,178236.484375,178316.5,178461.796875,178656.875,0.0
1762651867.1635985,177462.84375,177219.484375,177786.046875,177610.1875,177674.46875,177754.40625,177898.96875,178094.15625,0.0
1762651867.1657147,178266.25,178023.421875,178589.640625,178414.21875,178478.15625,178557.71875,178702.734375,178898.09375,0.0
1762651867.165733,178677.890625,178435.140625,179001.265625,178825.859375,178889.609375,178969.359375,179114.46875,179310.0,0.0
1762651867.1687417,178218.0625,177975.140625,178541.453125,178365.671875,178429.875,178509.71875,178654.46875,178850.0,0.0
1762651867.1687565,177489.3125,177246.578125,177812.96875,177637.09375,177701.296875,177781.21875,177925.703125,178121.15625,0.0
1762651867.174502,178140.640625,177897.625,178464.46875,178288.515625,178352.71875,178432.46875,178577.484375,178772.75,0.0
1762651867.174517,178708.375,178465.546875,179032.390625,178856.96875,178920.53125,179000.46875,179145.65625,179341.109375,0.0
1762651867.1782146,178394.734375,178151.546875,178718.125,178542.96875,178606.546875,178686.375,178831.40625,179026.84375,0.0
1762651867.1782296,177573.171875,177329.984375,177896.828125,177720.875,177784.984375,177865.453125,178009.296875,178204.65625,0.0
1762651867.1782367,178006.703125,177763.515625,178330.359375,178154.9375,178219.140625,178298.890625,178443.1875,178638.640625,0.0
1762651867.1807888,178716.421875,178473.6875,179040.515625,178865.46875,178929.125,179008.875,179153.703125,179349.15625,0.0
1762651867.183331,178549.671875,178306.84375,178873.515625,178698.0,178761.75,178841.5,178986.703125,179181.96875,0.0
1762651867.1833456,177704.515625,177461.328125,178027.984375,177852.484375,177916.40625,177996.0625,178141.171875,178336.0,0.0
1762651867.1857083,177878.40625,177635.484375,178202.78125,178027.1875,178090.84375,178170.59375,178315.609375,178510.78125,0.0
1762651867.1882083,178698.625,178455.796875,179023.09375,178847.484375,178910.875,178990.90625,179136.09375,179331.546875,0.0
1762651867.1920407,178672.609375,178429.421875,178996.4375,178821.390625,178884.6875,178964.96875,179109.71875,179305.078125,0.0
1762651867.198279,177872.421875,177629.59375,178196.34375,178020.5625,178084.578125,178164.78125,178309.34375,178504.4375,0.0
1762651867.1982932,177771.484375,177528.828125,178095.40625,177919.53125,177983.734375,178063.921875,178208.5,178403.234375,0.0
1762651867.2370598,178651.515625,178408.859375,178975.875,178800.203125,178864.125,178944.140625,179089.0625,179284.15625,0.0
1762651867.2370813,178771.578125,178529.03125,179095.953125,178920.53125,178984.1875,179064.21875,179209.234375,179404.40625,0.0
1762651867.2408,178062.140625,177819.578125,178386.234375,178210.375,178274.65625,178354.6875,178499.34375,178694.515625,0.0
1762651867.2408147,177701.828125,177459.265625,178026.015625,177850.328125,177914.4375,177994.640625,178139.296875,178333.9375,0.0
1762651867.2408223,178576.671875,178333.765625,178900.78125,178725.359375,178789.015625,178869.21875,179014.328125,179209.046875,0.0
1762651867.2446723,178847.578125,178605.28125,179172.046875,178996.171875,179059.828125,179140.296875,179285.3125,179480.5,0.0
1762651867.2446873,178260.796875,178018.421875,178585.34375,178409.125,178473.328125,178553.703125,178698.09375,178893.359375,0.0
1762651867.2446947,177681.09375,177438.265625,178005.375,177829.234375,177893.34375,177973.359375,178118.015625,178313.28125,0.0
1762651867.2447002,178471.453125,178228.890625,178795.453125,178620.046875,178683.515625,178763.71875,178908.828125,179103.828125,0.0
1762651867.2469687,178896.484375,178653.921875,179220.5,179045.53125,179108.734375,179188.84375,179334.140625,179529.046875,0.0
1762651867.2469833,178450.34375,178207.703125,178774.453125,178599.125,178662.6875,178742.96875,178887.640625,179082.71875,0.0
1762651867.2494552,177710.859375,177467.765625,178034.6875,177858.921875,177922.9375,178003.3125,178147.796875,178342.875,0.0
1762651867.2519534,178345.5625,178102.46875,178669.484375,178493.703125,178557.453125,178637.75,178782.578125,178977.9375,0.0
1762651867.2545114,178927.875,178685.3125,179252.140625,179076.640625,179140.03125,179220.40625,179365.609375,179561.046875,0.0
1762651867.2858179,178626.296875,178384.0,178950.84375,178775.515625,178839.265625,178919.203125,179064.484375,179259.5625,0.0
1762651867.285839,177800.359375,177557.53125,178124.640625,177949.046875,178012.96875,178092.984375,178237.640625,178432.90625,0.0
1762651867.28856,178215.109375,177972.28125,178539.3125,178363.625,178427.640625,178507.484375,178652.40625,178847.484375,0.0
1762651867.2885747,178933.6875,178691.296875,179258.140625,179082.984375,179146.640625,179226.21875,179371.6875,179566.59375,0.0
1762651867.2910151,178775.4375,178533.21875,179100.15625,178925.1875,178988.578125,179068.328125,179213.703125,179408.609375,0.0
1762651867.2932904,177933.65625,177691.28125,178258.03125,178082.34375,178146.265625,178226.375,178371.21875,178566.21875,0.0
1762651867.2956986,178086.015625,177843.546875,178410.296875,178234.703125,178298.359375,178378.828125,178523.03125,178718.390625,0.0
1762651867.2983892,178912.40625,178670.109375,179236.6875,179061.625,179125.015625,179205.390625,179350.046875,179545.578125,0.0
1762651867.3007853,178897.828125,178655.53125,179221.921875,179046.78125,179110.4375,179190.546875,179335.390625,179530.921875,0.0
1762651867.3032036,178104.15625,177861.421875,178427.8125,178252.578125,178316.5,178396.609375,178541.265625,178736.453125,0.0
1762651867.3057132,177981.859375,177739.109375,178306.046875,178130.265625,178194.28125,178274.390625,178419.140625,178614.046875,0.0
1762651867.3083813,178865.46875,178622.90625,179190.1875,179014.421875,179077.890625,179158.09375,179302.9375,179498.375,0.0
1762651867.308396,178996.4375,178753.96875,179320.8125,179145.3125,179208.609375,179288.984375,179434.359375,179629.171875,0.0
1762651867.310792,178296.65625,178054.359375,178621.03125,178445.421875,178508.90625,178588.921875,178734.390625,178928.9375,0.0
1762651867.3444595,177915.609375,177672.953125,178239.703125,178064.109375,178127.5,178207.875,178352.71875,178547.359375,0.0
1762651867.3510597,178785.984375,178543.328125,179110.265625,178934.84375,178998.234375,179078.515625,179223.453125,179418.4375,0.0
1762651867.3510761,179069.125,178826.75,179393.953125,179218.359375,179281.65625,179361.765625,179507.046875,179701.859375,0.0
1762651867.35321,178495.234375,178252.484375,178819.234375,178643.90625,178707.390625,178787.5,178932.78125,179127.609375,0.0
1762651867.3557022,177898.796875,177655.78125,178222.8125,178046.859375,178111.046875,178191.25,178336.0,178530.8125,0.0
1762651867.3582857,178679.671875,178436.9375,179004.046875,178828.53125,178892.015625,178972.03125,179117.140625,179312.234375,0.0
1762651867.3608148,179119.640625,178877.359375,179444.015625,179269.21875,179332.34375,179412.28125,179557.65625,179752.828125,0.0
1762651867.3631928,178686.375,178443.734375,179010.75,178835.328125,178898.71875,178979.015625,179123.9375,179319.296875,0.0
1762651867.3656964,177936.4375,177693.25,178260.265625,178084.5,178148.234375,178228.890625,178373.28125,178568.1875,0.0
1762651867.368285,178553.34375,178310.609375,178877.53125,178701.84375,178765.59375,178845.796875,178990.546875,179185.546875,0.0
1762651867.3708208,179145.484375,178903.1875,179470.390625,179294.890625,179358.28125,179438.5625,179583.578125,179778.671875,0.0
1762651867.370836,178856.796875,178614.40625,179181.25,179006.015625,179069.75,179149.59375,179294.890625,179489.875,0.0
1762651867.3732443,178028.078125,177785.25,178351.640625,178176.140625,178240.6875,178320.078125,178465.015625,178659.828125,0.0
1762651867.3732588,178421.828125,178179.0,178745.65625,178570.234375,178634.53125,178714.09375,178859.203125,179054.109375,0.0
1762651867.3757036,179150.84375,178908.109375,179474.5,179299.4375,179363.28125,179442.859375,179588.5,179783.84375,0.0
1762651867.3782177,179005.921875,178763.453125,179329.9375,179154.515625,179218.359375,179298.453125,179443.65625,179639.015625,0.0
1762651867.3782437,178166.921875,177923.734375,178490.671875,178314.53125,178378.90625,178459.109375,178604.21875,178798.9375,0.0
1762651867.4095469,178295.21875,178051.859375,178619.421875,178443.28125,178507.390625,178587.671875,178732.515625,178927.421875,0.0
1762651867.4121623,179129.21875,178886.46875,179453.84375,179278.171875,179341.828125,179421.75,179567.046875,179762.390625,0.0
1762651867.412182,179127.328125,178884.78125,179451.703125,179276.109375,179339.671875,179419.515625,179564.984375,179760.515625,0.0
1762651867.4144495,178340.203125,178097.71875,178664.46875,178488.703125,178552.8125,178632.828125,178777.671875,178972.9375,0.0
1762651867.4170144,178193.296875,177950.375,178517.3125,178341.453125,178405.90625,178485.390625,178630.5,178825.59375,0.0
1762651867.419567,179077.359375,178834.609375,179401.546875,179225.953125,179289.609375,179369.71875,179514.921875,179710.09375,0.0
1762651867.4220347,179220.40625,178977.9375,179544.78125,179369.625,179432.75,179512.953125,179658.140625,179852.96875,0.0
1762651867.4244564,178531.53125,178288.515625,178855.359375,178679.9375,178743.78125,178823.796875,178968.640625,179163.640625,0.0
1762651867.427038,178132.234375,177889.3125,178456.15625,178280.46875,178344.40625,178424.6875,178569.078125,178764.078125,0.0
1762651867.4294572,178997.96875,178755.3125,179322.328125,179146.375,179210.125,179290.40625,179435.25,179630.421875,0.0
1762651867.429472,179294.890625,179052.40625,179619.34375,179444.015625,179507.046875,179587.421875,179732.53125,179927.796875,0.0
1762651867.4320967,178731.625,178488.796875,179055.546875,178880.296875,178943.609375,179023.71875,179168.828125,179363.90625,0.0
1762651867.4344504,178119.546875,177876.53125,178443.546875,178267.59375,178331.609375,178411.90625,178556.46875,178751.375,0.0
1762651867.4369402,178890.046875,178647.9375,179214.78125,179039.09375,179102.84375,179182.953125,179327.96875,179523.3125,0.0
1762651867.4885426,179341.734375,179099.625,179666.546875,179491.046875,179554.609375,179634.546875,179779.921875,179975.1875,0.0
1762651867.488574,178920.0,178677.53125,179244.28125,179068.78125,179132.515625,179212.265625,179357.296875,179552.375,0.0
1762651867.4909236,178163.53125,177920.4375,178487.359375,178311.671875,178375.421875,178455.359375,178600.28125,178795.015625,0.0
1762651867.4909384,178765.421875,178522.859375,179089.421875,178913.921875,178977.671875,179057.78125,179203.15625,179397.609375,0.0
1762651867.4935791,179371.0625,179128.3125,179694.984375,179519.65625,179583.125,179663.515625,179808.796875,180003.875,0.0
1762651867.5083263,179094.515625,178851.78125,179418.625,179242.9375,179306.5,179386.96875,179531.71875,179726.984375,0.0
1762651867.5107093,178261.703125,178018.953125,178585.796875,178409.671875,178473.59375,178553.875,178698.453125,178893.890625,0.0
1762651867.513347,178632.5625,178390.0,178956.5625,178780.890625,178844.546875,178925.09375,179069.40625,179264.9375,0.0
1762651867.5157113,179373.03125,179130.203125,179696.859375,179521.078125,179585.015625,179665.03125,179809.875,180005.578125,0.0
1762651867.518202,179240.703125,178997.703125,179564.359375,179388.765625,179452.6875,179532.703125,179677.71875,179873.34375,0.0
1762651867.5234778,178404.65625,178161.65625,178728.40625,178552.8125,178616.46875,178697.109375,178841.859375,179036.5,0.0
1762651867.525699,178508.453125,178265.984375,178832.734375,178657.140625,178720.71875,178800.828125,178946.109375,179140.84375,0.0
1762651867.5282,179347.984375,179105.515625,179672.359375,179496.859375,179560.25,179640.171875,179785.734375,179981.078125,0.0
1762651867.530779,179358.359375,179115.890625,179682.546875,179507.5,179570.53125,179650.546875,179795.921875,179991.546875,0.0
1762651867.533197,178578.46875,178335.546875,178902.125,178727.15625,178790.265625,178870.375,179015.484375,179210.75,0.0
1762651867.5357738,178409.9375,178166.921875,178733.3125,178558.078125,178621.65625,178702.03125,178846.859375,179041.953125,0.0
1762651867.5357895,179293.1875,179050.53125,179617.015625,179441.875,179505.171875,179585.375,179730.46875,179925.65625,0.0
1762651867.538627,179450.1875,179207.984375,179774.28125,179599.5,179662.703125,179742.8125,179887.921875,180083.359375,0.0
1762651867.541148,178772.65625,178529.828125,179095.953125,178921.25,178984.828125,179064.84375,179209.765625,179404.765625,0.0
1762651867.5432248,178353.34375,178110.15625,178676.453125,178501.484375,178565.140625,178645.25,178790.0,178984.828125,0.0
1762651867.5458698,179209.953125,178967.296875,179533.78125,179359.078125,179421.84375,179501.859375,179646.96875,179842.40625,0.0
1762651867.549552,179517.234375,179274.859375,179840.984375,179666.28125,179729.3125,179809.421875,179954.703125,180149.890625,0.0
1762651867.5495672,178969.0,178726.171875,179292.375,179117.40625,179180.796875,179261.09375,179406.203125,179601.453125,0.0
1762651867.5495749,178344.484375,178101.390625,178668.140625,178492.90625,178556.5625,178636.765625,178781.6875,178976.6875,0.0
1762651867.5519636,179101.046875,178858.484375,179424.96875,179250.359375,179313.578125,179393.765625,179538.609375,179733.78125,0.0
1762651867.5547037,179563.28125,179320.984375,179887.5625,179712.859375,179775.796875,179856.1875,180001.375,180196.28125,0.0
1762651867.5547206,179154.421875,178912.40625,179478.796875,179304.1875,179366.765625,179447.0625,179592.34375,179787.25,0.0
1762651867.5569463,178389.375,178146.8125,178713.296875,178538.40625,178601.71875,178681.828125,178826.578125,179021.484375,0.0
1762651867.5596626,178971.59375,178728.9375,179295.6875,179121.25,179183.65625,179264.3125,179409.234375,179604.40625,0.0
1762651867.562024,179585.640625,179343.15625,179909.828125,179735.390625,179798.15625,179878.4375,180023.546875,180218.8125,0.0
1762651867.5645776,179320.09375,179077.796875,179644.109375,179469.578125,179532.703125,179612.71875,179757.828125,179952.734375,0.0
1762651867.5645924,178486.90625,178244.265625,178810.296875,178635.234375,178698.546875,178779.09375,178923.9375,179118.578125,0.0
1762651867.5669615,178836.859375,178594.375,179160.859375,178985.625,179049.375,179129.296875,179274.328125,179468.875,0.0
1762651867.566978,179584.109375,179341.734375,179908.65625,179733.6875,179797.078125,179876.828125,180022.125,180217.03125,0.0
1762651867.5734465,179464.21875,179221.578125,179788.40625,179613.625,179676.65625,179756.40625,179901.953125,180097.3125,0.0
1762651867.6107044,178631.21875,178388.65625,178955.046875,178779.90625,178843.375,178923.3125,179068.421875,179263.953125,0.0
1762651867.6107256,178714.546875,178472.25,179038.734375,178863.578125,178926.796875,179006.90625,179151.5625,179347.28125,0.0
1762651867.6133122,179558.640625,179316.4375,179882.90625,179708.21875,179771.328125,179851.359375,179996.28125,180191.8125,0.0
1762651867.615733,179578.03125,179336.015625,179902.671875,179727.796875,179790.640625,179871.109375,180016.40625,180211.65625,0.0
1762651867.6157496,178804.75,178562.109375,179128.9375,178953.625,179016.828125,179097.5625,179242.3125,179437.484375,0.0
1762651867.6183052,178616.90625,178373.71875,178940.828125,178765.328125,178828.8125,178909.0,179053.84375,179249.28125,0.0
1762651867.6183205,179500.4375,179257.953125,179824.625,179649.828125,179712.59375,179792.96875,179937.984375,180133.515625,0.0
1762651867.6208584,179667.71875,179425.421875,179991.8125,179817.640625,179880.140625,179960.609375,180105.890625,180300.890625,0.0
1762651867.6208732,178998.671875,178756.390625,179322.6875,179147.90625,179211.015625,179291.046875,179436.328125,179631.40625,0.0
1762651867.624638,178561.65625,178318.65625,178885.671875,178710.4375,178774.09375,178854.015625,178998.859375,179193.59375,0.0
1762651867.6246655,179413.609375,179170.703125,179737.8125,179563.015625,179625.953125,179705.53125,179851.265625,180046.34375,0.0
1762651867.624673,179724.65625,179482.1875,180049.03125,179874.59375,179937.359375,180017.203125,180163.03125,180358.203125,0.0
1762651867.6270056,179186.171875,178943.6875,179510.265625,179335.390625,179398.5,179478.609375,179623.8125,179818.90625,0.0
1762651867.6583729,178552.265625,178309.171875,178876.1875,178700.6875,178763.984375,178844.09375,178989.109375,179184.28125,0.0
1762651867.6794646,179295.515625,179052.6875,179619.796875,179444.546875,179507.671875,179587.78125,179733.15625,179928.515625,0.0
1762651867.6794834,179771.953125,179529.578125,180096.328125,179921.453125,179984.21875,180064.859375,180209.875,180405.3125,0.0
1762651867.679492,179370.703125,179128.59375,179695.15625,179520.1875,179583.21875,179663.59375,179808.609375,180003.96875,0.0
1762651867.679499,178601.0,178358.34375,178924.734375,178749.59375,178812.984375,178893.453125,179038.28125,179233.375,0.0
1762651867.6833353,179166.3125,178924.203125,179490.421875,179315.625,179378.65625,179458.953125,179604.234375,179799.59375,0.0
1762651867.6833496,179794.84375,179552.734375,180119.578125,179944.609375,180007.1875,180087.390625,180233.125,180428.203125,0.0
1762651867.6833568,179538.515625,179296.046875,179862.796875,179687.921875,179750.859375,179831.140625,179976.171875,180171.4375,0.0
1762651867.6833622,178707.390625,178464.734375,179031.40625,178856.34375,178919.546875,179000.203125,179144.6875,179339.671875,0.0
1762651867.685691,179035.96875,178793.3125,179359.890625,179184.734375,179248.390625,179328.40625,179473.4375,179668.34375,0.0
1762651867.690775,179796.453125,179554.515625,180120.921875,179945.765625,180009.25,180089.09375,180234.546875,180430.0,0.0
1762651867.6931908,179687.65625,179445.53125,180011.921875,179836.6875,179900.265625,179980.375,180125.390625,180321.015625,0.0
1762651867.6956904,178857.5,178615.125,179181.34375,179006.1875,179069.578125,179150.046875,179294.609375,179490.15625,0.0
1762651867.6984415,178920.53125,178677.96875,179244.453125,179069.578125,179132.796875,179212.984375,179357.921875,179553.265625,0.0
1762651867.700755,179770.796875,179528.140625,180095.078125,179920.28125,179983.5,180063.34375,180208.625,180403.984375,0.0
1762651867.7032723,179801.375,179558.640625,180125.65625,179950.859375,180014.15625,180094.09375,180239.375,180435.0,0.0
1762651867.7056909,179036.234375,178793.578125,179360.328125,179185.1875,179248.578125,179329.21875,179473.703125,179669.328125,0.0
1762651867.7082949,178826.296875,178583.921875,179150.21875,178975.171875,179038.734375,179118.75,179263.59375,179458.953125,0.0
1762651867.7144516,179708.484375,179466.015625,180032.84375,179857.796875,179921.1875,180000.65625,180146.21875,180341.75,0.0
1762651867.714468,179888.90625,179646.4375,180213.71875,180038.484375,180102.046875,180181.4375,180327.0,180522.625,0.0
1762651867.720774,179231.859375,178989.46875,179556.3125,179380.890625,179444.640625,179524.390625,179669.671875,179865.03125,0.0
1762651867.7232485,178774.09375,178531.796875,179098.546875,178922.953125,178986.875,179066.984375,179211.921875,179407.171875,0.0
1762651867.7257607,179621.671875,179379.46875,179946.125,179771.15625,179834.28125,179914.5625,180059.578125,180254.84375,0.0
1762651867.7257807,179953.90625,179711.96875,180278.359375,180103.484375,180166.609375,180247.15625,180392.171875,180587.625,0.0
1762651867.7320266,179426.484375,179184.015625,179750.765625,179575.625,179638.828125,179719.203125,179864.5,180059.84375,0.0
1762651867.732041,178774.984375,178532.25,179098.8125,178923.390625,178986.96875,179067.171875,179212.546875,179407.359375,0.0
1762651867.7658887,179509.8125,179267.078125,179833.734375,179658.5,179721.984375,179802.0,179947.109375,180142.640625,0.0
1762651867.7659063,179995.390625,179753.0,180319.84375,180144.421875,180207.90625,180287.921875,180433.03125,180628.75,0.0
1762651867.768227,179609.5,179367.390625,179933.78125,179758.453125,179821.9375,179901.953125,180047.515625,180242.515625,0.0
1762651867.768242,178828.625,178586.609375,179152.90625,178977.671875,179041.140625,179121.171875,179266.453125,179461.53125,0.0
1762651867.7731855,179377.046875,179135.03125,179701.421875,179526.359375,179589.390625,179669.59375,179814.96875,180010.3125,0.0
1762651867.7756784,180013.625,179771.421875,180337.90625,180163.203125,180225.875,180306.25,180451.546875,180647.171875,0.0
1762651867.7781897,179772.3125,179529.75,180096.421875,179921.453125,179984.5625,180064.671875,180209.875,180405.40625,0.0
1762651867.78081,178934.03125,178691.5625,179257.6875,179082.984375,179146.375,179226.21875,179371.328125,179566.234375,0.0
1762651867.783189,179243.828125,179001.625,179567.84375,179393.234375,179456.703125,179536.109375,179681.5625,179876.828125,0.0
1762651867.7857535,180010.140625,179768.390625,180334.6875,180160.078125,180223.109375,180303.125,180448.5,180643.765625,0.0
1762651867.788595,179910.984375,179669.046875,180235.53125,180060.5625,180123.59375,180203.703125,180349.171875,180544.25,0.0
1762651867.7908108,179085.671875,178842.9375,179409.59375,179234.625,179297.921875,179377.9375,179523.140625,179718.21875,0.0
1762651867.790826,179121.609375,178879.046875,179445.796875,179271.1875,179334.40625,179414.25,179559.796875,179754.890625,0.0
1762651867.7931962,179976.96875,179734.953125,180301.875,180127.53125,180190.46875,180270.3125,180415.6875,180611.140625,0.0
1762651867.7956991,180021.765625,179780.09375,180346.9375,180172.59375,180235.625,180315.015625,180460.65625,180656.015625,0.0
1762651867.7981944,179264.671875,179022.640625,179589.390625,179414.6875,179477.71875,179557.46875,179703.203125,179898.296875,0.0
1762651867.7982113,179032.203125,178789.90625,179357.015625,179181.96875,179245.359375,179325.109375,179470.5625,179665.65625,0.0
1762651867.8582008,179916.359375,179674.59375,180241.609375,180066.640625,180129.5,180209.34375,180355.15625,180550.25,0.0
1762651867.8607252,180107.859375,179866.46875,180433.125,180257.96875,180321.015625,180400.578125,180546.5,180741.9375,0.0
1762651867.860741,179458.40625,179216.390625,179783.21875,179608.4375,179671.46875,179751.125,179896.859375,180092.21875,0.0
1762651867.863196,178984.109375,178741.640625,179308.296875,179133.859375,179196.8125,179276.640625,179421.9375,179617.28125,0.0
1762651867.8658428,179825.25,179583.21875,180150.0625,179975.265625,180037.859375,180118.140625,180263.703125,180458.96875,0.0
1762651867.8681853,180168.921875,179927.078125,180494.015625,180319.21875,180382.25,180462.09375,180607.734375,180802.734375,0.0
1762651867.8710752,179652.421875,179410.125,179976.703125,179802.171875,179865.03125,179944.96875,180090.25,180285.609375,0.0
1762651867.875688,178988.046875,178745.390625,179311.875,179137.078125,179200.109375,179280.3125,179425.0625,179620.6875,0.0
1762651867.8757029,179707.671875,179465.203125,180031.515625,179856.8125,179920.28125,180000.03125,180145.5,180341.125,0.0
1762651867.8781862,180207.375,179965.171875,180531.734375,180356.953125,180420.078125,180499.90625,180645.5625,180841.171875,0.0
1762651867.880688,179833.109375,179591.265625,180157.75,179983.046875,180045.90625,180125.75,180271.5625,180466.921875,0.0
1762651867.883186,179045.4375,178803.140625,179369.546875,179194.75,179258.140625,179337.984375,179483.265625,179678.34375,0.0
1762651867.8856869,179576.15625,179333.953125,179900.53125,179725.921875,179789.03125,179868.78125,180014.15625,180209.703125,0.0
1762651867.8882713,180224.0,179982.15625,180548.640625,180374.46875,180437.0625,180516.8125,180662.359375,180858.171875,0.0
1762651867.89109,179995.390625,179753.1875,180320.03125,180145.0625,180208.171875,180288.203125,180433.578125,180629.1875,0.0
1762651867.8932023,179156.484375,178914.09375,179480.84375,179305.796875,179369.265625,179449.109375,179594.3125,179789.65625,0.0
1762651867.9082916,179442.3125,179199.84375,179766.859375,179591.71875,179654.921875,179735.03125,179879.96875,180075.9375,0.0
1762651867.9157732,180217.75,179975.625,180542.5625,180367.765625,180430.703125,180510.90625,180656.109375,180851.8125,0.0
1762651867.9157915,180133.25,179891.046875,180457.625,180283.09375,180346.21875,180425.875,180571.796875,180767.421875,0.0
1762651867.9158013,179311.515625,179069.046875,179635.53125,179460.640625,179524.21875,179603.96875,179749.421875,179944.875,0.0
1762651867.9183078,179327.96875,179085.3125,179652.15625,179477.0,179540.578125,179620.328125,179765.34375,179960.96875,0.0
1762651867.9206853,180187.4375,179945.3125,180512.078125,180337.28125,180400.40625,180480.328125,180625.890625,180821.421875,0.0
1762651867.9233167,180242.6875,180000.75,180567.140625,180392.625,180455.5625,180535.765625,180681.3125,180876.671875,0.0
1762651867.9233315,179492.203125,179249.734375,179816.03125,179641.515625,179704.71875,179784.65625,179929.859375,180125.203125,0.0
1762651867.9294353,179239.625,178997.15625,179563.28125,179389.125,179452.0625,179531.984375,179677.453125,179872.625,0.0
1762651867.9320767,180122.796875,179880.40625,180446.890625,180273.171875,180335.9375,180415.515625,180561.15625,180756.6875,0.0
1762651867.9344344,180325.484375,180082.921875,180649.75,180475.6875,180538.71875,180618.28125,180763.75,180959.46875,0.0
1762651867.936999,179685.5,179443.125,180009.875,179835.34375,179898.375,179978.3125,180123.59375,180318.859375,0.0
1762651867.9420211,179194.5625,178951.921875,179518.765625,179343.609375,179407.171875,179487.015625,179632.578125,179827.03125,0.0
1762651867.9446123,180028.46875,179785.734375,180353.109375,180177.953125,180241.25,180320.921875,180466.65625,180661.65625,0.0
1762651867.9470363,180386.28125,180143.796875,180710.640625,180536.203125,180599.25,180678.546875,180824.1875,181019.71875,0.0
1762651867.9494195,179881.03125,179639.015625,180205.40625,180030.96875,180093.921875,180173.3125,180319.046875,180514.3125,0.0
1762651867.9520512,179203.59375,178961.390625,179527.96875,179353.453125,179416.484375,179496.046875,179641.515625,179836.6875,0.0
1762651867.9520657,179911.703125,179669.953125,180236.25,180061.8125,180124.765625,180204.59375,180350.328125,180545.59375,0.0
1762651867.9546514,180426.953125,180185.203125,180751.5,180577.0625,180639.921875,180719.765625,180865.671875,181060.671875,0.0
1762651867.957239,180064.59375,179822.390625,180388.59375,180214.796875,180277.5625,180357.21875,180502.953125,180698.125,0.0
1762651867.959578,179268.515625,179026.21875,179592.78125,179417.8125,179481.296875,179561.140625,179706.6875,179901.59375,0.0
1762651867.9620917,179778.3125,179535.921875,180103.03125,179928.25,179990.828125,180071.03125,180216.671875,180412.03125,0.0
1762651867.964467,180439.734375,180197.71875,180764.28125,180590.125,180652.34375,180732.28125,180878.28125,181073.71875,0.0
1762651867.9644828,180223.734375,179981.703125,180548.28125,180374.109375,180436.515625,180516.71875,180661.921875,180857.546875,0.0
1762651867.9731822,179382.5,179140.203125,179706.875,179532.171875,179594.75,179675.3125,179820.328125,180015.6875,0.0
1762651867.9731965,179647.140625,179405.03125,179971.609375,179797.0,179859.9375,179939.6875,180085.234375,180280.78125,0.0
1762651867.9758515,180432.046875,180190.203125,180757.140625,180582.703125,180645.375,180724.859375,180870.859375,181066.65625,0.0
1762651867.97952,180355.15625,180113.40625,180679.796875,180505.90625,180568.21875,180648.140625,180793.875,180989.421875,0.0
1762651867.9795363,179538.78125,179296.765625,179862.96875,179688.71875,179751.390625,179831.765625,179976.796875,180172.234375,0.0
1762651867.9832044,179531.90625,179289.875,179856.625,179681.5625,179744.6875,179824.984375,179970.359375,180165.625,0.0
1762651867.983219,180395.390625,180153.546875,180720.5625,180545.6875,180608.8125,180688.5625,180834.109375,181029.828125,0.0
1762651868.0207028,180463.703125,180222.03125,180788.875,180614.53125,180677.296875,180756.78125,180902.953125,181098.40625,0.0
1762651868.0294888,179721.984375,179479.875,180046.53125,179871.921875,179934.765625,180014.609375,180160.171875,180355.4375,0.0
1762651868.0295124,179446.25,179204.140625,179770.53125,179596.09375,179658.765625,179738.96875,179884.078125,180079.34375,0.0
1762651868.0295196,180328.15625,180086.3125,180653.15625,180478.90625,180541.3125,180621.6875,180767.15625,180962.5,0.0
1762651868.0295255,180544.703125,180302.953125,180869.78125,180695.4375,180758.03125,180838.234375,180983.78125,181179.3125,0.0
1762651868.0295305,179916.265625,179674.0625,180241.171875,180066.90625,180129.046875,180209.515625,180354.796875,180550.0625,0.0
1762651868.0295355,179404.40625,179162.46875,179729.3125,179554.796875,179616.921875,179697.75,179842.859375,180038.125,0.0
1762651868.0295415,180229.015625,179987.34375,180553.734375,180379.65625,180441.703125,180522.265625,180667.640625,180863.265625,0.0
1762651868.0295477,180601.921875,180360.34375,180927.015625,180752.578125,180815.078125,180895.453125,181040.828125,181236.359375,0.0
1762651868.0356927,180110.71875,179868.875,180435.625,180260.921875,180323.515625,180403.703125,180549.359375,180744.890625,0.0
1762651868.0357077,179419.78125,179177.5,179744.421875,179569.359375,179632.3125,179712.421875,179858.0625,180053.59375,0.0
1762651868.0381792,180112.875,179870.9375,180437.953125,180262.984375,180325.484375,180405.859375,180551.765625,180747.21875,0.0
1762651868.040834,180638.671875,180396.828125,180963.390625,180789.59375,180851.453125,180931.390625,181077.921875,181273.109375,0.0
1762651868.0431788,180290.15625,180048.40625,180614.890625,180440.71875,180503.125,180582.96875,180728.703125,180924.328125,0.0
1762651868.0470135,179487.46875,179245.4375,179811.921875,179637.140625,179700.078125,179780.1875,179925.5625,180121.09375,0.0
1762651868.0819442,179978.9375,179737.1875,180303.75,180129.5,180192.171875,180272.015625,180417.5625,180613.09375,0.0
1762651868.0819812,180650.46875,180408.8125,180975.46875,180801.390625,180863.53125,180944.0,181089.546875,181285.078125,0.0
1762651868.08589,180444.75,180202.984375,180770.015625,180595.3125,180657.890625,180738.1875,180884.1875,181079.359375,0.0
1762651868.0859053,179602.984375,179360.78125,179927.625,179752.5625,179815.6875,179895.78125,180041.4375,180236.78125,0.0
1762651868.0859137,179845.90625,179603.25,180170.359375,179995.484375,180058.515625,180138.53125,180284.078125,180479.4375,0.0
1762651868.0882187,180639.03125,180396.828125,180963.9375,180789.140625,180852.078125,180932.28125,181077.84375,181273.375,0.0
1762651868.088233,180576.890625,180334.78125,180901.703125,180727.09375,180789.859375,180870.328125,181015.609375,181211.234375,0.0
1762651868.0906787,179763.109375,179521.078125,180087.921875,179912.859375,179975.984375,180056.546875,180201.734375,180396.828125,0.0
1762651868.0931785,179732.890625,179490.328125,180056.984375,179882.203125,179945.3125,180025.609375,180171.078125,180365.984375,0.0
1762651868.0958824,180600.859375,180358.734375,180925.21875,180750.875,180813.734375,180894.015625,181039.484375,181234.84375,0.0
1762651868.0958967,180679.53125,180437.859375,181004.25,180829.5625,180892.40625,180972.96875,181118.34375,181313.875,0.0
1762651868.0981872,179947.375,179705.0,180271.75,180096.859375,180159.8125,180240.0,180385.5625,180580.921875,0.0
1762651868.1010137,179653.3125,179411.109375,179977.6875,179802.8125,179865.75,179945.5,180091.5,180286.859375,0.0
1762651868.1070712,180532.28125,180290.15625,180856.734375,180682.21875,180744.96875,180824.375,180970.8125,181166.34375,0.0
1762651868.1070907,180760.984375,180519.140625,181085.609375,180911.546875,180973.765625,181053.875,181200.0625,181395.328125,0.0
1762651868.114617,180142.46875,179900.703125,180467.1875,180292.671875,180355.4375,180435.453125,180581.625,180776.359375,0.0
1762651868.1146321,179615.40625,179373.5625,179940.40625,179765.078125,179828.640625,179908.3125,180054.125,180249.21875,0.0
1762651868.1457932,180434.5625,180192.703125,180759.8125,180585.03125,180647.875,180727.546875,180873.71875,181069.25,0.0
1762651868.145814,180818.375,180576.53125,181143.46875,180969.125,181031.078125,181111.015625,181257.28125,181452.90625,0.0
1762651868.1481843,180333.703125,180091.671875,180658.34375,180483.8125,180546.578125,180626.25,180772.6875,180967.875,0.0
1762651868.1481988,179631.140625,179389.03125,179955.515625,179780.90625,179844.015625,179923.6875,180069.328125,180264.5,0.0
1762651868.1506763,180312.515625,180070.484375,180637.15625,180462.453125,180525.21875,180605.234375,180750.78125,180946.140625,0.0
1762651868.1531913,180849.9375,180608.359375,181174.84375,181000.140625,181062.640625,181143.1875,181289.015625,181484.734375,0.0
1762651868.155678,180511.0,180269.234375,180835.8125,180661.015625,180723.875,180803.984375,180949.8125,181145.34375,0.0
1762651868.1581771,179704.453125,179462.4375,180029.1875,179854.296875,179917.421875,179997.359375,180142.8125,180337.90625,0.0
1762651868.1606593,180179.828125,179937.71875,180504.5625,180330.03125,180392.890625,180472.828125,180618.203125,180813.90625,0.0
1762651868.1632602,180863.171875,180621.140625,181187.984375,181013.5625,181076.234375,181156.34375,181301.890625,181497.421875,0.0
1762651868.1658578,180669.0625,180426.953125,180993.34375,180819.09375,180882.21875,180962.0625,181107.703125,181302.875,0.0
1762651868.168651,179825.96875,179583.9375,180150.515625,179975.71875,180039.015625,180118.6875,180264.5,180459.59375,0.0
1762651868.1686664,180046.703125,179804.765625,180371.34375,180196.46875,180259.578125,180339.34375,180485.25,180680.609375,0.0
1762651868.1708417,180846.71875,180604.609375,181171.453125,180997.109375,181059.6875,181139.265625,181285.703125,181480.96875,0.0
1762651868.178173,180795.21875,180553.5625,181120.03125,180945.875,181008.734375,181088.03125,181234.390625,181429.65625,0.0
1762651868.178188,179985.109375,179743.265625,180309.828125,180135.484375,180198.25,180278.1875,180424.0,180619.453125,0.0
1762651868.1844416,179931.90625,179689.96875,180256.546875,180081.84375,180144.78125,180224.71875,180370.546875,180565.796875,0.0
1762651868.1844573,180804.515625,180562.859375,181129.6875,180955.078125,181017.75,181097.59375,181243.59375,181439.21875,0.0
1762651868.2244503,180897.0625,180655.5625,181222.234375,181047.625,181110.03125,181190.046875,181336.21875,181531.75,0.0
1762651868.224474,180172.765625,179931.015625,180497.3125,180322.703125,180385.375,180465.21875,180611.046875,180806.046875,0.0
1762651868.2270465,179855.28125,179613.171875,180180.015625,180005.21875,180068.078125,180147.921875,180293.5625,180488.828125,0.0
1762651868.2294276,180733.796875,180492.046875,181058.34375,180883.734375,180946.671875,181026.34375,181172.609375,181368.046875,0.0
1762651868.2322252,180975.640625,180734.25,181300.375,181125.84375,181188.96875,181268.546875,181414.640625,181610.4375,0.0
1762651868.234452,180367.59375,180125.65625,180692.3125,180517.703125,180580.640625,180660.21875,180805.953125,181001.84375,0.0
1762651868.2370949,179821.046875,179579.109375,180145.953125,179970.984375,180033.828125,180113.9375,180259.140625,180455.03125,0.0
1762651868.2394247,180631.515625,180389.578125,180956.6875,180781.984375,180844.484375,180924.6875,181070.15625,181266.046875,0.0
1762651868.2420058,181029.640625,180788.34375,181355.359375,181180.921875,181242.96875,181323.0,181469.171875,181664.796875,0.0
1762651868.2446673,180559.09375,180317.15625,180884.453125,180710.109375,180772.15625,180852.265625,180997.90625,181193.53125,0.0
1762651868.268074,179843.84375,179601.90625,180169.015625,179994.046875,180056.984375,180137.015625,180282.03125,180477.65625,0.0
1762651868.2888842,180509.203125,180267.625,180834.5625,180659.953125,180722.53125,180802.203125,180948.203125,181143.640625,0.0
1762651868.2889037,181062.109375,180820.796875,181387.640625,181213.203125,181275.421875,181355.09375,181501.453125,181696.71875,0.0
1762651868.2908146,180737.015625,180495.4375,181062.1875,180888.109375,180950.171875,181030.28125,181176.09375,181371.265625,0.0
1762651868.2931733,179922.515625,179680.59375,180247.0625,180072.640625,180134.859375,180214.96875,180360.703125,180555.609375,0.0
1762651868.2956796,180378.3125,180136.5625,180703.046875,180528.796875,180591.015625,180670.859375,180816.765625,181012.125,0.0
1762651868.295694,181072.203125,180830.890625,181397.5625,181223.21875,181285.4375,181365.546875,181511.546875,181707.078125,0.0
1762651868.2981727,180889.1875,180647.875,181214.265625,181039.9375,181102.421875,181182.265625,181328.09375,181523.796875,0.0
1762651868.3011196,180045.640625,179803.78125,180370.265625,180195.5625,180258.515625,180338.171875,180484.09375,180679.53125,0.0
1762651868.3031733,180245.28125,180003.171875,180570.0,180395.484375,180458.0625,180537.90625,180684.0,180879.359375,0.0
1762651868.3058395,181055.75,180814.09375,181380.75,181206.671875,181268.71875,181348.65625,181494.75,181690.359375,0.0
1762651868.3081727,181015.796875,180774.21875,181340.96875,181166.703125,181228.75,181308.78125,181454.6875,181650.578125,0.0
1762651868.3106732,180210.859375,179968.5625,180535.671875,180360.796875,180423.640625,180503.40625,180649.3125,180844.75,0.0
1762651868.313446,180135.3125,179892.921875,180459.859375,180285.421875,180348.015625,180427.671875,180573.578125,180768.9375,0.0
1762651868.3156724,181012.03125,180770.28125,181337.125,181162.859375,181225.359375,181304.65625,181450.671875,181646.375,0.0
1762651868.318199,181117.453125,180876.21875,181442.625,181268.28125,181331.03125,181410.25,181556.609375,181752.328125,0.0
1762651868.32077,180399.15625,180157.21875,180723.609375,180549.265625,180612.203125,180691.875,180837.78125,181033.40625,0.0
1762651868.3234448,180058.328125,179816.21875,180382.875,180208.4375,180271.203125,180350.953125,180496.875,180692.5,0.0
1762651868.32346,180934.96875,180693.65625,181260.234375,181086.0625,181148.296875,181227.78125,181374.21875,181569.75,0.0
1762651868.3298104,181191.109375,180950.25,181516.203125,181342.296875,181404.4375,181483.921875,181630.28125,181826.0,0.0
1762651868.331974,180593.4375,180351.40625,180917.796875,180743.8125,180806.125,180886.0625,181031.703125,181227.234375,0.0
1762651868.3319912,180031.0625,179788.859375,180355.34375,180181.171875,180243.671875,180323.78125,180469.25,180664.953125,0.0
1762651868.3344634,180832.859375,180591.203125,181157.859375,180983.609375,181045.734375,181125.671875,181271.671875,181467.65625,0.0
1762651868.3344781,181243.953125,181002.015625,181568.859375,181394.515625,181456.828125,181536.671875,181682.40625,181878.296875,0.0
1762651868.337289,180786.734375,180544.796875,181111.28125,180937.46875,180999.421875,181079.453125,181225.359375,181420.984375,0.0
1762651868.3406827,180059.3125,179817.375,180383.59375,180209.515625,180272.109375,180351.9375,180497.671875,180693.296875,0.0
1762651868.3406973,180706.53125,180465.046875,181031.34375,180857.453125,180919.671875,180999.515625,181145.609375,181340.96875,0.0
1762651868.340705,181272.03125,181030.8125,181597.203125,181423.21875,181485.265625,181565.28125,181711.5625,181907.171875,0.0
1762651868.3432124,180960.171875,180718.421875,181285.0,181110.65625,181172.96875,181253.078125,181399.171875,181594.796875,0.0
1762651868.3432271,180138.625,179896.953125,180462.984375,180288.734375,180351.40625,180431.34375,180576.984375,180772.515625,0.0
1762651868.3456712,180572.515625,180331.203125,180897.140625,180722.625,180785.203125,180865.3125,181011.40625,181206.765625,0.0
1762651868.3820293,181279.453125,181038.046875,181604.453125,181430.28125,181492.421875,181572.078125,181718.625,181914.421875,0.0
1762651868.3820484,181108.765625,180867.28125,181433.859375,181259.78125,181321.828125,181401.484375,181547.9375,181743.65625,0.0
1762651868.3845644,180265.9375,180024.625,180590.921875,180416.40625,180478.8125,180558.734375,180704.828125,180900.09375,0.0
1762651868.3869205,180441.0,180199.859375,180765.71875,180591.46875,180653.953125,180733.796875,180879.796875,181075.328125,0.0
1762651868.3896663,181259.328125,181018.5625,181584.421875,181410.25,181472.84375,181552.046875,181698.59375,181894.484375,0.0
1762651868.3920016,181232.953125,180991.46875,181557.953125,181383.609375,181445.921875,181525.5,181671.859375,181867.75,0.0
1762651868.3944187,180434.28125,180192.078125,180758.921875,180584.046875,180647.171875,180726.640625,180872.46875,181068.1875,0.0
1762651868.3969233,180336.03125,180093.734375,180660.3125,180485.875,180548.8125,180628.296875,180774.484375,180969.65625,0.0
1762651868.402022,181216.78125,180975.015625,181541.59375,181367.25,181429.828125,181509.140625,181655.859375,181851.296875,0.0
1762651868.4044223,181333.546875,181091.96875,181658.8125,181484.1875,181546.78125,181626.078125,181772.703125,181968.328125,0.0
1762651868.40692,180625.625,180383.859375,180951.0625,180776.265625,180838.9375,180918.34375,181064.703125,181259.953125,0.0
1762651868.4096515,180264.328125,180022.125,180589.5,180414.796875,180477.46875,180556.78125,180703.21875,180898.40625,0.0
1762651868.4096768,181137.109375,180895.265625,181462.28125,181288.125,181350.078125,181429.828125,181576.109375,181771.71875,0.0
1762651868.4120016,181406.40625,181164.734375,181731.140625,181557.328125,181619.640625,181698.953125,181845.578125,182040.9375,0.0
1762651868.41442,180819.453125,180577.609375,181144.171875,180969.921875,181032.421875,181112.078125,181258.171875,181453.53125,0.0
1762651868.4144344,180236.96875,179994.9375,180561.6875,180387.4375,180449.671875,180529.421875,180675.328125,180870.6875,0.0
1762651868.4170358,181027.328125,180785.75,181352.59375,181178.421875,181240.734375,181320.21875,181466.484375,181662.03125,0.0
1762651868.4532683,181453.265625,181211.953125,181778.78125,181604.453125,181667.125,181746.15625,181892.78125,182088.40625,0.0
1762651868.4532917,181008.734375,180766.96875,181333.984375,181159.015625,181221.96875,181301.53125,181447.890625,181643.25,0.0
1762651868.4557664,180269.0625,180026.859375,180593.875,180419.4375,180481.9375,180561.515625,180707.515625,180902.953125,0.0
1762651868.4557812,180903.671875,180661.46875,181228.671875,181054.328125,181116.734375,181196.03125,181342.65625,181538.109375,0.0
1762651868.4606683,181480.4375,181238.859375,181805.703125,181631.453125,181694.03125,181773.15625,181919.6875,182115.234375,0.0
1762651868.4631846,181180.03125,180937.921875,181505.03125,181330.6875,181393.171875,181472.5625,181618.921875,181814.28125,0.0
1762651868.4632027,180356.328125,180113.9375,180680.875,180506.4375,180568.84375,180648.859375,180794.421875,180990.125,0.0
1762651868.465668,180769.734375,180527.984375,181094.828125,180920.484375,180982.4375,181062.375,181208.546875,181404.359375,0.0
1762651868.4681687,181488.125,181246.453125,181813.5625,181638.953125,181701.265625,181781.203125,181927.828125,182123.09375,0.0
1762651868.4707603,181329.515625,181087.5,181654.6875,181479.90625,181542.3125,181622.140625,181768.5,181964.046875,0.0
1762651868.4707751,180488.28125,180246.171875,180813.375,180638.21875,180700.984375,180780.921875,180926.734375,181122.28125,0.0
1762651868.4732895,180640.453125,180398.34375,180965.625,180790.3125,180853.421875,180933.171875,181079.0,181274.359375,0.0
1762651868.4733045,181465.859375,181223.75,181790.765625,181616.25,181678.75,181758.671875,181904.859375,182100.203125,0.0
1762651868.4756546,181451.828125,181209.625,181776.640625,181602.03125,181664.4375,181744.546875,181890.546875,182085.71875,0.0
1762651868.479509,180657.890625,180415.59375,180982.4375,180807.921875,180870.328125,180950.25,181095.984375,181291.609375,0.0
1762651868.479524,180533.96875,180291.765625,180858.96875,180684.265625,180747.03125,180826.421875,180972.515625,181168.140625,0.0
1762651868.5131593,181416.15625,181173.765625,181741.0625,181566.8125,181629.21875,181708.421875,181854.96875,182050.40625,0.0
1762651868.5170512,181548.296875,181306.453125,181873.375,181699.03125,181761.53125,181840.75,181987.546875,182183.265625,0.0
1762651868.5170667,180848.78125,180606.84375,181173.6875,180999.25,181061.828125,181141.40625,181287.671875,181483.203125,0.0
1762651868.5170748,180467.375,180225.15625,180792.359375,180617.84375,180680.609375,180760.0,180906.171875,181101.359375,0.0
1762651868.5208025,181336.671875,181094.640625,181661.9375,181487.328125,181550.0,181629.296875,181775.65625,181971.28125,0.0
1762651868.5208173,181619.375,181377.625,181944.375,181770.390625,181832.4375,181912.28125,182058.1875,182254.609375,0.0
1762651868.520825,181045.921875,180804.25,181370.921875,181196.75,181259.328125,181338.8125,181485.09375,181680.625,0.0
1762651868.523288,180449.671875,180207.640625,180774.296875,180599.78125,180662.546875,180742.46875,180888.203125,181083.828125,0.0
1762651868.5233023,181229.296875,180987.8125,181554.46875,181380.03125,181442.34375,181522.015625,181668.375,181864.078125,0.0
1762651868.5256655,181668.453125,181426.96875,181993.71875,181819.46875,181881.703125,181961.171875,182107.984375,182303.515625,0.0
1762651868.5282793,181233.578125,180991.828125,181558.671875,181384.140625,181446.828125,181526.390625,181672.65625,181868.109375,0.0
1762651868.5306783,180485.609375,180243.9375,180810.78125,180636.078125,180698.84375,180778.234375,180924.328125,181119.953125,0.0
1762651868.5346093,181103.140625,180861.734375,181428.140625,181254.234375,181316.46875,181395.953125,181542.21875,181737.84375,0.0
1762651868.5346284,181695.1875,181453.609375,182020.1875,181846.296875,181908.78125,181988.265625,182134.265625,182330.25,0.0
1762651868.6021807,181406.953125,181165.015625,181731.84375,181557.953125,181620.265625,181699.578125,181846.296875,182041.828125,0.0
1762651868.605676,180576.984375,180334.859375,180901.890625,180727.453125,180790.21875,180869.78125,181015.96875,181211.40625,0.0
1762651868.605692,180968.40625,180726.640625,181293.21875,181119.140625,181181.734375,181261.03125,181407.484375,181603.109375,0.0
1762651868.6057005,181697.15625,181455.5,182022.25,181848.265625,181911.015625,181990.421875,182136.59375,182332.390625,0.0
1762651868.608166,181551.34375,181309.578125,181876.515625,181702.25,181764.75,181844.5,181990.5,182186.484375,0.0
1762651868.610895,180711.09375,180469.609375,181036.4375,180861.734375,180924.6875,181004.25,181150.265625,181346.0625,0.0
1762651868.6134741,180837.609375,180595.9375,181163.21875,180988.515625,181051.46875,181131.125,181277.125,181472.84375,0.0
1762651868.615657,181671.671875,181430.015625,181997.390625,181823.046875,181885.453125,181964.671875,182110.9375,182306.828125,0.0
1762651868.618245,181670.25,181428.671875,181995.875,181821.703125,181883.9375,181963.421875,182109.140625,182305.390625,0.0
1762651868.6207433,180881.140625,180639.75,181206.578125,181032.421875,181094.734375,181174.484375,181320.125,181515.671875,0.0
1762651868.6235363,180735.3125,180493.296875,181060.21875,180886.328125,180948.46875,181028.125,181174.125,181369.484375,0.0
1762651868.6256633,181620.53125,181378.96875,181945.796875,181772.078125,181834.21875,181913.53125,182060.15625,182255.953125,0.0
1762651868.6281822,181763.328125,181521.75,182088.3125,181914.59375,181976.640625,182056.390625,182202.578125,182398.46875,0.0
1762651868.63082,181073.015625,180830.890625,181397.921875,181223.75,181286.328125,181365.90625,181511.640625,181707.53125,0.0
1762651868.633162,180669.875,180427.9375,180994.78125,180820.609375,180883.203125,180962.6875,181108.859375,181304.390625,0.0
1762651868.6355991,181534.53125,181293.3125,181859.875,181685.625,181747.859375,181827.6875,181973.96875,182169.59375,0.0
1762651868.6506653,181831.71875,181590.234375,182156.625,181982.453125,182044.59375,182123.90625,182270.96875,182466.6875,0.0
1762651868.65341,181267.65625,181026.15625,181593.0,181418.5625,181480.609375,181560.1875,181706.640625,181902.796875,0.0
1762651868.6556623,180656.28125,180414.625,180981.28125,180806.9375,180869.078125,180949.0,181095.09375,181291.078125,0.0
1762651868.6582184,181425.359375,181183.609375,181750.359375,181576.28125,181638.59375,181718.265625,181864.34375,182060.328125,0.0
1762651868.6607044,181877.671875,181636.0,182202.84375,182029.125,182091.0,182170.578125,182317.015625,182513.265625,0.0
1762651868.6607199,181456.296875,181214.546875,181781.65625,181607.3125,181669.71875,181749.375,181895.640625,182091.4375,0.0
1762651868.6644561,180698.21875,180456.28125,181022.859375,180848.78125,180911.09375,180991.109375,181136.9375,181332.640625,0.0
1762651868.664471,181300.015625,181058.34375,181624.734375,181450.75,181513.078125,181593.0,181739.265625,181934.796875,0.0
1762651868.664478,181904.5,181662.921875,182229.84375,182055.59375,182117.828125,182197.21875,182344.015625,182539.90625,0.0
1762651868.6676238,181626.890625,181385.3125,181952.0625,181778.078125,181839.9375,181919.609375,182066.046875,182261.671875,0.0
1762651868.6719131,180791.734375,180550.0625,181116.640625,180942.65625,181004.796875,181084.71875,181230.28125,181425.984375,0.0
1762651868.6747296,181162.15625,180920.578125,181487.140625,181313.421875,181375.296875,181455.046875,181601.046875,181797.125,0.0
1762651868.676911,181902.34375,181661.21875,182227.515625,182053.8125,182115.765625,182195.34375,182341.609375,182537.671875,0.0
1762651868.6794016,181769.578125,181528.359375,182095.109375,181921.03125,181983.0,182062.484375,182208.84375,182405.078125,0.0
1762651868.6819203,180932.734375,180691.328125,181258.078125,181083.921875,181145.96875,181225.53125,181372.171875,181567.34375,0.0
1762651868.6819348,181037.875,180796.203125,181363.046875,181188.875,181251.015625,181330.5,181476.859375,181672.21875,0.0
1762651868.6846907,181877.140625,181636.0,182202.578125,182028.5,182090.90625,182169.765625,182316.484375,182512.546875,0.0
1762651868.6870944,181886.171875,181645.484375,182211.703125,182037.4375,182100.203125,182179.25,182325.78125,182522.03125,0.0
1762651868.6894114,181105.546875,180863.890625,181430.375,181256.03125,181318.4375,181398.1875,181544.359375,181740.515625,0.0
1762651868.6919122,180937.109375,180695.171875,181261.84375,181087.5,181149.984375,181229.734375,181375.828125,181571.71875,0.0
1762651868.6969514,181822.6875,181581.203125,182147.765625,181973.609375,182035.65625,182115.40625,182261.765625,182457.828125,0.0
1762651868.696966,181977.984375,181736.40625,182303.15625,182129.0,182191.21875,182270.796875,182416.890625,182613.140625,0.0
1762651868.70317,181295.984375,181054.859375,181621.875,181447.359375,181509.859375,181589.515625,181735.25,181931.5,0.0
1762651868.705707,180874.796875,180633.484375,181200.328125,181025.71875,181088.296875,181167.875,181313.609375,181509.671875,0.0
1762651868.7057214,181736.40625,181495.015625,182061.578125,181887.59375,181949.828125,182029.125,182175.046875,182371.296875,0.0
1762651868.708161,182046.109375,181804.890625,182371.375,182197.390625,182259.171875,182339.015625,182484.921875,182681.359375,0.0
1762651868.714448,181494.125,181252.890625,181819.015625,181644.671875,181706.8125,181787.015625,181932.5625,182128.640625,0.0
1762651868.714465,180867.015625,180625.53125,181191.921875,181017.3125,181080.25,181159.46875,181305.375,181501.0,0.0
1762651868.7169104,181624.109375,181383.25,181949.109375,181774.9375,181837.703125,181917.1875,182063.453125,182259.078125,0.0
1762651868.75089,182088.859375,181847.984375,182414.03125,182239.859375,182302.453125,182381.84375,182528.46875,182724.359375,0.0
1762651868.7509103,181678.390625,181436.8125,182003.5625,181828.859375,181891.625,181971.109375,182117.46875,182313.171875,0.0
1762651868.753288,180911.984375,180670.234375,181236.984375,181062.015625,181125.046875,181204.53125,181350.4375,181546.15625,0.0
1762651868.7533033,181494.46875,181252.625,181819.640625,181644.953125,181707.703125,181787.28125,181933.28125,182129.265625,0.0
1762651868.7556624,182110.578125,181869.265625,182435.9375,182261.59375,182324.0,182403.46875,182549.75,182745.90625,0.0
1762651868.7581596,181843.4375,181601.671875,182168.609375,181993.90625,182056.484375,182135.96875,182282.15625,182478.21875,0.0
1762651868.7609148,181007.390625,180765.546875,181332.296875,181157.234375,181220.171875,181300.109375,181445.65625,181641.375,0.0
1762651868.76316,181356.34375,181114.578125,181681.421875,181506.90625,181569.578125,181649.328125,181795.234375,181990.859375,0.0
1762651868.7656598,182105.578125,181864.34375,182431.1875,182256.765625,182319.078125,182398.828125,182545.1875,182740.984375,0.0
1762651868.768178,181985.234375,181744.1875,182311.03125,182136.5,182198.734375,182278.3125,182424.75,182620.90625,0.0
1762651868.7708077,181151.328125,180910.015625,181476.59375,181302.15625,181364.828125,181444.40625,181590.59375,181786.203125,0.0
1762651868.7769167,181233.578125,180992.453125,181558.40625,181384.421875,181446.828125,181526.390625,181672.578125,181868.46875,0.0
1762651868.7769427,182079.640625,181838.875,182405.0,182231.28125,182293.421875,182372.71875,182519.4375,182715.5,0.0
1762651868.7794943,182101.015625,181860.15625,182426.546875,182252.5625,182315.140625,182394.359375,182540.8125,182736.78125,0.0
1762651868.7819593,181326.390625,181084.90625,181651.65625,181477.3125,181540.25,181619.46875,181765.640625,181961.171875,0.0
1762651868.781973,181135.0625,180893.65625,181460.40625,181285.984375,181348.46875,181428.5,181574.3125,181769.765625,0.0
1762651868.784419,182021.703125,181780.578125,182347.0625,182173.078125,182235.21875,182314.96875,182460.875,182657.390625,0.0
1762651868.8195453,182187.734375,181946.15625,182512.640625,182339.109375,182400.890625,182480.8125,182626.8125,182823.328125,0.0
1762651868.8220608,181518.53125,181276.5,181843.078125,181669.171875,181731.5,181811.328125,181957.15625,182153.140625,0.0
1762651868.822076,181078.109375,180835.8125,181402.390625,181228.578125,181291.25,181370.734375,181516.640625,181712.453125,0.0
1762651868.845572,181930.953125,181689.203125,182255.78125,182082.140625,182144.375,182223.59375,182370.03125,182566.203125,0.0
1762651868.8519075,182250.140625,182008.828125,182575.5,182401.859375,182463.640625,182543.046875,182689.484375,182885.734375,0.0
1762651868.854578,181710.21875,181468.546875,182035.03125,181861.484375,181923.359375,182002.9375,182149.109375,182345.0,0.0
1762651868.8569083,181070.5,180828.390625,181395.328125,181221.0625,181283.296875,181363.3125,181508.953125,181704.9375,0.0
1762651868.8594036,181816.515625,181575.125,182142.046875,181967.703125,182030.015625,182109.59375,182255.78125,182451.9375,0.0
1762651868.8619895,182294.40625,182052.828125,182619.9375,182446.125,182507.90625,182587.65625,182733.65625,182929.90625,0.0
1762651868.8656704,181895.734375,181654.328125,182221.265625,182047.453125,182109.421875,182189.171875,182334.8125,182531.15625,0.0
1762651868.8656852,181119.328125,180877.5625,181444.671875,181270.234375,181332.46875,181412.484375,181558.125,181754.296875,0.0
1762651868.8656929,181684.828125,181443.25,182010.078125,181835.65625,181897.96875,181977.71875,182123.625,182319.96875,0.0
1762651868.8683453,182315.328125,182074.28125,182640.671875,182466.859375,182529.0,182608.75,182754.84375,182951.09375,0.0
1762651868.8707435,182062.5625,181821.171875,182387.828125,182213.671875,182276.25,182355.828125,182501.5625,182697.984375,0.0
1762651868.8733177,181223.296875,180981.90625,181548.75,181373.953125,181436.8125,181516.5625,181662.109375,181858.265625,0.0
1762651868.8756747,181550.53125,181309.140625,181875.609375,181701.09375,181763.765625,181843.25,181989.34375,182185.5,0.0
1762651868.8781753,182311.46875,182070.25,182636.46875,182462.484375,182524.890625,182604.1875,182750.734375,182946.890625,0.0
1762651868.880755,182201.953125,181960.734375,182527.296875,182352.609375,182415.453125,182494.84375,182641.296875,182837.375,0.0
1762651868.8856647,181369.84375,181128.625,181695.015625,181520.3125,181583.34375,181662.734375,181808.734375,182004.8125,0.0
1762651868.8856804,181428.3125,181186.734375,181753.3125,181578.78125,181641.640625,181721.125,181867.484375,182063.109375,0.0
1762651868.888172,182281.875,182040.484375,182606.96875,182432.796875,182495.390625,182574.953125,182721.5,182917.390625,0.0
1762651868.8881865,182314.15625,182072.9375,182639.6875,182465.25,182527.75,182607.234375,182753.59375,182949.84375,0.0
1762651868.8907268,181547.765625,181306.09375,181873.109375,181698.59375,181761.359375,181840.75,181986.65625,182182.734375,0.0
1762651868.8931503,181331.484375,181089.90625,181656.65625,181482.21875,181544.984375,181624.390625,181770.296875,181966.359375,0.0
1762651868.8956616,182219.5625,181978.53125,182545.359375,182370.9375,182433.6875,182513.0,182659.0,182855.515625,0.0
1762651868.8956802,182402.40625,182161.1875,182728.296875,182553.859375,182616.53125,182695.75,182842.28125,183038.71875,0.0
1762651868.898268,181742.765625,181501.0,182068.28125,181893.5,181956.265625,182035.828125,182181.75,182378.0,0.0
1762651868.8982823,181280.703125,181038.765625,181606.234375,181431.4375,181493.9375,181574.046875,181719.515625,181915.671875,0.0
1762651868.9006553,182130.15625,181888.671875,182456.046875,182281.53125,182343.84375,182423.59375,182569.59375,182765.9375,0.0
1762651868.963336,182465.875,182224.296875,182791.234375,182617.421875,182679.390625,182758.953125,182905.046875,183101.46875,0.0
1762651868.9633765,181937.3125,181695.8125,182262.65625,182088.234375,182150.71875,182230.390625,182376.296875,182572.453125,0.0
1762651868.9695818,181280.171875,181038.40625,181605.15625,181430.546875,181493.21875,181572.890625,181718.625,181914.6875,0.0
1762651868.9695983,182013.125,181771.546875,182338.390625,182163.859375,182226.265625,182305.671875,182452.109375,182648.09375,0.0
1762651868.969606,182505.484375,182264.09375,182830.75,182656.59375,182718.640625,182798.296875,182944.921875,183141.0,0.0
1762651868.9732952,182118.0,181876.515625,182443.0,182269.0,182331.328125,182411.078125,182557.703125,182753.328125,0.0
1762651868.9733107,181332.734375,181091.15625,181657.828125,181483.203125,181545.796875,181625.640625,181772.171875,181967.53125,0.0
1762651868.973318,181880.71875,181639.40625,182205.703125,182031.453125,182093.6875,182173.515625,182319.703125,182515.765625,0.0
1762651868.9733236,182521.84375,182280.546875,182847.375,182672.953125,182735.265625,182814.75,182961.203125,183157.171875,0.0
1762651868.9756916,182281.703125,182040.296875,182607.234375,182432.890625,182495.125,182574.328125,182720.875,182917.125,0.0
1762651868.975706,181440.296875,181198.8125,181765.828125,181591.21875,181653.34375,181733.015625,181879.1875,182075.265625,0.0
1762651868.9781876,181744.546875,181502.96875,182070.25,181895.640625,181958.046875,182037.359375,182183.71875,182379.609375,0.0
1762651868.9782045,182515.59375,182274.546875,182841.390625,182667.046875,182729.1875,182808.75,182955.296875,183151.1875,0.0
1762651868.9807842,182419.484375,182178.609375,182745.453125,182570.9375,182633.078125,182712.828125,182859.09375,183054.984375,0.0
1762651868.9831529,181591.921875,181350.4375,181917.546875,181742.84375,181805.34375,181884.921875,182031.28125,182226.890625,0.0
1762651868.9981863,181621.875,181380.21875,181947.328125,181772.890625,181835.109375,181914.859375,182061.140625,182256.84375,0.0
1762651869.0006547,182479.734375,182238.515625,182805.71875,182631.46875,182693.25,182772.71875,182919.359375,183115.609375,0.0
1762651869.0032885,182526.859375,182285.546875,182852.5625,182678.21875,182740.1875,182819.9375,182966.296875,183162.625,0.0
1762651869.0056596,181769.671875,181528.53125,182095.203125,181920.953125,181982.90625,182062.65625,182208.65625,182405.0,0.0
1762651869.005675,181532.46875,181291.515625,181857.5625,181683.75,181745.890625,181825.453125,181971.1875,182167.53125,0.0
1762651869.008235,182419.921875,182179.15625,182745.546875,182571.65625,182633.96875,182713.625,182859.453125,183055.515625,0.0
1762651869.0108497,182613.84375,182373.078125,182939.5625,182765.578125,182827.796875,182907.109375,183053.28125,183249.625,0.0
1762651869.010864,181962.34375,181721.125,182287.6875,182113.4375,182175.75,182255.328125,182401.328125,182597.75,0.0
1762651869.0131533,181480.34375,181238.765625,181805.609375,181631.0,181693.578125,181773.25,181919.15625,182115.234375,0.0
1762651869.0156522,182321.21875,182080.1875,182646.84375,182472.859375,182535.171875,182614.5625,182760.921875,182957.171875,0.0
1762651869.0181537,182671.25,182429.9375,182996.78125,182822.609375,182885.015625,182964.234375,183111.125,183307.375,0.0
1762651869.020778,182158.140625,181916.75,182483.671875,182309.515625,182371.828125,182451.3125,182597.75,182794.0,0.0
1762651869.0207927,181489.46875,181248.34375,181814.90625,181640.5625,181703.234375,181782.640625,181928.359375,182124.796875,0.0
1762651869.0231433,182208.5625,181967.4375,182534.015625,182359.75,182422.25,182501.46875,182647.828125,182843.71875,0.0
1762651869.0257185,182713.71875,182472.234375,183039.15625,182865.078125,182927.125,183006.4375,183153.25,183349.140625,0.0
1762651869.0257351,182340.71875,182099.140625,182666.515625,182492.171875,182554.390625,182633.96875,182780.421875,182976.3125,0.0
1762651869.0619323,181547.84375,181305.828125,181873.203125,181698.328125,181760.90625,181840.65625,181986.65625,182182.734375,0.0
1762651869.0619528,182075.625,181833.953125,182401.0625,182226.265625,182288.5,182368.609375,182514.609375,182710.671875,0.0
1762651869.064404,182732.140625,182491.1875,183058.203125,182883.6875,182945.90625,183025.390625,183172.015625,183368.4375,0.0
1762651869.067088,182504.140625,182263.109375,182830.125,182655.875,182718.015625,182796.953125,182943.9375,183140.09375,0.0
1762651869.0671027,181660.421875,181419.1875,181986.390625,181811.6875,181873.921875,181953.3125,182099.671875,182295.65625,0.0
1762651869.0695293,181938.734375,181697.875,182264.71875,182090.375,182152.234375,182232.0,182378.4375,182574.25,0.0
1762651869.072295,182717.296875,182476.25,183043.265625,182869.203125,182930.984375,183010.546875,183157.265625,183353.25,0.0
1762651869.0783837,182633.875,182392.5625,182959.40625,182785.421875,182847.109375,182926.953125,183073.40625,183269.03125,0.0
1762651869.080652,181810.078125,181569.125,182135.796875,181961.171875,182023.3125,182103.34375,182249.0625,182444.953125,0.0
1762651869.0832672,181818.21875,181577.0,182143.75,181969.21875,182031.453125,182110.9375,182257.296875,182453.28125,0.0
1762651869.0856943,182680.28125,182438.796875,183006.078125,182831.640625,182893.6875,182973.0,183119.796875,183316.140625,0.0
1762651869.0857098,182740.890625,182499.59375,183066.96875,182892.359375,182954.578125,183034.0625,183180.953125,183377.296875,0.0
1762651869.0881903,181992.375,181751.15625,182318.09375,182143.5625,182205.96875,182285.28125,182432.0,182627.796875,0.0
1762651869.0882049,181731.9375,181489.921875,182057.203125,181882.5,181944.90625,182024.125,182170.84375,182366.8125,0.0
1762651869.0906904,182617.515625,182375.9375,182943.140625,182768.703125,182830.84375,182910.140625,183057.046875,183253.203125,0.0
1762651869.0907052,182823.59375,182582.296875,183149.21875,182975.046875,183037.015625,183116.3125,183263.125,183459.640625,0.0
1762651869.09846,182185.859375,181944.1875,182511.484375,182337.046875,182399.0,182478.40625,182625.203125,182821.453125,0.0
1762651869.098476,181686.4375,181444.765625,182011.78125,181837.171875,181899.671875,181978.875,182125.59375,182321.484375,0.0
1762651869.100731,182520.59375,182278.9375,182845.859375,182671.421875,182733.5625,182812.78125,182959.671875,183156.28125,0.0
1762651869.1356764,182881.453125,182639.6875,183206.703125,183032.546875,183094.140625,183173.984375,183320.703125,183517.125,0.0
1762651869.1356952,182377.1875,182135.34375,182702.546875,182528.015625,182589.984375,182669.734375,182816.359375,183012.609375,0.0
1762651869.138164,181693.3125,181451.5625,182018.578125,181844.0625,181906.1875,181985.859375,182132.125,182328.28125,0.0
1762651869.1381793,182398.375,182156.984375,182723.828125,182549.75,182611.796875,182691.1875,182838.0,183034.0625,0.0
1762651869.140947,182919.0,182677.515625,183244.34375,183070.546875,183132.234375,183211.984375,183358.875,183555.03125,0.0
1762651869.1430235,182558.234375,182316.390625,182883.234375,182709.515625,182771.390625,182851.21875,182997.9375,183193.828125,0.0
1762651869.1481588,181758.21875,181516.5625,182083.21875,181909.140625,181971.375,182051.21875,182197.578125,182393.640625,0.0
1762651869.1506488,182265.515625,182024.21875,182590.78125,182416.53125,182479.203125,182558.859375,182705.046875,182901.390625,0.0
1762651869.1532965,182930.171875,182689.046875,183255.703125,183081.625,183143.765625,183223.0625,183369.78125,183566.03125,0.0
1762651869.1557188,182714.875,182473.75,183040.328125,182866.515625,182928.296875,183007.6875,183154.5,183350.5625,0.0
1762651869.1581628,181872.484375,181630.828125,182197.390625,182023.140625,182085.28125,182165.109375,182311.75,182507.640625,0.0
1762651869.1607366,182132.125,181890.734375,182457.203125,182282.859375,182345.0,182424.9375,182571.375,182767.90625,0.0
1762651869.163512,182919.890625,182678.671875,183245.328125,183071.078125,183132.859375,183212.875,183359.59375,183556.203125,0.0
1762651869.1656897,182845.5,182604.375,183171.84375,182996.953125,183059.09375,183138.9375,183285.75,183482.265625,0.0
1762651869.1657047,182024.921875,181783.34375,182351.0,182176.203125,182238.609375,182318.359375,182464.625,182660.78125,0.0
1762651869.1682749,182012.765625,181771.1875,182338.65625,182163.953125,182226.359375,182306.015625,182452.203125,182648.453125,0.0
1762651869.1682897,182881.265625,182640.21875,183207.25,183033.078125,183095.3125,183174.515625,183321.328125,183517.484375,0.0
1762651869.204427,182954.40625,182712.828125,183280.109375,183105.765625,183168.0,183247.296875,183394.109375,183590.4375,0.0
1762651869.2081597,182211.703125,181969.9375,182536.953125,182362.265625,182424.75,182504.328125,182650.59375,182846.9375,0.0
1762651869.2081764,181926.578125,181685.359375,182252.109375,182077.5,182139.8125,182219.65625,182365.921875,182562.078125,0.0
1762651869.2081852,182811.53125,182570.484375,183137.78125,182963.15625,183025.03125,183104.78125,183251.59375,183447.84375,0.0
1762651869.2119734,183032.546875,182791.6875,183359.234375,183184.453125,183246.21875,183325.984375,183472.6875,183669.125,0.0
1762651869.2119982,182405.265625,182164.140625,182731.59375,182557.078125,182619.03125,182698.78125,182845.234375,183041.3125,0.0
1762651869.2120066,181889.03125,181647.546875,182214.921875,182040.21875,182102.625,182182.28125,182328.640625,182524.4375,0.0
1762651869.2120152,182714.078125,182473.21875,183040.140625,182865.984375,182928.109375,183007.78125,183154.140625,183350.390625,0.0
1762651869.215669,183090.125,182849.34375,183416.015625,183242.203125,183304.078125,183383.46875,183530.453125,183726.4375,0.0
1762651869.2156832,182597.3125,182356.53125,182923.015625,182749.484375,182811.265625,182890.828125,183037.28125,183233.4375,0.0
1762651869.21569,181901.28125,181660.328125,182227.34375,182053.265625,182115.234375,182194.703125,182340.984375,182536.953125,0.0
1762651869.2184577,182594.359375,182353.234375,182920.0625,182746.171875,182808.046875,182887.609375,183034.234375,183230.046875,0.0
1762651869.2208138,183124.546875,182883.234375,183450.34375,183276.359375,183338.5,183417.703125,183564.515625,183760.40625,0.0
1762651869.2232227,182775.5,182534.546875,183101.296875,182927.125,182989.359375,183068.9375,183215.375,183411.546875,0.0
1762651869.2307243,181969.578125,181728.09375,182294.9375,182120.40625,182182.90625,182262.21875,182408.484375,182604.734375,0.0
1762651869.2369,182457.828125,182215.984375,182783.453125,182609.109375,182671.078125,182750.828125,182897.0,183093.078125,0.0
1762651869.2369156,183134.921875,182893.78125,183460.984375,183286.8125,183348.6875,183428.171875,183574.796875,183771.140625,0.0
1762651869.2707934,182930.984375,182689.671875,183256.59375,183082.609375,183144.84375,183223.875,183370.40625,183567.015625,0.0
1762651869.270812,182087.25,181845.578125,182412.5,182238.078125,182300.484375,182379.875,182526.234375,182722.5625,0.0
1762651869.274708,182324.796875,182083.671875,182650.421875,182476.34375,182538.296875,182618.046875,182764.328125,182960.65625,0.0
1762651869.2747238,183121.6875,182880.375,183447.578125,183273.5,183335.359375,183414.765625,183561.390625,183758.078125,0.0
1762651869.2747312,183061.15625,182819.75,183386.6875,183212.703125,183274.921875,183354.140625,183500.953125,183697.1875,0.0
1762651869.2768831,182243.796875,182002.125,182569.328125,182395.421875,182457.5625,182537.140625,182683.3125,182879.5625,0.0
1762651869.279479,182208.125,181966.546875,182533.46875,182359.484375,182422.078125,182501.203125,182647.734375,182843.890625,0.0
1762651869.2817783,183078.3125,182837.015625,183403.9375,183229.953125,183292.1875,183371.578125,183518.65625,183714.625,0.0
1762651869.3156486,183163.96875,182922.9375,183489.59375,183315.6875,183377.828125,183457.21875,183604.296875,183800.375,0.0
1762651869.3222752,182430.75,182189.53125,182756.453125,182582.203125,182644.421875,182723.734375,182870.71875,183066.703125,0.0
1762651869.3244,182126.40625,181884.921875,182451.9375,182277.6875,182339.546875,182419.390625,182566.109375,182761.734375,0.0
1762651869.3269937,183009.03125,182767.90625,183334.65625,183161.015625,183222.53125,183302.1875,183449.1875,183645.34375,0.0
1762651869.3294687,183241.9375,183001.15625,183568.09375,183393.921875,183455.890625,183535.546875,183682.4375,183878.6875,0.0
1762651869.3319774,182624.578125,182383.265625,182950.28125,182776.390625,182838.265625,182917.828125,183064.375,183260.53125,0.0
1762651869.3343945,182090.8125,181849.15625,182416.078125,182242.09375,182304.234375,182383.453125,182530.078125,182726.0625,0.0
1762651869.3371274,182907.015625,182665.4375,183232.453125,183058.46875,183120.34375,183199.734375,183346.546875,183542.703125,0.0
1762651869.3394072,183295.125,183054.09375,183621.28125,183446.765625,183509.078125,183588.390625,183735.109375,183931.34375,0.0
1762651869.3418946,182814.84375,182573.34375,183140.1875,182966.109375,183028.4375,183107.640625,183254.546875,183450.4375,0.0
1762651869.3442607,182106.734375,181865.328125,182432.0,182258.09375,182320.59375,182399.71875,182546.265625,182742.15625,0.0
1762651869.3756528,182781.75,182540.8125,183107.640625,182933.921875,182995.703125,183075.015625,183221.8125,183417.703125,0.0
1762651869.3781505,183326.421875,183085.46875,183652.046875,183478.6875,183540.28125,183619.5,183766.578125,183962.546875,0.0
1762651869.3806436,182992.75,182751.625,183317.9375,183144.484375,183206.625,183285.921875,183432.90625,183628.796875,0.0
1762651869.3832343,182179.875,181938.203125,182505.125,182331.0625,182393.46875,182473.03125,182619.390625,182815.28125,0.0
1762651869.3832493,182649.34375,182407.953125,182974.875,182800.890625,182862.671875,182942.0625,183089.046875,183284.84375,0.0
1762651869.3856416,183336.34375,183095.3125,183662.328125,183488.34375,183550.03125,183629.25,183776.765625,183973.015625,0.0
1762651869.3856564,183144.21875,182903.078125,183469.921875,183295.84375,183357.8125,183436.84375,183584.28125,183780.4375,0.0
1762651869.388262,182298.78125,182057.65625,182624.125,182450.140625,182512.375,182591.765625,182738.3125,182934.375,0.0
1762651869.3882763,182516.390625,182275.171875,182842.015625,182668.125,182729.8125,182809.46875,182956.375,183152.265625,0.0
1762651869.390642,183321.5,183080.5625,183647.484375,183473.765625,183535.375,183614.9375,183762.1875,183958.265625,0.0
1762651869.393142,183272.78125,183031.828125,183598.75,183425.046875,183486.734375,183566.21875,183713.5625,183909.625,0.0
1762651869.3956368,182461.59375,182220.1875,182787.296875,182613.40625,182675.0,182754.671875,182901.5625,183097.8125,0.0
1762651869.398144,182402.21875,182160.921875,182727.671875,182553.671875,182615.734375,182695.203125,182842.203125,183038.09375,0.0
1762651869.4006608,183277.609375,183036.828125,183603.578125,183429.6875,183491.640625,183570.765625,183718.203125,183914.28125,0.0
1762651869.4095538,183373.265625,183131.96875,183698.796875,183525.09375,183586.78125,183666.078125,183813.515625,184009.9375,0.0
1762651869.4118915,182646.484375,182405.359375,182972.015625,182797.84375,182859.984375,182939.296875,183086.359375,183282.609375,0.0
1762651869.4145613,182324.0,182082.765625,182649.609375,182475.265625,182537.40625,182616.984375,182763.421875,182959.765625,0.0
1762651869.416891,183203.484375,182962.265625,183529.109375,183355.296875,183416.90625,183496.5625,183643.375,183839.625,0.0
1762651869.419391,183449.453125,183208.234375,183775.25,183601.53125,183663.125,183742.609375,183889.515625,184085.75,0.0
1762651869.4231524,182842.015625,182600.34375,183167.546875,182993.65625,183055.34375,183134.921875,183281.453125,183477.796875,0.0
1762651869.4231677,182291.71875,182050.3125,182617.15625,182442.640625,182504.859375,182584.53125,182730.796875,182927.046875,0.0
1762651869.423175,183101.5625,182860.53125,183427.359375,183253.28125,183315.609375,183394.640625,183541.453125,183737.609375,0.0
1762651869.4256227,183503.453125,183262.40625,183829.34375,183655.4375,183717.484375,183796.609375,183943.6875,184140.03125,0.0
1762651869.4319804,183034.515625,182793.296875,183360.21875,183185.875,183248.1875,183327.5,183474.390625,183670.8125,0.0
1762651869.4319963,182314.609375,182073.109375,182639.875,182465.171875,182527.75,182606.96875,182753.765625,182949.75,0.0
1762651869.4346237,182975.859375,182734.546875,183301.84375,183126.875,183189.359375,183268.578125,183415.5625,183611.625,0.0
1762651869.4346385,183529.5625,183288.609375,183855.359375,183681.375,183743.328125,183822.71875,183969.703125,184166.046875,0.0
1762651869.4372892,183205.015625,182963.796875,183530.546875,183356.640625,183418.6875,183497.8125,183644.796875,183840.96875,0.0
1762651869.437311,182388.546875,182146.703125,182713.453125,182539.203125,182601.78125,182680.8125,182827.796875,183023.6875,0.0
1762651869.4395804,182838.4375,182596.6875,183163.609375,182989.71875,183051.9375,183130.796875,183278.0625,183474.03125,0.0
1762651869.441916,183537.609375,183296.296875,183863.40625,183689.421875,183751.109375,183830.234375,183977.9375,184173.828125,0.0
1762651869.4419308,183357.53125,183116.140625,183683.34375,183509.171875,183571.046875,183650.25,183797.328125,183993.75,0.0
1762651869.4693787,182513.265625,182271.421875,182838.4375,182664.09375,182726.328125,182805.8125,182952.4375,183148.6875,0.0
1762651869.4693952,182707.28125,182465.609375,183032.625,182858.28125,182920.34375,182999.46875,183146.890625,183342.703125,0.0
1762651869.47439,183518.015625,183277.078125,183844.0,183670.46875,183731.796875,183810.828125,183958.359375,184154.515625,0.0
1762651869.476885,183482.796875,183241.484375,183808.234375,183634.609375,183696.484375,183775.609375,183922.59375,184118.84375,0.0
1762651869.479457,182676.53125,182434.859375,183001.515625,182827.53125,182889.9375,182969.421875,183115.78125,183311.9375,0.0
1762651869.481973,182594.8125,182352.953125,182919.984375,182745.640625,182808.046875,182887.25,183034.0625,183230.125,0.0
1762651869.4843895,183472.421875,183231.203125,183797.859375,183623.875,183685.84375,183765.140625,183912.484375,184108.5625,0.0
1762651869.4869697,183579.890625,183339.125,183905.78125,183731.703125,183793.578125,183873.140625,184020.3125,184216.296875,0.0
1762651869.4893937,182862.046875,182620.640625,183187.671875,183013.234375,183075.015625,183154.9375,183301.84375,183497.90625,0.0
1762651869.4920225,182519.703125,182278.125,182845.140625,182670.4375,182733.03125,182812.609375,182959.046875,183155.125,0.0
1762651869.4945123,183398.390625,183157.0,183723.65625,183549.9375,183611.8125,183691.296875,183838.015625,184034.53125,0.0
1762651869.494534,183657.046875,183416.1875,183982.5,183809.046875,183870.5625,183950.125,184097.109375,184293.625,0.0
1762651869.497149,183059.453125,182818.765625,183385.34375,183211.359375,183273.140625,183352.625,183499.6875,183695.9375,0.0
1762651869.4994268,182493.78125,182252.46875,182819.21875,182644.96875,182707.109375,182786.671875,182933.390625,183129.8125,0.0
1762651869.4994423,183294.0625,183052.75,183619.953125,183445.875,183507.734375,183587.5,183734.03125,183930.640625,0.0
1762651869.5356467,183707.65625,183466.4375,184033.359375,183859.828125,183921.25,184001.09375,184147.625,184344.328125,0.0
1762651869.5393977,183249.71875,183008.5,183575.25,183401.171875,183463.125,183542.78125,183689.421875,183885.9375,0.0
1762651869.5394125,182520.421875,182279.015625,182846.046875,182671.25,182733.828125,182813.40625,182959.859375,183156.28125,0.0
1762651869.53942,183167.90625,182926.59375,183493.609375,183319.453125,183381.765625,183460.984375,183608.0625,183804.03125,0.0
1762651869.5456316,183734.5625,183493.796875,184060.640625,183886.375,183948.25,184028.0,184174.8125,184371.140625,0.0
1762651869.5481317,183422.53125,183181.5,183748.6875,183573.984375,183635.765625,183715.34375,183862.421875,184058.75,0.0
1762651869.5507443,182600.34375,182358.6875,182926.15625,182751.53125,182813.578125,182893.0625,183039.703125,183236.125,0.0
1762651869.5531404,183031.65625,182790.421875,183357.453125,183183.546875,183245.421875,183324.640625,183471.53125,183668.140625,0.0
1762651869.5557137,183741.8125,183500.859375,184067.609375,183893.71875,183955.578125,184034.796875,184181.875,184378.5625,0.0
1762651869.55822,183572.296875,183331.15625,183898.0,183724.015625,183785.96875,183865.1875,184012.359375,184209.046875,0.0
1762651869.5606363,182729.546875,182488.046875,183054.625,182880.546875,182942.78125,183022.265625,183169.25,183365.578125,0.0
1762651869.5632477,182902.8125,182661.6875,183228.078125,183054.359375,183116.046875,183195.625,183342.703125,183538.59375,0.0
1762651869.5681767,183721.15625,183480.375,184046.78125,183873.78125,183934.84375,184013.96875,184161.578125,184357.734375,0.0
1762651869.568192,183694.25,183453.65625,184019.953125,183846.859375,183908.109375,183987.328125,184134.9375,184331.171875,0.0
1762651869.570725,182892.984375,182652.03125,183218.421875,183045.0625,183106.484375,183186.140625,183333.125,183529.28125,0.0
1762651869.5707397,182791.234375,182550.1875,183116.578125,182942.953125,183005.0,183084.40625,183231.296875,183427.625,0.0
1762651869.573123,183672.15625,183431.484375,183997.6875,183824.515625,183886.296875,183965.234375,184112.578125,184309.09375,0.0
1762651869.5756383,183791.34375,183550.390625,184116.953125,183943.328125,184005.015625,184084.421875,184231.484375,184428.28125,0.0
1762651869.575655,183083.0625,182842.109375,183409.03125,183234.78125,183296.65625,183376.3125,183522.84375,183719.546875,0.0
1762651869.5794027,182719.34375,182478.125,183044.796875,182870.71875,182932.59375,183012.421875,183158.78125,183355.125,0.0
1762651869.6156583,183591.78125,183350.75,183917.140625,183743.78125,183805.109375,183885.21875,184031.75,184228.265625,0.0
1762651869.6156788,183861.25,183620.484375,184186.96875,184013.703125,184075.203125,184154.953125,184301.859375,184498.375,0.0
1762651869.618225,183276.625,183035.765625,183602.421875,183428.4375,183490.484375,183570.140625,183716.6875,183913.296875,0.0
1762651869.6182404,182695.65625,182454.796875,183021.28125,182847.203125,182909.25,182989.1875,183135.359375,183331.78125,0.0
1762651869.62096,183485.65625,183245.328125,183811.640625,183638.1875,183699.609375,183779.359375,183926.078125,184122.59375,0.0
1762651869.6231365,183911.140625,183670.640625,184236.9375,184063.40625,184125.0,184204.40625,184351.203125,184547.984375,0.0
1762651869.6256356,183463.65625,183222.796875,183789.375,183615.75,183677.34375,183756.921875,183903.90625,184100.234375,0.0
1762651869.6281347,182722.84375,182481.96875,183048.640625,182874.65625,182936.703125,183016.359375,183162.984375,183359.140625,0.0
1762651869.6307852,183357.09375,183116.9375,183683.34375,183509.96875,183571.125,183651.15625,183797.6875,183994.109375,0.0
1762651869.6335063,183934.390625,183694.328125,184260.734375,184087.71875,184148.609375,184228.359375,184375.4375,184572.046875,0.0
1762651869.635636,183627.28125,183386.421875,183953.34375,183779.8125,183841.234375,183920.796875,184067.609375,184264.484375,0.0
1762651869.638399,182804.640625,182563.515625,183130.09375,182956.453125,183018.234375,183097.90625,183244.4375,183440.6875,0.0
1762651869.6406689,183216.453125,182975.328125,183542.078125,183368.265625,183430.140625,183509.53125,183656.328125,183852.578125,0.0
1762651869.6406837,183938.234375,183697.640625,184264.03125,184090.671875,184152.359375,184231.484375,184378.5625,184575.171875,0.0
1762651869.6431105,183776.40625,183536.0,184102.03125,183928.84375,183990.453125,184069.671875,184216.828125,184413.515625,0.0
1762651869.6469736,182933.65625,182692.625,183259.09375,183085.5625,183147.703125,183226.90625,183373.625,183569.796875,0.0
1762651869.6469896,183083.234375,182842.546875,183408.765625,183235.40625,183297.546875,183376.765625,183523.296875,183719.640625,0.0
1762651869.690652,183913.109375,183672.609375,184238.640625,184065.375,184127.515625,184206.8125,184353.703125,184550.046875,0.0
1762651869.6932197,183897.5625,183657.140625,184223.265625,184049.71875,184111.859375,184190.984375,184338.15625,184534.578125,0.0
1762651869.6932395,183102.90625,182861.859375,183428.265625,183254.625,183317.125,183395.984375,183542.78125,183738.953125,0.0
1762651869.6956336,182976.390625,182735.359375,183301.921875,183128.296875,183190.4375,183269.5625,183416.375,183612.53125,0.0
1762651869.6985617,183861.796875,183621.640625,184188.3125,184014.40625,184076.375,184155.5,184302.5625,184498.8125,0.0
1762651869.7008717,183996.53125,183756.46875,184322.953125,184149.234375,184211.109375,184290.140625,184437.3125,184633.734375,0.0
1762651869.7032504,183294.328125,183053.546875,183620.296875,183446.40625,183508.359375,183587.5,183734.125,183930.640625,0.0
1762651869.705629,182912.828125,182671.78125,183238.625,183064.640625,183126.78125,183206.171875,183352.625,183549.140625,0.0
1762651869.70813,183782.40625,183541.890625,184108.5625,183935.109375,183996.53125,184075.828125,184222.640625,184419.421875,0.0
1762651869.7108705,184064.484375,183824.0625,184390.546875,184217.09375,184278.421875,184358.0,184504.890625,184701.59375,0.0
1762651869.7131333,183488.96875,183248.375,183814.859375,183640.953125,183702.921875,183782.40625,183929.109375,184125.546875,0.0
1762651869.715633,182892.796875,182652.109375,183218.6875,183044.53125,183106.75,183186.0625,183332.765625,183529.015625,0.0
1762651869.7184665,183675.5625,183435.765625,184001.625,183827.90625,183889.6875,183969.265625,184116.15625,184312.671875,0.0
1762651869.7184815,184112.578125,183872.796875,184438.828125,184265.28125,184326.890625,184406.375,184553.453125,184750.234375,0.0
1762651869.7333,183676.71875,183436.21875,184002.4375,183829.0625,183891.03125,183970.15625,184116.609375,184313.65625,0.0
1762651869.7356322,182927.671875,182687.15625,183253.375,183079.484375,183141.796875,183221.109375,183367.46875,183563.796875,0.0
1762651869.738202,183545.65625,183305.5,183871.8125,183698.265625,183760.046875,183839.359375,183985.984375,184182.5,0.0
1762651869.7382383,184135.375,183895.140625,184461.53125,184288.359375,184349.59375,184429.078125,184576.0625,184772.84375,0.0
1762651869.740688,183845.078125,183604.65625,184171.046875,183997.875,184059.03125,184138.6875,184285.578125,184481.828125,0.0
1762651869.743219,183016.265625,182775.5,183341.71875,183168.171875,183229.59375,183309.34375,183456.0625,183652.140625,0.0
1762651869.7457917,183409.75,183169.25,183735.546875,183562.015625,183623.609375,183703.09375,183849.640625,184046.328125,0.0
1762651869.748215,184139.140625,183898.8125,184465.296875,184292.203125,184353.625,184432.65625,184579.640625,184776.6875,0.0
1762651869.7506688,183990.53125,183749.859375,184316.515625,184143.0625,184204.40625,184283.609375,184430.6875,184627.296875,0.0
1762651869.7506835,183148.6875,182907.546875,183474.484375,183300.578125,183362.453125,183441.9375,183588.203125,183784.453125,0.0
1762651869.7532248,183282.609375,183041.65625,183608.234375,183434.34375,183496.296875,183575.6875,183722.40625,183918.75,0.0
1762651869.7556496,184114.1875,183873.421875,184440.078125,184266.8125,184328.234375,184407.53125,184554.96875,184751.21875,0.0
1762651869.7556665,184109.09375,183868.859375,184435.078125,184262.25,184323.140625,184402.609375,184549.953125,184746.390625,0.0
1762651869.767195,183318.203125,183077.15625,183643.8125,183470.1875,183531.796875,183611.359375,183758.078125,183954.421875,0.0
1762651869.771891,183175.765625,182934.640625,183501.390625,183327.859375,183389.359375,183469.125,183615.5625,183812.078125,0.0
1762651869.771907,184061.265625,183820.578125,184387.140625,184213.609375,184275.296875,184354.6875,184501.671875,184698.1875,0.0
1762651869.7719147,184201.546875,183961.21875,184527.703125,184354.15625,184415.9375,184495.0625,184642.5,184838.46875,0.0
1762651869.7756517,183509.265625,183268.671875,183835.15625,183661.515625,183723.390625,183802.78125,183949.59375,184145.84375,0.0
1762651869.7798154,183111.40625,182870.625,183437.203125,183263.296875,183325.265625,183404.921875,183551.015625,183747.984375,121.0
1762651869.8147197,183977.9375,183737.515625,184304.171875,184130.453125,184192.328125,184271.640625,184418.265625,184615.21875,0.0
1762651869.8147504,184271.28125,184030.6875,184597.34375,184424.078125,184485.3125,184564.984375,184711.609375,184908.296875,0.0
1762651869.818143,183703.453125,183463.03125,184029.515625,183855.796875,183917.3125,183997.25,184143.875,184340.484375,0.0
1762651869.8181653,183094.765625,182854.171875,183421.015625,183246.671875,183308.8125,183388.5625,183534.75,183731.171875,0.0
1762651869.8181753,183869.578125,183629.25,184195.734375,184021.5625,184083.609375,184163.09375,184309.8125,184506.15625,0.0
1762651869.821903,184317.59375,184077.359375,184643.921875,184470.125,184531.890625,184611.109375,184758.015625,184954.53125,0.0
1762651869.821918,183889.59375,183648.921875,184215.3125,184041.765625,184103.640625,184182.765625,184329.5625,184525.90625,0.0
1762651869.821926,183131.0625,182890.390625,183456.6875,183282.796875,183345.015625,183424.328125,183570.765625,183767.375,0.0
1762651869.8219316,183734.75,183494.15625,184060.1875,183886.921875,183948.703125,184027.90625,184174.71875,184371.328125,0.0
1762651869.8244731,184336.984375,184096.125,184662.796875,184490.0625,184550.9375,184630.15625,184777.234375,184973.921875,0.0
1762651869.82449,184056.4375,183815.84375,184381.875,184209.140625,184270.390625,184349.6875,184496.5,184693.375,0.0
1762651869.8293805,183222.09375,182981.3125,183547.4375,183373.984375,183435.953125,183515.078125,183661.96875,183858.578125,0.0
1762651869.83437,183599.109375,183358.4375,183924.46875,183751.375,183813.0625,183892.375,184039.4375,184235.875,0.0
1762651869.8381317,184339.21875,184099.171875,184665.109375,184492.015625,184553.265625,184632.84375,184779.90625,184976.515625,0.0
1762651869.8443775,184203.5,183963.359375,184529.3125,184355.953125,184417.640625,184497.03125,184644.015625,184840.53125,0.0
1762651869.844392,183361.734375,183121.234375,183687.1875,183513.734375,183575.515625,183655.265625,183801.890625,183998.3125,0.0
1762651869.851883,183473.046875,183232.453125,183798.3125,183625.21875,183686.5625,183766.3125,183913.296875,184109.8125,0.0
1762651869.8518977,184314.015625,184072.96875,184639.71875,184466.359375,184527.78125,184607.0,184754.515625,184951.03125,0.0
1762651869.8856614,184319.28125,184078.0625,184645.0,184471.734375,184532.96875,184612.453125,184759.625,184956.578125,0.0
1762651869.885682,183532.78125,183292.1875,183858.578125,183685.390625,183746.640625,183826.484375,183973.28125,184169.890625,0.0
1762651869.8882177,183366.65625,183125.890625,183692.359375,183519.0,183580.515625,183660.1875,183807.078125,184003.5,0.0
1762651869.8882332,184255.1875,184013.96875,184580.53125,184407.53125,184469.046875,184548.703125,184695.78125,184892.125,0.0
1762651869.890633,184407.359375,184166.84375,184733.0625,184560.0625,184621.9375,184701.140625,184848.3125,185044.640625,0.0
1762651869.8906484,183722.140625,183482.265625,184048.296875,183874.484375,183936.8125,184016.109375,184163.0,184359.34375,0.0
1762651869.8931239,183306.3125,183065.625,183632.015625,183458.125,183520.4375,183599.828125,183746.453125,183942.609375,0.0
1762651869.8956287,184171.234375,183930.640625,184497.484375,184324.03125,184385.71875,184465.203125,184612.1875,184808.4375,0.0
1762651869.8981285,184475.03125,184234.53125,184801.109375,184627.921875,184689.4375,184768.734375,184915.90625,185112.859375,0.0
1762651869.9006293,183917.84375,183677.53125,184243.921875,184070.203125,184132.15625,184211.828125,184358.625,184555.5,0.0
1762651869.9032145,183295.125,183054.265625,183620.84375,183446.9375,183508.8125,183588.46875,183735.1875,183931.890625,0.0
1762651869.9056864,184059.65625,183819.0625,184385.71875,184212.0,184273.421875,184352.8125,184500.0625,184697.03125,0.0
1762651869.908124,184520.640625,184280.21875,184846.609375,184673.421875,184734.765625,184814.0625,184961.5,185158.46875,0.0
1762651869.9121118,184105.421875,183864.390625,184431.046875,184258.046875,184319.28125,184398.59375,184546.109375,184742.359375,0.0
1762651869.9121275,183338.765625,183097.453125,183664.109375,183490.671875,183552.171875,183631.75,183778.734375,183974.625,0.0
1762651869.9182243,183927.6875,183687.0,184253.578125,184080.125,184141.8125,184221.125,184368.109375,184564.625,0.0
1762651869.9182425,184541.46875,184300.78125,184867.625,184694.078125,184755.765625,184834.90625,184982.0625,185178.75,0.0
1762651869.9507225,184270.109375,184029.25,184596.1875,184423.0,184484.0625,184563.453125,184710.71875,184907.140625,0.0
1762651869.9507449,183432.546875,183191.0625,183758.4375,183584.90625,183646.140625,183725.8125,183872.875,184068.953125,0.0
1762651869.9531577,183787.140625,183546.28125,184113.390625,183939.75,184001.265625,184081.015625,184227.734375,184423.890625,0.0
1762651869.9531724,184534.671875,184293.984375,184860.921875,184687.375,184749.15625,184828.46875,184975.453125,185171.875,0.0
1762651869.9556274,184409.40625,184168.546875,184735.125,184562.03125,184623.265625,184702.671875,184850.1875,185046.703125,0.0
1762651869.9581258,183569.796875,183328.484375,183895.328125,183722.046875,183783.5625,183862.59375,184009.765625,184206.1875,0.0
1762651869.96065,183659.109375,183418.421875,183985.078125,183811.640625,183873.328125,183952.453125,184099.4375,184295.78125,0.0
1762651869.9631205,184506.59375,184266.53125,184832.9375,184659.484375,184721.171875,184800.203125,184947.546875,185143.890625,0.0
1762651869.965627,184522.78125,184282.359375,184848.75,184675.3125,184737.265625,184816.21875,184963.734375,185159.71875,0.0
1762651869.9682083,183742.875,183502.5625,184069.21875,183895.59375,183957.375,184036.9375,184183.84375,184379.734375,0.0
1762651869.9708765,183558.875,183318.375,183885.21875,183711.5,183773.1875,183852.859375,183999.84375,184196.0,0.0
1762651869.9732,184446.515625,184206.375,184772.671875,184599.671875,184660.5625,184740.578125,184887.921875,185083.984375,0.0
1762651869.9732149,184608.515625,184368.109375,184934.5,184761.671875,184822.65625,184902.3125,185049.5625,185245.984375,0.0
1762651869.9768724,183933.859375,183692.8125,184259.390625,184086.109375,184147.53125,184227.375,184374.28125,184570.609375,0.0
1762651869.9906187,183498.796875,183257.9375,183824.234375,183650.796875,183712.296875,183792.234375,183939.046875,184135.28125,0.0
1762651869.9906406,184358.265625,184117.9375,184683.984375,184510.796875,184572.484375,184651.796875,184799.046875,184995.65625,0.0
1762651870.0308385,184676.46875,184435.96875,185002.171875,184829.171875,184890.59375,184969.8125,185117.421875,185313.765625,0.0
1762651870.0308585,184129.03125,183888.171875,184454.46875,184281.5625,184342.984375,184422.375,184569.53125,184766.0625,0.0
1762651870.030866,183490.75,183249.71875,183816.203125,183642.75,183704.265625,183784.015625,183930.640625,184127.328125,0.0
1762651870.0308716,184242.125,184001.625,184568.46875,184394.65625,184456.171875,184535.921875,184682.90625,184879.609375,0.0
1762651870.030877,184713.3125,184473.515625,185040.0,184866.453125,184927.875,185007.546875,185154.96875,185351.40625,0.0
1762651870.038244,184309.625,184069.671875,184635.609375,184462.421875,184523.859375,184603.609375,184750.671875,184947.109375,0.0
1762651870.0382798,183534.5625,183293.796875,183860.0,183686.734375,183748.0625,183828.0,183974.796875,184171.234375,0.0
1762651870.0782695,184109.0,183868.5,184434.625,184261.703125,184322.859375,184402.609375,184549.515625,184746.296875,0.0
1762651870.080624,184736.734375,184496.21875,185062.4375,184889.34375,184950.765625,185030.078125,185177.5,185374.015625,0.0
1762651870.0831227,184476.28125,184235.609375,184801.90625,184628.28125,184689.703125,184769.71875,184916.96875,185113.40625,0.0
1762651870.0858319,183633.984375,183393.296875,183959.875,183785.96875,183847.484375,183927.859375,184074.578125,184271.09375,0.0
1762651870.0881326,183974.0,183733.40625,184299.703125,184126.265625,184187.6875,184267.609375,184414.5,184611.03125,0.0
1762651870.0907035,184732.078125,184491.671875,185057.96875,184884.78125,184946.203125,185025.609375,185172.953125,185369.1875,0.0
1762651870.0931227,184615.3125,184375.171875,184941.109375,184767.84375,184829.53125,184909.015625,185056.625,185252.703125,0.0
1762651870.0956254,183777.578125,183537.15625,184103.28125,183929.65625,183991.609375,184071.28125,184218.4375,184414.234375,0.0
1762651870.0956426,183846.953125,183606.0,184172.65625,183999.03125,184060.8125,184140.296875,184287.640625,184483.625,0.0
1762651870.0982363,184698.46875,184458.5,185024.890625,184851.4375,184913.125,184992.4375,185139.953125,185336.03125,0.0
1762651870.1006243,184726.359375,184486.125,185052.515625,184879.25,184940.671875,185020.15625,185167.578125,185364.015625,0.0
1762651870.1033711,183952.09375,183711.953125,184278.25,184104.53125,184166.40625,184245.890625,184393.234375,184589.46875,0.0
1762651870.10579,183747.359375,183507.03125,184073.59375,183899.703125,183961.21875,184040.96875,184188.125,184384.5625,0.0
1762651870.108322,184635.515625,184395.546875,184961.671875,184788.140625,184849.65625,184929.140625,185076.65625,185273.4375,0.0
1762651870.11064,184811.921875,184571.59375,185138.171875,184964.453125,185026.234375,185105.4375,185253.234375,185449.84375,0.0
1762651870.1129606,184145.65625,183904.96875,184471.375,184297.734375,184359.515625,184438.921875,184586.34375,184782.59375,0.0
1762651870.1368513,183693.4375,183452.9375,184019.328125,183845.515625,183907.296875,183986.515625,184134.03125,184330.28125,0.0
1762651870.1643753,184548.625,184308.375,184874.78125,184701.234375,184762.921875,184842.046875,184989.75,185186.0,0.0
1762651870.1669507,184876.828125,184636.421875,185203.171875,185029.359375,185090.953125,185170.4375,185317.875,185514.390625,0.0
1762651870.1709752,184339.046875,184098.09375,184664.84375,184490.953125,184553.09375,184632.21875,184780.0,184975.984375,0.0
1762651870.1709905,183688.515625,183447.75,184014.140625,183840.0625,183903.015625,183981.59375,184129.125,184324.921875,0.0
1762651870.1709976,184430.25,184189.734375,184756.046875,184582.765625,184644.734375,184723.59375,184871.015625,185067.53125,0.0
1762651870.1743765,184916.34375,184676.203125,185242.234375,185069.5,185130.921875,185210.140625,185357.578125,185554.265625,0.0
1762651870.1743915,184521.4375,184280.84375,184847.328125,184674.0625,184735.921875,184814.953125,184962.390625,185158.640625,0.0
1762651870.174399,183737.703125,183496.75,184063.3125,183889.6875,183951.734375,184030.953125,184178.03125,184374.453125,0.0
1762651870.1769803,184297.65625,184057.0625,184623.71875,184449.828125,184511.78125,184590.90625,184738.34375,184934.859375,0.0
1762651870.1795,184935.125,184694.703125,185261.375,185087.734375,185149.609375,185228.375,185376.25,185572.328125,0.0
1762651870.1795156,184686.75,184446.15625,185012.90625,184839.28125,184901.328125,184979.828125,185127.53125,185323.859375,0.0
1762651870.1819355,183841.671875,183601.078125,184167.5625,183993.578125,184055.8125,184134.578125,184282.28125,184478.515625,0.0
1762651870.1844766,184160.234375,183919.453125,184486.484375,184312.5,184374.1875,184453.21875,184600.734375,184797.078125,0.0
1762651870.1882396,184925.640625,184685.328125,185252.421875,185078.890625,185140.21875,185219.078125,185366.78125,185563.390625,0.0
1762651870.188254,184818.8125,184578.296875,185145.046875,184971.515625,185033.109375,185112.234375,185260.125,185456.359375,0.0
1762651870.1882615,183985.0,183744.3125,184310.609375,184137.171875,184198.859375,184277.890625,184425.5,184621.578125,0.0
1762651870.1919458,184034.4375,183794.203125,184360.6875,184186.875,184248.390625,184327.875,184475.21875,184671.28125,0.0
1762651870.1919603,184889.96875,184650.09375,185216.84375,185043.125,185104.546875,185184.03125,185331.546875,185527.796875,0.0
1762651870.1919675,184928.78125,184688.359375,185255.5625,185081.65625,185143.171875,185222.65625,185370.265625,185566.96875,0.0
1762651870.194582,184160.765625,183920.359375,184487.109375,184312.671875,184374.90625,184454.109375,184601.546875,184797.96875,0.0
1762651870.1946049,183938.328125,183697.734375,184264.578125,184090.234375,184152.453125,184231.84375,184379.1875,184575.4375,0.0
1762651870.1984065,184827.390625,184586.96875,185154.078125,184980.1875,185041.421875,185120.734375,185268.515625,185464.859375,0.0
1762651870.1984217,185013.265625,184773.203125,185339.78125,185166.234375,185227.390625,185306.78125,185454.484375,185651.1875,0.0
1762651870.1984289,184357.015625,184116.15625,184682.90625,184509.546875,184571.140625,184650.265625,184797.609375,184994.125,0.0
1762651870.2007322,183889.421875,183648.109375,184215.125,184041.40625,184103.375,184182.234375,184329.390625,184526.0,0.0
1762651870.2032306,184736.640625,184495.953125,185062.703125,184888.984375,184950.6875,185029.625,185177.421875,185374.109375,0.0
1762651870.2058153,185075.9375,184835.609375,185401.828125,185228.375,185289.796875,185368.921875,185516.890625,185713.40625,0.0
1762651870.2058296,184548.96875,184308.375,184874.859375,184700.96875,184762.75,184841.609375,184989.75,185186.09375,0.0
1762651870.2081203,183887.1875,183646.234375,184213.34375,184039.359375,184100.875,184180.265625,184327.78125,184523.9375,0.0
1762651870.2106287,184617.453125,184376.78125,184943.53125,184770.078125,184831.5,184910.984375,185058.421875,185254.9375,0.0
1762651870.2131145,185115.546875,184875.046875,185441.796875,185268.515625,185329.765625,185408.984375,185556.6875,185753.5625,0.0
1762651870.215614,184733.25,184492.921875,185059.3125,184886.125,184947.375,185026.9375,185174.46875,185371.078125,0.0
1762651870.2183595,183944.046875,183703.09375,184269.75,184096.21875,184157.640625,184237.390625,184384.375,184580.890625,0.0
1762651870.2206197,184486.65625,184245.890625,184812.453125,184639.1875,184700.515625,184780.1875,184927.53125,185124.125,0.0
1762651870.2234976,185132.265625,184892.125,185458.609375,185285.421875,185346.75,185426.328125,185573.9375,185770.625,0.0
1762651870.2235236,184893.453125,184653.21875,185220.15625,185046.875,185107.953125,185187.609375,185335.046875,185531.734375,0.0
1762651870.2556973,184049.71875,183809.21875,184376.0625,184202.34375,184263.859375,184343.609375,184490.59375,184687.375,0.0
1762651870.2594664,184350.3125,184110.171875,184676.734375,184502.84375,184564.625,184644.1875,184791.265625,184988.140625,0.0
1762651870.2594829,185124.125,184884.078125,185450.828125,185277.109375,185338.796875,185418.09375,185565.890625,185762.578125,0.0
1762651870.2594905,185027.921875,184787.953125,185354.4375,185180.8125,185242.953125,185322.4375,185469.78125,185666.46875,0.0
1762651870.2620254,184196.71875,183956.125,184522.953125,184349.234375,184411.203125,184490.859375,184637.84375,184834.09375,0.0
1762651870.2646449,184224.703125,183984.453125,184550.9375,184377.140625,184439.0,184518.390625,184665.5625,184861.71875,0.0
1762651870.266868,185085.0625,184845.359375,185411.84375,185238.296875,185299.8125,185379.03125,185526.640625,185723.0625,0.0
1762651870.2694664,185135.125,184895.25,185461.90625,185288.8125,185349.875,185429.09375,185576.703125,185773.5,0.0
1762651870.2756448,184374.453125,184133.765625,184701.0625,184526.984375,184588.5,184668.15625,184815.3125,185011.921875,0.0
1762651870.27842,184131.796875,183891.390625,184457.953125,184283.890625,184345.9375,184425.421875,184572.40625,184769.0,0.0
1762651870.2806988,185019.34375,184779.46875,185345.953125,185172.046875,185233.75,185313.140625,185460.75,185657.265625,0.0
1762651870.2832038,185216.9375,184977.0625,185543.265625,185369.828125,185431.328125,185510.640625,185658.15625,185854.578125,0.0
1762651870.287061,184568.734375,184328.765625,184894.625,184721.265625,184783.046875,184862.609375,185009.515625,185206.203125,0.0
1762651870.287076,184084.140625,183844.09375,184410.3125,184236.59375,184298.546875,184378.203125,184524.921875,184721.4375,0.0
1762651870.2870831,184926.1875,184686.296875,185252.703125,185079.25,185140.671875,185219.96875,185367.671875,185564.015625,0.0
1762651870.2893944,185278.171875,185038.5625,185604.78125,185431.59375,185492.75,185572.0625,185720.03125,185916.546875,0.0
1762651870.2894096,184762.203125,184521.96875,185088.1875,184914.65625,184976.609375,185055.828125,185203.078125,185400.125,0.0
1762651870.293204,184088.078125,183847.484375,184414.15625,184240.15625,184302.296875,184381.609375,184528.671875,184725.015625,0.0
1762651870.3270447,184806.015625,184565.421875,185132.359375,184958.453125,185020.15625,185099.09375,185247.15625,185443.40625,0.0
1762651870.329371,185312.953125,185072.546875,185639.296875,185465.84375,185527.359375,185606.296875,185754.09375,185950.96875,0.0
1762651870.329387,184940.84375,184700.609375,185267.09375,185094.0,185155.421875,185234.546875,185382.15625,185578.859375,0.0
1762651870.331868,184144.765625,183904.34375,184471.09375,184297.390625,184359.078125,184438.296875,184585.71875,184781.875,0.0
1762651870.3343658,184670.484375,184430.328125,184996.8125,184823.359375,184884.78125,184964.1875,185111.4375,185308.3125,0.0
1762651870.336896,185326.453125,185086.578125,185653.328125,185480.0625,185541.03125,185620.421875,185768.21875,185965.0,0.0
1762651870.3393657,185098.65625,184858.6875,185425.515625,185252.078125,185313.046875,185392.53125,185540.046875,185737.109375,0.0
1762651870.3419492,184253.390625,184013.34375,184580.171875,184406.734375,184467.96875,184547.546875,184694.625,184891.3125,0.0
1762651870.344374,184535.03125,184294.703125,184861.71875,184688.265625,184749.515625,184829.0,184975.984375,185172.953125,0.0
1762651870.3510184,185317.15625,185077.375,185644.484375,185471.03125,185532.359375,185611.484375,185758.828125,185955.703125,0.0
1762651870.3531508,185234.09375,184994.046875,185561.15625,185387.609375,185448.765625,185528.34375,185675.765625,185872.375,0.0
1762651870.3556504,184405.03125,184164.4375,184731.28125,184558.09375,184619.25,184699.171875,184845.984375,185042.40625,0.0
1762651870.355666,184411.46875,184170.96875,184737.796875,184564.4375,184625.78125,184705.265625,184852.328125,185048.84375,0.0
1762651870.3581529,185278.453125,185038.203125,185604.953125,185431.875,185492.9375,185572.421875,185719.671875,185916.71875,0.0
1762651870.3656192,185339.15625,185098.828125,185665.3125,185492.484375,185553.8125,185633.21875,185780.640625,185977.15625,0.0
1762651870.3656335,184585.71875,184345.21875,184911.78125,184738.875,184800.125,184879.609375,185026.859375,185223.46875,0.0
1762651870.3656414,184322.421875,184081.828125,184648.484375,184475.125,184536.546875,184616.03125,184763.46875,184959.890625,0.0
1762651870.3731184,185210.234375,184970.171875,185536.5625,185363.5625,185424.71875,185504.203125,185651.625,185848.59375,0.0
1762651870.3731332,185419.4375,185179.46875,185745.953125,185573.046875,185634.375,185713.765625,185861.015625,186057.8125,0.0
1762651870.375779,184778.390625,184537.796875,185104.90625,184931.28125,184993.15625,185072.453125,185219.609375,185415.953125,0.0
1762651870.3793604,184277.890625,184037.390625,184604.140625,184430.15625,184492.296875,184571.59375,184718.765625,184914.921875,0.0
1762651870.414012,185112.59375,184872.53125,185439.015625,185265.921875,185327.53125,185406.484375,185553.90625,185750.421875,0.0
1762651870.4140327,185475.046875,185235.4375,185802.109375,185628.921875,185690.078125,185769.203125,185916.71875,186113.421875,0.0
1762651870.4140413,184969.09375,184729.3125,185296.0625,185122.34375,185184.03125,185263.34375,185410.765625,185607.46875,0.0
1762651870.428125,184284.15625,184043.734375,184610.3125,184436.59375,184498.546875,184577.9375,184725.375,184921.53125,0.0
1762651870.4281423,184991.546875,184751.296875,185318.234375,185144.6875,185206.203125,185285.59375,185432.9375,185629.8125,0.0
1762651870.430612,185509.109375,185268.96875,185835.90625,185662.625,185723.875,185803.171875,185950.609375,186147.578125,0.0
1762651870.433109,185145.671875,184905.796875,185472.90625,185299.1875,185360.796875,185440.0,185587.265625,185784.40625,0.0
1762651870.4356172,184345.125,184104.796875,184671.90625,184498.109375,184559.875,184639.28125,184786.4375,184983.046875,0.0
1762651870.4356327,184856.171875,184616.296875,185183.046875,185009.6875,185071.203125,185150.5,185298.03125,185494.359375,0.0
1762651870.4408755,185519.75,185280.0625,185846.984375,185673.796875,185734.78125,185814.359375,185961.6875,186158.390625,0.0
1762651870.4431388,185303.21875,185063.15625,185630.0,185456.90625,185517.703125,185597.546875,185744.796875,185941.671875,0.0
1762651870.4431567,184456.171875,184216.015625,184782.953125,184609.421875,184670.65625,184750.140625,184897.484375,185093.734375,0.0
1762651870.445644,184716.96875,184476.90625,185043.484375,184870.484375,184931.546875,185010.84375,185158.546875,185354.984375,0.0
1762651870.445662,185507.78125,185267.71875,185834.109375,185661.109375,185722.171875,185801.65625,185949.453125,186146.140625,0.0
1762651870.4483294,185434.640625,185194.140625,185760.796875,185587.796875,185648.953125,185728.34375,185875.859375,186072.5625,0.0
1762651870.4483497,184611.921875,184371.59375,184938.34375,184764.796875,184826.40625,184905.625,185052.875,185249.75,0.0
1762651870.4644456,184602.078125,184361.75,184928.421875,184755.140625,184816.65625,184896.046875,185042.859375,185240.0,0.0
1762651870.4669423,185469.421875,185228.921875,185796.03125,185622.65625,185683.90625,185763.484375,185910.46875,186107.875,0.0
1762651870.4694023,185539.25,185299.015625,185866.03125,185693.03125,185753.90625,185833.21875,185980.46875,186178.15625,0.0
1762651870.469417,184794.3125,184553.71875,185120.828125,184947.46875,185008.796875,185088.09375,185235.265625,185432.578125,0.0
1762651870.4731224,184513.75,184272.625,184839.640625,184666.359375,184727.703125,184807.265625,184954.34375,185151.21875,0.0
1762651870.4731371,185398.515625,185157.921875,185724.765625,185551.765625,185612.734375,185692.3125,185839.5625,186036.96875,0.0
1762651870.4731443,185617.296875,185377.0625,185943.546875,185770.90625,185831.875,185911.359375,186058.25,186256.015625,0.0
1762651870.4756143,184986.625,184745.671875,185312.6875,185139.78125,185200.75,185280.234375,185427.578125,185624.453125,0.0
1762651870.481991,184469.765625,184229.171875,184796.09375,184622.5625,184683.625,184763.46875,184910.453125,185107.046875,0.0
1762651870.5171309,185299.375,185059.046875,185625.96875,185452.34375,185513.5,185593.25,185740.59375,185937.28125,0.0
1762651870.5171492,185675.140625,185435.09375,186001.921875,185828.484375,185889.546875,185969.03125,186116.546875,186313.59375,0.0
1762651870.5171568,185178.75,184938.796875,185505.359375,185332.09375,185393.0625,185472.546875,185619.796875,185816.671875,0.0
1762651870.5194468,184483.171875,184243.109375,184809.5,184636.0625,184697.390625,184777.046875,184924.3125,185120.90625,0.0
1762651870.5194612,185177.78125,184938.25,185504.203125,185331.203125,185392.4375,185471.828125,185619.265625,185816.140625,0.0
1762651870.5218625,185706.609375,185466.640625,186033.3125,185859.953125,185920.921875,186000.3125,186147.921875,186345.078125,0.0
1762651870.524394,185354.625,185114.296875,185680.953125,185507.6875,185569.109375,185648.40625,185795.9375,185992.8125,0.0
1762651870.526864,184548.4375,184307.9375,184874.78125,184701.328125,184762.75,184842.40625,184989.484375,185186.09375,0.0
1762651870.5296645,185040.796875,184800.296875,185367.046875,185193.78125,185254.84375,185334.421875,185481.84375,185678.546875,0.0
1762651870.5318644,185717.53125,185477.28125,186043.953125,185871.21875,185931.65625,186011.5,186158.921875,186355.984375,0.0
1762651870.531879,185510.8125,185270.75,185837.328125,185664.421875,185724.9375,185804.78125,185952.03125,186149.1875,0.0
1762651870.534398,184662.609375,184422.28125,184988.859375,184815.234375,184876.734375,184956.40625,185103.5625,185300.171875,0.0
1762651870.5344124,184904.71875,184664.75,185231.515625,185057.609375,185119.21875,185198.875,185346.390625,185542.90625,0.0
1762651870.5371015,185702.953125,185462.984375,186029.90625,185856.375,185917.609375,185996.921875,186144.984375,186341.859375,0.0
1762651870.5393596,185639.734375,185399.6875,185966.609375,185793.078125,185854.3125,185933.703125,186081.234375,186278.46875,0.0
1762651870.5456164,184819.96875,184579.640625,185146.578125,184972.859375,185034.28125,185114.03125,185261.1875,185458.0625,0.0
1762651870.5456316,184787.953125,184547.8125,185114.65625,184940.671875,185002.171875,185082.28125,185229.453125,185425.875,0.0
1762651870.5556111,185660.296875,185420.421875,185986.734375,185813.8125,185874.609375,185954.359375,186102.15625,186298.9375,0.0
1762651870.5593698,185740.6875,185500.625,186067.1875,185894.109375,185955.078125,186034.734375,186182.53125,186379.40625,0.0
1762651870.5593836,185003.875,184763.734375,185330.03125,185156.671875,185218.28125,185298.109375,185445.09375,185642.25,0.0
1762651870.5933335,184703.734375,184463.328125,185029.890625,184856.359375,184917.59375,184997.703125,185144.6875,185341.5625,0.0
1762651870.5933533,185587.796875,185347.46875,185914.671875,185741.3125,185802.109375,185881.671875,186029.203125,186226.34375,0.0
1762651870.5956151,185818.640625,185578.578125,186145.421875,185971.96875,186033.21875,186112.25,186260.140625,186457.359375,0.0
1762651870.5956328,185198.25,184958.28125,185525.125,185351.484375,185412.921875,185492.3125,185640.09375,185836.796875,0.0
1762651870.5981915,184666.359375,184426.21875,184992.96875,184819.25,184880.5,184960.25,185107.5,185303.921875,0.0
1762651870.6012523,185486.765625,185247.0625,185813.546875,185640.28125,185701.15625,185781.09375,185928.34375,186125.046875,0.0
1762651870.6031888,185872.28125,185632.859375,186199.34375,186026.34375,186086.859375,186166.703125,186314.3125,186511.1875,0.0
1762651870.60561,185388.0625,185148.09375,185714.9375,185541.65625,185602.28125,185681.9375,185829.8125,186026.78125,0.0
1762651870.6081388,184681.203125,184440.96875,185007.90625,184834.453125,184895.421875,184974.90625,185122.4375,185319.21875,0.0
1762651870.6106908,185362.9375,185122.515625,185689.359375,185516.1875,185577.328125,185656.453125,185804.421875,186001.21875,0.0
1762651870.613463,185904.921875,185664.859375,186231.53125,186058.515625,186119.671875,186198.625,186346.765625,186543.734375,0.0
1762651870.6156118,185563.65625,185323.859375,185890.4375,185717.34375,185778.140625,185857.53125,186005.234375,186202.109375,0.0
1762651870.6156263,184751.484375,184511.6875,185077.90625,184904.28125,184965.515625,185045.453125,185192.796875,185389.21875,0.0
1762651870.6182044,185228.296875,184988.5,185555.078125,185381.265625,185442.953125,185522.171875,185669.953125,185866.65625,0.0
1762651870.6206105,185913.234375,185673.453125,186239.84375,186066.484375,186127.984375,186206.84375,186355.171875,186551.875,0.0
1762651870.6305904,185718.328125,185478.890625,186045.109375,185872.015625,185933.265625,186012.203125,186160.0,186356.78125,0.0
1762651870.663632,184872.8125,184632.921875,185199.046875,185025.96875,185087.296875,185166.59375,185313.859375,185510.8125,0.0
1762651870.663652,185094.453125,184854.125,185420.6875,185247.421875,185308.84375,185388.15625,185535.3125,185732.359375,0.0
1762651870.6636596,185898.65625,185658.515625,186225.71875,186052.71875,186113.421875,186192.90625,186340.515625,186537.5625,0.0
1762651870.6636655,185846.359375,185606.125,186172.875,185999.953125,186060.75,186140.234375,186287.9375,186484.8125,0.0
1762651870.6658013,185030.25,184790.1875,185356.671875,185183.671875,185244.828125,185323.953125,185471.75,185668.625,0.0
1762651870.6658158,184976.875,184736.734375,185303.484375,185130.125,185191.625,185270.578125,185418.375,185615.15625,0.0
1762651870.6681142,185853.25,185613.28125,186180.46875,186007.109375,186067.90625,186147.03125,186295.0,186491.875,0.0
1762651870.6706083,185946.046875,185706.34375,186273.09375,186100.0,186161.078125,186239.75,186387.71875,186584.859375,0.0
1762651870.6732495,185213.71875,184973.5625,185540.3125,185366.953125,185428.375,185507.5,185655.03125,185852.0,0.0
1762651870.6756191,184893.28125,184653.21875,185219.890625,185046.25,185107.40625,185187.078125,185334.5,185531.375,0.0
1762651870.6781123,185776.265625,185536.296875,186102.875,185929.59375,185990.390625,186069.875,186217.578125,186414.90625,0.0
1762651870.6808536,186019.8125,185779.9375,186346.40625,186173.140625,186233.765625,186313.515625,186461.125,186658.53125,0.0
1762651870.6831071,185409.15625,185169.015625,185735.765625,185562.3125,185623.015625,185703.046875,185850.390625,186047.609375,0.0
1762651870.6856458,184860.5625,184620.328125,185187.25,185013.53125,185074.59375,185154.4375,185301.6875,185498.75,0.0
1762651870.6856608,185671.84375,185431.59375,185998.625,185825.34375,185886.140625,185965.546875,186113.328125,186310.375,0.0
1762651870.68811,186070.0625,185829.90625,186396.65625,186223.65625,186284.453125,186363.765625,186511.375,186708.953125,0.0
1762651870.6918573,185597.1875,185356.59375,185923.515625,185750.421875,185811.484375,185890.796875,186038.40625,186235.640625,0.0
1762651870.7256196,184879.25,184638.296875,185205.765625,185032.046875,185093.640625,185172.859375,185320.375,185517.078125,0.0
1762651870.725638,185547.375,185306.515625,185873.890625,185700.359375,185761.421875,185840.734375,185988.78125,186185.296875,0.0
1762651870.7282104,186100.8125,185861.015625,186427.765625,186254.765625,186315.390625,186394.78125,186543.109375,186739.984375,0.0
1762651870.7282393,185770.71875,185531.46875,186097.6875,185924.59375,185985.390625,186064.953125,186212.921875,186409.71875,0.0
1762651870.7306008,184952.921875,184712.859375,185279.703125,185106.25,185166.953125,185247.0625,185394.59375,185590.921875,0.0
1762651870.733185,185410.328125,185170.078125,185737.28125,185564.015625,185624.8125,185704.375,185852.34375,186048.78125,0.0
1762651870.7357724,186105.46875,185865.40625,186432.25,186259.59375,186320.125,186399.34375,186547.578125,186744.359375,0.0
1762651870.738188,185919.9375,185680.0625,186246.359375,186073.90625,186134.25,186213.640625,186361.96875,186558.671875,0.0
1762651870.74457,185073.890625,184834.0,185400.671875,185227.65625,185288.375,185367.671875,185515.46875,185711.890625,0.0
1762651870.7466648,185274.875,185034.90625,185601.5625,185428.46875,185489.625,185568.75,185716.265625,185912.96875,0.0
1762651870.7707996,186088.03125,185847.703125,186414.265625,186241.53125,186302.328125,186381.546875,186529.25,186725.953125,0.0
1762651870.815644,186046.453125,185805.953125,186372.96875,186200.234375,186260.765625,186340.15625,186488.03125,186684.734375,0.0
1762651870.8197484,185237.046875,184996.546875,185563.5625,185390.03125,185451.1875,185530.390625,185678.1875,185875.15625,0.0
1762651870.819765,185162.21875,184921.796875,185488.828125,185315.46875,185376.796875,185455.921875,185603.4375,185800.140625,0.0
1762651870.8197732,186038.859375,185798.796875,186365.90625,186193.171875,186253.78125,186333.0,186480.875,186677.484375,0.0
1762651870.8220956,186143.09375,185902.953125,186469.96875,186297.59375,186357.5,186436.984375,186584.765625,186781.5625,0.0
1762651870.824335,185421.5,185181.0,185747.75,185574.921875,185635.625,185715.203125,185862.546875,186059.59375,0.0
1762651870.8268478,185081.484375,184840.984375,185408.171875,185234.8125,185295.703125,185375.0,185522.4375,185719.484375,0.0
1762651870.8293533,185960.359375,185720.46875,186287.578125,186114.765625,186175.015625,186253.875,186402.109375,186599.34375,0.0
1762651870.8318536,186215.796875,185975.734375,186542.84375,186369.921875,186430.453125,186509.578125,186657.453125,186854.6875,0.0
1762651870.834654,185613.453125,185372.765625,185940.234375,185766.875,185827.578125,185907.15625,186054.5,186251.546875,0.0
1762651870.836883,185050.015625,184809.234375,185376.34375,185203.34375,185263.96875,185343.53125,185491.140625,185687.84375,0.0
1762651870.8393536,185855.484375,185614.96875,186182.171875,186009.265625,186069.96875,186149.09375,186296.96875,186493.84375,0.0
1762651870.8419363,186265.40625,186024.90625,186592.109375,186419.28125,186479.8125,186558.9375,186707.171875,186903.6875,0.0
1762651870.8444984,185801.65625,185561.6875,186128.265625,185955.4375,186016.046875,186095.53125,186243.421875,186439.9375,0.0
1762651870.846886,185072.71875,184831.859375,185398.609375,185225.609375,185286.84375,185366.0625,185513.5,185710.109375,0.0
1762651870.8469028,185726.828125,185486.046875,186052.890625,185880.15625,185940.859375,186020.4375,186167.953125,186364.65625,0.0
1762651870.8505776,186292.234375,186052.0,186618.75,186446.1875,186506.546875,186586.109375,186734.078125,186930.6875,0.0
1762651870.8505924,185974.84375,185734.78125,186301.359375,186128.4375,186189.140625,186268.453125,186416.515625,186613.203125,0.0
1762651870.8505995,185153.1875,184912.953125,185479.609375,185306.515625,185367.671875,185446.890625,185594.234375,185791.109375,0.0
1762651870.867008,185592.53125,185352.390625,185919.046875,185745.953125,185806.84375,185886.328125,186033.671875,186230.8125,0.0
1762651870.8670232,186298.046875,186058.171875,186624.734375,186452.1875,186512.4375,186592.015625,186739.71875,186937.125,0.0
1762651870.8719032,186124.0625,185884.265625,186450.9375,186278.015625,186338.359375,186418.03125,186566.265625,186763.3125,0.0
1762651870.8743532,185279.875,185039.640625,185606.390625,185432.859375,185493.828125,185573.3125,185721.375,185918.0625,0.0
1762651870.8769631,185458.78125,185218.546875,185785.734375,185612.375,185672.90625,185752.484375,185900.0,186097.140625,0.0
1762651870.8769777,186277.296875,186037.0625,186604.359375,186431.4375,186491.703125,186571.1875,186718.96875,186916.03125,0.0
1762651870.8795228,186247.171875,186007.375,186574.578125,186401.125,186461.84375,186541.234375,186689.28125,186886.25,0.0
1762651870.879537,185442.515625,185202.453125,185769.46875,185596.203125,185656.8125,185736.65625,185884.171875,186081.234375,0.0
1762651870.8843544,185344.96875,185104.90625,185671.484375,185498.390625,185559.359375,185638.75,185786.453125,185983.328125,0.0
1762651870.8843691,186228.21875,185988.25,186555.0,186382.4375,186442.703125,186522.09375,186669.984375,186866.9375,0.0
1762651870.8868604,186344.984375,186105.109375,186672.03125,186499.203125,186559.375,186638.859375,186786.921875,186983.96875,0.0
1762651870.886875,185629.375,185389.3125,185956.0625,185783.15625,185843.5,185922.984375,186070.953125,186267.828125,0.0
1762651870.8893528,185271.65625,185031.421875,185598.25,185425.4375,185486.046875,185565.359375,185713.140625,185909.84375,0.0
1762651870.8918626,186148.46875,185908.3125,186475.34375,186302.78125,186363.046875,186442.25,186590.21875,186787.375,0.0
1762651870.8944192,186414.265625,186174.03125,186740.875,186568.59375,186628.84375,186708.15625,186855.9375,187053.078125,0.0
1762651870.8944352,185823.03125,185582.703125,186149.625,185976.625,186037.15625,186116.8125,186264.515625,186461.484375,0.0
1762651870.8969316,185245.28125,185004.953125,185571.796875,185398.4375,185459.40625,185539.0625,185686.5,185883.28125,0.0
1762651870.899796,186041.890625,185801.828125,186368.5,186195.578125,186256.296875,186335.6875,186483.65625,186680.796875,0.0
1762651870.899821,186462.015625,186222.3125,186788.984375,186616.421875,186676.953125,186756.4375,186904.3125,187101.359375,0.0
1762651870.9019349,186008.546875,185768.484375,186335.421875,186162.40625,186223.203125,186302.515625,186450.296875,186647.625,0.0
1762651870.9043827,185272.28125,185031.59375,185598.609375,185425.25,185486.5,185565.625,185713.328125,185910.46875,0.0
1762651870.9043972,185912.796875,185672.28125,186239.21875,186066.125,186127.1875,186206.40625,186353.921875,186551.15625,0.0
1762651870.9067752,186488.484375,186248.609375,186815.4375,186642.171875,186703.0625,186782.1875,186930.15625,187127.5625,0.0
1762651870.9121072,186179.765625,185939.796875,186506.546875,186333.453125,186394.421875,186473.546875,186621.515625,186819.015625,0.0
1762651870.9121215,185353.734375,185113.40625,185680.328125,185507.0625,185567.859375,185647.515625,185794.765625,185991.828125,0.0
1762651870.9143453,185775.28125,185535.21875,186102.15625,185929.0625,185989.59375,186069.078125,186216.59375,186413.734375,0.0
1762651870.948507,186492.0625,186252.0,186818.921875,186646.109375,186706.640625,186785.765625,186933.90625,187131.046875,0.0
1762651870.950627,186326.296875,186086.234375,186653.171875,186480.25,186540.875,186620.265625,186768.0625,186965.015625,0.0
1762651870.9506447,185480.15625,185239.90625,185807.015625,185633.84375,185694.640625,185774.125,185921.90625,186118.0625,0.0
1762651870.9531856,185639.921875,185399.59375,185967.0625,185793.4375,185854.40625,185933.4375,186081.328125,186278.015625,0.0
1762651870.9556,186465.328125,186225.453125,186792.828125,186619.46875,186680.703125,186759.390625,186907.703125,187104.578125,0.0
1762651870.9581091,186447.53125,186207.65625,186774.40625,186601.9375,186662.90625,186741.765625,186889.921875,187086.4375,0.0
1762651870.9606147,185648.5,185408.4375,185975.1875,185802.546875,185863.25,185942.46875,186090.0,186287.21875,0.0
1762651870.9656093,185533.703125,185293.5625,185860.484375,185687.484375,185748.453125,185827.765625,185975.109375,186172.25,0.0
1762651870.968395,186417.3125,186177.34375,186744.359375,186571.265625,186631.984375,186711.375,186859.15625,187056.296875,0.0
1762651870.9708686,186543.109375,186303.3125,186869.984375,186697.515625,186757.859375,186837.078125,186985.140625,187182.09375,0.0
1762651870.9809456,185838.046875,185597.984375,186164.828125,185991.921875,186052.625,186132.28125,186279.71875,186476.859375,0.0
1762651870.980962,185462.09375,185221.671875,185788.78125,185615.421875,185676.75,185755.703125,185903.21875,186100.546875,0.0
1762651870.984356,186334.078125,186094.015625,186660.859375,186487.765625,186548.65625,186627.59375,186775.828125,186972.890625,0.0
1762651870.9843721,186611.859375,186371.890625,186938.734375,186766.09375,186826.4375,186905.75,187053.625,187250.765625,0.0
1762651870.98438,186031.609375,185791.375,186358.390625,186185.484375,186246.015625,186325.578125,186473.109375,186670.515625,0.0
1762651870.988387,185441.53125,185201.109375,185768.21875,185594.59375,185656.109375,185735.3125,185882.84375,186079.984375,0.0
1762651870.988402,186228.65625,185988.78125,186555.796875,186382.625,186443.234375,186522.90625,186670.328125,186867.828125,0.0
1762651870.9884093,186659.96875,186419.90625,186986.75,186814.28125,186874.8125,186953.9375,187101.8125,187299.046875,0.0
1762651870.990924,186221.25,185981.09375,186547.671875,186375.203125,186435.8125,186514.671875,186663.0,186859.875,0.0
1762651870.9931073,185474.15625,185234.1875,185800.765625,185628.03125,185688.828125,185767.859375,185915.65625,186112.609375,0.0
1762651871.0281053,186098.671875,185858.875,186425.53125,186252.984375,186313.59375,186392.453125,186540.421875,186737.84375,0.0
1762651871.0306027,186685.0,186445.65625,187011.78125,186839.671875,186899.75,186978.875,187126.75,187324.34375,0.0
1762651871.0306191,186387.984375,186148.734375,186714.953125,186542.390625,186602.5625,186681.953125,186829.75,187026.984375,0.0
1762651871.0330987,185558.640625,185318.59375,185885.078125,185712.25,185772.859375,185852.171875,185999.78125,186196.75,0.0
1762651871.0331156,185960.171875,185719.84375,186286.6875,186113.859375,186174.484375,186253.4375,186401.3125,186598.546875,0.0
1762651871.035597,186685.0,186445.203125,187012.40625,186839.578125,186900.203125,186978.703125,187127.109375,187324.4375,0.0
1762651871.0383117,186533.1875,186293.484375,186860.6875,186687.765625,186748.46875,186827.421875,186975.296875,187172.71875,0.0
1762651871.0405967,185690.609375,185450.734375,186017.65625,185844.578125,185905.640625,185984.84375,186132.46875,186329.421875,0.0
1762651871.0430903,185831.15625,185590.921875,186158.125,185984.765625,186046.0,186124.953125,186272.65625,186470.15625,0.0
1762651871.0456023,186659.25,186419.1875,186986.484375,186813.75,186874.265625,186953.3125,187101.359375,187299.140625,0.0
1762651871.0481503,186649.859375,186409.890625,186977.09375,186804.359375,186864.53125,186943.734375,187092.0625,187289.5625,0.0
1762651871.050684,185857.71875,185617.828125,186184.9375,186011.9375,186072.296875,186151.78125,186299.46875,186496.890625,0.0
1762651871.0506985,185723.421875,185483.453125,186050.65625,185877.65625,185938.1875,186017.3125,186165.1875,186362.59375,0.0
1762651871.054346,186607.296875,186367.421875,186934.265625,186761.796875,186822.140625,186901.546875,187049.234375,187246.828125,0.0
1762651871.0620232,186743.828125,186503.953125,187070.96875,186898.40625,186958.40625,187037.53125,187185.859375,187383.171875,0.0
1762651871.0620427,186048.59375,185808.265625,186375.375,186202.46875,186262.640625,186341.859375,186489.90625,186687.328125,0.0
1762651871.0981867,185657.171875,185417.03125,185983.78125,185810.78125,185871.484375,185950.703125,186098.484375,186295.625,0.0
1762651871.0982044,186522.09375,186282.390625,186849.234375,186676.6875,186737.125,186816.25,186964.21875,187161.359375,0.0
1762651871.1011384,186806.328125,186566.796875,187133.640625,186960.8125,187021.078125,187100.5625,187248.53125,187445.84375,0.0
1762651871.1011603,186238.234375,185998.171875,186564.828125,186392.09375,186452.53125,186531.9375,186679.625,186877.046875,0.0
1762651871.1032124,185636.703125,185396.546875,185963.125,185790.484375,185850.828125,185930.484375,186077.921875,186275.421875,0.0
1762651871.1055963,186411.234375,186171.4375,186738.375,186565.640625,186625.90625,186705.46875,186853.171875,187050.9375,0.0
1762651871.108375,186852.90625,186613.109375,187179.859375,187007.3125,187067.75,187146.96875,187294.9375,187492.4375,0.0
1762651871.1083896,186423.21875,186183.328125,186750.0,186577.625,186637.796875,186717.453125,186865.421875,187062.5625,0.0
1762651871.1106837,185671.84375,185431.6875,185998.171875,185825.703125,185886.140625,185965.546875,186113.5,186310.5625,0.0
1762651871.1133585,186279.0,186038.9375,186605.25,186433.140625,186493.578125,186572.796875,186720.578125,186918.078125,0.0
1762651871.1158426,186875.078125,186635.28125,187201.765625,187029.65625,187090.015625,187169.140625,187317.015625,187514.515625,0.0
1762651871.115859,186591.828125,186351.859375,186918.796875,186746.234375,186806.5,186885.53125,187033.6875,187231.28125,0.0
1762651871.1180964,185761.421875,185521.546875,186088.03125,185915.203125,185976.171875,186055.296875,186202.921875,186400.421875,0.0
1762651871.1206827,186143.90625,185904.109375,186470.59375,186298.21875,186358.9375,186437.96875,186585.484375,186783.171875,0.0
1762651871.1206973,186874.8125,186635.109375,187201.765625,187029.84375,187090.015625,187169.140625,187317.015625,187514.515625,0.0
1762651871.1232452,186734.53125,186494.828125,187061.21875,186889.296875,186949.28125,187028.765625,187176.734375,187374.0625,0.0
1762651871.1681373,185895.984375,185656.1875,186222.3125,186049.578125,186110.46875,186190.125,186337.734375,186534.796875,0.0
1762651871.1681583,186016.234375,185776.0,186342.484375,186169.75,186230.546875,186309.9375,186457.640625,186655.046875,0.0
1762651871.170776,186849.0625,186609.359375,187176.203125,187003.28125,187063.90625,187143.296875,187291.359375,187488.671875,0.0
1762651871.170791,186851.109375,186611.421875,187178.171875,187005.15625,187065.953125,187145.0,187293.5,187490.640625,0.0
1762651871.1731796,186064.515625,185824.359375,186391.296875,186218.46875,186279.359375,186358.390625,186506.453125,186703.59375,0.0
1762651871.1755955,185908.671875,185668.625,186235.375,186062.640625,186123.703125,186202.640625,186350.4375,186547.75,0.0
1762651871.178103,186788.703125,186548.828125,187115.3125,186942.84375,187003.28125,187082.765625,187230.828125,187428.421875,0.0
1762651871.1805887,186935.6875,186695.90625,187262.390625,187090.28125,187150.265625,187229.578125,187378.078125,187575.3125,0.0
1762651871.1831794,186250.75,186010.6875,186577.265625,186404.890625,186465.328125,186544.53125,186692.59375,186889.65625,0.0
1762651871.1855943,185840.28125,185600.21875,186166.703125,185994.15625,186054.671875,186133.890625,186281.6875,186479.1875,0.0
1762651871.2032623,186700.828125,186461.296875,187028.046875,186855.3125,186915.40625,186994.796875,187142.765625,187340.4375,0.0
1762651871.2093432,186999.4375,186760.015625,187326.765625,187154.03125,187214.375,187293.59375,187441.828125,187639.15625,0.0
1762651871.2122033,186441.359375,186201.21875,186767.609375,186595.046875,186655.765625,186734.796875,186882.859375,187080.265625,0.0
1762651871.2143612,185825.625,185585.203125,186151.953125,185979.046875,186040.109375,186118.78125,186266.9375,186464.34375,0.0
1762651871.2168791,186591.390625,186351.328125,186918.078125,186745.609375,186806.234375,186885.0,187033.59375,187230.828125,0.0
1762651871.2168944,187047.359375,186807.484375,187374.328125,187201.765625,187262.203125,187341.25,187489.484375,187687.078125,0.0
1762651871.219352,186628.578125,186388.53125,186955.28125,186782.890625,186843.421875,186922.375,187070.515625,187267.9375,0.0
1762651871.2219267,185865.578125,185625.53125,186192.1875,186019.625,186080.15625,186159.640625,186307.25,186504.125,0.0
1762651871.224363,186458.703125,186218.734375,186785.046875,186612.75,186673.203125,186752.328125,186900.296875,187097.4375,0.0
1762651871.2268372,187064.265625,186824.296875,187390.5,187218.40625,187278.921875,187357.78125,187506.109375,187703.34375,0.0
1762651871.2293663,186789.328125,186549.09375,187115.9375,186943.65625,187004.09375,187083.125,187231.09375,187428.234375,0.0
1762651871.229382,185956.6875,185716.359375,186283.015625,186110.296875,186171.171875,186250.296875,186398.0,186595.140625,0.0
1762651871.2318437,186321.203125,186080.78125,186647.359375,186474.796875,186535.421875,186614.640625,186762.515625,186959.921875,0.0
1762651871.231858,187063.015625,186822.953125,187389.53125,187217.234375,187277.765625,187356.625,187505.03125,187702.359375,0.0
1762651871.2343411,186933.375,186693.3125,187259.890625,187087.5,187148.125,187227.078125,187375.578125,187572.625,0.0
1762651871.23688,186096.78125,185856.46875,186423.03125,186250.03125,186311.1875,186390.484375,186538.546875,186735.421875,0.0
1762651871.2368941,186192.546875,185951.859375,186518.609375,186345.34375,186406.578125,186486.0625,186634.03125,186831.171875,0.0
1762651871.2393413,187031.1875,186790.859375,187357.875,187185.234375,187245.84375,187324.890625,187473.296875,187670.53125,0.0
1762651871.2418668,187043.4375,186803.015625,187370.125,187197.5625,187257.734375,187336.953125,187485.453125,187682.59375,0.0
1762651871.2418811,186265.671875,186025.359375,186592.46875,186419.28125,186480.078125,186559.109375,186706.8125,186904.3125,0.0
1762651871.2444942,186088.828125,185848.5,186415.34375,186242.34375,186303.140625,186382.265625,186530.140625,186727.28125,0.0
1762651871.2818837,186971.71875,186731.9375,187298.515625,187125.859375,187186.390625,187265.421875,187413.390625,187611.078125,0.0
1762651871.2856092,187131.3125,186891.703125,187458.453125,187285.640625,187346.4375,187425.015625,187573.34375,187771.296875,0.0
1762651871.285626,186456.109375,186215.796875,186782.453125,186609.453125,186670.515625,186749.28125,186897.515625,187094.921875,0.0
1762651871.2856336,186027.859375,185787.625,186354.375,186181.640625,186242.4375,186321.296875,186469.34375,186666.578125,0.0
1762651871.2930958,186884.109375,186644.40625,187211.421875,187038.78125,187099.484375,187178.34375,187326.671875,187524.0,0.0
1762651871.2931104,187194.265625,186954.828125,187521.484375,187348.75,187409.28125,187488.5,187636.90625,187834.0625,0.0
1762651871.293118,186647.71875,186408.015625,186974.5,186801.859375,186862.203125,186941.59375,187089.75,187286.703125,0.0
1762651871.2956111,186016.046875,185775.734375,186342.296875,186169.65625,186230.09375,186309.84375,186457.640625,186654.328125,0.0
1762651871.2956257,186768.234375,186528.265625,187095.109375,186922.375,186982.984375,187062.296875,187210.4375,187407.40625,0.0
1762651871.298179,187233.328125,186993.453125,187560.375,187387.46875,187448.265625,187527.296875,187675.8125,187873.21875,0.0
1762651871.3010397,186826.703125,186587.09375,187153.765625,186981.03125,187041.734375,187120.859375,187269.0,187466.59375,0.0
1762651871.3030903,186059.140625,185819.09375,186385.75,186212.65625,186273.546875,186352.578125,186500.640625,186698.046875,0.0
1762651871.30559,186637.96875,186398.453125,186964.84375,186792.109375,186852.640625,186931.765625,187080.0,187277.5,0.0
1762651871.3081725,187256.84375,187017.40625,187583.8125,187411.15625,187471.6875,187550.640625,187699.140625,187896.8125,0.0
1762651871.31059,186994.34375,186754.5625,187321.578125,187148.296875,187208.75,187288.046875,187436.28125,187633.875,0.0
1762651871.3132415,186158.03125,185917.96875,186484.71875,186311.453125,186372.34375,186451.46875,186599.34375,186796.84375,0.0
