timestamps,Fz,C3,Cz,C4,Pz,PO7,Oz,PO8,stim
1763597532.4060943,219813.6875,205274.046875,145714.0625,219850.25,195206.375,189757.015625,197552.953125,199477.53125,0.0
1763597532.4085865,219851.234375,205314.28125,145780.671875,219872.15625,195346.5625,189778.03125,197786.484375,199619.0625,0.0
1763597532.4086125,219838.625,205313.65625,145811.703125,219829.59375,195441.515625,189771.5,198063.5625,199713.5625,0.0
1763597532.4110892,219810.015625,205284.0625,145758.328125,219842.296875,195328.234375,189754.78125,197873.390625,199600.46875,0.0
1763597532.4137335,219810.375,205277.359375,145705.484375,219839.609375,195208.796875,189757.109375,197568.6875,199480.203125,0.0
1763597532.4137416,219844.796875,205313.84375,145758.328125,219865.53125,195320.453125,189777.9375,197729.171875,199599.125,0.0
1763597532.4500153,219845.59375,205325.1875,145809.90625,219853.46875,195449.5625,189780.53125,198051.9375,199733.328125,0.0
1763597532.4500313,219817.703125,205298.90625,145773.703125,219861.15625,195371.328125,189769.359375,197944.90625,199651.421875,0.0
1763597532.452342,219808.671875,205278.703125,145705.3125,219851.40625,195226.84375,189759.703125,197604.09375,199508.015625,0.0
1763597532.4523585,219829.859375,205298.90625,145725.0625,219839.34375,195284.78125,189770.15625,197664.4375,199566.75,0.0
1763597532.4573083,219848.109375,205321.703125,145795.609375,219854.546875,195438.828125,189776.421875,198008.84375,199722.5,0.0
1763597532.46978,219828.609375,205301.3125,145776.828125,219836.921875,195392.34375,189762.65625,197985.40625,199669.578125,0.0
1763597532.472603,219816.28125,205278.25,145708.609375,219849.359375,195240.703125,189758.09375,197641.546875,199519.09375,0.0
1763597532.4773097,219843.90625,205303.828125,145724.265625,219867.328125,195274.5,189779.015625,197627.78125,199556.03125,0.0
1763597532.479803,219866.25,205333.78125,145795.875,219853.203125,195431.953125,189785.453125,197965.03125,199706.671875,0.0
1763597532.4826615,219861.96875,205328.59375,145803.203125,219857.046875,195436.328125,189787.59375,198041.203125,199707.65625,0.0
1763597532.4846513,219862.3125,205302.84375,145735.078125,219871.4375,195280.9375,189777.765625,197709.328125,199551.375,0.0
1763597532.5185661,219873.140625,205303.90625,145713.359375,219863.390625,195255.90625,189778.296875,197587.015625,199526.34375,0.0
1763597532.5212245,219885.921875,205321.25,145768.609375,219835.046875,195402.53125,189779.46875,197902.171875,199674.9375,0.0
1763597532.5288098,219883.859375,205313.03125,145788.71875,219855.703125,195441.515625,189769.453125,198057.390625,199713.375,0.0
1763597532.5313678,219867.328125,205287.109375,145726.40625,219862.59375,195292.46875,189758.09375,197754.296875,199558.890625,0.0
1763597532.5335612,219870.015625,205294.53125,145695.296875,219838.0,195230.0625,189763.90625,197554.5625,199494.15625,0.0
1763597532.5365,219886.90625,205324.828125,145759.84375,219854.890625,195381.4375,189778.125,197843.171875,199655.0,0.0
1763597532.5388308,219871.34375,205317.40625,145784.25,219830.578125,195448.84375,189770.25,198068.46875,199719.109375,0.0
1763597532.5526009,219857.484375,205293.890625,145730.78125,219848.90625,195321.171875,189764.359375,197824.484375,199584.90625,0.0
1763597532.552625,219849.71875,205278.703125,145677.140625,219837.375,195217.28125,189757.734375,197550.359375,199483.15625,0.0
1763597532.5563807,219875.375,205317.140625,145739.90625,219853.828125,195351.03125,189779.546875,197776.5625,199623.53125,0.0
1763597532.5563977,219881.8125,205335.109375,145796.0625,219860.703125,195470.125,189784.734375,198069.8125,199741.71875,0.0
1763597532.556406,219867.765625,205317.859375,145753.234375,219862.59375,195369.015625,189783.390625,197896.28125,199635.953125,0.0
1763597532.5564127,219860.359375,205300.328125,145691.53125,219856.5,195239.015625,189770.796875,197575.84375,199503.09375,0.0
1763597532.5598624,219864.015625,205318.84375,145719.515625,219846.5,195326.453125,189769.890625,197711.03125,199595.90625,0.0
1763597532.559878,219864.828125,205334.578125,145778.078125,219844.265625,195458.0625,189774.90625,198037.53125,199731.0,0.0
1763597532.5598848,219850.25,205316.703125,145747.0625,219836.125,195383.21875,189770.96875,197939.734375,199650.265625,0.0
1763597532.5598907,219850.78125,205301.5,145686.0,219843.09375,195242.140625,189765.25,197598.109375,199503.546875,0.0
1763597532.5652518,219882.703125,205336.453125,145721.765625,219861.421875,195317.234375,189790.375,197670.609375,199584.8125,0.0
1763597532.5673075,219913.109375,205374.8125,145802.84375,219863.484375,195485.5,189814.6875,198034.765625,199754.328125,0.0
1763597532.570188,219906.75,205357.5625,145792.65625,219873.5,195450.09375,189808.875,198026.0,199713.109375,0.0
1763597532.5748937,219881.265625,205319.015625,145710.3125,219883.59375,195282.640625,189786.796875,197669.359375,199546.90625,0.0
1763597532.57491,219885.296875,205316.34375,145695.03125,219842.296875,195279.15625,189775.078125,197615.453125,199542.078125,0.0
1763597532.5773013,219896.296875,205345.75,145763.875,219841.484375,195440.171875,189788.21875,197961.453125,199707.03125,0.0
1763597532.58486,219885.75,205345.84375,145772.453125,219847.125,195451.265625,189794.578125,198049.703125,199713.828125,0.0
1763597532.5873213,219874.390625,205318.125,145701.015625,219856.421875,195293.8125,189781.421875,197714.421875,199550.390625,0.0
1763597532.594835,219875.90625,205308.65625,145674.015625,219855.703125,195253.3125,189767.578125,197574.5,199515.34375,0.0
1763597532.5998178,219895.40625,205333.234375,145734.1875,219832.8125,195399.765625,189776.15625,197889.921875,199667.515625,0.0
1763597532.6023023,219894.59375,205340.03125,145760.734375,219830.84375,195449.828125,189779.546875,198059.4375,199718.03125,0.0
1763597532.604823,219865.0,205308.734375,145688.234375,219824.328125,195297.84375,189767.390625,197761.453125,199565.140625,0.0
1763597532.6073055,219862.140625,205293.359375,145650.40625,219837.546875,195230.875,189758.359375,197554.03125,199503.984375,0.0
1763597532.6098344,219886.015625,205326.53125,145719.875,219861.96875,195385.1875,189776.0625,197843.078125,199666.265625,0.0
1763597532.6098504,219874.125,205322.953125,145744.640625,219815.203125,195452.515625,189769.984375,198068.03125,199726.703125,0.0
1763597532.6123064,219860.4375,205304.265625,145696.1875,219841.3125,195332.890625,189771.5,197836.734375,199604.125,0.0
1763597532.6173568,219849.171875,205288.09375,145638.34375,219836.125,195222.65625,189759.078125,197551.875,199491.03125,0.0
1763597532.623554,219884.3125,205326.53125,145698.59375,219858.109375,195353.8125,189773.828125,197770.484375,199624.78125,0.0
1763597532.623568,219892.09375,205343.515625,145747.421875,219831.203125,195466.546875,189781.421875,198057.390625,199731.890625,0.0
1763597532.626053,219893.875,205340.921875,145723.1875,219838.53125,195379.296875,189793.140625,197901.546875,199633.984375,0.0
1763597532.6285503,219896.828125,205331.265625,145669.71875,219853.640625,195259.03125,189795.203125,197585.765625,199510.515625,0.0
1763597532.6310697,219914.265625,205351.125,145707.984375,219873.234375,195352.28125,189801.90625,197720.953125,199609.484375,0.0
1763597532.6336389,219910.15625,205367.921875,145764.3125,219857.484375,195488.640625,189810.21875,198054.171875,199747.53125,0.0
1763597532.633655,219882.96875,205343.34375,145726.578125,219844.703125,195412.28125,189798.234375,197960.921875,199668.40625,0.0
1763597532.638585,219866.609375,205317.5,145648.09375,219821.90625,195253.5,189780.71875,197605.4375,199503.640625,0.0
1763597532.6386018,219895.484375,205352.8125,145680.625,219849.171875,195323.328125,189804.671875,197667.296875,199579.09375,0.0
1763597532.6410952,219919.625,205385.71875,145754.921875,219858.109375,195484.078125,189823.984375,198021.171875,199739.484375,0.0
1763597532.6411116,219904.515625,205364.53125,145737.046875,219849.984375,195442.59375,189810.21875,198012.421875,199693.890625,0.0
1763597532.6436827,219888.0625,205328.40625,145661.046875,219853.46875,195281.03125,189790.453125,197659.078125,199531.265625,0.0
1763597532.6436992,219890.75,205335.65625,145655.5,219847.203125,195291.484375,189793.046875,197609.09375,199542.171875,0.0
1763597532.6535656,219904.875,205367.296875,145727.84375,219835.765625,195454.921875,189811.109375,197960.015625,199702.75,0.0
1763597532.6939044,219897.546875,205365.953125,145739.546875,219849.359375,195469.234375,189814.6875,198053.625,199716.953125,0.0
1763597532.6939359,219879.578125,205339.9375,145672.21875,219864.546875,195317.0625,189803.328125,197725.6875,199564.703125,0.0
1763597532.6939447,219887.0,205337.4375,145645.671875,219855.703125,195281.75,189796.8125,197586.03125,199533.046875,0.0
1763597532.697424,219902.640625,205355.859375,145701.109375,219831.109375,195425.328125,189799.578125,197895.203125,199680.125,0.0
1763597532.697457,219892.53125,205355.859375,145727.21875,219845.875,195479.609375,189805.296875,198072.140625,199734.9375,0.0
1763597532.6974735,219871.96875,205330.734375,145664.890625,219853.734375,195338.875,189797.875,197784.25,199589.46875,0.0
1763597532.699901,219862.859375,205316.609375,145616.53125,219830.40625,195259.84375,189787.859375,197563.5,199514.0,0.0
1763597532.7023687,219879.578125,205347.09375,145677.953125,219840.765625,195403.703125,189799.21875,197834.671875,199662.15625,0.0
1763597532.7050936,219878.953125,205359.34375,145722.5625,219851.328125,195492.921875,189805.390625,198079.109375,199753.34375,0.0
1763597532.7077649,219861.15625,205335.203125,145665.25,219840.6875,195359.0,189793.234375,197838.78125,199613.6875,0.0
1763597532.710144,219861.78125,205321.53125,145610.890625,219835.046875,195250.71875,189785.28125,197552.140625,199502.375,0.0
1763597532.7128289,219897.71875,205361.671875,145669.8125,219849.265625,195382.0625,189808.34375,197767.265625,199639.171875,0.0
1763597532.717384,219903.171875,205375.96875,145721.046875,219838.0,195497.578125,189814.515625,198068.109375,199751.109375,0.0
1763597532.720034,219877.78125,205347.8125,145672.9375,219841.84375,195389.296875,189798.78125,197897.34375,199639.625,0.0
1763597532.724856,219863.390625,205319.109375,145606.0625,219840.6875,195251.078125,189779.640625,197563.234375,199501.671875,0.0
1763597532.7298856,219887.53125,205350.40625,145648.53125,219844.34375,195347.015625,189799.21875,197698.234375,199601.53125,0.0
1763597532.7299025,219915.0625,205389.109375,145729.171875,219853.203125,195505.71875,189827.828125,198057.65625,199759.15625,0.0
1763597532.7360494,219896.296875,205368.375,145698.328125,219846.40625,195437.3125,189818.71875,197971.28125,199682.71875,0.0
1763597532.7385595,219878.6875,205335.109375,145621.265625,219838.53125,195275.84375,189792.34375,197604.453125,199515.171875,0.0
1763597532.7410748,219888.34375,205353.265625,145638.25,219850.0625,195327.515625,189800.203125,197645.578125,199572.5625,0.0
1763597532.7437665,219891.734375,205373.65625,145695.921875,219816.8125,195473.171875,189807.265625,197990.0625,199719.640625,0.0
1763597532.7437828,219873.765625,205353.4375,145682.0625,219812.78125,195439.8125,189797.703125,197992.75,199679.140625,0.0
1763597532.7460885,219863.84375,205328.3125,145615.28125,219826.5625,195285.140625,189789.296875,197650.140625,199527.6875,0.0
1763597532.7461028,219895.21875,205351.03125,145629.578125,219859.640625,195307.671875,189802.890625,197607.671875,199556.46875,0.0
1763597532.7523618,219904.78125,205375.34375,145695.03125,219842.65625,195461.8125,189804.859375,197941.78125,199708.28125,0.0
1763597532.7586024,219880.640625,205365.328125,145694.21875,219823.609375,195466.375,189800.828125,198033.421875,199707.296875,0.0
1763597532.7586188,219869.296875,205343.96875,145634.234375,219845.421875,195321.796875,189798.421875,197716.5625,199558.53125,0.0
1763597532.762321,219878.859375,205351.03125,145615.0,219836.921875,195291.484375,189804.234375,197576.28125,199527.859375,0.0
1763597532.7686012,219902.546875,205381.515625,145682.953125,219842.734375,195446.25,189816.03125,197887.6875,199686.921875,0.0
1763597532.7686224,219896.390625,205378.203125,145706.375,219842.828125,195496.234375,189809.140625,198064.890625,199739.046875,0.0
1763597532.8024535,219867.234375,205342.625,145630.828125,219810.734375,195339.328125,189791.171875,197772.625,199577.21875,0.0
1763597532.806334,219882.078125,205349.15625,145602.578125,219832.453125,195276.734375,189799.046875,197559.75,199515.171875,0.0
1763597532.806367,219910.421875,205386.875,145670.4375,219844.078125,195424.078125,189818.625,197830.296875,199665.375,0.0
1763597532.806377,219904.703125,205391.796875,145707.28125,219827.71875,195506.34375,189818.0,198074.640625,199743.0625,0.0
1763597532.8090234,219878.046875,205358.359375,145647.109375,219832.015625,195377.328125,189804.9375,197843.171875,199613.15625,0.0
1763597532.8113368,219881.546875,205350.671875,145598.734375,219841.125,195274.765625,189803.6875,197560.546875,199508.375,0.0
1763597532.8161385,219891.828125,205372.390625,145637.265625,219827.453125,195385.1875,189808.703125,197758.765625,199627.546875,0.0
1763597532.818902,219902.546875,205395.015625,145701.109375,219844.703125,195509.5625,189821.21875,198068.5625,199753.34375,0.0
1763597532.8212705,219890.65625,205371.59375,145662.390625,219831.5625,195410.9375,189811.5625,197911.109375,199644.984375,0.0
1763597532.8240008,219876.984375,205345.75,145592.390625,219825.9375,195274.421875,189797.34375,197581.734375,199507.484375,0.0
1763597532.8490512,219902.640625,205376.15625,145631.453125,219829.78125,195366.859375,189814.15625,197710.046875,199605.375,0.0
1763597532.8548589,219930.984375,205416.203125,145713.984375,219850.609375,195524.671875,189837.21875,198060.0625,199763.1875,0.0
1763597532.8613653,219900.765625,205380.71875,145675.171875,219840.328125,195446.796875,189814.78125,197972.71875,199680.125,0.0
1763597532.8613963,219862.59375,205333.328125,145578.53125,219814.671875,195273.34375,189785.453125,197609.09375,199507.5625,0.0
1763597532.866139,219894.0625,205368.203125,145606.25,219826.109375,195333.0625,189808.078125,197654.078125,199572.390625,0.0
1763597532.8687572,219928.03125,205416.65625,145695.828125,219852.03125,195510.8125,189838.46875,198024.9375,199755.046875,0.0
1763597532.8727489,219907.015625,205391.796875,145677.046875,219819.9375,195472.625,189825.6875,198028.78125,199708.90625,0.0
1763597532.8727794,219898.53125,205364.0,145608.5625,219830.84375,195318.578125,189815.40625,197685.625,199551.109375,0.0
1763597532.872788,219925.34375,205381.15625,145613.03125,219854.8125,195329.21875,189815.5,197620.640625,199564.96875,0.0
1763597532.8763878,219924.28125,205398.765625,145669.8125,219827.09375,195482.015625,189821.484375,197960.375,199723.3125,0.0
1763597532.8764265,219912.46875,205397.34375,145681.34375,219821.90625,195499.453125,189824.4375,198070.796875,199737.171875,0.0
1763597532.8764355,219903.359375,205375.96875,145621.0,219845.15625,195352.375,189820.953125,197752.0625,199583.921875,0.0
1763597532.8836732,219907.109375,205373.203125,145595.6875,219832.453125,195310.53125,189813.96875,197600.0625,199544.140625,0.0
1763597532.8837056,219919.71875,205405.296875,145664.625,219846.84375,195473.4375,189827.828125,197922.921875,199715.171875,0.0
1763597532.8888574,219907.5625,205408.421875,145688.671875,219824.40625,195527.96875,189831.140625,198114.34375,199767.296875,0.0
1763597532.8888884,219888.515625,205379.8125,145624.390625,219821.453125,195383.9375,189820.40625,197837.171875,199616.109375,0.0
1763597532.8937533,219894.421875,205377.21875,145589.25,219824.671875,195312.59375,189821.21875,197619.203125,199543.953125,0.0
1763597532.8962383,219926.609375,205416.828125,145661.046875,219851.859375,195467.171875,189842.859375,197901.015625,199708.015625,0.0
1763597532.8988273,219917.484375,205417.734375,145694.9375,219834.6875,195554.265625,189839.90625,198158.328125,199795.09375,0.0
1763597532.9011233,219900.40625,205389.65625,145642.625,219827.359375,195430.875,189826.3125,197940.078125,199659.828125,0.0
1763597532.9038928,219898.96875,205377.671875,145590.15625,219823.875,195326.0,189819.875,197666.59375,199560.59375,0.0
1763597532.9086223,219920.4375,205404.046875,145640.046875,219826.203125,195444.28125,189828.09375,197877.234375,199687.640625,0.0
1763597532.9138389,219921.421875,205415.140625,145693.328125,219817.890625,195565.875,189829.4375,198197.125,199812.625,0.0
1763597532.916217,219904.78125,205394.21875,145658.546875,219826.109375,195475.765625,189821.21875,198062.21875,199717.671875,0.0
1763597532.9162564,219905.765625,205379.015625,145605.0,219847.203125,195349.609375,189813.4375,197744.8125,199588.21875,0.0
1763597532.918894,219915.6875,205393.671875,145628.328125,219825.484375,195424.078125,189815.40625,197859.265625,199663.84375,0.0
1763597532.9211428,219920.703125,205417.734375,145693.5,219819.046875,195572.765625,189833.28125,198213.046875,199816.015625,0.0
1763597532.924095,219904.515625,205395.90625,145666.953125,219813.328125,195510.546875,189823.0,198153.671875,199746.734375,0.0
1763597532.9323914,219896.5625,205375.96875,145599.8125,219811.625,195364.53125,189813.34375,197815.09375,199597.328125,0.0
1763597532.9324207,219913.375,205392.515625,145612.765625,219812.078125,195403.96875,189819.421875,197830.734375,199637.75,0.0
1763597532.937328,219937.59375,205427.109375,145689.578125,219813.859375,195565.53125,189838.375,198184.078125,199799.84375,0.0
1763597532.9423196,219928.921875,205421.75,145687.421875,219817.078125,195550.328125,189842.765625,198216.0,199778.921875,0.0
1763597532.9473147,219917.03125,205396.53125,145620.375,219821.28125,195393.328125,189827.46875,197865.96875,199615.484375,0.0
1763597532.9523168,219936.609375,205413.796875,145621.4375,219834.515625,195396.546875,189836.234375,197794.078125,199620.9375,0.0
1763597532.954829,219963.890625,205446.15625,145697.4375,219835.234375,195554.609375,189848.578125,198126.140625,199780.078125,0.0
1763597532.957322,219953.875,205439.90625,145706.921875,219816.8125,195570.53125,189843.203125,198232.984375,199790.453125,0.0
1763597532.959869,219929.109375,205409.765625,145634.234375,219825.9375,195416.9375,189834.625,197912.546875,199635.859375,0.0
1763597532.9712715,219946.890625,205423.71875,145625.015625,219859.1875,195387.609375,189846.421875,197762.515625,199613.6875,0.0
1763597532.9712873,219966.5625,205455.90625,145692.96875,219868.40625,195542.546875,189863.421875,198063.28125,199770.6875,0.0
1763597533.0098605,219960.75,205451.96875,145711.125,219828.796875,195589.671875,189857.875,198242.90625,199812.625,0.0
1763597533.0098786,219934.46875,205414.59375,145634.140625,219816.09375,195436.328125,189838.296875,197953.3125,199654.46875,0.0
1763597533.0098865,219941.4375,205407.359375,145592.65625,219828.171875,195354.53125,189834.09375,197714.15625,199574.984375,0.0
1763597533.0136027,219954.671875,205434.09375,145646.125,219827.0,195491.578125,189848.84375,197964.046875,199717.046875,0.0
1763597533.0136175,219953.78125,205444.1875,145690.640625,219820.203125,195585.90625,189858.046875,198221.8125,199811.546875,0.0
1763597533.0136247,219936.265625,205416.921875,145638.25,219818.328125,195459.578125,189838.109375,197995.421875,199682.984375,0.0
1763597533.018589,219941.625,205409.140625,145590.859375,219842.296875,195349.875,189832.5625,197695.921875,199575.515625,0.0
1763597533.0186055,219961.46875,205437.390625,145634.046875,219835.765625,195460.5625,189848.9375,197875.890625,199685.671875,0.0
1763597533.0260882,219959.859375,205451.171875,145683.40625,219810.90625,195575.0,189854.46875,198171.203125,199793.046875,0.0
1763597533.0261023,219937.421875,205426.75,145642.90625,219819.3125,195480.671875,189846.703125,198018.578125,199690.9375,0.0
1763597533.0310774,219931.875,205411.203125,145584.34375,219840.421875,195351.578125,189841.953125,197687.953125,199563.53125,0.0
1763597533.033556,219943.5,205430.875,145607.234375,219840.6875,195427.21875,189847.765625,197782.28125,199646.59375,0.0
1763597533.0388305,219952.171875,205450.359375,145667.484375,219839.34375,195566.859375,189857.328125,198114.15625,199788.484375,0.0
1763597533.0462673,219925.4375,205424.875,145631.09375,219822.625,195493.8125,189840.4375,198037.625,199712.9375,0.0
1763597533.0488713,219914.265625,205394.03125,145553.9375,219811.453125,195333.78125,189822.734375,197678.296875,199551.640625,0.0
1763597533.0513453,219940.640625,205420.5,145577.90625,219842.921875,195383.140625,189839.546875,197691.4375,199607.171875,0.0
1763597533.0535667,219955.296875,205452.953125,145648.359375,219833.265625,195539.78125,189857.421875,198033.6875,199766.3125,0.0
1763597533.0585668,219937.421875,205440.25,145637.09375,219823.25,195515.1875,189853.3125,198052.921875,199736.984375,0.0
1763597533.061074,219920.4375,205412.984375,145567.0,219841.046875,195361.765625,189842.40625,197705.921875,199580.875,0.0
1763597533.0635748,219912.296875,205407.71875,145540.0,219815.828125,195340.671875,189833.015625,197608.5625,199563.984375,0.0
1763597533.066254,219922.40625,205429.34375,145601.421875,219806.4375,195487.734375,189837.484375,197926.859375,199708.90625,0.0
1763597533.0686228,219910.859375,205424.875,145613.9375,219806.34375,195508.296875,189834.265625,198038.609375,199726.171875,0.0
1763597533.073636,219912.125,205415.046875,145562.96875,219833.53125,195372.046875,189839.546875,197732.578125,199585.703125,0.0
1763597533.073652,219941.171875,205433.8125,145556.359375,219860.359375,195347.734375,189861.8125,197585.3125,199566.9375,0.0
1763597533.079819,219966.390625,205463.328125,145622.6875,219870.71875,195496.6875,189872.625,197877.953125,199722.40625,0.0
1763597533.0847938,219940.8125,205447.046875,145629.40625,219843.0,195536.46875,189854.390625,198050.953125,199762.5625,0.0
1763597533.0900073,219919.0,205412.359375,145560.828125,219836.390625,195385.1875,189834.171875,197760.640625,199596.890625,0.0
1763597533.0900216,219935.984375,205422.28125,145530.0625,219832.375,195310.796875,189847.046875,197524.875,199523.21875,0.0
1763597533.0923276,219957.0,205455.09375,145585.6875,219832.015625,195443.125,189861.453125,197768.421875,199666.0,0.0
1763597533.0950348,219954.671875,205460.28125,145628.15625,219827.0,195534.328125,189863.140625,198024.03125,199752.0,0.0
1763597533.0950508,219932.953125,205430.78125,145572.71875,219835.59375,195410.765625,189849.734375,197802.9375,199625.140625,0.0
1763597533.0973215,219929.640625,205423.0,145518.453125,219839.609375,195296.671875,189849.828125,197500.5625,199513.109375,0.0
1763597533.0999844,219947.25,205444.109375,145556.625,219837.375,195398.421875,189857.25,197666.671875,199621.03125,0.0
1763597533.1060858,219954.234375,205457.609375,145607.5,219836.390625,195517.875,189861.359375,197968.78125,199740.5625,0.0
1763597533.106102,219937.15625,205430.25,145568.78125,219841.390625,195423.28125,189845.0,197820.1875,199643.734375,0.0
1763597533.1373997,219929.28125,205412.1875,145507.625,219853.921875,195282.546875,189832.84375,197468.375,199497.828125,0.0
1763597533.1374145,219940.640625,205434.359375,145529.0,219838.171875,195354.96875,189849.296875,197558.671875,199574.71875,0.0
1763597533.1423404,219953.328125,205462.078125,145595.6875,219843.1875,195504.8125,189869.859375,197900.65625,199722.0625,0.0
1763597533.1423564,219932.40625,205441.59375,145568.96875,219841.125,195446.4375,189858.5,197843.875,199657.6875,0.0
1763597533.1760721,219920.25,205410.65625,145492.25,219834.875,195287.375,189840.53125,197482.953125,199495.234375,0.0
1763597533.1785772,219933.046875,205425.6875,145498.59375,219850.25,195321.984375,189845.359375,197479.28125,199541.8125,0.0
1763597533.1810727,219935.28125,205441.6875,145554.828125,219833.0,195465.203125,189848.84375,197817.15625,199697.015625,0.0
1763597533.186048,219901.75,205411.640625,145526.5,219784.171875,195423.375,189827.03125,197828.859375,199649.546875,0.0
1763597533.1885698,219915.96875,205416.03125,145485.1875,219833.265625,195294.703125,189843.203125,197502.53125,199517.21875,0.0
1763597533.194818,219950.203125,205442.9375,145492.78125,219860.984375,195305.796875,189864.40625,197425.453125,199529.03125,0.0
1763597533.197556,219960.578125,205457.78125,145548.3125,219845.328125,195450.015625,189865.03125,197741.515625,199674.84375,0.0
1763597533.197576,219941.0,205445.0,145551.96875,219826.5625,195463.15625,189854.296875,197854.4375,199688.34375,0.0
1763597533.1998165,219920.609375,205415.484375,145482.5,219827.453125,195307.859375,189839.90625,197534.796875,199530.71875,0.0
1763597533.2023203,219943.671875,205428.90625,145466.328125,219846.578125,195271.015625,189852.328125,197369.578125,199497.90625,0.0
1763597533.20482,219967.8125,205453.9375,145523.8125,219832.640625,195415.59375,189860.90625,197665.25,199642.9375,0.0
1763597533.2098527,219953.78125,205448.84375,145548.671875,219816.453125,195478.171875,189856.265625,197878.484375,199702.5625,0.0
1763597533.2098691,219939.03125,205427.03125,145496.09375,219826.828125,195350.40625,189849.5625,197629.65625,199567.921875,0.0
1763597533.2121663,219941.53125,205425.953125,145458.359375,219829.328125,195274.59375,189847.6875,197399.796875,199490.578125,0.0
1763597533.2359595,219967.109375,205462.515625,145523.1875,219830.671875,195420.859375,189866.640625,197672.484375,199641.671875,0.0
1763597533.2423332,219968.796875,205471.640625,145572.1875,219820.296875,195526.09375,189867.171875,197964.578125,199746.46875,0.0
1763597533.2448695,219952.625,205449.015625,145528.015625,219843.640625,195419.609375,189857.609375,197780.21875,199636.671875,0.0
1763597533.2448854,219948.953125,205436.328125,145476.6875,219846.046875,195310.796875,189856.53125,197497.34375,199532.953125,0.0
1763597533.248603,219968.53125,205460.015625,145519.78125,219831.109375,195416.296875,189867.625,197680.71875,199640.96875,0.0
1763597533.2486172,219962.09375,205468.0625,145566.90625,219802.234375,195537.0,189869.5,198001.15625,199758.09375,0.0
1763597533.2486243,219943.328125,205448.390625,145534.71875,219811.796875,195458.953125,189866.8125,197887.6875,199672.875,0.0
1763597533.253592,219937.78125,205434.0,145476.6875,219828.4375,195330.203125,189862.078125,197566.453125,199542.96875,0.0
1763597533.2536082,219954.5,205455.09375,145503.875,219829.15625,195403.34375,189867.265625,197661.046875,199621.5625,0.0
1763597533.2561173,219967.1875,205480.140625,145570.75,219820.03125,195553.28125,189879.234375,198015.09375,199771.046875,0.0
1763597533.2635913,219954.765625,205460.640625,145553.578125,219823.609375,195506.0625,189870.75,197980.234375,199719.375,0.0
1763597533.2636075,219952.0,205444.375,145492.515625,219840.859375,195361.3125,189869.765625,197640.84375,199572.125,0.0
1763597533.2636151,219965.859375,205453.484375,145495.828125,219837.828125,195385.1875,189862.96875,197627.515625,199602.078125,0.0
1763597533.2748508,219972.828125,205469.5,145550.09375,219801.796875,195528.953125,189863.5,197968.15625,199750.3125,0.0
1763597533.2748618,219957.453125,205454.921875,145545.453125,219806.96875,195518.671875,189858.765625,198019.65625,199735.46875,0.0
1763597533.2748675,219942.609375,205429.34375,145478.75,219832.28125,195365.96875,189850.453125,197679.828125,199580.171875,0.0
1763597533.2811143,219956.203125,205436.953125,145464.890625,219811.359375,195342.546875,189843.65625,197561.53125,199549.953125,0.0
1763597533.2837615,219969.421875,205468.15625,145529.890625,219798.21875,195498.5625,189859.21875,197887.953125,199711.140625,0.0
1763597533.2837696,219967.1875,205466.984375,145549.46875,219805.1875,195530.5625,189862.078125,198019.828125,199741.28125,0.0
1763597533.2860644,219942.875,205431.578125,145472.40625,219802.234375,195362.21875,189839.28125,197680.625,199565.59375,0.0
1763597533.293722,219942.34375,205430.59375,145439.046875,219804.921875,195301.78125,189837.21875,197480.53125,199506.234375,0.0
1763597533.2960527,219969.609375,205463.40625,145509.234375,219823.0625,195456.984375,189857.0625,197774.859375,199668.765625,0.0
1763597533.2985651,219980.78125,205478.53125,145548.75,219820.390625,195534.671875,189872.453125,197988.453125,199741.71875,0.0
1763597533.3010547,219968.4375,205452.234375,145486.96875,219818.0625,195395.828125,189864.125,197712.71875,199597.421875,0.0
1763597533.3097813,219965.3125,205440.078125,145437.984375,219819.046875,195297.578125,189856.359375,197436.90625,199497.203125,0.0
1763597533.3123062,219993.484375,205480.3125,145503.421875,219834.953125,195437.5,189877.1875,197674.640625,199641.234375,0.0
1763597533.3148103,219982.578125,205481.296875,145539.8125,219831.65625,195532.171875,189873.515625,197940.796875,199739.484375,0.0
1763597533.3171525,219948.6875,205439.625,145468.921875,219796.515625,195397.0,189847.5,197721.125,199600.109375,0.0
1763597533.3248072,219952.4375,205431.9375,145422.0625,219818.328125,195286.03125,189849.734375,197420.453125,199492.90625,0.0
1763597533.3273065,219969.703125,205455.015625,145464.796875,219819.21875,195392.796875,189860.90625,197595.515625,199607.25,0.0
1763597533.3298144,219967.375,205468.515625,145517.28125,219808.046875,195521.09375,189863.59375,197926.671875,199739.484375,0.0
1763597533.3400493,219953.15625,205451.703125,145490.734375,219819.3125,195447.953125,189857.78125,197822.6875,199662.234375,0.0
1763597533.3400643,219948.859375,205437.9375,145432.96875,219824.765625,195319.75,189857.0625,197509.765625,199535.015625,0.0
1763597533.3473914,219964.15625,205453.125,145458.640625,219820.65625,195393.234375,189866.28125,197616.078125,199615.84375,0.0
1763597533.347408,219964.875,205466.984375,145518.625,219806.96875,195541.46875,189859.578125,197978.625,199769.34375,0.0
1763597533.3498213,219937.515625,205438.828125,145491.0,219781.40625,195487.109375,189841.25,197954.203125,199709.09375,0.0
1763597533.3523643,219928.484375,205420.671875,145428.859375,219783.90625,195344.15625,189838.46875,197633.859375,199562.203125,0.0
1763597533.3523805,219935.8125,205430.78125,145435.5625,219787.75,195379.015625,189839.546875,197642.453125,199602.78125,0.0
1763597533.354856,219945.46875,205456.078125,145503.78125,219777.734375,195540.9375,189852.5,198008.296875,199763.890625,0.0
1763597533.3574889,219935.984375,205444.109375,145507.0,219772.109375,195536.5625,189846.609375,198080.546875,199752.8125,0.0
1763597533.367341,219929.46875,205424.078125,145447.375,219791.859375,195388.859375,189837.3125,197758.5,199602.78125,0.0
1763597533.3723335,219942.96875,205431.765625,145440.484375,219796.0625,195383.84375,189844.1875,197671.59375,199600.8125,0.0
1763597533.3778975,219962.984375,205467.171875,145512.015625,219795.359375,195547.015625,189860.46875,198014.203125,199766.3125,0.0
1763597533.3860788,219937.875,205452.234375,145516.84375,219779.53125,195569.1875,189847.046875,198154.578125,199787.859375,0.0
1763597533.388584,219901.296875,205406.375,145433.328125,219771.03125,195402.625,189821.125,197830.46875,199617.0,0.0
1763597533.3914113,219920.078125,205413.25,145410.53125,219770.046875,195348.984375,189826.21875,197639.3125,199558.53125,0.0
1763597533.3914273,219962.71875,205466.90625,145494.75,219790.25,195521.09375,189864.75,197951.703125,199735.375,0.0
1763597533.3935857,219960.3125,205475.390625,145534.71875,219798.125,195598.96875,189872.796875,198176.03125,199813.25,0.0
1763597533.3960736,219924.71875,205429.34375,145458.8125,219781.5,195444.640625,189845.0,197895.46875,199653.84375,0.0
1763597533.3985744,219924.640625,205417.09375,145409.453125,219782.5625,195346.390625,189836.140625,197621.96875,199556.03125,0.0
1763597533.401291,219952.984375,205451.25,145465.34375,219776.484375,195476.390625,189854.75,197856.671875,199690.40625,0.0
1763597533.401307,219962.0,205465.65625,145516.125,219779.078125,195585.734375,189866.8125,198141.78125,199799.921875,0.0
1763597533.4035816,219957.09375,205456.0,145481.15625,219800.0,195487.734375,189872.984375,197960.921875,199698.8125,0.0
1763597533.4061084,219960.3125,205449.46875,145434.9375,219836.03125,195377.046875,189872.359375,197654.421875,199590.53125,0.0
1763597533.4061232,219962.28125,205456.984375,145455.421875,219799.90625,195457.15625,189864.75,197793.09375,199674.765625,0.0
1763597533.408878,219960.9375,205469.578125,145503.96875,219769.421875,195577.859375,189871.375,198107.8125,199793.765625,0.0
1763597533.4088948,219946.890625,205452.59375,145475.359375,219780.6875,195502.9375,189872.796875,197998.46875,199715.078125,0.0
1763597533.41156,219946.453125,205438.734375,145418.046875,219797.140625,195366.328125,189863.140625,197658.546875,199576.59375,0.0
1763597533.42861,219955.65625,205452.59375,145435.125,219795.796875,195426.140625,189863.140625,197723.625,199643.5625,0.0
1763597533.4286244,219968.171875,205477.8125,145501.734375,219797.765625,195577.421875,189880.140625,198071.15625,199795.90625,0.0
1763597533.4323604,219958.515625,205469.40625,145486.96875,219792.671875,195536.375,189878.890625,198045.859375,199751.65625,0.0
1763597533.4323766,219936.796875,205434.53125,145406.515625,219788.640625,195370.265625,189852.59375,197675.0,199577.3125,0.0
1763597533.4323857,219953.328125,205448.75,145415.453125,219815.734375,195395.921875,189859.65625,197649.59375,199607.53125,0.0
1763597533.4350295,219971.484375,205474.328125,145480.8125,219798.578125,195546.125,189871.015625,197979.328125,199761.65625,0.0
1763597533.4373393,219945.28125,205453.40625,145461.671875,219755.296875,195519.484375,189857.0625,198017.0625,199726.96875,0.0
1763597533.4448533,219939.203125,205431.234375,145398.1875,219772.46875,195362.21875,189845.796875,197668.90625,199564.515625,0.0
1763597533.4448695,219951.09375,205444.640625,145390.859375,219788.5625,195349.96875,189861.453125,197554.203125,199554.953125,0.0
1763597533.4785752,219973.90625,205475.484375,145458.984375,219795.171875,195500.25,189870.125,197851.21875,199704.984375,0.0
1763597533.482362,219966.484375,205471.640625,145476.0625,219795.53125,195530.296875,189864.9375,197975.84375,199731.890625,0.0
1763597533.482378,219933.75,205434.359375,145396.859375,219781.671875,195366.421875,189843.390625,197645.125,199559.328125,0.0
1763597533.482386,219942.96875,205427.109375,145359.484375,219789.546875,195303.65625,189839.984375,197436.984375,199498.890625,0.0
1763597533.4898705,219967.28125,205458.234375,145419.5625,219790.53125,195449.65625,189854.921875,197720.5,199653.296875,0.0
1763597533.4898868,219959.953125,205467.53125,145456.75,219779.4375,195528.515625,189862.25,197956.359375,199735.28125,0.0
1763597533.4937882,219940.453125,205446.609375,145403.46875,219791.859375,195403.96875,189860.734375,197718.890625,199609.578125,0.0
1763597533.4938045,219927.046875,205425.421875,145343.75,219788.921875,195299.8125,189844.640625,197443.078125,199505.421875,0.0
1763597533.493813,219954.671875,205456.078125,145393.359375,219764.6875,195417.640625,189853.84375,197654.515625,199618.609375,0.0
1763597533.4960768,219972.5625,205488.8125,145459.609375,219785.609375,195542.28125,189883.265625,197953.234375,199744.3125,0.0
1763597533.4986353,219955.390625,205460.546875,145413.578125,219796.421875,195433.375,189868.78125,197762.609375,199632.921875,0.0
1763597533.5036204,219949.484375,205440.609375,145354.203125,219807.953125,195312.59375,189861.1875,197449.421875,199517.671875,0.0
1763597533.5036368,219962.359375,205459.75,145385.765625,219791.78125,195400.21875,189865.921875,197595.59375,199609.3125,0.0
1763597533.506081,219962.71875,205474.140625,145439.953125,219772.46875,195528.328125,189865.375,197921.046875,199738.59375,0.0
1763597533.5090263,219948.859375,205458.40625,145413.390625,219778.640625,195458.953125,189861.71875,197825.828125,199662.78125,0.0
1763597533.5112736,219936.609375,205436.40625,145349.28125,219789.71875,195323.859375,189855.09375,197498.859375,199526.515625,0.0
1763597533.5150344,219959.328125,205459.65625,145379.0625,219806.96875,195396.09375,189864.84375,197585.3125,199607.34375,0.0
1763597533.515049,219972.296875,205487.28125,145447.1875,219797.140625,195552.828125,189876.109375,197952.515625,199766.765625,0.0
1763597533.550098,219957.625,205469.140625,145430.5625,219779.96875,195512.859375,189865.46875,197944.90625,199720.171875,0.0
1763597533.5501263,219933.84375,205436.953125,145351.25,219762.890625,195354.609375,189848.75,197605.171875,199560.765625,0.0
1763597533.5573528,219951.453125,205455.09375,145362.25,219777.03125,195383.40625,189861.625,197595.59375,199596.96875,0.0
1763597533.557367,219970.046875,205484.15625,145438.0625,219779.625,195547.90625,189875.75,197956.265625,199763.984375,0.0
1763597533.5573745,219962.09375,205478.25,145446.46875,219790.96875,195551.9375,189874.765625,198037.53125,199765.234375,0.0
1763597533.559854,219932.140625,205440.078125,145363.59375,219770.765625,195386.703125,189855.28125,197697.96875,199594.921875,0.0
1763597533.559868,219946.890625,205450.8125,145356.0,219772.828125,195370.625,189860.734375,197580.40625,199572.390625,0.0
1763597533.5651767,219970.59375,205493.546875,145435.65625,219782.390625,195539.421875,189887.28125,197915.671875,199740.921875,0.0
1763597533.5675147,219968.265625,205496.5,145461.21875,219791.234375,195584.125,189890.859375,198080.09375,199785.625,0.0
1763597533.5675285,219931.78125,205441.234375,145371.1875,219759.328125,195410.671875,189854.203125,197758.40625,199607.4375,0.0
1763597533.5798311,219935.453125,205439.28125,145337.671875,219767.09375,195352.109375,189857.515625,197563.234375,199551.375,0.0
1763597533.582376,219956.375,205471.546875,145401.5,219772.375,195499.453125,189874.328125,197847.375,199704.0,0.0
1763597533.584842,219948.5,205470.390625,145429.21875,219751.71875,195564.1875,189868.328125,198064.890625,199769.890625,0.0
1763597533.5873597,219936.34375,205450.890625,145380.140625,219772.734375,195439.28125,189860.109375,197819.03125,199641.328125,0.0
1763597533.589888,219927.765625,205440.078125,145328.09375,219766.65625,195339.421875,189853.84375,197546.609375,199540.921875,0.0
1763597533.5986085,219951.28125,205478.171875,145386.296875,219770.234375,195471.296875,189877.71875,197777.984375,199682.53125,0.0
1763597533.6013548,219949.40625,205489.609375,145435.125,219775.953125,195577.421875,189880.140625,198060.421875,199784.28125,0.0
1763597533.60358,219925.796875,205455.375,145379.6875,219762.265625,195459.9375,189861.625,197870.96875,199661.265625,0.0
1763597533.60607,219926.609375,205440.96875,145324.078125,219768.0,195339.765625,189860.90625,197561.984375,199542.34375,0.0
1763597533.608616,219950.203125,205469.21875,145368.875,219780.78125,195438.65625,189867.34375,197702.796875,199644.453125,0.0
1763597533.6086342,219946.453125,205477.546875,145420.28125,219757.890625,195564.453125,189869.3125,198033.34375,199777.484375,0.0
1763597533.6110768,219920.703125,205443.46875,145378.875,219753.25,195475.671875,189842.859375,197916.296875,199684.953125,0.0
1763597533.613568,219926.875,205436.234375,145328.453125,219776.578125,195344.421875,189844.8125,197577.625,199546.28125,0.0
1763597533.6436117,219952.4375,205467.34375,145359.5625,219794.453125,195418.265625,189865.921875,197647.546875,199626.484375,0.0
1763597533.6461077,219964.6875,205485.3125,145417.421875,219751.8125,195559.984375,189872.171875,197989.171875,199763.265625,0.0
1763597533.6461244,219955.390625,205475.484375,145406.59375,219752.171875,195525.109375,189873.078125,197978.984375,199721.515625,0.0
1763597533.648622,219945.734375,205452.59375,145340.171875,219766.03125,195372.5,189862.96875,197627.515625,199563.625,0.0
1763597533.6486385,219960.484375,205470.5625,145346.25,219772.28125,195396.453125,189872.359375,197598.640625,199591.609375,0.0
1763597533.6510973,219975.234375,205496.859375,145415.71875,219770.671875,195554.171875,189876.734375,197943.125,199753.796875,0.0
1763597533.6563396,219952.265625,205478.609375,145408.65625,219756.734375,195548.359375,189865.375,198013.84375,199745.21875,0.0
1763597533.662343,219944.21875,205456.4375,145346.515625,219771.75,195397.4375,189859.65625,197682.6875,199588.390625,0.0
1763597533.6723804,219951.09375,205462.96875,145329.796875,219774.25,195373.390625,189862.515625,197555.640625,199566.3125,0.0
1763597533.674832,219965.859375,205491.484375,145396.234375,219775.328125,195530.75,189875.671875,197880.8125,199730.015625,0.0
1763597533.6773305,219952.0,205482.1875,145407.9375,219750.5625,195562.84375,189866.453125,198033.78125,199755.765625,0.0
1763597533.6823542,219933.390625,205453.3125,145344.28125,219768.359375,195420.5,189856.890625,197740.796875,199613.96875,0.0
1763597533.6823704,219927.234375,205447.5,145302.703125,219753.515625,195351.125,189852.421875,197530.6875,199542.4375,0.0
1763597533.6851807,219942.421875,205478.53125,145363.765625,219752.796875,195498.5625,189870.84375,197813.21875,199692.46875,0.0
1763597533.6851969,219944.65625,205492.203125,145406.515625,219752.4375,195585.28125,189883.703125,198059.890625,199776.859375,0.0
1763597533.6873376,219923.65625,205463.765625,145346.515625,219749.21875,195453.3125,189872.53125,197819.75,199642.65625,0.0
1763597533.6998372,219930.71875,205461.09375,145305.390625,219764.59375,195360.0625,189873.15625,197553.21875,199551.015625,0.0
1763597533.7060916,219943.5,205482.09375,145352.78125,219771.578125,195480.671875,189879.15625,197764.75,199676.546875,0.0
1763597533.7110984,219944.21875,205492.109375,145399.359375,219741.625,195584.75,189878.609375,198052.015625,199780.34375,0.0
1763597533.7211225,219943.328125,205480.046875,145373.96875,219773.265625,195495.78125,189880.578125,197892.609375,199687.90625,0.0
1763597533.7211373,219943.59375,205472.359375,145317.109375,219778.546875,195376.875,189883.0,197584.6875,199573.015625,0.0
1763597533.7235818,219962.71875,205498.109375,145350.0,219767.375,195468.515625,189895.609375,197727.46875,199668.671875,0.0
1763597533.7286344,219957.0,205502.9375,145400.421875,219753.78125,195593.421875,189885.59375,198043.703125,199791.171875,0.0
1763597533.7312632,219939.921875,205482.09375,145370.828125,219755.921875,195518.765625,189876.921875,197948.9375,199714.71875,0.0
1763597533.7360911,219938.3125,205469.3125,145309.859375,219771.296875,195378.3125,189872.625,197606.328125,199575.703125,0.0
1763597533.7385836,219952.890625,205483.890625,145325.15625,219766.296875,195430.609375,189879.328125,197658.546875,199634.4375,0.0
1763597533.7460816,219960.21875,205502.84375,145387.203125,219749.21875,195580.359375,189888.625,198007.59375,199781.953125,0.0
1763597533.7485952,219930.71875,205475.578125,145360.015625,219728.921875,195528.234375,189868.328125,197982.640625,199721.421875,0.0
1763597533.7537625,219921.15625,205456.703125,145297.171875,219749.75,195376.25,189855.1875,197628.5,199564.96875,0.0
1763597533.7560785,219960.3125,205490.6875,145319.96875,219777.375,195412.28125,189880.84375,197605.53125,199604.390625,0.0
1763597533.7586105,219976.84375,205519.65625,145386.484375,219759.953125,195570.53125,189897.125,197952.0625,199764.875,0.0
1763597533.7586393,219958.25,205508.921875,145388.1875,219754.859375,195574.46875,189886.578125,198032.359375,199762.015625,0.0
1763597533.761148,219936.265625,205477.1875,145316.65625,219755.5625,195416.578125,189867.96875,197694.125,199597.515625,0.0
1763597533.7636547,219966.03125,205492.296875,145318.796875,219805.09375,195406.109375,189884.6875,197575.03125,199592.140625,0.0
1763597533.7685876,219964.515625,205511.15625,145366.71875,219760.03125,195546.390625,189887.828125,197887.25,199739.3125,0.0
1763597533.7748811,219939.5625,205499.796875,145377.8125,219739.5625,195580.8125,189874.5,198045.234375,199771.5,0.0
1763597533.7773628,219939.484375,205486.84375,145331.5,219765.9375,195452.515625,189879.421875,197764.21875,199637.203125,0.0
1763597533.7798693,219949.40625,205487.546875,145299.40625,219767.09375,195387.15625,189882.09375,197555.28125,199575.25,0.0
1763597533.7798862,219959.59375,205508.203125,145350.453125,219756.8125,195522.15625,189887.28125,197820.453125,199711.140625,0.0
1763597533.7848375,219967.46875,205526.796875,145402.3125,219767.375,195620.0625,189906.78125,198080.625,199806.28125,0.0
1763597533.7873607,219949.9375,205500.609375,145348.65625,219782.390625,195495.15625,189896.046875,197845.578125,199676.453125,0.0
1763597533.7873769,219948.78125,205487.46875,145295.109375,219780.328125,195387.875,189883.796875,197561.0,199569.265625,0.0
1763597533.790053,219959.328125,205502.3125,145331.3125,219749.3125,195491.859375,189879.515625,197754.921875,199679.859375,0.0
1763597533.790069,219953.515625,205510.359375,145378.796875,219743.3125,195603.171875,189884.0625,198051.03125,199790.8125,0.0
1763597533.7998457,219937.59375,205495.515625,145339.1875,219741.078125,195505.625,189883.0,197891.984375,199686.203125,0.0
1763597533.8274698,219938.84375,205483.53125,145286.4375,219761.203125,195385.1875,189881.46875,197576.5625,199566.84375,0.0
1763597533.8301287,219960.046875,205505.875,145322.015625,219781.765625,195477.1875,189890.0625,197710.9375,199666.890625,0.0
1763597533.8301616,219969.703125,205527.703125,145382.734375,219761.28125,195612.28125,189900.15625,198045.5,199801.0,0.0
1763597533.8324883,219944.21875,205500.609375,145346.15625,219743.9375,195534.40625,189886.390625,197954.84375,199720.0,0.0
1763597533.8373752,219931.25,205473.515625,145275.265625,219743.859375,195384.75,189868.78125,197605.078125,199569.4375,0.0
1763597533.8426545,219953.96875,205496.671875,145301.90625,219764.15625,195443.9375,189879.328125,197650.140625,199634.53125,0.0
1763597533.847818,219973.546875,205526.796875,145375.578125,219764.234375,195600.390625,189891.75,198000.796875,199788.9375,0.0
1763597533.847848,219953.609375,205505.34375,145356.703125,219750.5625,195560.515625,189878.703125,197997.390625,199746.109375,0.0
1763597533.8748133,219940.453125,205478.875,145283.75,219751.0,195398.875,189865.46875,197641.109375,199584.8125,0.0
1763597533.8748555,219959.421875,205493.359375,145286.171875,219760.03125,195413.53125,189871.90625,197591.578125,199602.25,0.0
1763597533.8748665,219980.875,205523.5,145354.828125,219746.09375,195571.78125,189885.3125,197936.78125,199758.796875,0.0
1763597533.8888555,219969.15625,205518.671875,145364.046875,219754.578125,195584.390625,189886.296875,198032.078125,199768.1875,0.0
1763597533.8935912,219950.390625,205490.6875,145294.65625,219750.828125,195428.375,189875.578125,197702.890625,199606.8125,0.0
1763597533.901081,219957.8125,205495.59375,145272.484375,219746.890625,195392.875,189877.8125,197559.75,199572.828125,0.0
1763597533.9038136,219978.375,205523.3125,145341.0625,219754.578125,195547.46875,189887.90625,197874.015625,199730.375,0.0
1763597533.9085877,219967.90625,205522.328125,145361.8125,219749.390625,195596.015625,189888.625,198052.109375,199776.421875,0.0
1763597533.9110875,219949.3125,205498.734375,145297.515625,219752.4375,195455.640625,189881.03125,197770.75,199634.609375,0.0
1763597533.9186583,219955.03125,205493.546875,145258.625,219750.828125,195380.984375,189874.140625,197544.015625,199560.9375,0.0
1763597533.9186745,219960.046875,205507.578125,145302.53125,219717.84375,195506.6875,189877.8125,197800.609375,199690.046875,0.0
1763597533.9223816,219955.296875,205510.359375,145345.265625,219732.328125,195594.40625,189878.078125,198046.296875,199779.90625,0.0
1763597533.922396,219930.0,205479.421875,145286.609375,219735.359375,195463.421875,189860.015625,197806.328125,199644.546875,0.0
1763597533.922403,219942.421875,205479.5,145247.28125,219748.765625,195367.3125,189863.6875,197528.71875,199545.5625,0.0
1763597533.9273386,219955.03125,205503.203125,145286.25,219733.484375,195479.78125,189875.21875,197732.296875,199669.3125,0.0
1763597533.9298306,219958.96875,205515.71875,145336.953125,219728.03125,195592.609375,189877.90625,198030.46875,199780.4375,0.0
1763597533.9323373,219942.875,205494.4375,145297.796875,219731.78125,195493.8125,189865.203125,197866.859375,199672.25,0.0
1763597533.935043,219947.796875,205486.921875,145243.515625,219730.359375,195363.734375,189858.40625,197537.03125,199540.109375,0.0
1763597533.9350595,219983.734375,205528.328125,145293.140625,219757.265625,195465.484375,189886.921875,197675.078125,199646.328125,0.0
1763597533.9373455,219992.9375,205548.34375,145359.921875,219758.78125,195611.390625,189906.0625,198023.40625,199795.28125,0.0
1763597533.939958,219957.984375,205511.25,145316.203125,219723.109375,195524.390625,189882.734375,197925.0625,199699.703125,0.0
1763597533.9425097,219950.296875,205490.421875,145250.84375,219736.703125,195381.171875,189871.28125,197577.71875,199555.765625,0.0
1763597533.9451923,219968.265625,205505.796875,145266.140625,219744.125,195429.171875,189877.453125,197610.625,199608.59375,0.0
1763597533.947374,219974.96875,205525.734375,145329.796875,219744.125,195580.09375,189884.875,197959.125,199765.5,0.0
1763597533.9473882,219953.15625,205508.921875,145311.015625,219717.5625,195547.28125,189878.25,197968.96875,199725.28125,0.0
1763597533.9498336,219947.25,205489.703125,145249.328125,219730.265625,195399.234375,189873.25,197626.625,199572.828125,0.0
1763597533.954846,219956.203125,205496.5,145244.140625,219737.6875,195404.328125,189875.03125,197569.578125,199586.609375,0.0
1763597533.9573443,219977.46875,205527.515625,145318.0,219742.609375,195565.4375,189889.703125,197916.65625,199756.5625,0.0
1763597533.9599295,219957.09375,205512.671875,145317.734375,219730.71875,195572.234375,189879.515625,198010.453125,199759.421875,0.0
1763597533.959946,219938.765625,205482.640625,145246.375,219726.421875,195412.8125,189864.3125,197678.84375,199590.453125,0.0
1763597533.9623885,219962.8125,205500.34375,145241.828125,219757.0,195391.09375,189877.453125,197539.625,199569.609375,0.0
1763597533.9648664,219978.640625,205527.703125,145303.59375,219730.53125,195541.65625,189892.734375,197853.625,199727.6875,0.0
1763597533.9648826,219967.8125,205517.953125,145318.0,219709.078125,195584.203125,189881.296875,198029.578125,199768.375,0.0
1763597533.9673784,219969.609375,205501.40625,145266.671875,219729.640625,195450.015625,189875.125,197748.390625,199628.0,0.0
1763597533.9673944,219986.234375,205509.375,145242.359375,219752.796875,195390.90625,189886.296875,197536.046875,199573.8125,0.0
1763597533.9698515,219999.109375,205535.46875,145297.25,219742.15625,195526.546875,189897.390625,197798.203125,199711.953125,0.0
1763597533.97234,219986.6875,205534.046875,145327.734375,219716.3125,195606.46875,189893.1875,198046.390625,199790.359375,0.0
1763597533.9761872,219962.09375,205499.796875,145271.0625,219722.484375,195477.453125,189875.671875,197813.125,199654.640625,0.0
1763597533.9823623,219961.5625,205487.109375,145221.796875,219737.5,195370.703125,189868.78125,197523.984375,199549.234375,0.0
1763597533.9823785,219990.625,205526.453125,145276.875,219747.25,195496.234375,189891.125,197729.890625,199677.171875,0.0
1763597534.0201635,219977.296875,205530.203125,145313.078125,219717.921875,195601.828125,189886.21875,198024.3125,199779.640625,0.0
1763597534.0201943,219958.34375,205504.90625,145272.578125,219722.484375,195506.78125,189877.09375,197867.390625,199677.625,0.0
1763597534.0249822,219958.609375,205495.78125,145218.578125,219732.953125,195381.53125,189877.546875,197545.0,199550.390625,0.0
1763597534.0250309,219985.078125,205524.5625,145255.859375,219732.40625,195466.546875,189886.84375,197664.984375,199643.46875,0.0
1763597534.0276797,220002.6875,205552.28125,145325.953125,219737.234375,195612.640625,189898.546875,198009.203125,199790.546875,0.0
1763597534.029935,219991.515625,205540.84375,145307.09375,219744.5625,195557.484375,189901.765625,197949.5625,199729.65625,0.0
1763597534.0352297,219978.09375,205513.484375,145236.015625,219742.515625,195402.171875,189883.625,197589.15625,199569.4375,0.0
1763597534.037408,219992.3125,205527.25,145247.984375,219732.328125,195438.65625,189883.984375,197603.203125,199609.140625,0.0
1763597534.039862,219999.46875,205553.71875,145315.765625,219732.046875,195598.609375,189900.515625,197963.328125,199775.078125,0.0
1763597534.0423605,219984.890625,205541.5625,145310.75,219738.125,195578.9375,189894.0,197983.625,199747.984375,0.0
1763597534.0450504,219977.125,205514.640625,145242.0,219749.671875,195421.765625,189879.234375,197633.59375,199586.515625,0.0
1763597534.045068,219982.65625,205518.046875,145234.125,219746.984375,195421.84375,189884.875,197571.546875,199594.65625,0.0
1763597534.0473526,219993.203125,205542.984375,145299.84375,219733.75,195578.75,189897.75,197913.171875,199754.78125,0.0
1763597534.0500088,219978.09375,205538.421875,145305.203125,219725.96875,195591.1875,189893.546875,198013.3125,199760.765625,0.0
1763597534.0523543,219966.484375,205518.046875,145244.40625,219751.546875,195447.78125,189892.296875,197699.3125,199614.234375,0.0
1763597534.055141,219963.53125,205507.140625,145207.046875,219723.015625,195392.875,189879.515625,197534.890625,199562.28125,0.0
1763597534.055159,219979.890625,205527.96875,145261.3125,219708.1875,195535.578125,189880.046875,197836.46875,199711.859375,0.0
1763597534.060017,219998.21875,205548.53125,145308.078125,219733.9375,195611.125,189897.65625,198043.078125,199785.53125,0.0
1763597534.062374,219996.25,205527.78125,145255.671875,219739.65625,195472.8125,189889.796875,197760.109375,199637.75,0.0
1763597534.0623908,219989.453125,205513.390625,145206.5,219727.84375,195384.5625,189877.90625,197518.703125,199550.9375,0.0
1763597534.0650272,220013.0625,205550.140625,145274.359375,219739.03125,195533.78125,189900.34375,197788.265625,199706.859375,0.0
1763597534.0710576,220014.125,205560.6875,145320.328125,219731.15625,195629.265625,189909.015625,198051.84375,199799.21875,0.0
1763597534.1024313,220001.171875,205543.34375,145278.296875,219758.34375,195516.625,189905.796875,197837.984375,199683.078125,0.0
1763597534.1024475,219984.8125,205521.078125,145212.859375,219743.859375,195397.703125,189891.671875,197540.171875,199563.625,0.0
1763597534.1136513,220000.09375,205543.078125,145253.359375,219733.578125,195504.90625,189898.109375,197727.75,199674.9375,0.0
1763597534.1136672,219994.90625,205549.328125,145299.578125,219719.453125,195619.703125,189898.734375,198033.609375,199790.984375,0.0
1763597534.113675,219981.5,205528.0625,145263.015625,219730.984375,195528.0625,189889.703125,197891.53125,199697.46875,0.0
1763597534.1136816,219980.15625,205510.53125,145200.609375,219740.09375,195393.0625,189878.96875,197560.734375,199560.3125,0.0
1763597534.1160967,220013.15625,205542.984375,145241.109375,219755.125,195479.6875,189897.21875,197667.65625,199648.296875,0.0
1763597534.1185987,220009.03125,205555.6875,145291.890625,219715.6875,195612.46875,189900.34375,198002.3125,199778.921875,0.0
1763597534.1276426,219989.984375,205533.328125,145266.9375,219714.53125,195550.0625,189889.25,197936.0625,199707.75,0.0
1763597534.127659,219990.96875,205520.984375,145215.890625,219753.25,195411.828125,189884.6875,197591.578125,199567.828125,0.0
1763597534.1335983,220019.671875,205546.734375,145238.25,219753.0625,195462.796875,189902.046875,197621.609375,199624.15625,0.0
1763597534.1361036,220026.015625,205566.40625,145299.21875,219735.8125,195611.390625,189906.328125,197961.8125,199771.234375,0.0
1763597534.1387243,220001.53125,205546.03125,145283.484375,219729.453125,195585.28125,189896.046875,197984.609375,199740.46875,0.0
1763597534.1411479,219968.71875,205501.328125,145194.609375,219712.5625,195415.765625,189873.25,197631.0,199567.65625,0.0
1763597534.1435933,219987.21875,205514.734375,145193.90625,219726.15625,195420.5,189880.84375,197561.984375,199575.515625,0.0
1763597534.1463661,220013.859375,205556.75,145270.96875,219725.078125,195588.59375,189908.65625,197915.3125,199747.09375,0.0
1763597534.1536198,219994.734375,205547.90625,145275.96875,219716.671875,195604.0625,189900.078125,198028.59375,199763.1875,0.0
1763597534.153636,219973.984375,205521.890625,145207.75,219714.703125,195449.03125,189886.484375,197702.0,199599.5625,0.0
1763597534.1560943,219985.96875,205528.328125,145189.421875,219722.9375,195413.359375,189893.546875,197545.4375,199561.21875,0.0
1763597534.158598,219999.640625,205551.65625,145248.796875,219726.515625,195562.125,189900.609375,197846.5625,199718.5625,0.0
1763597534.161378,219977.125,205543.34375,145263.8125,219707.015625,195608.53125,189888.0,198030.75,199766.84375,0.0
1763597534.1661303,219969.609375,205524.75,145214.46875,219733.65625,195479.96875,189888.8125,197762.703125,199632.203125,0.0
1763597534.16615,219985.875,205530.921875,145183.625,219734.015625,195412.1875,189902.3125,197536.765625,199561.65625,0.0
1763597534.1689112,219994.8125,205551.5625,145229.9375,219721.859375,195541.828125,189907.9375,197785.59375,199698.8125,0.0
1763597534.171102,220002.953125,205565.34375,145279.90625,219724.1875,195640.71875,189911.96875,198052.828125,199795.375,0.0
1763597534.1748524,219978.015625,205531.09375,145224.65625,219723.109375,195515.90625,189895.25,197833.78125,199665.109375,0.0
1763597534.1811428,219974.34375,205520.546875,145175.390625,219741.171875,195406.46875,189891.84375,197538.734375,199555.40625,0.0
1763597534.2161496,219992.046875,205552.734375,145222.234375,219735.71875,195517.6875,189905.890625,197721.390625,199671.359375,0.0
1763597534.2161667,220020.5625,205594.484375,145301.640625,219740.71875,195662.078125,189935.296875,198057.296875,199817.09375,0.0
1763597534.2161748,219998.75,205563.546875,145255.765625,219734.28125,195562.21875,189919.109375,197907.8125,199712.046875,0.0
1763597534.22118,219984.8125,205540.484375,145183.171875,219734.734375,195419.171875,189905.4375,197562.96875,199565.140625,0.0
1763597534.2211964,219998.578125,205562.125,145211.421875,219745.46875,195498.109375,189914.640625,197667.125,199654.109375,0.0
1763597534.2236192,220005.640625,205582.421875,145274.359375,219735.0,195644.375,189928.234375,198013.21875,199800.828125,0.0
1763597534.229856,219982.65625,205558.359375,145242.625,219725.265625,195585.015625,189918.9375,197961.0,199740.828125,0.0
1763597534.23235,219970.6875,205533.953125,145171.015625,219730.0,195434.359375,189908.65625,197612.859375,199587.5,0.0
1763597534.2348948,220005.015625,205565.515625,145198.453125,219751.546875,195485.328125,189924.65625,197633.328125,199642.125,0.0
1763597534.2373545,220020.484375,205593.40625,145267.21875,219744.390625,195641.78125,189936.734375,197985.765625,199801.359375,0.0
1763597534.243605,220000.359375,205573.734375,145259.34375,219722.046875,195616.3125,189927.78125,198017.515625,199772.75,0.0
1763597534.2460952,219990.703125,205547.71875,145196.9375,219743.234375,195464.3125,189918.484375,197674.640625,199616.203125,0.0
1763597534.2485905,219994.28125,205558.359375,145189.875,219751.0,195461.90625,189923.046875,197592.015625,199621.109375,0.0
1763597534.253613,219999.640625,205583.390625,145251.125,219734.28125,195616.3125,189937.4375,197929.71875,199780.609375,0.0
1763597534.2560928,219976.765625,205565.25,145250.40625,219717.75,195629.890625,189924.296875,198043.078125,199789.5625,0.0
1763597534.2587883,219956.90625,205531.984375,145178.96875,219732.328125,195472.546875,189903.46875,197717.109375,199630.0625,0.0
1763597534.2588024,219961.203125,205531.09375,145151.515625,219724.984375,195425.0625,189904.09375,197547.59375,199584.8125,0.0
1763597534.2637928,219989.09375,205570.609375,145219.828125,219708.0,195582.953125,189927.609375,197861.046875,199747.796875,0.0
1763597534.2638087,219985.96875,205571.328125,145247.984375,219711.046875,195643.75,189925.375,198057.390625,199801.890625,0.0
1763597534.26612,219972.109375,205547.1875,145188.71875,219716.40625,195503.296875,189912.40625,197781.203125,199654.828125,0.0
1763597534.2686331,219972.734375,205535.828125,145143.828125,219722.84375,195412.640625,189900.96875,197529.609375,199568.984375,0.0
1763597534.268649,219981.859375,205552.46875,145188.171875,219705.5,195533.609375,189900.96875,197764.3125,199693.53125,0.0
1763597534.2738163,219981.40625,205564.09375,145234.84375,219708.71875,195633.921875,189906.953125,198034.40625,199792.953125,0.0
1763597534.2760928,219983.734375,205559.078125,145204.265625,219732.953125,195535.21875,189917.6875,197844.515625,199688.078125,0.0
1763597534.2786849,219969.25,205535.03125,145137.390625,219718.546875,195410.046875,189905.796875,197534.625,199563.71875,0.0
1763597534.2786996,219996.15625,205567.03125,145189.875,219741.265625,195522.609375,189914.375,197710.3125,199683.34375,0.0
1763597534.2823544,220001.171875,205585.90625,145245.578125,219712.203125,195644.65625,189924.75,198027.171875,199806.015625,0.0
1763597534.3136697,219982.84375,205560.328125,145208.828125,219715.328125,195560.875,189919.921875,197903.78125,199717.234375,0.0
1763597534.3165765,219963.703125,205527.34375,145134.171875,219710.5,195413.0,189895.328125,197560.90625,199570.953125,0.0
1763597534.3165927,219969.96875,205537.265625,145149.203125,219703.078125,195473.078125,189888.71875,197638.0625,199635.0625,0.0
1763597534.3186088,219977.75,205559.53125,145211.609375,219694.234375,195617.46875,189901.59375,197981.84375,199782.40625,0.0
1763597534.323613,219980.421875,205560.953125,145206.234375,219707.203125,195579.375,189911.609375,197947.0625,199736.625,0.0
1763597534.3348508,219975.953125,205541.109375,145139.984375,219719.09375,195430.15625,189903.828125,197598.375,199582.578125,0.0
1763597534.3377745,220000.71875,205558.28125,145153.21875,219715.515625,195465.296875,189913.296875,197599.984375,199620.84375,0.0
1763597534.3449004,220014.84375,205584.828125,145219.921875,219699.6875,195616.75,189918.125,197945.0,199772.125,0.0
1763597534.3476453,219995.0,205569.890625,145217.234375,219708.625,195602.625,189911.15625,197988.453125,199755.21875,0.0
1763597534.350118,219970.328125,205538.96875,145142.9375,219704.78125,195440.71875,189895.609375,197638.25,199587.140625,0.0
1763597534.3612907,219989.09375,205552.46875,145140.703125,219714.96875,195437.9375,189903.375,197549.640625,199585.0,0.0
1763597534.3613071,219997.40625,205571.59375,145203.109375,219709.96875,195590.921875,189909.90625,197879.109375,199741.09375,0.0
1763597534.3638856,219969.078125,205554.875,145197.5625,219674.921875,195603.171875,189896.40625,197999.453125,199753.890625,0.0
1763597534.366124,219953.96875,205527.34375,145132.828125,219694.953125,195453.40625,189883.0,197687.875,199603.140625,0.0
1763597534.3713665,219962.90625,205530.375,145111.90625,219710.78125,195414.515625,189890.0625,197524.15625,199566.9375,0.0
1763597534.3761032,219978.640625,205556.046875,145172.0,219697.625,195559.09375,189899.625,197817.0625,199714.71875,0.0
1763597534.3788693,219969.15625,205554.78125,145200.15625,219690.921875,195619.53125,189895.421875,198020.375,199774.09375,0.0
1763597534.383638,219955.921875,205533.953125,145143.46875,219684.9375,195484.875,189891.75,197757.78125,199632.5625,0.0
1763597534.3836532,219956.734375,205527.25,145099.03125,219698.96875,195397.796875,189884.96875,197505.75,199547.265625,0.0
1763597534.3867376,219988.5625,205559.96875,145161.4375,219709.171875,195534.234375,189898.109375,197756.4375,199688.96875,0.0
1763597534.386754,219990.703125,205567.9375,145205.703125,219692.625,195631.15625,189901.234375,198028.859375,199786.515625,0.0
1763597534.388591,219961.375,205533.859375,145145.171875,219668.65625,195504.375,189884.875,197811.421875,199650.34375,0.0
1763597534.3911104,219971.484375,205529.03125,145102.25,219697.09375,195400.921875,189885.765625,197516.921875,199546.015625,0.0
1763597534.3937793,220003.3125,205560.875,145152.953125,219703.265625,195511.96875,189901.953125,197696.1875,199663.046875,0.0
1763597534.4011588,219995.625,205567.84375,145196.765625,219679.03125,195625.875,189897.65625,198001.78125,199777.3125,0.0
1763597534.4061005,219977.828125,205548.0,145163.140625,219685.03125,195542.71875,189888.359375,197872.765625,199685.046875,0.0
1763597534.4098883,219964.6875,205527.15625,145097.609375,219687.53125,195403.78125,189880.765625,197538.109375,199545.390625,0.0
1763597534.4099023,219990.4375,205556.84375,145135.875,219707.828125,195481.921875,189893.1875,197627.609375,199626.921875,0.0
1763597534.4099092,219992.859375,205576.515625,145193.625,219693.421875,195622.828125,189896.3125,197968.609375,199773.28125,0.0
1763597534.414853,219965.578125,205550.234375,145162.78125,219673.046875,195561.328125,189882.375,197917.546875,199704.53125,0.0
1763597534.41735,219956.546875,205524.75,145095.109375,219688.78125,195410.9375,189871.546875,197564.75,199551.828125,0.0
1763597534.4199433,219970.140625,205540.75,145103.953125,219692.71875,195443.21875,189879.328125,197563.0625,199589.734375,0.0
1763597534.4248595,219983.109375,205572.578125,145172.078125,219675.71875,195605.40625,189899.71875,197924.53125,199756.03125,0.0
1763597534.4273517,219969.609375,205559.265625,145167.796875,219673.765625,195594.3125,189895.875,197978.171875,199740.390625,0.0
1763597534.4298525,219954.5,205525.90625,145096.265625,219683.59375,195432.484375,189877.359375,197625.109375,199567.828125,0.0
1763597534.4325554,219990.265625,205555.234375,145106.546875,219697.90625,195442.234375,189899.625,197545.265625,199581.234375,0.0
1763597534.4325716,220004.46875,205579.546875,145168.59375,219686.015625,195593.953125,189907.046875,197873.03125,199737.078125,0.0
1763597534.4386098,219991.953125,205572.40625,145180.40625,219680.015625,195622.484375,189907.765625,198012.328125,199763.984375,0.0
1763597534.4736052,219986.59375,205557.203125,145128.28125,219701.828125,195487.5625,189911.25,197716.390625,199624.421875,0.0
1763597534.4736216,219985.609375,205557.46875,145097.515625,219708.453125,195435.53125,189912.765625,197534.4375,199576.234375,0.0
1763597534.4811149,220005.90625,205587.421875,145165.015625,219712.390625,195586.984375,189925.109375,197829.046875,199729.5625,0.0
1763597534.4811313,220001.34375,205592.78125,145200.609375,219720.609375,195656.984375,189921.984375,198040.3125,199801.1875,0.0
1763597534.4811392,219978.8125,205564.171875,145139.1875,219723.375,195519.125,189914.203125,197776.65625,199655.796875,0.0
1763597534.4811451,219962.09375,205540.75,145077.046875,219688.25,195413.625,189901.140625,197511.5625,199548.78125,0.0
1763597534.4849322,219974.796875,205560.78125,145122.828125,219686.09375,195538.796875,189903.921875,197744.8125,199685.046875,0.0
1763597534.4849465,219967.375,205560.328125,145157.421875,219662.140625,195629.984375,189897.84375,198010.984375,199773.28125,0.0
1763597534.4849532,219950.828125,205535.828125,145108.515625,219663.921875,195514.734375,189889.796875,197812.046875,199651.6875,0.0
1763597534.4849584,219961.203125,205531.71875,145062.734375,219685.296875,195404.234375,189887.828125,197512.359375,199541.625,0.0
1763597534.5073173,219989.71875,205564.984375,145112.71875,219696.734375,195514.828125,189902.21875,197685.90625,199655.984375,0.0
1763597534.5073338,220000.1875,205588.9375,145176.015625,219682.609375,195649.484375,189916.609375,198012.859375,199790.265625,0.0
1763597534.5148585,219985.796875,205569.546875,145143.03125,219689.765625,195564.90625,189904.8125,197883.9375,199696.84375,0.0
1763597534.51735,219975.0625,205548.53125,145078.5625,219698.078125,195425.515625,189897.125,197545.984375,199555.578125,0.0
1763597534.5198736,219992.671875,205563.640625,145103.328125,219706.65625,195492.484375,189906.328125,197628.40625,199630.328125,0.0
1763597534.51989,219991.6875,205575.984375,145153.484375,219674.828125,195629.265625,189907.21875,197963.515625,199772.125,0.0
1763597534.5223496,219980.421875,205563.28125,145139.546875,219681.625,195586.53125,189905.609375,197931.328125,199720.890625,0.0
1763597534.5248542,219975.6875,205549.25,145077.484375,219707.28125,195444.375,189907.578125,197590.59375,199574.09375,0.0
1763597534.527351,219993.75,205566.40625,145084.203125,219695.21875,195471.5625,189910.359375,197579.234375,199606.8125,0.0
1763597534.5299015,220003.21875,205591.0,145152.765625,219689.40625,195626.140625,189919.390625,197925.15625,199764.609375,0.0
1763597534.5323591,219986.140625,205582.421875,145153.484375,219679.484375,195616.9375,189914.203125,197975.671875,199744.671875,0.0
1763597534.534852,219967.375,205554.875,145087.140625,219694.765625,195464.21875,189904.8125,197639.046875,199586.875,0.0
1763597534.5373492,219983.734375,205565.703125,145081.328125,219702.109375,195450.375,189909.1875,197531.859375,199579.1875,0.0
1763597534.5476508,220001.703125,205595.375,145149.640625,219693.96875,195605.3125,189919.109375,197860.6875,199742.0,0.0
1763597534.547663,219981.953125,205587.15625,145160.734375,219679.84375,195630.875,189913.9375,197997.03125,199763.453125,0.0
1763597534.549862,219965.5,205563.28125,145099.3125,219690.296875,195487.828125,189912.328125,197697.96875,199614.5,0.0
1763597534.552433,219976.40625,205567.3125,145076.59375,219714.625,195438.203125,189914.28125,197513.609375,199567.921875,0.0
1763597534.5524492,219997.40625,205604.859375,145148.125,219719.171875,195593.234375,189932.890625,197810.625,199729.75,0.0
1763597534.5600572,219986.6875,205603.0625,145172.53125,219685.46875,195654.484375,189928.953125,198020.546875,199784.1875,0.0
1763597534.5623488,219973.265625,205575.703125,145114.234375,219695.671875,195521.984375,189920.8125,197761.984375,199643.640625,0.0
1763597534.5648923,219983.203125,205574.546875,145078.75,219705.671875,195435.171875,189921.171875,197505.5625,199559.0625,0.0
1763597534.5649085,220001.890625,205602.4375,145131.671875,219707.203125,195567.046875,189931.546875,197737.21875,199696.84375,0.0
1763597534.5673673,219999.828125,205609.59375,145174.40625,219688.59375,195666.015625,189932.265625,198014.46875,199794.296875,0.0
1763597534.6036053,219984.890625,205587.25,145129.96875,219708.890625,195558.46875,189925.640625,197821.078125,199680.125,0.0
1763597534.6061301,219976.140625,205572.40625,145068.015625,219696.5625,195435.078125,189917.78125,197505.75,199553.609375,0.0
1763597534.6061444,219990.078125,205601.09375,145107.171875,219693.421875,195536.734375,189932.890625,197667.03125,199659.296875,0.0
1763597534.6138115,219985.96875,205619.703125,145163.40625,219683.765625,195669.765625,189946.5625,197997.21875,199795.375,0.0
1763597534.6138277,219976.671875,205613.625,145145.53125,219723.109375,195605.40625,189951.484375,197896.90625,199727.328125,0.0
1763597534.616116,219956.015625,205582.953125,145065.25,219699.15625,195450.640625,189929.125,197541.953125,199573.015625,0.0
1763597534.6188664,219965.40625,205591.265625,145076.6875,219681.984375,195502.578125,189925.109375,197608.46875,199630.6875,0.0
1763597534.6214223,219977.203125,205615.859375,145145.890625,219684.84375,195654.03125,189936.453125,197961.90625,199784.640625,0.0
1763597534.62361,219966.5625,205604.140625,145134.890625,219694.40625,195611.84375,189931.1875,197938.390625,199737.34375,0.0
1763597534.6263995,219943.40625,205569.09375,145053.796875,219684.84375,195446.96875,189910.625,197578.515625,199570.15625,0.0
1763597534.6264157,219956.375,205583.125,145058.453125,219682.078125,195472.546875,189915.8125,197560.015625,199598.671875,0.0
1763597534.6288807,219977.65625,205616.75,145135.34375,219687.53125,195642.0625,189935.75,197921.75,199770.328125,0.0
1763597534.6311076,219970.140625,205608.25,145136.328125,219683.140625,195635.984375,189932.265625,197984.515625,199761.390625,0.0
1763597534.6336148,219961.296875,205583.671875,145069.796875,219696.015625,195477.375,189919.109375,197640.03125,199596.890625,0.0
1763597534.6364458,219967.015625,205583.671875,145051.5625,219689.5,195451.359375,189910.796875,197517.546875,199569.34375,0.0
1763597534.636462,219985.078125,205613.171875,145121.921875,219688.15625,195609.953125,189922.328125,197850.140625,199729.203125,0.0
1763597534.641368,219966.828125,205601.015625,145128.453125,219656.765625,195635.171875,189913.296875,197994.890625,199755.046875,0.0
1763597534.6561122,219961.46875,205584.734375,145076.953125,219684.125,195500.078125,189915.09375,197704.59375,199620.21875,0.0
1763597534.6586401,219998.3125,205616.75,145078.296875,219724.0,195473.609375,189946.75,197540.171875,199594.734375,0.0
1763597534.6586545,220021.375,205650.625,145144.28125,219718.1875,195621.5,189961.765625,197826.984375,199741.359375,0.0
1763597534.6611543,220011.8125,205644.90625,145170.390625,219700.9375,195686.578125,189958.09375,198044.953125,199807.078125,0.0
1763597534.6637003,219996.15625,205615.40625,145110.484375,219710.5,195549.96875,189946.390625,197788.359375,199669.3125,0.0
1763597534.6664715,219985.796875,205593.046875,145051.296875,219705.859375,195442.671875,189923.3125,197504.765625,199562.46875,0.0
1763597534.6688895,220002.328125,205617.640625,145099.125,219698.796875,195566.859375,189935.390625,197731.234375,199692.46875,0.0
1763597534.701404,220005.734375,205626.5,145149.46875,219695.390625,195674.78125,189938.25,198020.734375,199800.109375,0.0
1763597534.7014363,219971.65625,205590.28125,145093.046875,219693.078125,195555.25,189915.0,197823.140625,199678.515625,0.0
1763597534.706362,219969.703125,205579.734375,145038.234375,219682.4375,195430.875,189913.03125,197502.96875,199550.03125,0.0
1763597534.708874,220006.53125,205623.71875,145093.765625,219698.890625,195546.5625,189942.8125,197672.84375,199664.65625,0.0
1763597534.7111712,220019.671875,205650.1875,145161.4375,219706.21875,195688.546875,189953.984375,198012.0625,199807.625,0.0
1763597534.7136338,219995.265625,205618.71875,145122.28125,219695.03125,195601.109375,189937.53125,197898.953125,199718.03125,0.0
1763597534.7215233,219982.21875,205589.296875,145051.5625,219694.765625,195452.78125,189923.59375,197548.03125,199563.171875,0.0
1763597534.7239592,220007.875,205615.859375,145083.03125,219707.734375,195524.046875,189941.921875,197623.859375,199638.453125,0.0
1763597534.7311351,220011.0,205633.90625,145142.9375,219680.375,195669.765625,189951.65625,197974.78125,199784.1875,0.0
1763597534.733678,219985.703125,205610.671875,145119.875,219677.78125,195621.046875,189933.953125,197943.125,199731.625,0.0
1763597534.7361088,219960.21875,205576.0625,145039.5,219669.46875,195454.125,189909.28125,197579.5,199564.609375,0.0
1763597534.7386105,219988.65625,205604.40625,145058.453125,219690.921875,195491.046875,189931.1875,197572.71875,199606.984375,0.0
1763597534.7411375,220014.3125,205639.28125,145137.65625,219702.375,195659.21875,189948.359375,197932.3125,199781.421875,0.0
1763597534.7437131,219996.703125,205622.296875,145133.109375,219693.875,195650.46875,189936.90625,197995.25,199771.3125,0.0
1763597534.7437313,219993.03125,205604.59375,145074.984375,219722.390625,195506.515625,189934.140625,197668.46875,199624.515625,0.0
1763597534.7463253,220003.765625,205610.046875,145056.65625,219695.75,195478.265625,189927.078125,197542.578125,199592.140625,0.0
1763597534.746342,220036.65625,205651.96875,145138.015625,219711.484375,195647.15625,189951.921875,197882.0625,199766.125,0.0
1763597534.7487712,220029.328125,205650.28125,145160.1875,219713.8125,195689.171875,189955.765625,198040.578125,199806.71875,0.0
1763597534.7512915,220007.25,205614.421875,145086.078125,219698.171875,195529.3125,189939.140625,197725.234375,199636.046875,0.0
1763597534.7573607,220008.671875,205610.125,145048.609375,219694.234375,195463.328125,189934.9375,197521.296875,199573.015625,0.0
1763597534.759882,220030.9375,205641.0625,145116.109375,219712.203125,195614.703125,189947.015625,197810.984375,199731.796875,0.0
1763597534.7598982,220027.28125,205647.5,145151.34375,219696.734375,195693.90625,189952.203125,198044.421875,199807.34375,0.0
1763597534.7877984,220010.109375,205619.96875,145092.15625,219692.890625,195559.0,189943.25,197789.078125,199664.5625,0.0
1763597534.7900767,220013.953125,205611.828125,145044.40625,219697.453125,195461.09375,189938.34375,197513.96875,199567.46875,0.0
1763597534.7901049,220029.0625,205637.21875,145090.8125,219695.125,195583.578125,189942.265625,197732.125,199695.328125,0.0
1763597534.7926233,220040.5,205656.0,145151.703125,219707.90625,195704.109375,189952.46875,198031.375,199813.875,0.0
1763597534.7926385,220012.4375,205620.765625,145095.1875,219688.953125,195583.671875,189935.390625,197838.78125,199689.25,0.0
1763597534.7951393,220011.71875,205608.4375,145041.28125,219706.390625,195462.890625,189933.875,197521.921875,199566.484375,0.0
1763597534.7989318,220035.765625,205636.0625,145084.203125,219711.046875,195560.96875,189942.8125,197669.8125,199669.75,0.0
1763597534.7989647,220035.328125,205651.890625,145142.484375,219702.375,195696.78125,189952.828125,198007.3125,199808.25,0.0
1763597534.7989738,220006.078125,205632.125,145105.203125,219697.359375,195618.8125,189948.359375,197904.234375,199724.375,0.0
1763597534.8012297,219995.171875,205610.21875,145031.53125,219682.34375,195469.046875,189935.828125,197551.96875,199572.390625,0.0
1763597534.8062036,220020.03125,205635.609375,145058.890625,219696.109375,195534.328125,189948.890625,197615.984375,199642.484375,0.0
1763597534.8062446,220034.515625,205662.703125,145129.890625,219693.875,195689.171875,189958.28125,197971.109375,199797.875,0.0
1763597534.8086317,220020.65625,205650.71875,145117.640625,219691.8125,195653.140625,189955.953125,197964.765625,199756.296875,0.0
1763597534.8111105,220016.8125,205636.78125,145055.765625,219708.265625,195503.75,189956.75,197617.953125,199604.578125,0.0
1763597534.8136215,220033.984375,205650.71875,145063.640625,219725.078125,195525.109375,189959.96875,197585.578125,199635.234375,0.0
1763597534.8173656,220045.515625,205671.546875,145128.453125,219703.4375,195679.421875,189962.921875,197932.390625,199791.34375,0.0
1763597534.8553667,220031.828125,205662.703125,145130.953125,219705.046875,195682.921875,189962.296875,198011.78125,199788.3125,0.0
1763597534.8553905,220012.4375,205634.359375,145056.125,219697.359375,195520.1875,189950.765625,197669.984375,199626.5625,0.0
1763597534.8686452,220017.796875,205635.875,145034.84375,219693.78125,195492.296875,189948.078125,197540.703125,199603.59375,0.0
1763597534.868657,220032.734375,205660.90625,145097.515625,219683.328125,195647.328125,189958.71875,197866.0625,199759.609375,0.0
1763597534.8686633,220026.46875,205660.28125,145120.859375,219681.1875,195691.765625,189961.3125,198032.078125,199796.359375,0.0
1763597534.8711886,220016.640625,205635.25,145061.484375,219697.8125,195543.171875,189947.546875,197724.078125,199641.40625,0.0
1763597534.8712049,220010.828125,205622.921875,145014.8125,219676.359375,195464.5,189933.0625,197500.65625,199563.09375,0.0
1763597534.905403,220045.15625,205664.125,145090.28125,219691.640625,195621.046875,189951.75,197791.3125,199720.53125,0.0
1763597534.9066305,220063.3125,205685.5,145148.75,219708.984375,195718.40625,189968.203125,198045.765625,199812.359375,0.0
1763597534.9088805,220021.015625,205637.75,145070.078125,219681.71875,195567.484375,189941.640625,197779.0625,199658.484375,0.0
1763597534.9089112,220021.015625,205628.28125,145022.234375,219686.640625,195466.734375,189933.515625,197497.4375,199559.421875,0.0
1763597534.9106605,220039.53125,205657.6875,145073.640625,219689.578125,195594.5,189946.03125,197723.453125,199693.53125,0.0
1763597534.911477,220036.65625,205665.203125,145120.765625,219684.484375,195706.703125,189948.0,198023.59375,199806.8125,0.0
1763597534.9131467,220030.21875,205650.90625,145087.0625,219694.859375,195612.109375,189956.21875,197862.390625,199706.765625,0.0
1763597534.9140346,220026.015625,205633.90625,145029.390625,219703.265625,195483.984375,189944.859375,197535.875,199582.3125,0.0
1763597534.921146,220040.234375,205655.90625,145062.734375,219691.90625,195574.546875,189947.640625,197672.578125,199672.171875,0.0
1763597534.921164,220040.6875,205671.734375,145120.40625,219680.28125,195712.78125,189956.84375,198015.0,199811.8125,0.0
1763597534.9211724,220034.515625,205665.203125,145103.859375,219695.84375,195650.90625,189964.265625,197933.109375,199745.84375,0.0
1763597534.9225483,220031.203125,205645.0,145039.40625,219712.65625,195500.96875,189950.3125,197575.9375,199598.046875,0.0
1763597534.923784,220033.71875,205649.296875,145043.25,219699.859375,195543.265625,189939.671875,197611.609375,199646.0625,0.0
1763597534.9250288,220043.90625,205672.8125,145111.203125,219694.859375,195700.796875,189953.890625,197972.359375,199802.4375,0.0
1763597534.9262784,220029.515625,205665.203125,145100.46875,219690.484375,195669.859375,189961.765625,197977.015625,199768.09375,0.0
1763597534.9291055,220010.28125,205633.015625,145022.953125,219692.265625,195507.40625,189946.828125,197614.28125,199603.234375,0.0
1763597534.930025,220021.46875,205641.421875,145023.046875,219698.171875,195522.609375,189947.28125,197568.6875,199622.546875,0.0
1763597534.966142,220028.4375,205663.5,145085.0,219673.671875,195678.171875,189954.4375,197918.359375,199775.875,0.0
1763597534.966158,220019.5,205660.734375,145089.921875,219666.078125,195684.34375,189953.71875,198007.046875,199778.203125,0.0
1763597534.9661653,220015.921875,205641.25,145031.171875,219698.703125,195534.59375,189947.90625,197672.578125,199629.875,0.0
1763597534.9661717,220017.890625,205638.109375,145006.234375,219679.484375,195498.734375,189944.953125,197530.328125,199593.21875,0.0
1763597534.9711475,220041.3125,205672.265625,145083.125,219684.40625,195666.546875,189961.234375,197867.9375,199764.078125,0.0
1763597534.9711545,220038.453125,205677.453125,145111.5625,219684.75,195719.578125,189964.984375,198047.734375,199815.671875,0.0
1763597534.9711595,220018.609375,205645.71875,145042.0,219684.484375,195560.78125,189949.328125,197737.671875,199656.15625,0.0
1763597534.9711645,220034.703125,205651.796875,145019.109375,219710.859375,195501.15625,189956.578125,197524.703125,199599.65625,0.0
1763597534.9737773,220047.921875,205674.234375,145070.96875,219681.0,195637.5,189965.515625,197802.578125,199739.9375,0.0
1763597534.975028,220039.34375,205677.359375,145106.546875,219683.765625,195721.0,189962.921875,198047.546875,199820.5,0.0
1763597534.976274,220012.4375,205641.515625,145038.515625,219673.9375,195580.28125,189942.984375,197792.03125,199676.28125,0.0
1763597534.9786384,220008.5,205625.421875,144981.46875,219670.546875,195469.859375,189933.328125,197504.3125,199567.828125,0.0
1763597534.9786544,220047.921875,205670.84375,145051.109375,219699.6875,195611.75,189960.59375,197738.5625,199714.015625,0.0
1763597534.9804928,220062.40625,205698.28125,145118.4375,219700.765625,195742.640625,189977.859375,198057.125,199841.40625,0.0
1763597534.98286,220034.515625,205664.125,145065.15625,219686.546875,195628.109375,189961.671875,197874.28125,199719.8125,0.0
1763597534.9828763,220025.9375,205639.8125,144997.734375,219694.953125,195489.53125,189948.984375,197535.34375,199580.875,0.0
1763597534.9911473,220049.0,205668.875,145037.265625,219694.59375,195583.40625,189963.015625,197677.140625,199682.359375,0.0
1763597534.9911637,220064.46875,205692.65625,145102.25,219687.890625,195729.40625,189975.4375,198026.984375,199827.90625,0.0
1763597534.9998467,220045.78125,205669.3125,145068.734375,219686.71875,195654.9375,189964.4375,197932.21875,199743.78125,0.0
1763597534.999863,220025.3125,205638.5625,144988.53125,219681.53125,195495.703125,189949.25,197566.359375,199585.53125,0.0
1763597535.0015476,220037.5625,205654.828125,145003.90625,219684.484375,195550.328125,189956.40625,197614.546875,199648.5625,0.0
1763597535.0034692,220056.59375,205683.984375,145079.1875,219683.6875,195712.6875,189966.5,197979.328125,199811.546875,0.0
1763597535.0034854,220040.953125,205668.0625,145066.21875,219681.71875,195678.53125,189958.8125,197980.578125,199771.9375,0.0
1763597535.0098803,220017.890625,205634.09375,144988.265625,219687.796875,195511.96875,189945.671875,197615.453125,199608.515625,0.0
1763597535.0098968,220021.734375,205637.84375,144980.03125,219675.1875,195513.046875,189941.375,197554.203125,199613.0625,0.0
1763597535.0416007,220042.03125,205673.25,145058.625,219675.375,195682.015625,189954.34375,197912.1875,199782.40625,0.0
1763597535.0491445,220041.40625,205666.453125,145068.46875,219670.546875,195692.296875,189953.0,198011.078125,199790.09375,0.0
1763597535.0491636,220027.1875,205632.578125,144993.09375,219676.796875,195529.40625,189940.484375,197665.515625,199628.0,0.0
1763597535.050047,220035.40625,205639.90625,144976.375,219688.515625,195500.078125,189947.546875,197524.078125,199604.484375,0.0
1763597535.0513012,220048.203125,205669.671875,145045.9375,219686.453125,195661.28125,189953.453125,197851.921875,199765.953125,0.0
1763597535.0530124,220053.921875,205675.3125,145076.5,219679.578125,195715.546875,189955.6875,198032.890625,199808.59375,0.0
1763597535.0539556,220028.703125,205642.140625,145001.671875,219674.75,195558.28125,189945.84375,197729.0,199652.40625,0.0
1763597535.0550485,220019.578125,205635.703125,144960.09375,219667.6875,195477.1875,189938.0625,197492.875,199571.84375,0.0
1763597535.083638,220040.953125,205669.9375,145027.6875,219673.671875,195625.25,189951.921875,197772.625,199722.40625,0.0
1763597535.083654,220046.859375,205678.53125,145069.4375,219663.65625,195714.828125,189957.109375,198029.578125,199808.328125,0.0
1763597535.0902166,220036.484375,205659.390625,145023.125,219680.203125,195593.328125,189957.03125,197794.984375,199684.859375,0.0
1763597535.0949006,220036.84375,205651.34375,144974.21875,219694.234375,195488.640625,189956.046875,197503.875,199583.75,0.0
1763597535.0949173,220050.15625,205675.046875,145018.484375,219679.296875,195608.078125,189963.640625,197712.640625,199704.625,0.0
1763597535.0949247,220061.96875,205695.15625,145079.28125,219671.796875,195735.75,189975.171875,198030.921875,199826.65625,0.0
1763597535.096298,220050.609375,205670.5625,145035.828125,219681.453125,195629.09375,189963.546875,197859.53125,199716.515625,0.0
1763597535.097553,220053.03125,205651.34375,144972.796875,219703.984375,195492.5625,189953.8125,197518.625,199580.53125,0.0
1763597535.0988045,220082.078125,205686.484375,145015.625,219688.15625,195587.078125,189969.359375,197653.0,199674.3125,0.0
1763597535.100207,220086.015625,205712.328125,145088.21875,219693.15625,195740.3125,189983.578125,198012.953125,199830.234375,0.0
1763597535.101304,220052.671875,205680.046875,145048.875,219676.796875,195658.953125,189965.078125,197917.734375,199741.015625,0.0
1763597535.103699,220035.328125,205648.671875,144971.8125,219692.0,195498.109375,189948.171875,197548.390625,199584.8125,0.0
1763597535.103713,220043.71875,205656.984375,144977.359375,219663.828125,195537.09375,189950.046875,197580.125,199631.578125,0.0
1763597535.10372,220056.953125,205687.28125,145050.578125,219656.234375,195701.0625,189963.90625,197951.34375,199796.359375,0.0
1763597535.1449385,220055.53125,205685.953125,145054.421875,219672.421875,195683.984375,189966.59375,197969.59375,199771.765625,0.0
1763597535.1449537,220043.375,205659.9375,144980.390625,219684.046875,195520.375,189958.984375,197605.34375,199606.8125,0.0
1763597535.1449614,220062.140625,205673.25,144980.03125,219691.375,195529.671875,189963.28125,197544.375,199617.984375,0.0
1763597535.1449676,220078.421875,205703.921875,145054.78125,219683.421875,195699.640625,189977.59375,197912.546875,199795.015625,0.0
1763597535.1476922,220058.484375,205688.265625,145055.140625,219663.921875,195703.65625,189964.09375,198010.625,199795.375,0.0
1763597535.1477075,220030.84375,205645.359375,144972.171875,219664.109375,195529.84375,189939.046875,197654.15625,199619.5,0.0
1763597535.1477144,220046.234375,205658.328125,144960.546875,219691.015625,195506.78125,189955.140625,197516.03125,199601.796875,0.0
1763597535.1477196,220069.390625,205692.921875,145030.546875,219675.453125,195669.5,189968.5625,197840.9375,199759.609375,0.0
1763597535.1477244,220057.21875,205691.21875,145053.34375,219664.90625,195718.859375,189962.125,198022.515625,199803.328125,0.0
1763597535.1501515,220028.53125,205658.328125,144982.90625,219671.34375,195562.578125,189951.390625,197718.984375,199645.875,0.0
1763597535.1501658,220025.84375,205650.546875,144940.703125,219673.3125,195483.984375,189947.90625,197480.71875,199569.890625,0.0
1763597535.1512992,220036.125,205675.75,144996.046875,219653.828125,195623.546875,189952.203125,197748.125,199708.46875,0.0
1763597535.1527662,220035.59375,205687.015625,145043.515625,219662.3125,195719.84375,189958.8125,198013.578125,199801.71875,0.0
1763597535.1849923,220021.828125,205662.34375,144992.375,219666.609375,195595.03125,189953.53125,197782.1875,199674.84375,0.0
1763597535.1850214,220022.171875,205649.921875,144938.46875,219679.296875,195484.171875,189948.265625,197487.859375,199572.828125,0.0
1763597535.1874604,220040.78125,205674.140625,144981.203125,219656.5,195596.453125,189953.53125,197691.09375,199688.4375,0.0
1763597535.1874769,220048.015625,205693.09375,145040.828125,219648.28125,195721.546875,189960.0625,198010.0,199810.84375,0.0
1763597535.1874845,220045.15625,205676.828125,145007.21875,219671.4375,195627.578125,189958.8125,197849.421875,199712.21875,0.0
1763597535.1874905,220036.75,205653.40625,144940.34375,219675.28125,195485.328125,189949.78125,197502.796875,199568.546875,0.0
1763597535.188798,220047.921875,205670.5625,144969.84375,219659.640625,195570.890625,189960.421875,197630.203125,199657.328125,0.0
1763597535.1938012,220053.65625,205690.953125,145038.15625,219657.578125,195724.484375,189972.9375,197991.671875,199812.890625,0.0
1763597535.195368,220032.734375,205670.84375,145007.9375,219654.8125,195656.984375,189964.71875,197913.0,199739.84375,0.0
1763597535.1963017,220023.34375,205647.59375,144934.96875,219671.875,195499.09375,189955.5,197548.75,199588.921875,0.0
1763597535.2361753,220030.671875,205657.15625,144938.109375,219652.5625,195537.453125,189953.890625,197574.046875,199632.203125,0.0
1763597535.236192,220046.140625,205689.078125,145017.3125,219651.859375,195707.234375,189968.375,197947.859375,199798.765625,0.0
1763597535.2362,220032.1875,205677.453125,145010.53125,219649.625,195679.96875,189961.3125,197964.3125,199766.9375,0.0
1763597535.236206,220015.203125,205648.84375,144933.546875,219661.25,195513.3125,189949.78125,197597.484375,199596.703125,0.0
1763597535.2384622,220028.890625,205658.859375,144932.828125,219672.328125,195521.09375,189954.96875,197531.40625,199607.171875,0.0
1763597535.2384784,220052.484375,205692.296875,145011.234375,219662.3125,195693.46875,189971.0625,197895.109375,199782.765625,0.0
1763597535.261706,220041.140625,205681.484375,145015.265625,219655.15625,195704.546875,189964.625,198002.9375,199793.9375,0.0
1763597535.2725656,220028.890625,205653.84375,144942.046875,219664.546875,195539.234375,189952.640625,197658.90625,199630.234375,0.0
1763597535.2737808,220052.578125,205672.359375,144930.78125,219670.625,195509.28125,189969.8125,197510.03125,199598.3125,0.0
1763597535.2753427,220065.359375,205704.984375,144998.71875,219662.765625,195673.34375,189986.96875,197838.25,199763.453125,0.0
1763597535.2764413,220057.3125,205706.328125,145028.234375,219654.890625,195732.8125,189987.0625,198036.46875,199820.21875,0.0
1763597535.2786143,220038.546875,205675.9375,144963.40625,219660.703125,195581.4375,189973.65625,197735.703125,199667.15625,0.0
1763597535.2786229,220039.25,205673.4375,144927.015625,219679.484375,195508.390625,189978.75,197500.109375,199597.953125,0.0
1763597535.282555,220048.46875,205694.53125,144979.859375,219659.359375,195644.734375,189975.625,197762.078125,199737.515625,0.0
1763597535.2837968,220042.390625,205697.03125,145021.96875,219650.6875,195739.0625,189973.828125,198029.84375,199826.484375,0.0
1763597535.2852187,220042.296875,205688.359375,144983.96875,219680.28125,195628.46875,189981.25,197813.21875,199709.625,0.0
1763597535.2866116,220058.296875,205695.78125,144943.203125,219698.96875,195531.1875,189999.9375,197530.6875,199616.375,0.0
1763597535.2875516,220073.859375,205718.21875,144987.375,219688.0625,195648.5,190009.859375,197732.21875,199736.1875,0.0
1763597535.2888072,220074.84375,205729.578125,145043.78125,219685.5625,195773.65625,190006.734375,198052.828125,199862.25,0.0
1763597535.2902143,220044.4375,205694.0,144987.71875,219669.46875,195656.546875,189981.171875,197878.21875,199738.78125,0.0
1763597535.2915463,220043.375,205677.09375,144924.96875,219670.90625,195513.671875,189975.359375,197527.203125,199590.09375,0.0
1763597535.327603,220071.359375,205710.265625,144967.96875,219684.21875,195609.25,189992.34375,197653.265625,199688.609375,0.0
1763597535.3276176,220075.734375,205728.0625,145033.953125,219676.171875,195758.28125,189997.796875,198008.65625,199835.78125,0.0
1763597535.3276246,220044.984375,205697.125,144996.578125,219667.234375,195685.78125,189985.546875,197934.0,199760.953125,0.0
1763597535.32763,220035.953125,205675.9375,144924.25,219668.75,195526.453125,189977.953125,197565.015625,199601.359375,0.0
1763597535.3276348,220048.375,205690.78125,144934.796875,219673.140625,195568.390625,189982.0625,197587.46875,199650.53125,0.0
1763597535.3301792,220044.796875,205698.015625,144989.78125,219645.59375,195713.140625,189969.359375,197939.375,199796.984375,0.0
1763597535.3301952,220047.390625,205699.09375,144996.046875,219645.59375,195697.40625,189975.078125,197972.453125,199774.453125,0.0
1763597535.330203,220055.4375,205696.9375,144944.8125,219691.1875,195553.09375,189989.03125,197626.359375,199626.5625,0.0
1763597535.3314605,220054.1875,205697.84375,144927.015625,219678.140625,195546.75,189985.09375,197543.296875,199622.640625,0.0
1763597535.3328016,220057.671875,205716.53125,144989.875,219659.359375,195705.09375,189985.640625,197894.390625,199783.390625,0.0
1763597535.3338048,220040.421875,205704.71875,144996.484375,219651.3125,195719.125,189977.234375,198007.046875,199795.1875,0.0
1763597535.3350549,220029.15625,205677.546875,144925.046875,219654.265625,195555.6875,189968.203125,197665.96875,199628.53125,0.0
1763597535.3364594,220048.375,205687.109375,144908.953125,219672.0625,195521.984375,189977.671875,197506.453125,199600.015625,0.0
1763597535.3375695,220061.703125,205712.765625,144970.828125,219655.34375,195677.734375,189986.171875,197827.078125,199758.53125,0.0
1763597535.372704,220052.046875,205708.296875,144995.234375,219647.828125,195732.359375,189978.578125,198026.0,199813.078125,0.0
1763597535.374935,220029.234375,205673.875,144924.15625,219642.734375,195572.765625,189956.578125,197720.234375,199648.390625,0.0
1763597535.3749516,220041.765625,205681.921875,144892.953125,219660.796875,195502.140625,189968.921875,197483.390625,199577.65625,0.0
1763597535.3749595,220063.3125,205712.765625,144955.625,219662.765625,195651.4375,189983.21875,197757.6875,199728.21875,0.0
1763597535.3749657,220061.78125,205722.25,145002.03125,219646.671875,195749.53125,189981.703125,198030.390625,199821.5625,0.0
1763597535.3764603,220041.84375,205690.6875,144946.328125,219649.265625,195618.71875,189971.15625,197797.921875,199687.546875,0.0
1763597535.377556,220036.75,205679.6875,144891.96875,219666.34375,195505.625,189974.28125,197494.296875,199578.5625,0.0
1763597535.3788044,220058.921875,205711.703125,144946.421875,219676.703125,195628.640625,189985.8125,197693.5,199703.1875,0.0
1763597535.3800547,220069.125,205734.3125,145013.46875,219673.3125,195764.09375,189996.8125,198028.328125,199839.265625,0.0
1763597535.3814623,220033.53125,205701.421875,144954.734375,219636.65625,195649.03125,189981.609375,197864.625,199718.65625,0.0
1763597535.418645,220034.34375,205691.140625,144897.6875,219659.09375,195513.671875,189984.828125,197521.75,199585.359375,0.0
1763597535.418661,220055.703125,205712.6875,144930.859375,219660.265625,195596.734375,189987.328125,197632.171875,199671.8125,0.0
1763597535.4211957,220069.390625,205738.4375,145002.03125,219657.390625,195752.296875,189994.9375,197995.515625,199827.109375,0.0
1763597535.4212122,220058.125,205721.796875,144983.53125,219671.53125,195692.296875,189989.75,197935.875,199763.71875,0.0
1763597535.4212203,220043.453125,205696.765625,144909.140625,219679.03125,195533.0625,189979.109375,197570.46875,199609.21875,0.0
1763597535.4212265,220051.5,205707.046875,144912.984375,219663.65625,195567.484375,189982.5,197581.390625,199648.203125,0.0
1763597535.421232,220063.9375,205730.296875,144987.71875,219660.96875,195733.15625,189991.265625,197950.09375,199811.28125,0.0
1763597535.4225593,220030.84375,205701.140625,144963.5,219632.984375,195695.875,189970.609375,197965.03125,199770.78125,0.0
1763597535.423957,220011.09375,205670.21875,144882.9375,219641.578125,195526.625,189960.25,197601.234375,199604.9375,0.0
1763597535.426156,220023.78125,205679.515625,144871.859375,219645.15625,195521.09375,189963.28125,197518.703125,199602.78125,0.0
1763597535.4261725,220049.359375,205719.46875,144955.1875,219643.984375,195697.75,189987.609375,197888.40625,199781.953125,0.0
1763597535.42618,220037.46875,205712.40625,144965.203125,219630.9375,195714.828125,189977.5,198005.984375,199789.828125,0.0
1763597535.4275498,220014.3125,205680.140625,144888.21875,219633.703125,195547.46875,189962.390625,197662.203125,199624.15625,0.0
1763597535.460075,220009.03125,205665.390625,144849.6875,219623.953125,195488.90625,189947.453125,197471.328125,199566.578125,0.0
1763597535.4674296,220035.59375,205698.375,144923.796875,219623.6875,195652.078125,189962.03125,197795.875,199727.421875,0.0
1763597535.467446,220045.421875,205711.078125,144966.359375,219628.96875,195725.734375,189974.28125,198010.890625,199793.578125,0.0
1763597535.4674537,220020.390625,205675.21875,144892.859375,219631.015625,195570.078125,189957.109375,197713.078125,199640.0625,0.0
1763597535.46746,220020.84375,205662.34375,144843.875,219632.984375,195481.125,189948.53125,197454.515625,199554.15625,0.0
1763597535.4699247,220056.25,205709.46875,144919.0625,219635.84375,195638.65625,189977.3125,197732.296875,199709.359375,0.0
1763597535.469941,220053.5625,205718.671875,144968.59375,219631.65625,195740.578125,189981.4375,198011.25,199809.9375,0.0
1763597535.4699483,220027.28125,205681.65625,144906.71875,219619.484375,195601.640625,189957.203125,197772.796875,199664.03125,0.0
1763597535.469955,220022.890625,205667.34375,144847.09375,219629.5,195480.59375,189950.765625,197461.671875,199550.84375,0.0
1763597535.4736533,220045.25,205697.296875,144897.25,219645.5,195599.671875,189963.734375,197659.53125,199674.40625,0.0
1763597535.4736693,220051.0625,205716.4375,144960.546875,219637.734375,195737.71875,189978.578125,198002.484375,199816.203125,0.0
1763597535.4736772,220029.515625,205686.484375,144914.953125,219627.890625,195637.140625,189965.703125,197849.515625,199709.71875,0.0
1763597535.4863262,220011.71875,205655.640625,144834.65625,219618.5,195477.015625,189942.71875,197480.4375,199551.46875,0.0
1763597535.4863434,220033.53125,205680.578125,144868.8125,219629.140625,195558.8125,189950.5,197585.3125,199638.109375,0.0
1763597535.5174787,220060.359375,205720.015625,144955.546875,219633.890625,195730.921875,189977.859375,197966.1875,199805.734375,0.0
1763597535.5174956,220046.765625,205705.703125,144939.984375,219639.421875,195679.34375,189976.34375,197916.484375,199747.359375,0.0
1763597535.517504,220024.328125,205666.71875,144853.703125,219631.375,195506.34375,189954.796875,197537.84375,199576.59375,0.0
1763597535.519893,220040.421875,205682.1875,144862.203125,219635.3125,195542.546875,189956.84375,197542.484375,199617.890625,0.0
1763597535.5199113,220056.59375,205713.3125,144940.25,219635.21875,195711.796875,189970.171875,197911.828125,199786.96875,0.0
1763597535.5199184,220035.328125,205695.96875,144929.609375,219618.78125,195689.0,189963.28125,197946.703125,199756.296875,0.0
1763597535.5212944,220021.28125,205666.015625,144853.703125,219629.953125,195522.34375,189951.65625,197584.609375,199590.0,0.0
1763597535.5225437,220027.453125,205671.828125,144840.296875,219625.21875,195511.078125,189951.21875,197489.828125,199584.453125,0.0
1763597535.5248947,220051.6875,205712.40625,144922.546875,219631.5625,195687.75,189972.3125,197851.296875,199759.515625,0.0
1763597535.5249023,220040.78125,205707.140625,144935.515625,219621.359375,195712.875,189971.859375,197984.96875,199777.046875,0.0
1763597535.5262887,220020.75,205669.765625,144860.59375,219625.21875,195546.5625,189951.921875,197646.375,199614.234375,0.0
1763597535.5640132,220027.359375,205667.171875,144830.015625,219623.25,195496.328125,189949.6875,197467.03125,199568.8125,0.0
1763597535.56403,220059.109375,205706.328125,144907.96875,219631.65625,195662.890625,189967.3125,197793.546875,199738.0625,0.0
1763597535.5664256,220035.234375,205695.875,144923.625,219606.609375,195716.171875,189955.328125,197995.875,199788.21875,0.0
1763597535.566442,220016.8125,205669.5,144863.71875,219630.484375,195572.671875,189948.078125,197712.640625,199640.78125,0.0
1763597535.571469,220029.6875,205672.171875,144825.625,219636.125,195488.09375,189951.921875,197459.25,199560.40625,0.0
1763597535.5715005,220053.375,205704.359375,144887.859375,219622.96875,195627.65625,189962.921875,197714.59375,199699.34375,0.0
1763597535.5763116,220043.546875,205705.625,144931.40625,219616.625,195727.703125,189961.3125,197994.796875,199796.625,0.0
1763597535.5803127,220020.5625,205675.75,144870.875,219604.203125,195595.5625,189948.4375,197769.671875,199657.953125,0.0
1763597535.5813165,220038.71875,205683.796875,144833.046875,219637.8125,195495.78125,189963.015625,197474.1875,199560.671875,0.0
1763597535.5840557,220051.953125,205705.4375,144870.6875,219628.25,195602.890625,189966.046875,197654.421875,199673.15625,0.0
1763597535.5852978,220056.15625,205715.90625,144927.734375,219619.84375,195729.9375,189968.46875,197984.4375,199798.671875,0.0
1763597535.5903347,220037.640625,205688.71875,144890.453125,219626.015625,195637.046875,189957.296875,197844.421875,199704.53125,0.0
1763597535.5913155,220023.515625,205659.484375,144815.0,219615.28125,195481.125,189940.125,197479.375,199549.328125,0.0
1763597535.5936704,220043.1875,205680.578125,144842.0,219610.546875,195558.46875,189950.140625,197578.171875,199630.6875,0.0
1763597535.5936868,220063.84375,205711.34375,144918.796875,219611.53125,195716.796875,189962.84375,197942.40625,199784.8125,0.0
1763597535.634919,220058.65625,205706.953125,144911.8125,219630.75,195674.15625,189968.828125,197904.40625,199738.328125,0.0
1763597535.6349363,220044.625,205678.796875,144836.265625,219632.90625,195509.109375,189954.34375,197531.859375,199572.203125,0.0
1763597535.6349444,220073.765625,205704.546875,144857.375,219650.0625,195553.90625,189967.578125,197543.296875,199621.921875,0.0
1763597535.6374216,220094.515625,205740.84375,144935.875,219642.734375,195725.828125,189989.125,197919.609375,199792.15625,0.0
1763597535.637436,220077.875,205726.984375,144929.875,219632.359375,195710.1875,189982.0625,197961.359375,199769.078125,0.0
1763597535.6374428,220053.203125,205690.953125,144849.765625,219640.5,195540.140625,189963.8125,197596.9375,199602.34375,0.0
1763597535.6374483,220060.53125,205692.296875,144835.109375,219648.1875,195528.0625,189962.390625,197499.390625,199597.15625,0.0
1763597535.6400955,220065.546875,205713.21875,144894.125,219606.171875,195678.453125,189965.78125,197838.78125,199744.9375,0.0
1763597535.643816,220051.234375,205710.171875,144910.84375,219598.125,195705.890625,189966.5,197979.15625,199770.15625,0.0
1763597535.645062,220052.3125,205698.375,144858.359375,219643.71875,195567.21875,189972.671875,197666.140625,199627.734375,0.0
1763597535.6466408,220061.609375,205702.84375,144833.859375,219657.3125,195521.625,189977.671875,197487.234375,199585.796875,0.0
1763597535.6477656,220081.8125,205739.234375,144901.890625,219635.046875,195679.078125,189993.6875,197803.828125,199743.875,0.0
1763597535.64897,220075.90625,205737.53125,144934.796875,219635.671875,195747.46875,189991.0,198023.140625,199808.78125,0.0
1763597535.6500795,220051.0625,205702.125,144866.484375,219642.203125,195593.953125,189972.140625,197735.4375,199653.5625,0.0
1763597535.6513083,220059.109375,205698.375,144823.03125,219646.9375,195507.40625,189973.921875,197479.109375,199568.453125,0.0
1763597535.6850443,220075.640625,205728.421875,144877.21875,219635.9375,195648.671875,189994.75,197742.859375,199713.46875,0.0
1763597535.6850588,220067.953125,205730.921875,144919.0625,219622.703125,195746.9375,189986.078125,198020.546875,199807.890625,0.0
1763597535.6850665,220040.328125,205690.859375,144857.734375,219620.828125,195612.46875,189952.375,197789.171875,199670.46875,0.0
1763597535.685072,220044.625,205683.796875,144807.65625,219633.265625,195495.515625,189956.046875,197478.296875,199552.453125,0.0
1763597535.6850784,220093.078125,205740.3125,144881.15625,219654.265625,195632.765625,189994.578125,197682.765625,199686.109375,0.0
1763597535.68757,220082.53125,205744.515625,144928.8125,219622.53125,195753.28125,189989.5625,198006.6875,199804.578125,0.0
1763597535.687586,220050.78125,205714.015625,144885.890625,219624.765625,195659.9375,189979.28125,197877.140625,199707.75,0.0
1763597535.688808,220047.65625,205701.953125,144823.484375,219638.890625,195523.765625,189980.09375,197533.375,199575.421875,0.0
1763597535.6900449,220070.09375,205725.109375,144853.4375,219642.28125,195602.71875,189992.96875,197629.3125,199659.109375,0.0
1763597535.692701,220083.78125,205751.03125,144925.671875,219638.359375,195760.25,190006.203125,197995.421875,199816.640625,0.0
1763597535.6950395,220054.984375,205719.125,144891.96875,219631.46875,195699.640625,189990.640625,197946.171875,199756.03125,0.0
1763597535.7228727,220036.65625,205688.0,144811.5,219635.578125,195533.0625,189973.65625,197571.640625,199591.515625,0.0
1763597535.7289577,220054.546875,205708.296875,144820.453125,219629.59375,195565.078125,189978.296875,197563.765625,199625.5,0.0
1763597535.728989,220075.28125,205742.71875,144902.34375,219635.3125,195738.53125,189998.421875,197939.015625,199798.40625,0.0
1763597535.7289968,220061.96875,205736.109375,144906.015625,219649.796875,195735.84375,190000.65625,197999.09375,199791.796875,0.0
1763597535.7290027,220040.953125,205697.65625,144821.515625,219646.484375,195559.625,189978.390625,197633.15625,199620.046875,0.0
1763597535.7303593,220046.5,205696.3125,144801.671875,219630.84375,195538.34375,189974.09375,197524.703125,199604.75,0.0
1763597535.7375057,220068.3125,205735.125,144880.4375,219625.484375,195710.71875,189996.1875,197881.078125,199777.9375,0.0
1763597535.7375379,220058.125,205731.359375,144897.0625,219623.15625,195741.65625,189993.765625,198023.953125,199805.65625,0.0
1763597535.744128,220036.9375,205699.0,144824.46875,219633.4375,195578.484375,189980.71875,197692.875,199639.796875,0.0
1763597535.7450707,220042.296875,205694.0,144786.203125,219625.125,195515.375,189976.96875,197495.203125,199584.015625,0.0
1763597535.747609,220075.90625,205730.03125,144855.9375,219618.859375,195677.90625,189997.703125,197807.046875,199742.34375,0.0
1763597535.747626,220075.203125,205734.671875,144895.734375,219618.859375,195754.0,189995.5625,198033.875,199810.390625,0.0
1763597535.749905,220045.515625,205704.71875,144834.84375,219621.90625,195606.203125,189981.609375,197756.984375,199660.359375,0.0
1763597535.749922,220047.390625,205696.9375,144790.3125,219634.78125,195511.703125,189976.96875,197487.5,199568.09375,0.0
1763597535.7513134,220069.5625,205728.234375,144845.65625,219621.359375,195649.390625,189988.5,197740.171875,199707.578125,0.0
1763597535.7824748,220076.625,205739.5,144900.640625,219622.171875,195763.375,189995.640625,198038.703125,199818.96875,0.0
1763597535.7824912,220054.359375,205708.125,144844.046875,219623.421875,195639.640625,189979.46875,197825.734375,199694.25,0.0
1763597535.78491,220058.5625,205701.6875,144793.359375,219648.8125,195523.40625,189979.375,197508.875,199583.03125,0.0
1763597535.7849271,220086.734375,205736.640625,144843.328125,219648.90625,195639.375,189999.140625,197691.796875,199703.1875,0.0
1763597535.786467,220082.171875,205744.328125,144894.828125,219623.25,195766.6875,189996.359375,198022.96875,199825.765625,0.0
1763597535.7888186,220065.1875,205723.5,144859.515625,219625.21875,195680.40625,189986.890625,197899.84375,199740.203125,0.0
1763597535.7900748,220058.65625,205706.78125,144796.03125,219645.15625,195535.03125,189985.1875,197545.703125,199595.09375,0.0
1763597535.791314,220075.828125,205724.21875,144818.125,219632.09375,195599.140625,189986.96875,197618.390625,199663.765625,0.0
1763597535.7927244,220084.765625,205744.78125,144883.921875,219620.03125,195749.875,189990.109375,197975.046875,199815.75,0.0
1763597535.793818,220062.859375,205722.421875,144861.03125,219625.65625,195695.078125,189975.0,197932.390625,199757.546875,0.0
1763597535.827674,220053.46875,205703.203125,144792.90625,219633.96875,195539.15625,189972.046875,197570.125,199598.046875,0.0
1763597535.8277166,220076.453125,205725.109375,144804.4375,219636.65625,195574.109375,189987.515625,197564.84375,199634.609375,0.0
1763597535.8277273,220110.25,205770.265625,144897.78125,219653.109375,195759.625,190017.375,197946.25,199816.640625,0.0
1763597535.8349223,220081.1875,205748.71875,144885.4375,219624.046875,195739.6875,190004.859375,197992.5625,199789.203125,0.0
1763597535.8349357,220062.765625,205717.421875,144809.53125,219637.015625,195573.921875,189989.390625,197632.4375,199623.890625,0.0
1763597535.8349414,220071.984375,205722.421875,144795.59375,219640.671875,195556.140625,189989.03125,197521.84375,199611.453125,0.0
1763597535.8412197,220086.8125,205754.609375,144867.75,219637.546875,195720.828125,190002.984375,197869.546875,199779.71875,0.0
1763597535.8425608,220077.34375,205750.328125,144885.71875,219636.296875,195752.75,190001.90625,198017.0625,199803.859375,0.0
1763597535.8450687,220060.171875,205718.140625,144812.046875,219629.5,195589.9375,189985.359375,197689.125,199640.25,0.0
1763597535.84631,220069.296875,205717.859375,144780.21875,219625.21875,195530.484375,189985.015625,197492.328125,199581.5,0.0
1763597535.847599,220087.71875,205747.734375,144846.546875,219622.078125,195684.4375,189996.453125,197792.03125,199735.015625,0.0
1763597535.8500729,220090.578125,205755.234375,144888.578125,219625.21875,195765.96875,190004.859375,198024.84375,199813.078125,0.0
1763597535.854894,220064.203125,205723.59375,144822.234375,219628.4375,195621.671875,189989.296875,197751.171875,199665.375,0.0
1763597535.85491,220069.46875,205718.84375,144778.78125,219641.03125,195529.40625,189989.65625,197485.8125,199578.375,0.0
1763597535.866185,220096.203125,205754.796875,144844.40625,219639.96875,195669.140625,190007.1875,197735.4375,199719.640625,0.0
1763597535.8662016,220099.34375,205771.6875,144899.296875,219630.578125,195781.171875,190015.40625,198033.875,199828.8125,0.0
1763597535.8662095,220068.84375,205732.0,144836.890625,219627.0,195653.40625,189989.75,197817.5,199700.234375,0.0
1763597535.8662164,220062.6875,205710.625,144770.28125,219626.375,195519.5625,189977.765625,197483.75,199566.75,0.0
1763597535.8701024,220097.453125,205751.03125,144824.015625,219629.5,195634.1875,190001.109375,197660.859375,199682.265625,0.0
1763597535.8701236,220108.90625,205778.3125,144894.390625,219635.671875,195781.265625,190020.6875,198010.09375,199828.890625,0.0
1763597535.8701344,220088.96875,205756.125,144859.0625,219641.75,195697.40625,190008.25,197890.203125,199743.609375,0.0
1763597535.9025767,220066.171875,205725.28125,144778.609375,219640.140625,195541.03125,189993.765625,197527.921875,199589.828125,0.0
1763597535.9311273,220060.890625,205724.75,144781.546875,219607.78125,195587.96875,189984.203125,197589.96875,199641.046875,0.0
1763597535.9311476,220071.171875,205744.6875,144851.46875,219607.15625,195745.859375,189991.53125,197955.8125,199799.65625,0.0
1763597535.9352508,220052.125,205726.1875,144833.40625,219613.765625,195702.40625,189988.765625,197936.0625,199756.296875,0.0
1763597535.9401371,220040.234375,205702.75,144759.109375,219612.96875,195540.9375,189978.65625,197567.96875,199592.59375,0.0
1763597535.940154,220063.484375,205726.890625,144773.328125,219630.390625,195573.390625,189988.765625,197550.359375,199630.234375,0.0
1763597535.944883,220071.0,205742.09375,144836.71875,219612.78125,195730.03125,189990.546875,197907.71875,199785.0,0.0
1763597535.9449,220060.4375,205730.03125,144835.640625,219603.484375,195721.71875,189987.328125,197967.4375,199769.53125,0.0
1763597535.944908,220040.59375,205699.8125,144759.03125,219609.125,195551.390625,189972.9375,197603.734375,199599.203125,0.0
1763597535.9475455,220054.1875,205707.40625,144745.078125,219600.984375,195529.40625,189973.203125,197481.515625,199577.9375,0.0
1763597535.9475527,220087.71875,205750.140625,144830.734375,219613.765625,195707.140625,189996.984375,197836.109375,199756.75,0.0
1763597535.9499285,220080.375,205751.578125,144854.59375,219613.5,195749.875,190001.015625,197997.65625,199795.90625,0.0
1763597535.9499345,220055.96875,205717.234375,144779.765625,219621.546875,195587.515625,189983.484375,197670.875,199632.46875,0.0
1763597535.9499395,220062.6875,205720.015625,144751.953125,219645.6875,195531.1875,189986.265625,197468.375,199579.0,0.0
1763597535.9877264,220078.859375,205750.765625,144810.078125,219609.75,195677.90625,189995.828125,197763.59375,199727.859375,0.0
1763597535.9877603,220067.78125,205744.328125,144841.453125,219604.46875,195750.15625,189988.140625,197993.375,199797.25,0.0
1763597535.9892075,220046.140625,205712.140625,144778.515625,219602.40625,195603.796875,189973.390625,197721.484375,199644.71875,0.0
1763597535.9941015,220058.390625,205712.859375,144739.0,219621.359375,195516.796875,189981.703125,197457.828125,199562.015625,0.0
1763597535.9941351,220078.140625,205738.703125,144792.640625,219623.609375,195648.5,189988.671875,197693.671875,199697.734375,0.0
1763597535.995371,220077.34375,205756.484375,144845.75,219604.015625,195761.59375,189997.703125,197994.265625,199804.3125,0.0
1763597535.9967537,220062.859375,205739.140625,144806.953125,219622.078125,195654.3125,189996.625,197805.609375,199692.375,0.0
1763597535.9987104,220062.765625,205729.125,144750.703125,219634.328125,195531.109375,189995.5625,197482.140625,199571.9375,0.0
1763597535.998747,220074.65625,205748.71875,144783.515625,219624.9375,195630.25,189997.796875,197638.609375,199672.796875,0.0
1763597536.0017345,220088.609375,205776.34375,144855.578125,219623.875,195778.40625,190010.3125,197986.21875,199812.625,0.0
1763597536.0029652,220060.171875,205748.359375,144816.421875,219618.953125,195691.859375,189999.046875,197867.390625,199723.21875,0.0
1763597536.0044563,220048.46875,205720.90625,144743.46875,219625.484375,195537.09375,189989.296875,197506.734375,199570.328125,0.0
1763597536.0063455,220072.875,205748.71875,144773.6875,219636.5625,195613.453125,190009.328125,197590.234375,199654.640625,0.0
1763597536.0090744,220081.359375,205773.390625,144842.703125,219611.265625,195768.84375,190017.015625,197957.78125,199808.421875,0.0
1763597536.0100698,220070.1875,205763.546875,144832.421875,219615.90625,195724.9375,190010.671875,197938.390625,199762.203125,0.0
1763597536.0174227,220054.0,205734.140625,144753.75,219621.90625,195555.328125,189991.453125,197563.234375,199595.1875,0.0
1763597536.017441,220076.0,205751.03125,144761.609375,219632.28125,195581.890625,190002.796875,197536.765625,199627.015625,0.0
1763597536.0188296,220087.71875,205770.890625,144830.90625,219622.796875,195745.671875,190009.328125,197898.515625,199791.875,0.0
1763597536.0237012,220064.46875,205749.875,144823.03125,219606.25,195734.140625,189994.03125,197965.03125,199778.375,0.0
1763597536.0237176,220044.796875,205721.625,144746.78125,219607.515625,195567.765625,189984.109375,197612.9375,199611.015625,0.0
1763597536.0237255,220068.484375,205734.5,144741.328125,219621.359375,195552.65625,189993.234375,197496.71875,199597.59375,0.0
1763597536.0237317,220094.421875,205772.5,144820.0,219612.6875,195720.90625,190006.734375,197838.515625,199760.765625,0.0
1763597536.0237372,220084.5,205770.96875,144842.703125,219620.296875,195764.28125,190005.21875,198002.765625,199802.078125,0.0
1763597536.060107,220063.3125,205737.0,144769.03125,219622.265625,195603.515625,189990.109375,197681.703125,199642.484375,0.0
1763597536.0601249,220074.296875,205739.140625,144738.109375,219624.40625,195542.71875,189992.515625,197475.078125,199585.078125,0.0
1763597536.062575,220089.859375,205765.078125,144801.21875,219619.40625,195694.625,189997.96875,197772.09375,199739.578125,0.0
1763597536.0674014,220082.703125,205768.46875,144839.046875,219611.171875,195776.34375,190001.640625,198015.0,199813.78125,0.0
1763597536.067418,220066.4375,205743.890625,144782.0,219613.328125,195639.375,189994.578125,197755.1875,199668.5,0.0
1763597536.070108,220066.078125,205731.28125,144729.609375,219612.609375,195533.25,189987.78125,197472.671875,199565.859375,0.0
1763597536.0701244,220097.28125,205766.0625,144792.28125,219619.578125,195669.953125,190002.53125,197710.484375,199707.390625,0.0
1763597536.0713272,220098.4375,205779.640625,144845.03125,219619.578125,195783.671875,190002.265625,198008.75,199820.21875,0.0
1763597536.072998,220091.5625,205770.265625,144809.71875,219628.515625,195684.703125,190009.328125,197832.625,199717.234375,0.0
1763597536.078824,220076.453125,205745.046875,144737.828125,219629.953125,195542.28125,189992.078125,197489.5625,199578.734375,0.0
1763597536.080074,220100.234375,205768.65625,144781.28125,219639.875,195644.46875,190004.40625,197644.765625,199686.5625,0.0
1763597536.0840893,220098.796875,205779.828125,144836.984375,219610.546875,195778.140625,190008.875,197986.671875,199818.796875,0.0
1763597536.0851321,220078.59375,205757.734375,144805.15625,219614.296875,195698.734375,190002.0,197882.5,199736.625,0.0
1763597536.086315,220062.6875,205732.890625,144731.671875,219624.671875,195546.5625,189993.234375,197520.40625,199587.40625,0.0
1763597536.0974169,220087.625,205760.875,144762.515625,219640.765625,195622.03125,190017.015625,197596.40625,199669.03125,0.0
1763597536.097433,220098.171875,205784.109375,144827.515625,219605.09375,195774.203125,190027.65625,197958.953125,199815.484375,0.0
1763597536.0974405,220077.875,205766.59375,144811.421875,219611.625,195732.8125,190020.140625,197945.359375,199772.390625,0.0
1763597536.1061656,220062.59375,205742.546875,144739.984375,219628.515625,195573.21875,190012.90625,197582.09375,199612.984375,0.0
1763597536.10618,220086.1875,205764.71875,144751.0625,219633.53125,195598.421875,190024.34375,197546.515625,199638.90625,0.0
1763597536.106187,220098.171875,205787.875,144818.390625,219628.078125,195754.4375,190024.265625,197890.015625,199796.265625,0.0
1763597536.139938,220069.296875,205764.8125,144804.625,219603.484375,195737.90625,190007.8125,197949.46875,199778.828125,0.0
1763597536.1399567,220055.078125,205739.40625,144731.390625,219608.84375,195571.96875,190000.203125,197590.234375,199610.46875,0.0
1763597536.1399648,220088.78125,205766.859375,144737.296875,219646.9375,195566.953125,190019.875,197470.96875,199609.046875,0.0
1763597536.1424053,220116.328125,205801.109375,144813.65625,219640.328125,195734.5,190035.078125,197807.578125,199777.578125,0.0
1763597536.142422,220090.578125,205778.484375,144815.53125,219606.890625,195756.3125,190014.421875,197953.140625,199791.875,0.0
1763597536.1438231,220070.90625,205748.984375,144745.609375,219612.515625,195594.84375,190001.1875,197629.65625,199628.890625,0.0
1763597536.1450672,220082.53125,205754.609375,144718.25,219637.453125,195536.640625,190007.546875,197418.3125,199575.25,0.0
1763597536.146569,220101.75,205782.5,144782.09375,219624.671875,195687.203125,190018.453125,197708.703125,199723.125,0.0
1763597536.147828,220098.4375,205791.1875,144823.125,219614.125,195774.640625,190022.109375,197961.984375,199806.71875,0.0
1763597536.1488128,220074.75,205759.796875,144760.71875,219623.0625,195634.09375,190009.953125,197699.671875,199662.6875,0.0
1763597536.1526108,220073.9375,205751.84375,144710.125,219632.453125,195532.0,190009.421875,197414.90625,199565.421875,0.0
1763597536.182587,220098.53125,205787.78125,144766.71875,219622.078125,195666.640625,190023.453125,197652.375,199700.328125,0.0
1763597536.1850924,220101.484375,205802.359375,144826.53125,219618.0625,195788.59375,190030.15625,197970.84375,199821.296875,0.0
1763597536.1851087,220061.875,205756.21875,144761.171875,219600.171875,195658.15625,189998.59375,197768.953125,199689.6875,0.0
1763597536.185116,220069.125,205751.296875,144708.234375,219621.640625,195535.125,190004.234375,197446.640625,199569.265625,0.0
1763597536.185122,220104.515625,205790.109375,144759.375,219629.859375,195648.140625,190026.046875,197612.671875,199686.03125,0.0
1763597536.1874132,220107.296875,205801.734375,144823.578125,219621.453125,195789.578125,190028.109375,197963.953125,199827.5625,0.0
1763597536.187432,220084.40625,205779.203125,144792.015625,219629.859375,195711.171875,190017.015625,197862.390625,199746.015625,0.0
1763597536.1888273,220070.640625,205753.265625,144715.125,219624.3125,195548.625,190000.46875,197487.328125,199579.265625,0.0
1763597536.1904628,220093.703125,205771.15625,144737.75,219619.84375,195606.296875,190004.5,197538.734375,199633.546875,0.0
1763597536.19508,220092.359375,205784.296875,144798.265625,219609.828125,195760.703125,190005.125,197901.109375,199791.25,0.0
1763597536.1963255,220060.71875,205757.203125,144770.828125,219585.609375,195708.578125,189990.375,197884.46875,199736.359375,0.0
1763597536.1978366,220063.125,205744.59375,144710.46875,219608.21875,195556.21875,189996.09375,197528.984375,199582.671875,0.0
1763597536.2363346,220099.515625,205775.71875,144732.734375,219633.265625,195590.828125,190017.640625,197505.75,199626.203125,0.0
1763597536.236351,220120.703125,205814.25,144813.296875,219632.984375,195767.859375,190036.421875,197882.5,199804.40625,0.0
1763597536.236359,220099.0625,205799.140625,144811.859375,219609.125,195764.71875,190025.953125,197964.578125,199794.03125,0.0
1763597536.24133,220074.921875,205764.265625,144732.734375,219624.3125,195593.59375,190010.40625,197601.140625,199622.453125,0.0
1763597536.241346,220088.609375,205770.53125,144717.0,219644.25,195573.296875,190016.75,197468.828125,199607.171875,0.0
1763597536.2413564,220112.21875,205803.078125,144789.0625,219621.453125,195739.953125,190028.28125,197815.09375,199774.453125,0.0
1763597536.2425778,220094.234375,205793.328125,144802.828125,219600.265625,195777.859375,190019.703125,197984.515625,199807.078125,0.0
1763597536.2438052,220077.796875,205765.609375,144736.84375,219613.765625,195620.875,190007.546875,197664.796875,199647.046875,0.0
1763597536.2476444,220096.203125,205777.234375,144713.78125,219629.859375,195560.15625,190016.484375,197446.734375,199585.265625,0.0
1763597536.24883,220128.84375,205818.359375,144790.9375,219635.765625,195726.546875,190041.328125,197755.546875,199756.921875,0.0
1763597536.250076,220123.203125,205821.21875,144829.75,219624.765625,195811.390625,190038.46875,198013.046875,199839.171875,0.0
1763597536.2599227,220099.515625,205787.96875,144766.0,219622.53125,195668.34375,190019.96875,197751.34375,199690.859375,0.0
1763597536.259939,220095.40625,205770.078125,144707.078125,219619.671875,195551.671875,190008.515625,197446.015625,199573.90625,0.0
1763597536.261332,220122.765625,205810.9375,144774.84375,219638.71875,195696.140625,190035.078125,197686.34375,199722.59375,0.0
1763597536.2636907,220125.265625,205827.03125,144830.734375,219627.796875,195822.75,190046.703125,198011.515625,199847.046875,0.0
1763597536.2637181,220103.1875,205796.90625,144780.125,219629.40625,195710.09375,190034.0,197829.84375,199730.375,0.0
1763597536.2637265,220098.359375,205784.5625,144719.0625,219652.125,195575.8125,190032.390625,197488.046875,199601.71875,0.0
1763597536.2653627,220125.890625,205818.53125,144762.875,219638.265625,195676.84375,190050.453125,197636.28125,199702.125,0.0
1763597536.305206,220137.609375,205844.90625,144836.546875,219636.390625,195831.15625,190067.0,198000.171875,199854.015625,0.0
1763597536.3052323,220105.328125,205807.1875,144789.25,219619.21875,195736.5625,190029.984375,197883.3125,199757.1875,0.0
1763597536.307823,220076.53125,205766.0625,144698.3125,219603.84375,195556.578125,189996.8125,197491.34375,199575.875,0.0
1763597536.3078585,220101.484375,205792.4375,144726.125,219620.03125,195620.59375,190011.65625,197547.5,199644.546875,0.0
1763597536.307874,220126.609375,205827.75,144808.28125,219613.765625,195794.40625,190033.5625,197935.96875,199820.84375,0.0
1763597536.3101804,220112.296875,205811.390625,144796.3125,219613.859375,195762.3125,190030.875,197939.1875,199783.921875,0.0
1763597536.310212,220099.25,205786.078125,144723.0,219628.703125,195597.4375,190023.0,197567.609375,199619.328125,0.0
1763597536.3102212,220111.765625,205796.8125,144722.28125,219639.78125,195609.421875,190025.6875,197513.703125,199635.421875,0.0
1763597536.3102283,220129.640625,205827.296875,144797.46875,219625.21875,195780.8125,190039.546875,197884.390625,199805.828125,0.0
1763597536.3126867,220120.796875,205823.640625,144810.4375,219617.796875,195789.046875,190038.203125,197979.25,199804.125,0.0
1763597536.3127162,220104.609375,205795.734375,144739.796875,219638.625,195625.421875,190028.734375,197624.828125,199640.421875,0.0
1763597536.3142147,220117.125,205804.6875,144722.8125,219641.75,195595.65625,190030.78125,197481.515625,199613.6875,0.0
1763597536.3154216,220138.671875,205838.390625,144796.21875,219632.625,195762.9375,190045.09375,197826.53125,199779.71875,0.0
1763597536.3506677,220124.546875,205831.5,144815.796875,219618.328125,195809.421875,190042.046875,198010.71875,199826.921875,0.0
1763597536.3507247,220095.046875,205794.9375,144740.609375,219616.890625,195646.96875,190028.28125,197694.75,199662.421875,0.0
1763597536.3507347,220105.6875,205797.703125,144707.703125,219631.46875,195578.578125,190032.65625,197468.1875,199597.328125,0.0
1763597536.3507428,220133.765625,205832.9375,144778.421875,219634.15625,195740.140625,190052.78125,197768.609375,199762.109375,0.0
1763597536.3524096,220132.421875,205842.59375,144823.484375,219622.703125,195832.5,190054.5625,198030.5625,199846.78125,0.0
1763597536.3524337,220115.515625,205815.140625,144766.171875,219639.96875,195696.78125,190040.4375,197773.25,199703.546875,0.0
1763597536.3551068,220116.6875,205801.109375,144711.546875,219636.75,195582.15625,190034.453125,197470.78125,199590.71875,0.0
1763597536.3591528,220126.609375,205817.46875,144751.609375,219619.84375,195697.9375,190034.8125,197683.3125,199711.0625,0.0
1763597536.3611763,220136.34375,205839.734375,144815.078125,219620.828125,195826.6875,190048.046875,198008.84375,199839.0,0.0
1763597536.3611915,220124.28125,205822.203125,144779.140625,219634.234375,195725.65625,190048.40625,197844.78125,199737.4375,0.0
1763597536.3649087,220114.0,205798.15625,144707.53125,219633.890625,195577.421875,190029.53125,197487.5,199592.421875,0.0
1763597536.3649268,220131.96875,205817.828125,144738.375,219627.265625,195666.46875,190033.109375,197616.875,199686.375,0.0
1763597536.3736544,220130.1875,205829.359375,144795.328125,219601.875,195806.5625,190034.71875,197970.84375,199827.90625,0.0
1763597536.3736691,220106.21875,205804.140625,144763.5,219603.03125,195732.171875,190029.4375,197883.046875,199750.046875,0.0
1763597536.3861659,220098.0,205783.140625,144692.59375,219616.09375,195579.921875,190024.171875,197513.171875,199597.328125,0.0
1763597536.386182,220117.84375,205801.546875,144710.03125,219611.359375,195630.34375,190026.40625,197551.25,199647.21875,0.0
1763597536.391215,220145.828125,205840.796875,144799.875,219631.921875,195808.890625,190049.203125,197941.515625,199827.375,0.0
1763597536.3912313,220132.234375,205830.15625,144792.015625,219634.953125,195778.765625,190045.53125,197950.90625,199793.40625,0.0
1763597536.3925827,220104.875,205796.09375,144707.96875,219629.140625,195602.890625,190025.78125,197566.8125,199617.53125,0.0
1763597536.425007,220113.828125,205805.578125,144701.984375,219618.328125,195608.0,190023.453125,197505.203125,199627.46875,0.0
1763597536.4250317,220140.46875,205840.265625,144783.25,219618.0625,195781.984375,190038.75,197875.265625,199801.71875,0.0
1763597536.4276724,220132.6875,205833.5625,144795.953125,219617.609375,195794.9375,190038.921875,197979.875,199808.6875,0.0
1763597536.4276888,220113.46875,205799.046875,144718.96875,219617.25,195625.96875,190026.671875,197625.734375,199635.859375,0.0
1763597536.429011,220133.578125,205812.640625,144707.078125,219634.234375,195601.28125,190036.6875,197482.765625,199615.03125,0.0
1763597536.430073,220152.53125,205841.78125,144779.234375,219628.96875,195765.890625,190044.90625,197817.0625,199776.328125,0.0
1763597536.4317727,220131.875,205830.421875,144793.53125,219598.75,195807.90625,190034.890625,197999.8125,199813.515625,0.0
1763597536.4327345,220116.59375,205802.796875,144731.578125,219624.9375,195656.09375,190027.484375,197697.609375,199662.15625,0.0
1763597536.4338295,220131.078125,205807.984375,144702.609375,219628.78125,195585.46875,190035.609375,197471.234375,199593.84375,0.0
1763597536.440168,220142.25,205836.59375,144759.203125,219616.984375,195730.84375,190045.359375,197753.40625,199739.671875,0.0
1763597536.440184,220137.421875,205841.0625,144800.234375,219612.0625,195824.0,190049.46875,198018.40625,199832.296875,0.0
1763597536.4760327,220125.4375,205823.71875,144751.609375,219624.3125,195698.46875,190051.171875,197777.71875,199704.359375,0.0
1763597536.4760501,220115.703125,205804.046875,144688.296875,219629.0625,195578.578125,190037.140625,197464.96875,199587.046875,0.0
1763597536.4760582,220135.90625,205825.6875,144731.75,219615.203125,195700.703125,190043.84375,197676.875,199713.109375,0.0
1763597536.4998467,220139.03125,205837.84375,144788.171875,219603.9375,195825.96875,190050.28125,198003.46875,199838.28125,0.0
1763597536.4998617,220122.40625,205815.671875,144752.3125,219624.234375,195730.65625,190047.765625,197841.203125,199738.421875,0.0
1763597536.5089877,220128.65625,205808.25,144695.1875,219638.265625,195597.625,190049.46875,197502.4375,199610.5625,0.0
1763597536.5090036,220147.796875,205829.71875,144724.0625,219619.40625,195678.09375,190051.890625,197624.390625,199693.09375,0.0
1763597536.5125887,220151.546875,205844.46875,144787.71875,219622.265625,195823.546875,190047.328125,197978.890625,199839.265625,0.0
1763597536.513834,220128.3125,205821.046875,144754.90625,219616.984375,195751.140625,190038.203125,197895.015625,199759.421875,0.0
1763597536.5153291,220115.78125,205797.34375,144678.828125,219607.421875,195587.78125,190029.796875,197522.109375,199596.171875,0.0
1763597536.5174203,220149.40625,205828.640625,144713.6875,219635.578125,195655.921875,190049.375,197571.015625,199671.625,0.0
1763597536.5174365,220161.921875,205855.828125,144789.875,219635.40625,195823.46875,190062.796875,197946.515625,199839.359375,0.0
1763597536.5188358,220139.484375,205836.953125,144776.09375,219620.828125,195786.453125,190048.9375,197950.71875,199795.375,0.0
1763597536.5200794,220120.4375,205808.078125,144693.84375,219616.71875,195611.5625,190032.75,197572.078125,199617.8125,0.0
1763597536.521576,220136.34375,205821.21875,144694.296875,219630.3125,195622.390625,190037.84375,197508.78125,199630.953125,0.0
1763597536.522585,220147.890625,205851.890625,144773.234375,219618.0625,195794.3125,190052.15625,197878.21875,199805.46875,0.0
1763597536.523826,220128.390625,205846.875,144788.265625,219625.921875,195812.640625,190052.875,197989.171875,199815.03125,0.0
1763597536.526488,220114.71875,205828.8125,144724.953125,219647.296875,195659.046875,190056.625,197651.84375,199659.296875,0.0
1763597536.5275848,220117.84375,205825.875,144691.96875,219623.875,195608.53125,190051.796875,197483.390625,199611.28125,0.0
1763597536.5288336,220140.015625,205853.578125,144760.71875,219614.75,195769.1875,190059.3125,197810.625,199773.203125,0.0
1763597536.562936,220132.15625,205852.953125,144788.609375,219609.921875,195826.140625,190056.171875,198007.140625,199828.71875,0.0
1763597536.5629528,220105.421875,205818.8125,144715.578125,219614.484375,195666.546875,190037.9375,197696.09375,199667.703125,0.0
1763597536.5629604,220104.078125,205807.71875,144672.125,219624.3125,195584.125,190033.109375,197450.21875,199587.671875,0.0
1763597536.562966,220120.171875,205837.578125,144734.171875,219620.65625,195736.828125,190048.40625,197741.25,199746.46875,0.0
1763597536.5629716,220119.359375,205851.34375,144780.125,219606.4375,195836.0625,190057.34375,198019.65625,199843.65625,0.0
1763597536.5629768,220100.953125,205825.78125,144725.234375,219613.859375,195703.5625,190048.671875,197775.578125,199704.359375,0.0
1763597536.562982,220097.28125,205809.859375,144665.328125,219618.0625,195583.671875,190040.0,197461.9375,199585.53125,0.0
1763597536.5649235,220125.4375,205846.515625,144723.4375,219621.359375,195715.8125,190063.0625,197685.8125,199722.953125,0.0
1763597536.5649376,220128.3125,205861.8125,144782.453125,219613.671875,195842.421875,190071.015625,198016.703125,199850.359375,0.0
1763597536.5669668,220101.578125,205827.75,144732.203125,219615.28125,195729.671875,190045.1875,197837.53125,199736.0,0.0
1763597536.5675876,220098.171875,205813.984375,144670.953125,219628.34375,195590.828125,190042.9375,197488.9375,199595.0,0.0
1763597536.5688255,220131.96875,205849.65625,144715.125,219618.78125,195686.9375,190064.84375,197624.390625,199688.796875,0.0
1763597536.5700772,220154.140625,205877.8125,144793.4375,219624.140625,195845.71875,190070.578125,197989.53125,199848.296875,0.0
1763597536.6065187,220130.453125,205841.515625,144751.78125,219608.765625,195763.65625,190047.59375,197896.453125,199760.953125,0.0
1763597536.6112132,220137.953125,205817.109375,144682.3125,219641.75,195612.015625,190042.859375,197528.09375,199608.859375,0.0
1763597536.6112294,220170.859375,205845.453125,144703.765625,219633.796875,195665.65625,190060.296875,197566.546875,199667.96875,0.0
1763597536.6112373,220186.421875,205872.8125,144778.15625,219619.578125,195831.15625,190070.125,197938.75,199830.421875,0.0
1763597536.6112435,220151.640625,205848.3125,144760.1875,219615.640625,195800.3125,190059.75,197953.5,199796.984375,0.0
1763597536.616346,220142.875,205828.90625,144693.21875,219636.03125,195642.59375,190056.53125,197594.265625,199639.71875,0.0
1763597536.6178374,220163.4375,205845.546875,144693.21875,219643.265625,195645.8125,190061.71875,197521.65625,199644.625,0.0
1763597536.6189833,220177.03125,205873.796875,144768.046875,219642.921875,195816.125,190077.71875,197887.515625,199819.515625,0.0
1763597536.620087,220145.03125,205846.4375,144758.3125,219607.0625,195816.9375,190058.59375,197986.671875,199816.46875,0.0
1763597536.6215613,220115.4375,205807.625,144670.25,219602.5,195641.703125,190039.8125,197631.09375,199637.65625,0.0
1763597536.623672,220136.625,205826.3125,144663.359375,219636.828125,195615.6875,190057.515625,197483.484375,199621.203125,0.0
1763597536.6236858,220154.5,205864.5,144741.5,219628.515625,195785.109375,190075.484375,197821.53125,199793.578125,0.0
1763597536.627417,220137.78125,205854.296875,144760.546875,219613.140625,195836.421875,190066.09375,198015.1875,199844.359375,0.0
1763597536.6274357,220104.515625,205813.4375,144683.203125,219603.9375,195670.21875,190042.234375,197700.390625,199668.859375,0.0
1763597536.6599753,220106.21875,205809.328125,144641.625,219618.6875,195588.765625,190041.515625,197455.234375,199590.71875,0.0
1763597536.6600025,220142.515625,205852.515625,144716.28125,219618.78125,195749.078125,190066.09375,197747.5,199754.515625,0.0
1763597536.6600106,220138.40625,205866.640625,144767.421875,219609.75,195852.875,190075.046875,198030.390625,199857.859375,0.0
1763597536.6624436,220105.6875,205829.171875,144701.984375,219605.8125,195713.3125,190056.265625,197786.125,199716.515625,0.0
1763597536.6624632,220103.359375,205815.40625,144645.5625,219617.4375,195595.03125,190051.609375,197472.21875,199598.3125,0.0
1763597536.6638324,220136.0,205860.109375,144711.28125,219643.453125,195733.15625,190078.4375,197693.140625,199740.03125,0.0
1763597536.6652343,220131.25,205865.5625,144762.515625,219613.765625,195849.03125,190063.859375,198008.5625,199853.125,0.0
1763597536.6665823,220109.890625,205836.421875,144717.625,219608.5,195737.71875,190045.625,197840.3125,199736.0,0.0
1763597536.6676137,220105.421875,205824.53125,144655.40625,219621.640625,195599.953125,190047.421875,197492.953125,199599.75,0.0
1763597536.66883,220122.21875,205843.390625,144683.296875,219616.453125,195683.09375,190053.046875,197607.3125,199687.1875,0.0
1763597536.7001455,220132.78125,205860.46875,144751.421875,219607.6875,195833.65625,190052.875,197967.171875,199833.90625,0.0
1763597536.7049763,220116.59375,205844.015625,144729.609375,219607.15625,195772.6875,190052.0625,197904.5,199767.828125,0.0
1763597536.704996,220103.8125,205814.6875,144650.75,219599.90625,195603.078125,190038.203125,197523.890625,199595.359375,0.0
1763597536.7050033,220119.90625,205831.40625,144663.890625,219611.53125,195650.734375,190044.828125,197543.390625,199651.953125,0.0
1763597536.705024,220132.328125,205859.84375,144741.328125,219607.515625,195822.65625,190057.78125,197922.203125,199822.453125,0.0
1763597536.7063372,220110.78125,205845.1875,144731.125,219599.1875,195795.921875,190050.984375,197949.390625,199790.71875,0.0
1763597536.707584,220101.921875,205823.90625,144660.671875,219614.125,195628.375,190041.609375,197578.078125,199625.578125,0.0
1763597536.7090752,220111.578125,205835.53125,144657.546875,219622.4375,195632.40625,190051.34375,197503.421875,199632.734375,0.0
1763597536.7100809,220133.671875,205873.703125,144741.328125,219636.828125,195815.953125,190073.515625,197877.140625,199819.515625,0.0
1763597536.717614,220118.921875,205862.96875,144748.921875,219610.1875,195828.015625,190063.515625,197990.6875,199823.53125,0.0
1763597536.7199347,220088.96875,205825.421875,144666.390625,219606.703125,195652.96875,190044.640625,197638.6875,199646.6875,0.0
1763597536.7199504,220115.875,205844.46875,144656.46875,219629.234375,195627.21875,190065.5625,197483.9375,199622.28125,0.0
1763597536.7286704,220147.34375,205885.765625,144739.265625,219639.875,195804.78125,190088.1875,197828.0625,199801.890625,0.0
1763597536.728685,220137.25,205880.234375,144764.921875,219619.84375,195860.75,190081.484375,198030.203125,199852.859375,0.0
1763597536.7286923,220110.0625,205841.0625,144691.4375,219633.703125,195699.28125,190057.875,197719.609375,199689.25,0.0
1763597536.7324173,220107.5625,205829.53125,144639.84375,219613.671875,195603.171875,190048.671875,197458.984375,199596.53125,0.0
1763597536.7324317,220139.390625,205871.921875,144711.375,219620.390625,195760.515625,190073.078125,197743.84375,199757.453125,0.0
1763597536.7712777,220163.265625,205901.515625,144779.234375,219636.65625,195882.65625,190096.328125,198045.234375,199877.09375,0.0
1763597536.771299,220136.625,205862.796875,144712.703125,219631.921875,195741.484375,190077.09375,197803.03125,199732.515625,0.0
1763597536.7736845,220129.46875,205839.8125,144647.078125,219633.890625,195613.09375,190064.484375,197477.3125,199603.234375,0.0
1763597536.7737036,220167.015625,205876.03125,144704.75,219640.765625,195740.765625,190082.1875,197682.0625,199735.109375,0.0
1763597536.7753737,220169.96875,205892.03125,144767.609375,219629.6875,195872.453125,190087.375,198017.59375,199868.328125,0.0
1763597536.776332,220135.28125,205854.5625,144714.234375,219607.859375,195756.3125,190063.421875,197848.703125,199742.96875,0.0
1763597536.7779293,220135.546875,205842.859375,144652.984375,219634.421875,195617.203125,190063.234375,197495.546875,199605.109375,0.0
1763597536.780246,220158.25,205869.765625,144684.28125,219620.828125,195698.296875,190069.140625,197604.71875,199691.296875,0.0
1763597536.781588,220171.84375,205896.140625,144764.921875,219646.3125,195860.75,190083.796875,197980.3125,199854.109375,0.0
1763597536.7825916,220141.359375,205864.046875,144724.609375,219598.84375,195786.890625,190069.046875,197913.171875,199773.46875,0.0
1763597536.783832,220119.625,205833.5625,144643.0625,219600.796875,195621.40625,190057.25,197537.3125,199607.171875,0.0
1763597536.7853458,220156.015625,205869.140625,144676.859375,219638.0,195684.25,190086.671875,197569.671875,199675.296875,0.0
1763597536.816374,220165.140625,205891.21875,144748.296875,219625.03125,195848.40625,190088.71875,197941.875,199843.65625,0.0
1763597536.821242,220143.140625,205875.140625,144740.421875,219619.9375,195827.21875,190080.578125,197974.859375,199818.609375,0.0
1763597536.8212621,220142.703125,205864.84375,144680.53125,219652.296875,195676.390625,190088.359375,197620.1875,199663.578125,0.0
1763597536.8212695,220148.421875,205871.28125,144666.390625,219633.796875,195665.75,190085.59375,197527.203125,199653.484375,0.0
1763597536.8212762,220159.78125,205898.921875,144738.375,219630.671875,195833.484375,190091.40625,197885.1875,199822.8125,0.0
1763597536.8236709,220146.453125,205892.203125,144750.4375,219621.1875,195852.875,190087.828125,198013.3125,199839.265625,0.0
1763597536.823686,220134.65625,205869.234375,144681.6875,219626.734375,195691.234375,190082.546875,197670.96875,199673.328125,0.0
1763597536.825314,220145.109375,205874.859375,144658.796875,219638.625,195651.4375,190093.28125,197502.703125,199635.78125,0.0
1763597536.8265831,220159.15625,205895.25,144725.234375,219635.140625,195810.953125,190093.8125,197825.546875,199796.703125,0.0
1763597536.827735,220156.5625,205897.390625,144759.65625,219635.21875,195878.71875,190090.328125,198038.609375,199861.34375,0.0
1763597536.8324213,220140.375,205872.984375,144694.921875,219633.96875,195726.546875,190081.84375,197745.984375,199705.78125,0.0
1763597536.8324356,220134.828125,205865.484375,144646.28125,219626.28125,195632.3125,190079.421875,197483.296875,199612.265625,0.0
1763597536.8412929,220161.390625,205900.078125,144714.59375,219647.5625,195783.765625,190093.640625,197755.1875,199769.078125,0.0
1763597536.87126,220165.859375,205913.9375,144762.328125,219623.609375,195888.28125,190099.453125,198043.4375,199870.203125,0.0
1763597536.871277,220149.140625,205888.546875,144709.046875,219631.203125,195759.984375,190088.71875,197812.765625,199735.734375,0.0
1763597536.8712847,220139.484375,205867.4375,144641.359375,219631.46875,195628.375,190074.59375,197480.171875,199606.8125,0.0
1763597536.871291,220164.78125,205897.03125,144690.984375,219628.609375,195746.84375,190088.546875,197676.6875,199732.6875,0.0
1763597536.8812153,220180.25,205923.40625,144762.6875,219633.171875,195891.859375,190106.15625,198028.0625,199878.0625,0.0
1763597536.8812296,220160.3125,205897.484375,144720.3125,219624.5,195791.09375,190094.984375,197878.9375,199769.890625,0.0
1763597536.8812368,220137.0625,205866.640625,144639.9375,219622.703125,195633.203125,190078.171875,197509.140625,199611.09375,0.0
1763597536.8812425,220156.375,205889.34375,144670.6875,219629.0625,195715.546875,190085.859375,197613.21875,199698.984375,0.0
1763597536.8812475,220167.46875,205910.890625,144739.890625,219619.21875,195870.046875,190090.6875,197978.796875,199851.875,0.0
1763597536.8861873,220150.484375,205891.21875,144718.609375,219624.140625,195811.125,190082.46875,197924.34375,199792.78125,0.0
1763597536.8862035,220128.65625,205856.0,144638.5,219624.046875,195642.0625,190066.640625,197543.296875,199624.25,0.0
1763597536.8862114,220139.484375,205868.703125,144643.78125,219607.328125,195671.734375,190067.53125,197545.078125,199657.953125,0.0
1763597536.8875923,220177.5625,205917.6875,144740.609375,219634.6875,195862.984375,190102.125,197946.4375,199853.484375,0.0
1763597536.8900924,220159.859375,205901.234375,144732.375,219618.15625,195842.0625,190095.6875,197985.328125,199823.984375,0.0
1763597536.921446,220132.5,205864.671875,144645.125,219613.765625,195662.796875,190072.984375,197606.6875,199646.0625,0.0
1763597536.9287255,220158.796875,205885.328125,144648.34375,219639.34375,195668.15625,190087.296875,197522.28125,199651.953125,0.0
1763597536.928742,220171.3125,205910.453125,144718.515625,219623.0625,195836.609375,190095.6875,197877.59375,199821.125,0.0
1763597536.92875,220161.65625,205909.46875,144739.0,219626.640625,195869.859375,190101.859375,198020.90625,199852.234375,0.0
1763597536.928756,220146.640625,205879.328125,144667.828125,219638.625,195704.015625,190088.28125,197678.21875,199682.265625,0.0
1763597536.9349396,220143.953125,205867.71875,144626.515625,219618.0625,195635.078125,190070.484375,197473.5625,199614.234375,0.0
1763597536.9349558,220155.84375,205891.671875,144691.703125,219612.515625,195794.234375,190077.71875,197794.625,199773.640625,0.0
1763597536.9363391,220150.65625,205896.140625,144728.71875,219609.296875,195865.84375,190084.609375,198022.96875,199842.75,0.0
1763597536.9379132,220138.140625,205872.1875,144669.078125,219609.75,195718.765625,190078.53125,197734.453125,199692.015625,0.0
1763597536.9399276,220150.921875,205876.65625,144636.171875,219648.71875,195642.5,190089.609375,197476.15625,199615.921875,0.0
1763597536.9399436,220158.703125,205892.484375,144680.4375,219617.875,195771.15625,190086.671875,197726.578125,199746.46875,0.0
1763597536.941569,220145.828125,205891.140625,144717.53125,219592.3125,195867.453125,190083.09375,198010.453125,199841.6875,0.0
1763597536.942746,220122.9375,205861.359375,144662.640625,219593.5625,195738.4375,190069.671875,197784.34375,199707.484375,0.0
1763597536.9486744,220142.609375,205872.359375,144628.75,219633.703125,195637.9375,190089.796875,197485.625,199608.953125,0.0
1763597536.9486904,220167.90625,205905.703125,144679.1875,219634.6875,195758.46875,190105.0,197678.390625,199733.5,0.0
1763597536.9838517,220153.875,205903.125,144723.265625,219606.703125,195877.640625,190092.46875,198003.296875,199853.484375,0.0
1763597536.9838696,220127.40625,205871.640625,144681.859375,219615.375,195781.0,190079.15625,197864.0,199757.109375,0.0
1763597536.983878,220136.265625,205869.765625,144629.828125,219633.53125,195649.390625,190092.921875,197523.1875,199628.265625,0.0
1763597536.991351,220166.296875,205906.78125,144669.265625,219647.46875,195739.15625,190114.828125,197632.703125,199725.1875,0.0
1763597536.991367,220170.765625,205927.796875,144733.0,219628.609375,195889.71875,190117.421875,197993.640625,199872.078125,0.0
1763597536.992596,220150.65625,205910.09375,144713.34375,219628.96875,195836.421875,190113.671875,197947.140625,199814.40625,0.0
1763597536.993847,220121.515625,205869.59375,144625.984375,219615.640625,195658.15625,190085.859375,197561.53125,199639.265625,0.0
1763597536.9950943,220136.796875,205878.625,144631.703125,219620.109375,195688.09375,190085.140625,197553.40625,199671.625,0.0
1763597536.9966135,220164.96875,205914.46875,144713.609375,219627.453125,195862.171875,190097.84375,197923.453125,199841.859375,0.0
1763597536.9986744,220152.71875,205905.078125,144713.34375,219623.15625,195849.484375,190094.078125,197971.015625,199824.25,0.0
1763597536.9986887,220133.21875,205876.03125,144637.96875,219632.546875,195680.5,190080.40625,197604.546875,199652.5,0.0
1763597537.0289092,220138.765625,205883.171875,144625.453125,219628.25,195669.140625,190082.90625,197504.140625,199645.078125,0.0
1763597537.0316153,220159.234375,205915.984375,144703.6875,219623.609375,195839.640625,190099.265625,197857.734375,199812.71875,0.0
1763597537.036497,220148.875,205912.6875,144719.59375,219620.734375,195868.609375,190097.84375,197995.96875,199837.296875,0.0
1763597537.0365143,220132.78125,205885.140625,144649.765625,219620.109375,195706.15625,190088.8125,197663.453125,199670.109375,0.0
1763597537.0365229,220143.765625,205888.984375,144628.046875,219645.15625,195661.90625,190091.40625,197481.875,199633.625,0.0
1763597537.0376153,220168.890625,205920.46875,144696.171875,219629.859375,195820.328125,190105.0,197796.9375,199791.609375,0.0
1763597537.0390196,220173.71875,205933.78125,144738.640625,219629.234375,195900.359375,190114.921875,198027.53125,199865.015625,0.0
1763597537.0436919,220152.265625,205906.15625,144675.609375,219638.625,195753.546875,190104.640625,197745.0,199716.15625,0.0
1763597537.0437076,220149.21875,205895.875,144625.09375,219637.109375,195656.09375,190100.609375,197478.921875,199625.140625,0.0
1763597537.045092,220165.5,205920.640625,144678.28125,219628.78125,195791.453125,190108.65625,197733.546875,199766.046875,0.0
1763597537.0465915,220173.359375,205936.28125,144735.0625,219632.0,195905.71875,190116.4375,198023.59375,199874.140625,0.0
1763597537.0551279,220161.921875,205918.859375,144691.703125,219649.890625,195795.125,190117.421875,197821.703125,199759.96875,0.0
1763597537.0602012,220166.65625,205911.4375,144638.140625,219656.0625,195674.421875,190117.515625,197506.640625,199642.84375,0.0
1763597537.0602212,220177.921875,205931.28125,144674.0,219638.71875,195771.875,190117.328125,197671.6875,199742.4375,0.0
1763597537.062444,220185.703125,205950.765625,144740.421875,219641.3125,195911.796875,190129.84375,198013.390625,199883.078125,0.0
1763597537.0624585,220158.25,205917.953125,144695.453125,219640.671875,195815.859375,190113.125,197876.34375,199786.875,0.0
1763597537.06496,220139.84375,205887.46875,144613.46875,219622.34375,195658.953125,190095.609375,197511.5625,199627.28125,0.0
1763597537.0649767,220160.765625,205912.140625,144638.234375,219620.921875,195730.5625,190103.03125,197599.984375,199701.140625,0.0
1763597537.0676012,220178.015625,205943.4375,144716.90625,219631.375,195891.953125,190119.390625,197967.796875,199865.375,0.0
1763597537.128997,220146.640625,205912.859375,144686.25,219620.921875,195828.921875,190102.9375,197920.5,199802.515625,0.0
1763597537.1290295,220126.78125,205884.34375,144609.359375,219627.359375,195662.359375,190087.640625,197545.265625,199630.6875,0.0
1763597537.1290383,220132.953125,205893.1875,144612.671875,219617.609375,195688.015625,190087.375,197532.921875,199661.796875,0.0
1763597537.1301224,220149.578125,205921.984375,144688.921875,219611.53125,195852.96875,190099.265625,197901.015625,199828.453125,0.0
1763597537.1326149,220148.875,205921.09375,144699.203125,219620.5625,195850.109375,190102.3125,197961.0,199821.296875,0.0
1763597537.134928,220143.5,205903.203125,144633.3125,219625.484375,195696.6875,190103.46875,197614.546875,199666.71875,0.0
1763597537.134945,220150.203125,205903.828125,144616.328125,219636.828125,195680.859375,190099.8125,197505.03125,199656.609375,0.0
1763597537.1375976,220147.796875,205912.6875,144667.828125,219606.34375,195823.46875,190088.71875,197829.125,199801.53125,0.0
1763597537.1388788,220131.875,205906.421875,144678.015625,219587.125,195849.75,190086.21875,197973.4375,199824.96875,0.0
1763597537.1413507,220121.328125,205887.828125,144617.84375,219613.40625,195705.0,190090.234375,197662.5625,199681.203125,0.0
1763597537.1413655,220119.0,205882.828125,144584.140625,219614.390625,195647.515625,190088.09375,197466.3125,199627.28125,0.0
1763597537.1426,220133.21875,205904.1875,144642.703125,219596.0625,195792.796875,190088.546875,197763.140625,199775.078125,0.0
1763597537.1438413,220133.40625,205911.515625,144681.59375,219590.25,195869.15625,190095.421875,197995.515625,199847.84375,0.0
1763597537.1453636,220114.625,205884.78125,144620.625,219598.65625,195729.5,190089.4375,197724.4375,199703.734375,0.0
1763597537.150406,220121.875,205882.28125,144578.78125,219617.515625,195640.890625,190090.953125,197461.9375,199617.890625,0.0
1763597537.1513484,220146.1875,205914.296875,144636.796875,219616.1875,195775.09375,190100.609375,197701.28125,199749.859375,0.0
1763597537.1525924,220154.234375,205926.90625,144695.1875,219620.921875,195889.625,190103.46875,197996.59375,199862.0625,0.0
1763597537.1549559,220127.234375,205891.578125,144633.5,219590.96875,195760.875,190084.875,197784.6875,199727.953125,0.0
1763597537.154972,220130.0,205884.875,144582.71875,219617.875,195643.84375,190088.546875,197469.09375,199615.390625,0.0
1763597537.15498,220154.6875,205916.34375,144628.578125,219616.890625,195751.578125,190103.828125,197641.375,199726.4375,0.0
1763597537.1901913,220175.78125,205948.796875,144705.640625,219626.828125,195899.375,190122.15625,197987.828125,199870.296875,0.0
1763597537.1902082,220144.046875,205920.015625,144661.65625,219617.875,195809.25,190108.390625,197861.140625,199775.703125,0.0
1763597537.190216,220131.609375,205893.015625,144587.546875,219616.71875,195654.21875,190095.515625,197498.140625,199617.984375,0.0
1763597537.1952403,220152.890625,205913.484375,144613.203125,219614.21875,195723.953125,190105.96875,197579.953125,199691.203125,0.0
1763597537.1952565,220156.5625,205933.25,144677.65625,219598.5625,195876.921875,190115.984375,197945.0,199845.34375,0.0
1763597537.1952643,220146.28125,205923.59375,144668.359375,219609.921875,195835.171875,190114.203125,197924.265625,199802.609375,0.0
1763597537.196592,220139.84375,205902.671875,144599.4375,219618.5,195679.78125,190107.765625,197562.96875,199645.34375,0.0
1763597537.197599,220153.609375,205913.21875,144603.8125,219617.25,195703.484375,190109.46875,197540.171875,199672.53125,0.0
1763597537.22755,220166.65625,205941.65625,144680.171875,219622.34375,195870.40625,190121.796875,197908.53125,199844.453125,0.0
1763597537.2290971,220149.5,205926.8125,144677.75,219620.734375,195860.65625,190113.9375,197965.65625,199826.21875,0.0
1763597537.2301054,220142.34375,205909.46875,144611.59375,219624.5,195706.96875,190116.4375,197621.890625,199671.453125,0.0
1763597537.231345,220162.640625,205926.09375,144605.78125,219629.953125,195698.5625,190127.171875,197516.390625,199666.265625,0.0
1763597537.2341015,220172.65625,205954.265625,144671.21875,219616.546875,195860.484375,190138.875,197862.296875,199831.484375,0.0
1763597537.2361753,220165.671875,205953.453125,144693.671875,219622.625,195902.59375,190142.71875,198022.875,199869.75,0.0
1763597537.2361896,220144.390625,205917.421875,144620.171875,219629.5,195743.359375,190130.109375,197701.640625,199710.25,0.0
1763597537.237592,220150.65625,205917.15625,144588.96875,219632.359375,195683.359375,190128.953125,197499.21875,199652.578125,0.0
1763597537.2388506,220166.75,205945.765625,144651.640625,219618.328125,195832.578125,190134.046875,197797.84375,199805.5625,0.0
1763597537.2402456,220156.734375,205945.3125,144683.65625,219605.984375,195903.296875,190132.703125,198029.140625,199876.8125,0.0
1763597537.241371,220139.84375,205919.75,144625.0,219614.65625,195763.65625,190128.421875,197763.59375,199734.21875,0.0
1763597537.2425995,220145.734375,205911.96875,144581.640625,219630.3125,195669.234375,190122.421875,197487.78125,199642.484375,0.0
1763597537.278832,220165.671875,205936.46875,144634.21875,219624.578125,195798.703125,190128.328125,197724.25,199776.140625,0.0
1763597537.2788484,220153.078125,205937.359375,144671.9375,219603.390625,195899.453125,190122.421875,198013.390625,199876.546875,0.0
1763597537.2788565,220144.125,205920.46875,144634.21875,219625.484375,195792.171875,190121.359375,197821.703125,199764.515625,0.0
1763597537.2788625,220143.140625,205905.171875,144576.984375,219636.484375,195665.921875,190116.609375,197492.78125,199637.46875,0.0
1763597537.2788682,220161.203125,205932.625,144613.828125,219607.515625,195767.765625,190129.578125,197659.078125,199740.109375,0.0
1763597537.2788737,220177.03125,205958.640625,144686.0625,219614.84375,195915.1875,190138.875,198004.640625,199882.453125,0.0
1763597537.2788787,220151.46875,205929.21875,144647.890625,219616.0,195827.046875,190124.03125,197883.21875,199791.4375,0.0
1763597537.2812195,220135.015625,205900.96875,144570.109375,219615.46875,195666.375,190109.375,197517.71875,199634.96875,0.0
1763597537.2812364,220150.75,205918.859375,144590.046875,219610.734375,195729.140625,190110.359375,197584.25,199700.421875,0.0
1763597537.2812445,220162.8125,205940.3125,144661.484375,219606.171875,195886.9375,190116.4375,197947.328125,199857.59375,0.0
1763597537.2812507,220156.109375,205935.390625,144655.84375,219615.640625,195853.234375,190122.703125,197932.578125,199816.640625,0.0
1763597537.2836936,220152.09375,205917.875,144588.796875,219624.3125,195697.671875,190118.3125,197570.46875,199658.578125,0.0
1763597537.2837076,220173.90625,205933.6875,144595.59375,219629.953125,195723.0625,190127.171875,197549.5625,199689.6875,0.0
1763597537.2837143,220187.40625,205951.21875,144658.34375,219608.5,195876.390625,190127.796875,197903.609375,199842.578125,0.0
1763597537.289101,220170.59375,205931.453125,144651.46875,219599.46875,195863.875,190114.46875,197965.203125,199824.515625,0.0
1763597537.325492,220151.1875,205899.984375,144578.59375,219616.09375,195699.640625,190095.15625,197607.84375,199657.859375,0.0
1763597537.325506,220180.703125,205928.0625,144584.140625,219645.59375,195699.640625,190119.484375,197510.21875,199665.90625,0.0
1763597537.3274646,220198.671875,205955.59375,144653.796875,219632.359375,195860.03125,190130.296875,197852.5625,199826.390625,0.0
1763597537.327481,220178.015625,205944.78125,144663.984375,219610.375,195889.453125,190121.890625,198001.5,199851.34375,0.0
1763597537.327489,220163.078125,205919.296875,144598.890625,219613.40625,195734.5,190113.046875,197683.046875,199692.8125,0.0
1763597537.3274949,220181.328125,205930.03125,144579.671875,219640.671875,195684.34375,190123.140625,197485.890625,199644.8125,0.0
1763597537.3300993,220190.265625,205956.40625,144635.828125,219616.09375,195830.890625,190131.09375,197781.125,199795.375,0.0
1763597537.3338616,220175.875,205949.15625,144663.53125,219602.140625,195900.078125,190120.640625,198007.9375,199860.453125,0.0
1763597537.3350976,220157.453125,205921.625,144608.015625,219621.546875,195765.703125,190112.953125,197746.703125,199723.484375,0.0
1763597537.336499,220165.234375,205918.765625,144564.734375,219629.40625,195670.84375,190116.890625,197476.421875,199631.84375,0.0
1763597537.3386843,220201.53125,205960.875,144630.8125,219627.265625,195812.203125,190139.5,197723.625,199772.390625,0.0
1763597537.3387005,220197.59375,205969.28125,144679.890625,219618.234375,195924.5,190143.609375,198025.375,199884.421875,0.0
1763597537.3738494,220173.359375,205937.453125,144625.453125,219615.640625,195803.890625,190127.53125,197825.015625,199759.875,0.0
1763597537.3763871,220163.171875,205911.34375,144555.0,219622.4375,195666.640625,190110.53125,197485.09375,199628.890625,0.0
1763597537.3764036,220177.484375,205931.453125,144588.34375,219612.875,195760.875,190118.3125,197638.6875,199727.0625,0.0
1763597537.3764117,220190.171875,205959.171875,144660.40625,219611.53125,195906.171875,190136.375,197990.234375,199869.578125,0.0
1763597537.377751,220162.453125,205930.65625,144619.90625,219600.09375,195816.84375,190117.328125,197869.90625,199772.125,0.0
1763597537.3790965,220161.203125,205913.3125,144558.21875,219626.734375,195672.359375,190114.5625,197515.40625,199629.515625,0.0
1763597537.3801045,220173.09375,205923.59375,144573.6875,219617.609375,195728.328125,190108.390625,197569.21875,199688.53125,0.0
1763597537.381354,220171.75,205942.1875,144636.265625,219589.71875,195878.53125,190108.125,197929.09375,199836.3125,0.0
1763597537.3840814,220170.6875,205937.984375,144631.796875,219596.515625,195844.5625,190114.015625,197920.765625,199797.25,0.0
1763597537.3866148,220161.65625,205917.328125,144561.609375,219610.1875,195684.703125,190107.9375,197557.328125,199638.015625,0.0
1763597537.420394,220179.71875,205936.5625,144571.0,219627.171875,195712.234375,190122.875,197531.859375,199671.359375,0.0
1763597537.420418,220196.703125,205966.328125,144645.203125,219626.46875,195879.875,190137.71875,197895.109375,199839.890625,0.0
1763597537.4204247,220172.46875,205948.890625,144636.625,219595.703125,195869.15625,190127.875,197963.78125,199822.734375,0.0
1763597537.420431,220145.375,205909.734375,144554.734375,219600.453125,195697.3125,190106.78125,197602.03125,199649.453125,0.0
1763597537.4204357,220150.65625,205912.421875,144537.03125,219615.828125,195675.578125,190106.78125,197477.9375,199637.65625,0.0
1763597537.4204416,220193.921875,205964.8125,144628.125,219615.375,195860.65625,190141.03125,197840.125,199823.078125,0.0
1763597537.4249372,220197.6875,205974.109375,144660.59375,219610.90625,195911.53125,190147.8125,198012.328125,199865.90625,0.0
1763597537.4249592,220175.328125,205939.953125,144590.3125,219617.875,195750.859375,190127.796875,197687.59375,199698.546875,0.0
1763597537.426656,220166.75,205925.828125,144546.859375,219622.53125,195676.84375,190113.125,197464.96875,199631.125,0.0
1763597537.4275897,220185.609375,205955.421875,144609.984375,219607.15625,195823.46875,190123.40625,197755.1875,199779.1875,0.0
1763597537.429092,220185.53125,205969.640625,144653.171875,219603.484375,195910.09375,190133.421875,198002.3125,199861.34375,0.0
1763597537.4313867,220176.859375,205950.859375,144605.59375,219626.375,195782.421875,190131.28125,197753.765625,199731.0,0.0
1763597537.4338295,220167.28125,205935.21875,144547.9375,219624.765625,195673.703125,190122.96875,197467.65625,199624.953125,0.0
1763597537.462648,220185.53125,205962.03125,144595.9375,219617.078125,195799.328125,190130.109375,197693.953125,199754.515625,0.0
1763597537.46621,220194.203125,205976.78125,144654.234375,219622.171875,195920.734375,190140.9375,198008.390625,199871.453125,0.0
1763597537.466223,220165.59375,205938.515625,144595.859375,219603.3125,195795.75,190117.515625,197807.21875,199739.75,0.0
1763597537.46623,220166.390625,205926.71875,144540.875,219623.609375,195671.296875,190114.921875,197477.84375,199614.765625,0.0
1763597537.4662364,220190.703125,205959.53125,144588.34375,219637.015625,195777.6875,190132.359375,197636.1875,199726.703125,0.0
1763597537.4686832,220205.28125,205987.96875,144661.296875,219622.171875,195924.046875,190148.0,197986.578125,199866.53125,0.0
1763597537.46869,220194.5625,205969.015625,144635.734375,219638.0,195851.625,190141.296875,197887.6875,199787.140625,0.0
1763597537.47026,220168.265625,205932.984375,144549.90625,219625.484375,195687.203125,190123.234375,197517.375,199626.484375,0.0
1763597537.4713469,220181.140625,205946.5625,144565.8125,219617.34375,195741.03125,190122.703125,197567.609375,199684.859375,0.0
1763597537.4725893,220201.703125,205976.515625,144643.78125,219616.0,195904.640625,190136.640625,197935.796875,199844.28125,0.0
1763597537.5099988,220179.984375,205956.9375,144623.03125,219613.765625,195863.25,190129.21875,197925.15625,199799.921875,0.0
1763597537.5113428,220167.640625,205930.828125,144548.203125,219615.640625,195699.1875,190115.28125,197557.59375,199641.953125,0.0
1763597537.5138307,220179.171875,205940.578125,144546.140625,219608.671875,195709.109375,190113.671875,197512.1875,199653.75,0.0
1763597537.5138466,220203.40625,205977.328125,144627.6875,219618.78125,195882.828125,190135.65625,197881.96875,199829.25,0.0
1763597537.5138538,220185.078125,205961.046875,144627.234375,219602.6875,195877.28125,190125.28125,197954.5625,199817.453125,0.0
1763597537.51386,220168.984375,205934.046875,144557.140625,219610.28125,195718.5,190115.28125,197608.75,199658.390625,0.0
1763597537.5151956,220177.75,205937.890625,144542.125,219624.671875,195694.53125,190113.21875,197478.03125,199642.65625,0.0
1763597537.5188956,220179.796875,205953.546875,144597.375,219593.03125,195840.09375,190113.75,197803.203125,199788.125,0.0
1763597537.5200975,220193.484375,205974.734375,144644.21875,219617.875,195909.390625,190135.296875,197997.75,199851.6875,0.0
1763597537.5213377,220170.59375,205935.9375,144566.078125,219603.9375,195742.375,190116.265625,197678.5625,199681.734375,0.0
1763597537.5550315,220170.140625,205923.140625,144523.796875,219602.328125,195665.65625,190105.796875,197453.703125,199609.671875,0.0
1763597537.555054,220196.171875,205961.5,144593.625,219606.4375,195821.5,190126.265625,197751.078125,199769.703125,0.0
1763597537.557467,220194.5625,205967.578125,144634.125,219605.984375,195902.859375,190126.453125,197992.390625,199848.125,0.0
1763597537.5574853,220172.375,205938.96875,144575.5625,219612.25,195769.1875,190115.71875,197735.796875,199708.734375,0.0
1763597537.557492,220162.8125,205922.875,144516.015625,219602.6875,195663.15625,190109.46875,197452.015625,199607.25,0.0
1763597537.560106,220190.4375,205957.484375,144577.703125,219612.78125,195799.953125,190130.203125,197685.09375,199745.84375,0.0
1763597537.560134,220191.875,205971.6875,144633.9375,219608.671875,195916.53125,190135.21875,197992.296875,199858.125,0.0
1763597537.560145,220170.421875,205946.65625,144586.734375,219607.515625,195805.40625,190124.9375,197808.125,199742.078125,0.0
1763597537.5601528,220167.375,205934.859375,144527.109375,219612.25,195677.8125,190124.578125,197480.265625,199615.65625,0.0
1763597537.5601609,220194.828125,205966.234375,144572.15625,219623.328125,195779.75,190140.125,197629.484375,199720.0,0.0
1763597537.5649943,220196.96875,205981.53125,144629.734375,219606.4375,195917.4375,190142.546875,197970.03125,199855.09375,0.0
1763597537.5650167,220181.859375,205963.734375,144603.359375,219615.5625,195848.234375,190135.65625,197877.40625,199783.484375,0.0
1763597537.565024,220173.09375,205944.609375,144533.625,219615.828125,195695.796875,190130.65625,197517.90625,199630.140625,0.0
1763597537.567604,220192.3125,205966.59375,144558.21875,219623.15625,195758.203125,190144.328125,197577.625,199698.1875,0.0
1763597537.6050596,220188.296875,205981.53125,144616.78125,219596.0625,195907.0625,190149.078125,197938.390625,199846.15625,0.0
1763597537.6050887,220169.515625,205966.328125,144603.1875,219593.734375,195869.953125,190141.203125,197937.484375,199804.3125,0.0
1763597537.6050975,220160.671875,205942.546875,144536.40625,219624.578125,195713.21875,190134.3125,197580.9375,199651.609375,0.0
1763597537.6099825,220165.140625,205945.046875,144527.28125,219601.421875,195719.75,190133.6875,197528.0,199660.8125,0.0
1763597537.6100104,220180.421875,205974.28125,144602.46875,219597.578125,195887.203125,190146.390625,197888.765625,199826.390625,0.0
1763597537.6100187,220163.0,205961.765625,144603.015625,219592.484375,195890.96875,190140.9375,197975.21875,199824.515625,0.0
1763597537.611356,220149.859375,205935.390625,144534.25,219612.25,195733.703125,190133.0625,197636.28125,199666.71875,0.0
1763597537.612926,220154.953125,205938.96875,144512.703125,219610.453125,195700.890625,190135.65625,197497.96875,199641.859375,0.0
1763597537.61385,220169.875,205966.6875,144579.3125,219596.953125,195859.5,190146.125,197829.125,199802.703125,0.0
1763597537.615256,220161.75,205966.6875,144603.1875,219586.3125,195904.828125,190143.4375,198000.96875,199840.4375,0.0
1763597537.6188772,220139.84375,205935.75,144534.703125,219600.796875,195751.84375,190128.234375,197686.796875,199684.421875,0.0
1763597537.6201084,220142.4375,205932.625,144498.3125,219608.578125,195683.8125,190130.46875,197466.859375,199622.015625,0.0
1763597537.627628,220169.96875,205969.546875,144567.609375,219597.234375,195836.78125,190151.484375,197760.46875,199778.375,0.0
1763597537.661266,220167.28125,205975.625,144607.65625,219595.34375,195920.734375,190149.96875,198008.84375,199860.1875,0.0
1763597537.6612897,220140.546875,205938.171875,144541.9375,219596.78125,195779.390625,190129.140625,197749.5625,199717.765625,0.0
1763597537.6612968,220127.5,205915.8125,144478.203125,219588.640625,195662.625,190116.171875,197451.03125,199607.171875,0.0
1763597537.661302,220163.625,205956.84375,144543.828125,219593.921875,195797.171875,190141.46875,197684.109375,199746.546875,0.0
1763597537.661307,220181.59375,205986.4375,144614.8125,219604.015625,195933.25,190160.515625,198010.8125,199878.421875,0.0
1763597537.663938,220149.859375,205954.4375,144563.84375,219605.546875,195821.046875,190148.0,197828.765625,199758.171875,0.0
1763597537.6639879,220132.78125,205939.5,144501.0,219605.28125,195687.5625,190142.984375,197493.671875,199625.671875,0.0
1763597537.665134,220163.890625,205976.78125,144550.796875,219619.21875,195793.15625,190158.734375,197638.15625,199735.640625,0.0
1763597537.666581,220161.390625,205987.078125,144606.140625,219602.140625,195924.21875,190152.921875,197971.90625,199865.375,0.0
1763597537.6702843,220134.921875,205953.71875,144566.0,219588.375,195840.546875,190131.09375,197868.828125,199775.078125,0.0
1763597537.6713915,220133.765625,205939.859375,144504.484375,219607.15625,195695.609375,190131.1875,197513.25,199628.625,0.0
1763597537.672618,220156.375,205967.40625,144531.84375,219621.359375,195757.21875,190142.640625,197561.359375,199695.40625,0.0
1763597537.6742606,220157.546875,205983.046875,144591.109375,219595.34375,195905.8125,190142.90625,197916.484375,199845.4375,0.0
1763597537.6753876,220134.109375,205955.6875,144566.4375,219568.265625,195857.609375,190126.359375,197909.15625,199788.390625,0.0
1763597537.708792,220121.953125,205928.515625,144494.109375,219587.484375,195697.84375,190121.171875,197550.453125,199629.34375,0.0
1763597537.70884,220139.125,205942.28125,144497.15625,219593.109375,195709.015625,190124.65625,197495.015625,199644.359375,0.0
1763597537.7088497,220166.484375,205979.46875,144582.09375,219595.078125,195882.390625,190144.328125,197862.03125,199815.125,0.0
1763597537.7088585,220178.1875,205993.515625,144612.21875,219609.828125,195913.140625,190160.515625,197978.625,199839.796875,0.0
1763597537.7104397,220151.546875,205956.046875,144531.84375,219610.375,195741.828125,190133.421875,197618.9375,199665.8125,0.0
1763597537.7116368,220151.1875,205953.28125,144503.765625,219597.3125,195701.328125,190127.4375,197465.25,199626.921875,0.0
1763597537.7128615,220175.6875,205989.484375,144579.859375,219599.28125,195869.859375,190145.3125,197803.203125,199797.875,0.0
1763597537.7149265,220177.03125,205997.625,144614.90625,219608.3125,195929.234375,190154.796875,197993.8125,199850.890625,0.0
1763597537.714939,220158.703125,205972.234375,144550.703125,219614.296875,195780.015625,190147.28125,197691.0,199699.25,0.0
1763597537.716348,220163.0,205967.671875,144514.046875,219614.21875,195706.78125,190143.4375,197463.1875,199629.96875,0.0
1763597537.720144,220180.609375,205993.328125,144573.140625,219610.8125,195851.453125,190153.453125,197741.0625,199776.859375,0.0
1763597537.7288132,220182.671875,205999.140625,144616.59375,219605.71875,195941.21875,190156.21875,198000.703125,199864.484375,0.0
1763597537.7288396,220161.390625,205972.9375,144558.390625,219610.015625,195809.25,190145.578125,197756.984375,199731.265625,0.0
1763597537.7324317,220161.828125,205964.546875,144504.03125,219606.609375,195700.625,190142.359375,197463.359375,199623.796875,0.0
1763597537.7324507,220189.375,205998.6875,144561.703125,219622.796875,195829.71875,190158.734375,197682.5,199756.125,0.0
1763597537.7351427,220197.0625,206012.28125,144621.6875,219625.5625,195953.109375,190165.078125,197999.1875,199878.421875,0.0
1763597537.7749813,220170.328125,205976.875,144562.5,219589.890625,195836.25,190146.390625,197821.796875,199755.21875,0.0
1763597537.7750053,220168.71875,205963.46875,144503.046875,219616.0,195707.0625,190145.046875,197488.84375,199631.484375,0.0
1763597537.7800364,220193.84375,205993.234375,144543.734375,219629.5,195803.796875,190159.625,197623.765625,199734.84375,0.0
1763597537.780064,220183.734375,205997.171875,144592.640625,219592.9375,195933.609375,190156.046875,197965.125,199863.765625,0.0
1763597537.7800734,220162.28125,205973.125,144561.53125,219585.15625,195858.25,190146.203125,197879.015625,199780.890625,0.0
1763597537.781406,220154.328125,205955.328125,144495.71875,219602.234375,195711.078125,190142.0,197522.375,199633.09375,0.0
1763597537.7826638,220172.5625,205973.03125,144512.34375,219603.578125,195762.84375,190152.734375,197562.703125,199691.03125,0.0
1763597537.783873,220172.375,205988.234375,144570.46875,219583.453125,195912.25,190153.265625,197916.484375,199841.5,0.0
1763597537.7852747,220150.203125,205971.328125,144556.15625,219580.0625,195880.0625,190142.984375,197926.3125,199808.328125,0.0
1763597537.786364,220133.125,205942.359375,144482.390625,219588.90625,195714.65625,190131.015625,197558.40625,199640.6875,0.0
1763597537.7887158,220145.734375,205953.1875,144481.59375,219601.078125,195719.9375,190127.34375,197490.90625,199649.640625,0.0
1763597537.788741,220165.046875,205987.15625,144556.609375,219596.15625,195886.40625,190142.546875,197852.640625,199817.8125,0.0
1763597537.7938824,220177.296875,205998.515625,144582.796875,219594.1875,195913.140625,190156.21875,197972.1875,199837.484375,0.0
1763597537.8300383,220150.828125,205954.609375,144502.0625,219598.03125,195741.296875,190125.640625,197616.609375,199668.5,0.0
1763597537.830067,220153.875,205957.65625,144482.84375,219620.65625,195708.21875,190128.234375,197465.421875,199641.5,0.0
1763597537.8300772,220180.703125,205999.859375,144563.84375,219607.234375,195878.71875,190148.53125,197805.265625,199813.875,0.0
1763597537.8324533,220188.46875,206010.3125,144605.421875,219616.890625,195944.875,190158.453125,198005.265625,199873.25,0.0
1763597537.832472,220159.859375,205970.890625,144523.96875,219588.5625,195779.203125,190137.71875,197691.984375,199698.625,0.0
1763597537.8349893,220172.5625,205975.453125,144493.84375,219617.875,195712.328125,190142.09375,197463.015625,199635.859375,0.0
1763597537.835022,220202.328125,206008.796875,144560.71875,219618.78125,195861.8125,190158.375,197738.828125,199782.9375,0.0
1763597537.8378105,220205.640625,206016.3125,144605.6875,219615.375,195957.125,190160.15625,198005.53125,199873.875,0.0
1763597537.8388767,220184.71875,205984.03125,144545.078125,219607.59375,195819.34375,190145.578125,197759.921875,199731.71875,0.0
1763597537.840376,220187.140625,205980.453125,144499.203125,219617.96875,195714.125,190148.4375,197466.765625,199630.859375,0.0
1763597537.8413644,220200.09375,206004.140625,144547.125,219614.75,195830.609375,190151.9375,197671.859375,199754.234375,0.0
1763597537.844067,220199.203125,206019.25,144601.578125,219594.984375,195949.171875,190156.671875,197987.5625,199868.953125,0.0
1763597537.8451324,220192.765625,206003.796875,144571.53125,219617.25,195856.0,190153.0,197831.8125,199771.140625,0.0
1763597537.8762925,220184.09375,205982.15625,144502.609375,219616.0,195712.78125,190139.859375,197487.15625,199631.9375,0.0
1763597537.876316,220199.390625,205998.6875,144532.28125,219601.609375,195794.140625,190142.640625,197604.453125,199713.203125,0.0
1763597537.8787196,220207.515625,206020.78125,144601.40625,219596.59375,195945.6875,190150.859375,197961.984375,199859.109375,0.0
1763597537.8787382,220195.625,206009.875,144585.3125,219613.765625,195891.40625,190153.984375,197900.203125,199802.34375,0.0
1763597537.8787453,220186.234375,205990.109375,144519.0625,219621.71875,195741.828125,190147.375,197545.265625,199653.390625,0.0
1763597537.8840623,220198.75,206002.625,144529.6875,219622.96875,195784.65625,190148.171875,197565.640625,199695.765625,0.0
1763597537.8851175,220210.65625,206028.015625,144600.328125,219626.28125,195943.984375,190153.71875,197927.921875,199853.75,0.0
1763597537.8863835,220186.421875,206005.21875,144580.828125,219593.03125,195906.875,190140.75,197937.9375,199809.671875,0.0
1763597537.8876295,220170.234375,205981.171875,144506.625,219593.828125,195744.609375,190131.015625,197575.03125,199645.171875,0.0
1763597537.888861,220189.28125,205997.796875,144510.203125,219617.4375,195757.21875,190140.046875,197511.46875,199660.984375,0.0
1763597537.923703,220206.09375,206022.65625,144578.421875,219598.84375,195917.703125,190151.484375,197862.84375,199819.953125,0.0
1763597537.923734,220206.625,206027.125,144600.5,219610.734375,195946.046875,190160.6875,197985.40625,199844.09375,0.0
1763597537.9264348,220199.828125,206008.703125,144539.703125,219630.21875,195796.015625,190159.359375,197655.140625,199693.09375,0.0
1763597537.9264576,220203.234375,206003.515625,144508.59375,219619.21875,195746.21875,190149.78125,197485.546875,199649.453125,0.0
1763597537.926465,220223.609375,206031.78125,144576.28125,219616.359375,195902.40625,190159.796875,197809.8125,199810.03125,0.0
1763597537.9264708,220220.75,206037.578125,144607.5625,219614.84375,195962.9375,190165.515625,198008.84375,199864.21875,0.0
1763597537.9285524,220195.984375,206006.734375,144538.71875,219619.40625,195812.828125,190153.984375,197711.828125,199709.984375,0.0
1763597537.9285767,220207.4375,206006.5625,144506.984375,219641.9375,195745.328125,190161.140625,197484.203125,199649.015625,0.0
1763597537.9517188,220227.453125,206040.53125,144568.9375,219635.671875,195891.234375,190177.5,197761.53125,199800.015625,0.0
1763597537.960157,220204.390625,206028.640625,144593.53125,219591.140625,195962.140625,190156.40625,198007.234375,199862.78125,0.0
1763597537.961382,220178.46875,205998.78125,144537.109375,219597.046875,195833.390625,190144.515625,197771.90625,199731.71875,0.0
1763597537.9626312,220186.328125,205997.359375,144492.046875,219622.96875,195731.828125,190148.796875,197480.265625,199634.53125,0.0
1763597537.9641306,220215.46875,206029.0,144548.5625,219633.078125,195856.359375,190167.046875,197686.609375,199760.859375,0.0
1763597537.9666784,220213.328125,206038.21875,144596.75,219597.671875,195973.9375,190170.890625,198002.3125,199875.03125,0.0
1763597537.968758,220189.1875,206013.71875,144552.84375,219599.109375,195872.1875,190157.828125,197843.703125,199773.28125,0.0
1763597537.9687977,220182.3125,205994.21875,144490.265625,219622.53125,195732.984375,190147.28125,197494.484375,199635.421875,0.0
1763597537.9701736,220200.09375,206017.015625,144521.109375,219619.125,195814.078125,190158.453125,197609.015625,199718.75,0.0
1763597537.972598,220206.53125,206034.28125,144581.28125,219594.546875,195957.84375,190167.125,197962.4375,199862.609375,0.0
1763597537.9726348,220196.078125,206017.640625,144559.921875,219607.59375,195898.5625,190161.765625,197896.28125,199796.984375,0.0
1763597537.972646,220179.359375,206000.75,144493.578125,219618.328125,195747.46875,190156.671875,197535.25,199646.953125,0.0
1763597537.9726572,220184.90625,206016.3125,144504.125,219612.25,195792.4375,190161.765625,197556.703125,199695.5,0.0
1763597538.0113406,220197.78125,206036.25,144568.671875,219595.625,195945.234375,190161.59375,197914.328125,199848.5625,0.0
1763597538.0114136,220188.75,206023.453125,144562.234375,219600.984375,195917.4375,190155.0625,197935.171875,199819.0625,0.0
1763597538.0114264,220179.796875,205999.234375,144495.453125,219618.953125,195756.859375,190148.359375,197577.265625,199656.78125,0.0
1763597538.011436,220184.625,206004.953125,144480.078125,219590.796875,195751.578125,190148.796875,197502.890625,199654.546875,0.0
1763597538.013801,220199.03125,206032.84375,144550.796875,219587.390625,195916.359375,190158.1875,197858.1875,199822.28125,0.0
1763597538.013841,220189.546875,206024.359375,144562.953125,219587.65625,195934.328125,190154.34375,197972.0,199836.3125,0.0
1763597538.0138507,220165.671875,205990.203125,144486.515625,219580.78125,195770.796875,190141.109375,197633.0625,199671.625,0.0
1763597538.0138607,220175.78125,205993.78125,144467.28125,219595.34375,195735.84375,190143.53125,197474.8125,199642.390625,0.0
1763597538.016427,220200.09375,206025.515625,144538.09375,219590.515625,195892.9375,190153.8125,197792.65625,199800.28125,0.0
1763597538.0164595,220192.671875,206021.046875,144561.96875,219582.03125,195945.0625,190146.828125,197982.734375,199849.8125,0.0
1763597538.0164688,220161.46875,205983.21875,144488.75,219588.5625,195787.609375,190121.359375,197678.03125,199690.578125,0.0
1763597538.0176344,220153.703125,205968.296875,144436.359375,219573.625,195693.46875,190108.390625,197421.609375,199595.640625,0.0
1763597538.0200124,220202.6875,206027.03125,144519.59375,219581.3125,195856.546875,190148.171875,197714.953125,199760.765625,0.0
1763597538.0200446,220215.296875,206049.203125,144580.390625,219598.296875,195968.03125,190168.65625,198003.75,199868.953125,0.0
1763597538.0501618,220173.546875,206000.65625,144506.359375,219585.0625,195826.6875,190141.296875,197760.28125,199724.734375,0.0
1763597538.0525,220166.84375,205983.21875,144446.640625,219587.484375,195707.0625,190131.1875,197450.671875,199608.0625,0.0
1763597538.0525367,220199.390625,206022.125,144504.125,219588.375,195830.703125,190150.6875,197653.265625,199734.578125,0.0
1763597538.0525484,220213.234375,206046.171875,144570.546875,219587.484375,195965.890625,190165.796875,197982.546875,199864.84375,0.0
1763597538.053907,220218.34375,206040.890625,144547.125,219610.1875,195887.203125,190175.890625,197850.859375,199780.171875,0.0
1763597538.0553896,220206.796875,206013.796875,144475.515625,219605.28125,195740.140625,190161.140625,197497.4375,199632.203125,0.0
1763597538.0563822,220218.15625,206034.71875,144506.1875,219604.015625,195821.671875,190172.9375,197607.578125,199718.296875,0.0
1763597538.0589955,220229.0625,206057.875,144574.578125,219609.390625,195970.09375,190174.546875,197958.6875,199868.6875,0.0
1763597538.0601544,220194.109375,206025.609375,144533.71875,219577.640625,195890.15625,190154.25,197882.5,199784.1875,0.0
1763597538.0925825,220171.40625,205996.546875,144456.109375,219582.125,195731.109375,190145.9375,197521.84375,199628.453125,0.0
1763597538.092625,220195.265625,206018.546875,144476.3125,219599.1875,195783.59375,190160.609375,197546.78125,199686.828125,0.0
1763597538.0950887,220198.75,206035.078125,144539.265625,219578.71875,195937.546875,190160.875,197904.765625,199840.96875,0.0
1763597538.0951333,220172.65625,206018.359375,144526.203125,219564.859375,195908.484375,190151.75,197928.8125,199806.359375,0.0
1763597538.0951436,220160.3125,205994.765625,144457.8125,219591.0625,195751.671875,190146.921875,197579.328125,199652.9375,0.0
1763597538.0975173,220177.75,206007.71875,144453.25,219585.421875,195752.46875,190159.359375,197505.203125,199655.984375,0.0
1763597538.0975497,220200.015625,206040.984375,144526.75,219568.265625,195918.234375,190170.796875,197851.484375,199817.984375,0.0
1763597538.098892,220192.765625,206038.03125,144544.171875,219574.703125,195943.359375,190166.953125,197974.859375,199841.6875,0.0
1763597538.1013844,220174.078125,206007.359375,144472.296875,219588.828125,195781.703125,190151.65625,197639.9375,199683.703125,0.0
1763597538.102652,220172.203125,205999.140625,144435.28125,219565.125,195724.84375,190141.828125,197460.59375,199628.453125,0.0
1763597538.103901,220187.40625,206025.0625,144499.921875,219562.984375,195877.90625,190152.296875,197772.890625,199780.4375,0.0
1763597538.1051395,220183.5625,206028.90625,144533.890625,219564.5,195944.4375,190157.125,197983.71875,199842.578125,0.0
1763597538.143945,220170.859375,206002.0,144478.640625,219580.953125,195803.4375,190149.96875,197698.328125,199697.5625,0.0
1763597538.1439817,220165.5,205993.515625,144429.109375,219571.125,195715.1875,190145.9375,197444.953125,199613.875,0.0
1763597538.1439912,220199.65625,206038.75,144500.28125,219575.59375,195866.015625,190170.625,197717.90625,199764.171875,0.0
1763597538.143999,220204.5625,206052.0625,144552.765625,219581.671875,195970.53125,190180.09375,197998.5625,199864.21875,0.0
1763597538.145138,220176.234375,206016.484375,144493.84375,219569.15625,195837.59375,190159.796875,197767.078125,199725.0,0.0
1763597538.1463785,220178.375,206008.078125,144444.84375,219583.1875,195727.4375,190160.78125,197465.515625,199618.609375,0.0
1763597538.1490407,220213.234375,206044.296875,144502.34375,219604.5625,195850.828125,190178.125,197661.671875,199746.1875,0.0
1763597538.1501095,220208.953125,206056.8125,144552.21875,219575.953125,195971.515625,190180.984375,197982.1875,199863.046875,0.0
1763597538.15139,220182.484375,206026.234375,144508.6875,219575.40625,195872.1875,190170.796875,197835.84375,199762.734375,0.0
1763597538.1537228,220187.578125,206017.734375,144456.296875,219603.390625,195745.328125,190175.625,197502.078125,199635.78125,0.0
1763597538.1537468,220214.140625,206046.53125,144491.78125,219600.09375,195834.28125,190192.703125,197616.078125,199729.125,0.0
1763597538.1553648,220217.078125,206063.515625,144553.03125,219582.921875,195974.734375,190194.125,197962.25,199868.0625,0.0
1763597538.1877007,220188.65625,206037.3125,144522.71875,219574.96875,195908.125,190180.1875,197897.96875,199797.96875,0.0
1763597538.1877353,220176.671875,206012.375,144451.109375,219582.828125,195749.25,190162.484375,197528.90625,199640.15625,0.0
1763597538.1877437,220207.4375,206040.09375,144476.140625,219606.796875,195797.625,190174.375,197543.75,199691.125,0.0
1763597538.1877515,220234.78125,206072.28125,144550.171875,219596.0625,195958.734375,190188.234375,197905.484375,199851.34375,0.0
1763597538.1888914,220214.84375,206049.390625,144537.203125,219596.15625,195935.046875,190176.421875,197938.03125,199825.234375,0.0
1763597538.1901171,220199.109375,206019.796875,144462.375,219588.109375,195770.890625,190166.234375,197580.125,199663.765625,0.0
1763597538.191638,220201.171875,206024.984375,144452.0,219585.0625,195763.03125,190166.140625,197488.484375,199656.875,0.0
1763597538.1937394,220208.6875,206052.78125,144521.203125,219587.484375,195927.984375,190178.03125,197840.9375,199824.515625,0.0
1763597538.1937647,220217.078125,206065.65625,144546.859375,219583.28125,195963.46875,190193.78125,197984.4375,199851.78125,0.0
1763597538.195122,220212.078125,206040.796875,144482.21875,219598.390625,195808.796875,190180.546875,197655.6875,199694.96875,0.0
1763597538.196362,220207.96875,206031.5,144448.15625,219597.9375,195750.421875,190168.03125,197467.921875,199638.375,0.0
1763597538.232692,220227.1875,206063.25,144517.359375,219598.390625,195906.4375,190182.78125,197781.296875,199795.640625,0.0
1763597538.2327228,220209.9375,206055.28125,144537.46875,219569.953125,195963.203125,190177.859375,197987.65625,199850.359375,0.0
1763597538.2327304,220188.921875,206025.515625,144473.453125,219575.40625,195818.90625,190166.328125,197704.40625,199704.171875,0.0
1763597538.2327363,220203.671875,206028.828125,144440.375,219598.65625,195741.5625,190169.546875,197454.34375,199630.40625,0.0
1763597538.2338696,220229.78125,206060.390625,144501.265625,219601.609375,195881.75,190179.015625,197711.109375,199773.640625,0.0
1763597538.2376568,220232.203125,206071.296875,144549.359375,219595.171875,195983.40625,190180.359375,197989.609375,199872.53125,0.0
1763597538.2388542,220189.8125,206032.40625,144482.578125,219571.5625,195845.8125,190156.578125,197760.46875,199732.0625,0.0
1763597538.2428048,220190.53125,206020.6875,144429.46875,219590.078125,195728.25,190149.96875,197447.984375,199618.703125,0.0
1763597538.2438743,220218.6875,206058.15625,144485.53125,219604.640625,195849.21875,190169.453125,197640.484375,199745.5625,0.0
1763597538.245454,220216.453125,206072.8125,144542.03125,219568.609375,195974.65625,190176.78125,197966.109375,199856.796875,0.0
1763597538.2476676,220195.453125,206051.0,144507.34375,219588.109375,195890.078125,190172.3125,197835.5625,199768.8125,0.0
1763597538.26016,220188.46875,206028.375,144437.25,219599.015625,195747.28125,190161.859375,197485.71875,199629.25,0.0
1763597538.2601864,220216.546875,206054.75,144468.984375,219588.828125,195824.8125,190177.234375,197585.40625,199708.203125,0.0
