timestamps,Fz,C3,Cz,C4,Pz,PO7,Oz,PO8,stim
1775427315.6124847,236497.03125,718753.125,260084.46875,719327.875,719179.8125,248052.78125,219532.234375,226063.234375,0.0
1775427315.614509,236492.015625,718751.75,260082.3125,719325.9375,719178.5,248059.5,219534.015625,226050.625,0.0
1775427315.6174588,236498.09375,718754.0625,260084.015625,719327.4375,719180.625,248066.46875,219537.5,226035.6875,0.0
1775427315.6263423,236501.9375,718753.375,260084.640625,719327.4375,719180.625,248070.578125,219538.046875,226055.1875,0.0
1775427315.6312432,236505.421875,718755.9375,260081.6875,719330.5,719183.0625,248062.890625,219536.515625,226091.125,0.0
1775427315.6343968,236501.40625,718758.3125,260077.21875,719332.625,719184.6875,248066.734375,219535.171875,226097.5625,0.0
1775427315.634474,236495.6875,718757.1875,260071.5,719331.125,719183.75,248061.90625,219529.546875,226068.5,0.0
1775427315.6356852,236494.796875,718758.9375,260067.828125,719333.0625,719185.625,248062.171875,219531.328125,226093.1875,0.0
1775427315.6387036,236498.28125,718761.75,260065.328125,719336.5625,719188.3125,248064.40625,219535.53125,226124.65625,0.0
1775427315.641994,236498.359375,718761.25,260059.34375,719335.875,719187.375,248063.515625,219536.703125,226146.734375,0.0
1775427315.6422112,236498.984375,718758.4375,260057.015625,719332.875,719184.75,248067.890625,219535.53125,226100.328125,0.0
1775427315.6458955,236502.484375,718759.4375,260054.78125,719334.4375,719186.125,248067.1875,219534.828125,226122.6875,0.0
1775427315.65024,236503.375,718761.4375,260055.046875,719336.1875,719188.0625,248070.484375,219534.640625,226146.828125,0.0
1775427315.6503155,236508.921875,718762.6875,260058.171875,719337.3125,719189.125,248077.203125,219540.0,226180.890625,0.0
1775427315.6612012,236499.4375,718760.6875,260049.140625,719335.125,719187.1875,248073.796875,219537.40625,226121.796875,0.0
1775427315.6639872,236493.8125,718758.75,260038.859375,719333.5,719185.3125,248066.015625,219531.953125,226115.625,0.0
1775427315.6641004,236496.3125,718761.75,260040.46875,719336.6875,719188.75,248070.046875,219535.265625,226130.546875,0.0
1775427315.66619,236506.59375,718766.0625,260045.65625,719341.25,719193.1875,248075.234375,219546.71875,226174.546875,0.0
1775427315.6746666,236499.890625,718764.125,260040.296875,719338.8125,719190.6875,248077.640625,219547.421875,226127.328125,0.0
1775427315.680578,236503.90625,718763.3125,260038.421875,719337.75,719189.875,248076.65625,219544.484375,226121.609375,0.0
1775427315.6806557,236502.296875,718764.875,260035.46875,719339.3125,719190.9375,248079.609375,219540.71875,226132.875,0.0
1775427315.6908758,236508.375,718768.75,260036.90625,719343.4375,719195.0625,248079.609375,219544.203125,226174.0,0.0
1775427315.6942785,236504.09375,718766.0625,260032.875,719340.875,719192.625,248081.75,219543.21875,226133.0625,0.0
1775427315.6943653,236514.90625,718767.0625,260036.0,719341.875,719193.5,248084.96875,219548.5,226125.09375,0.0
1775427315.6959517,236508.109375,718765.0,260022.328125,719339.9375,719191.625,248074.953125,219543.21875,226131.8125,0.0
1775427315.702571,236511.6875,718767.5625,260023.84375,719342.8125,719194.0625,248076.921875,219546.359375,226176.859375,0.0
1775427315.711789,236506.328125,718768.125,260018.921875,719343.375,719194.5625,248080.5,219544.828125,226163.90625,0.0
1775427315.71192,236508.203125,718766.6875,260016.609375,719341.6875,719193.3125,248083.453125,219546.09375,226130.640625,0.0
1775427315.7178805,236509.71875,718766.5,260014.640625,719341.125,719193.25,248084.96875,219545.8125,226137.609375,0.0
1775427315.7179368,236513.125,718771.0,260016.875,719345.625,719197.4375,248089.796875,219549.484375,226179.640625,0.0
1775427315.719818,236504.171875,718772.125,260010.171875,719347.0,719198.8125,248083.28125,219547.515625,226180.796875,0.0
1775427315.7297516,236502.828125,718770.375,260004.53125,719345.25,719196.9375,248079.515625,219545.109375,226139.140625,0.0
1775427315.7341225,236504.359375,718769.9375,260000.25,719344.5,719196.3125,248078.8125,219542.953125,226150.3125,0.0
1775427315.7341778,236513.75,718769.125,260003.8125,719343.4375,719195.375,248080.59375,219552.171875,226174.09375,0.0
1775427315.7428305,236513.390625,718771.5,260002.484375,719346.3125,719197.75,248086.3125,219560.390625,226196.984375,0.0
1775427315.7429261,236510.4375,718770.8125,259997.921875,719345.4375,719197.4375,248091.671875,219558.875,226149.0625,0.0
1775427315.749055,236517.59375,718774.125,259997.921875,719348.5625,719200.5625,248094.546875,219561.28125,226166.140625,0.0
1775427315.7491603,236513.203125,718775.4375,259990.765625,719350.0,719201.5,248087.125,219558.875,226182.765625,0.0
1775427315.7556973,236511.421875,718777.25,259986.203125,719352.0625,719203.6875,248083.453125,219558.15625,226220.859375,0.0
1775427315.7557745,236504.625,718773.3125,259979.671875,719348.125,719199.9375,248082.296875,219555.03125,226160.140625,0.0
1775427315.7685485,236509.09375,718774.1875,259979.671875,719349.1875,719200.5,248084.078125,219558.0625,226158.625,0.0
1775427315.780738,236508.5625,718774.75,259980.84375,719349.4375,719201.375,248087.65625,219559.5,226161.578125,0.0
1775427315.7808175,236511.0625,718774.8125,259979.5,719349.875,719201.625,248088.90625,219560.921875,226195.109375,0.0
1775427315.785462,236500.78125,718772.3125,259969.046875,719347.6875,719199.125,248085.234375,219551.984375,226142.359375,0.0
1775427315.7855148,236512.84375,718774.8125,259974.3125,719350.5,719202.125,248089.09375,219555.921875,226138.6875,0.0
1775427315.7872405,236514.1875,718776.8125,259973.78125,719352.3125,719203.6875,248090.15625,219562.171875,226140.203125,0.0
1775427315.79231,236514.375,718775.4375,259971.0,719351.0625,719202.625,248090.421875,219561.828125,226163.359375,0.0
1775427315.7947412,236504.984375,718769.1875,259961.0,719345.0,719196.5625,248089.4375,219557.625,226111.421875,0.0
1775427315.7975864,236509.0,718770.625,259960.015625,719345.625,719196.9375,248086.140625,219558.609375,226092.015625,0.0
1775427315.799954,236507.390625,718775.1875,259955.8125,719349.625,719201.125,248083.546875,219560.125,226097.46875,0.0
1775427315.8041377,236508.109375,718777.0,259951.0625,719352.1875,719204.0,248083.28125,219559.046875,226125.71875,0.0
1775427315.804191,236500.515625,718773.75,259942.75,719349.0,719200.9375,248081.484375,219553.234375,226103.1875,0.0
1775427315.8176105,236509.0,718773.375,259946.6875,719348.125,719199.9375,248086.3125,219557.0,226064.125,0.0
1775427315.8176565,236511.0625,718773.3125,259943.109375,719348.125,719200.125,248082.828125,219557.4375,226070.828125,0.0
1775427315.8364577,236513.75,718775.75,259941.6875,719350.8125,719203.0625,248081.484375,219558.609375,226096.578125,0.0
1775427315.836536,236509.265625,718776.0,259937.296875,719350.875,719203.0,248084.34375,219558.15625,226095.0625,0.0
1775427315.8365605,236505.703125,718772.75,259934.625,719347.6875,719199.75,248083.546875,219558.6875,226037.65625,0.0
1775427315.8391955,236509.90625,718774.625,259934.53125,719349.4375,719201.5625,248085.0625,219560.75,226048.03125,0.0
1775427315.8393028,236518.84375,718777.0,259937.03125,719351.9375,719203.6875,248086.3125,219564.0625,226072.4375,0.0
1775427315.8407123,236522.6875,718777.6875,259939.53125,719352.375,719204.3125,248095.796875,219569.0625,226089.34375,0.0
1775427315.843212,236520.265625,718775.1875,259937.75,719350.3125,719202.1875,248094.359375,219569.0625,226026.578125,0.0
1775427315.8457272,236527.25,718776.0625,259939.71875,719351.4375,719203.0625,248096.59375,219570.578125,226026.75,0.0
1775427315.8482263,236531.0,718778.375,259940.15625,719353.625,719205.6875,248103.125,219575.765625,226038.203125,0.0
1775427315.852338,236532.34375,718779.3125,259938.8125,719354.5625,719206.125,248103.921875,219579.53125,226068.140625,0.0
1775427315.8714738,236524.734375,718777.4375,259934.078125,719352.375,719204.4375,248105.1875,219577.828125,226012.625,0.0
1775427315.8715944,236535.828125,718780.5625,259940.421875,719355.5,719207.625,248108.75,219580.328125,226019.859375,0.0
1775427315.874863,236539.84375,718782.625,259939.890625,719357.5625,719209.6875,248113.140625,219582.03125,226029.25,0.0
1775427315.8749416,236543.15625,718786.0,259937.5625,719361.1875,719213.0,248114.5625,219585.25,226069.21875,0.0
1775427315.8749647,236532.875,718782.0,259930.5,719357.0625,719208.8125,248109.375,219582.203125,226017.984375,0.0
1775427315.877243,236534.9375,718781.0625,259927.375,719356.0625,719208.0625,248103.484375,219579.34375,226008.515625,0.0
1775427315.8799484,236529.125,718782.3125,259919.59375,719357.3125,719209.0625,248102.9375,219577.46875,226013.78125,0.0
1775427315.8837128,236532.96875,718784.375,259918.4375,719359.25,719211.125,248103.484375,219579.171875,226042.578125,0.0
1775427315.8900073,236526.96875,718783.9375,259911.640625,719358.8125,719210.6875,248103.84375,219578.984375,226009.9375,0.0
1775427315.8942957,236534.03125,718786.4375,259913.15625,719361.3125,719213.375,248108.75,219582.46875,225996.171875,0.0
1775427315.894394,236539.578125,718786.625,259914.046875,719361.6875,719213.375,248115.90625,219587.296875,225997.515625,0.0
1775427315.9023628,236539.046875,718786.6875,259910.296875,719361.8125,719213.5625,248113.21875,219592.9375,226023.265625,0.0
1775427315.906534,236528.9375,718784.0625,259897.875,719359.25,719211.25,248109.828125,219590.609375,225998.234375,0.0
1775427315.9066343,236533.6875,718783.5,259898.859375,719359.1875,719210.75,248114.296875,219589.8125,225967.75,0.0
1775427315.9123144,236536.359375,718786.375,259898.234375,719361.6875,719213.8125,248115.109375,219588.734375,225990.0,0.0
1775427315.9183683,236547.1875,718790.5625,259902.609375,719365.5625,719217.375,248117.96875,219593.296875,226027.90625,0.0
1775427315.9284763,236548.796875,718788.125,259905.296875,719363.6875,719215.125,248122.96875,219597.671875,226022.734375,0.0
1775427315.9285555,236551.921875,718784.125,259906.359375,719359.625,719211.125,248125.296875,219596.59375,225964.078125,0.0
1775427315.932611,236559.15625,718787.9375,259907.4375,719363.3125,719214.875,248131.90625,219601.25,225985.796875,0.0
1775427315.9326932,236552.640625,718789.375,259900.015625,719364.625,719216.4375,248125.828125,219599.375,226007.53125,0.0
1775427315.9399593,236550.671875,718790.1875,259897.515625,719365.4375,719217.1875,248127.0,219598.125,226025.140625,0.0
1775427315.9419696,236553.078125,718788.4375,259896.984375,719363.5625,719215.5,248133.703125,219599.109375,225971.40625,0.0
1775427315.9448717,236561.21875,718789.25,259895.640625,719364.375,719216.25,248131.203125,219602.59375,225985.171875,0.0
1775427315.9473293,236558.796875,718789.5625,259889.375,719364.9375,719216.4375,248126.8125,219599.8125,226000.46875,0.0
1775427315.9616945,236550.84375,718792.4375,259882.140625,719367.4375,719219.0625,248121.265625,219597.234375,226033.8125,0.0
1775427315.9618037,236548.4375,718789.875,259884.734375,719365.25,719216.9375,248126.375,219599.46875,225985.625,0.0
1775427315.963688,236562.203125,718790.9375,259891.25,719366.25,719218.3125,248132.8125,219605.09375,225988.125,0.0
1775427315.965716,236568.28125,718791.1875,259890.625,719366.3125,719218.3125,248136.46875,219608.5,225994.828125,0.0
1775427315.968619,236561.125,718792.4375,259879.625,719367.75,719219.375,248130.65625,219607.59375,226037.84375,0.0
1775427315.9780214,236556.75,718793.0625,259877.484375,719368.0625,719219.5625,248129.671875,219605.28125,225997.6875,0.0
1775427315.9780993,236567.75,718792.0,259883.921875,719366.6875,719218.3125,248137.015625,219608.9375,225985.453125,0.0
1775427315.9796824,236568.1875,718791.25,259882.671875,719366.625,719217.6875,248138.0,219608.578125,225996.078125,0.0
1775427315.994191,236569.359375,718792.875,259879.984375,719368.5625,719220.0,248133.796875,219609.5625,226033.28125,0.0
1775427315.9942625,236558.71875,718794.25,259869.96875,719370.0,719221.4375,248137.015625,219605.625,226000.734375,0.0
1775427315.9963348,236564.265625,718795.375,259870.328125,719370.625,719222.125,248141.203125,219608.140625,225982.765625,0.0
1775427316.0011954,236570.703125,718796.75,259872.296875,719371.5,719223.8125,248146.21875,219616.09375,225999.21875,0.0
1775427316.0033867,236575.875,718800.0625,259873.28125,719375.125,719226.9375,248147.828125,219622.53125,226039.0,0.0
1775427316.0068076,236562.46875,718798.3125,259863.453125,719373.3125,719224.8125,248140.234375,219619.125,226022.734375,0.0
1775427316.0068915,236551.828125,718796.3125,259851.828125,719371.625,719222.875,248132.0,219610.28125,225979.359375,0.0
1775427316.014953,236564.53125,718796.1875,259855.40625,719371.5,719222.75,248138.34375,219611.796875,225986.703125,0.0
1775427316.0177624,236575.875,718797.5625,259862.5625,719372.75,719224.4375,248144.15625,219617.796875,226013.078125,0.0
1775427316.0179074,236573.015625,718802.4375,259860.59375,719377.625,719228.9375,248146.671875,219616.625,226021.828125,0.0
1775427316.0283914,236567.921875,718797.1875,259853.25,719372.0,719223.1875,248142.28125,219608.21875,225971.046875,0.0
1775427316.031562,236563.0,718796.8125,259847.171875,719371.875,719223.0,248138.625,219606.890625,225985.09375,0.0
1775427316.0316525,236559.078125,718800.375,259842.890625,719375.5625,719227.0625,248144.34375,219611.625,226006.71875,0.0
1775427316.0336905,236562.296875,718801.1875,259840.921875,719376.1875,719228.0,248144.875,219615.5625,226030.953125,0.0
1775427316.0483131,236555.046875,718795.75,259831.265625,719370.75,719222.0625,248142.28125,219604.375,225971.59375,0.0
1775427316.0508902,236552.375,718795.375,259825.71875,719369.8125,719221.75,248136.203125,219604.015625,225979.546875,0.0
1775427316.053604,236549.6875,718799.5,259820.625,719374.5,719226.125,248133.34375,219604.5625,225999.296875,0.0
1775427316.0558448,236557.015625,718803.25,259821.421875,719378.75,719230.0625,248137.546875,219606.078125,226032.5625,0.0
1775427316.0611558,236551.03125,718800.75,259815.4375,719376.0625,719227.375,248140.9375,219605.71875,225975.15625,0.0
1775427316.06413,236550.125,718799.875,259806.40625,719374.9375,719226.3125,248134.140625,219604.203125,225970.609375,0.0
1775427316.064242,236551.109375,718798.0,259802.296875,719372.9375,719224.625,248130.390625,219603.484375,225980.96875,0.0
1775427316.0675244,236551.5625,718799.125,259800.953125,719374.6875,719226.0,248132.1875,219603.03125,226020.21875,0.0
1775427316.0816605,236540.125,718799.125,259792.90625,719374.8125,719226.625,248130.125,219602.40625,225978.03125,0.0
1775427316.0817735,236547.984375,718799.3125,259794.609375,719374.5,719226.3125,248133.703125,219603.84375,225971.3125,0.0
1775427316.0836196,236554.6875,718799.875,259796.21875,719375.375,719226.5,248138.265625,219607.59375,225977.125,0.0
1775427316.0864303,236555.234375,718801.1875,259791.65625,719376.6875,719228.0,248136.734375,219607.6875,226011.109375,0.0
1775427316.0926116,236544.328125,718802.125,259785.84375,719377.0625,719228.75,248134.6875,219607.234375,225984.546875,0.0
1775427316.092657,236554.25,718800.9375,259791.5625,719376.375,719227.6875,248138.34375,219612.6875,225960.40625,0.0
1775427316.0948207,236553.703125,718802.75,259788.078125,719378.0625,719229.4375,248143.09375,219613.328125,225971.5,0.0
1775427316.1037297,236557.28125,718802.1875,259788.4375,719377.875,719228.9375,248147.109375,219617.078125,226001.359375,0.0
1775427316.106518,236555.765625,718800.75,259787.71875,719376.0,719227.25,248153.453125,219618.953125,225990.71875,0.0
1775427316.106616,236560.859375,718801.1875,259788.890625,719376.1875,719227.875,248155.34375,219618.328125,225951.203125,0.0
1775427316.1122293,236568.453125,718803.8125,259787.546875,719378.9375,719230.25,248158.375,219620.03125,225967.75,0.0
1775427316.1160667,236574.546875,718805.25,259787.09375,719380.5,719231.875,248162.765625,219624.046875,225996.4375,0.0
1775427316.1282685,236572.03125,718806.5625,259783.875,719381.875,719233.8125,248164.1875,219627.265625,226004.125,0.0
1775427316.128374,236580.265625,718809.0,259790.3125,719384.25,719236.1875,248173.578125,219636.125,225969.53125,0.0
1775427316.1295776,236579.453125,718808.8125,259783.703125,719383.6875,719235.625,248172.140625,219631.921875,225981.15625,0.0
1775427316.1333172,236583.125,718812.0,259781.015625,719386.75,719238.875,248174.828125,219636.75,225994.390625,0.0
1775427316.1444876,236576.0625,718810.9375,259770.90625,719385.9375,719237.75,248166.6875,219632.625,226002.515625,0.0
1775427316.147452,236566.140625,718803.1875,259763.765625,719378.3125,719229.625,248166.0625,219622.96875,225931.09375,0.0
1775427316.1474705,236572.03125,718802.125,259762.6875,719377.0,719228.5625,248162.9375,219618.5,225931.4375,0.0
1775427316.1533608,236572.9375,718803.625,259760.1875,719378.5625,719230.1875,248157.75,219618.953125,225935.46875,0.0
1775427316.1557157,236580.53125,718806.125,259762.328125,719381.0,719232.5625,248165.796875,219629.59375,225957.375,0.0
1775427316.1628242,236575.53125,718803.625,259755.0,719378.5,719230.0,248168.84375,219626.734375,225903.546875,0.0
1775427316.162887,236578.921875,718804.9375,259752.234375,719380.0,719231.4375,248163.03125,219621.8125,225907.84375,0.0
1775427316.1689098,236586.34375,718807.1875,259755.53125,719382.375,719233.75,248164.8125,219625.5625,225922.40625,0.0
1775427316.1689496,236592.6875,718810.5,259757.328125,719385.0,719236.875,248168.21875,219628.4375,225959.515625,0.0
1775427316.175617,236577.21875,718806.3125,259737.65625,719380.75,719232.3125,248162.671875,219620.109375,225907.84375,0.0
1775427316.175696,236593.9375,718808.0625,259744.8125,719383.0,719234.5625,248169.90625,219627.890625,225903.1875,0.0
1775427316.1839237,236593.9375,718808.375,259740.96875,719383.875,719235.75,248170.359375,219625.21875,225921.4375,0.0
1775427316.2128077,236586.875,718809.0,259731.03125,719383.6875,719235.75,248163.390625,219621.359375,225963.984375,0.0
1775427316.2128904,236583.21875,718808.625,259728.890625,719383.125,719235.0,248167.140625,219621.28125,225937.796875,0.0
1775427316.2152824,236588.21875,718810.125,259730.234375,719385.125,719236.6875,248172.234375,219619.9375,225922.59375,0.0
1775427316.2153401,236590.28125,718810.6875,259727.1875,719385.75,719237.4375,248170.0,219617.796875,225943.15625,0.0
1775427316.2232444,236592.6875,718811.8125,259724.0625,719386.5625,719238.375,248165.171875,219618.859375,225976.328125,0.0
1775427316.2233222,236585.359375,718814.1875,259718.96875,719388.875,719240.5625,248170.453125,219620.5625,225975.96875,0.0
1775427316.2233453,236587.5,718812.375,259717.984375,719387.6875,719238.875,248172.0625,219619.3125,225943.6875,0.0
1775427316.2233603,236591.890625,718814.0,259714.859375,719389.3125,719240.5625,248167.9375,219621.640625,225971.59375,0.0
1775427316.2233815,236593.3125,718813.8125,259711.90625,719388.9375,719240.5625,248170.453125,219624.5,226000.375,0.0
1775427316.2273023,236593.5,718816.375,259713.515625,719391.0,719242.9375,248178.3125,219629.5,226012.0,0.0
1775427316.2298715,236591.703125,718816.5625,259709.484375,719390.8125,719242.875,248178.046875,219629.953125,225971.140625,0.0
1775427316.2355375,236593.578125,718816.3125,259704.65625,719390.8125,719243.0625,248173.046875,219624.3125,225989.828125,0.0
1775427316.235616,236594.203125,718816.5,259698.578125,719391.1875,719243.3125,248169.546875,219621.359375,226013.34375,0.0
1775427316.237581,236597.25,718819.4375,259698.84375,719394.125,719246.0,248178.671875,219625.21875,226040.78125,0.0
1775427316.2395031,236593.9375,718818.8125,259694.5625,719394.0,719245.375,248181.359375,219629.140625,225991.703125,0.0
1775427316.2439468,236598.5,718819.4375,259692.765625,719394.625,719246.0,248181.0,219629.0625,226015.671875,0.0
1775427316.2626219,236598.59375,718819.1875,259690.71875,719394.125,719245.75,248184.21875,219629.140625,226031.3125,0.0
1775427316.262672,236598.40625,718823.9375,259690.09375,719398.8125,719250.375,248182.96875,219633.703125,226077.53125,0.0
1775427316.2656338,236585.09375,718822.0625,259679.453125,719396.75,719248.3125,248178.046875,219626.546875,226036.59375,0.0
1775427316.26573,236594.828125,718820.0625,259681.421875,719394.9375,719246.8125,248182.609375,219632.1875,226040.15625,0.0
1775427316.2671068,236600.203125,718819.25,259685.265625,719394.0625,719246.25,248193.78125,219637.375,226047.5,0.0
1775427316.2700348,236594.828125,718821.75,259675.34375,719396.625,719248.75,248185.640625,219634.328125,226082.71875,0.0
1775427316.2739525,236583.296875,718820.6875,259663.171875,719395.3125,719247.3125,248181.09375,219631.296875,226046.6875,0.0
1775427316.277655,236580.0,718817.8125,259656.109375,719392.6875,719244.5625,248176.703125,219627.53125,226036.3125,0.0
1775427316.2777095,236583.21875,718819.0,259656.828125,719394.125,719246.0,248178.40625,219629.140625,226051.875,0.0
1775427316.291104,236593.859375,718821.4375,259659.609375,719396.375,719248.3125,248183.765625,219633.34375,226090.40625,0.0
1775427316.2938528,236584.28125,718821.6875,259651.46875,719396.5,719248.5625,248182.515625,219630.578125,226057.953125,0.0
1775427316.2939,236583.296875,718820.4375,259646.453125,719395.3125,719247.6875,248182.875,219629.6875,226022.546875,0.0
1775427316.2961388,236590.640625,718820.875,259647.796875,719396.0,719247.9375,248184.484375,219634.15625,226036.5,0.0
1775427316.3012967,236595.734375,718822.75,259646.90625,719397.75,719250.0,248181.625,219635.046875,226071.546875,0.0
1775427316.303882,236586.703125,718820.9375,259638.5,719395.5625,719248.125,248181.984375,219632.1875,226059.203125,0.0
1775427316.3176684,236590.1875,718817.8125,259639.75,719393.0,719244.6875,248186.265625,219632.546875,226006.453125,0.0
1775427316.3177204,236593.9375,718819.5,259638.859375,719394.625,719246.5625,248184.578125,219632.453125,226013.34375,0.0
1775427316.319798,236601.1875,718823.75,259642.703125,719398.8125,719250.75,248187.4375,219637.015625,226038.375,0.0
1775427316.3223808,236603.6875,718825.6875,259646.015625,719400.875,719252.8125,248194.40625,219639.421875,226050.625,0.0
1775427316.3247445,236598.953125,718824.6875,259640.375,719399.9375,719251.8125,248195.484375,219634.59375,225996.171875,0.0
1775427316.3384917,236603.6875,718825.1875,259638.234375,719400.125,719251.8125,248195.484375,219635.40625,226007.078125,0.0
1775427316.34158,236610.75,718825.3125,259639.125,719400.75,719252.4375,248195.65625,219643.359375,226019.515625,0.0
1775427316.3416395,236615.125,718827.75,259638.6875,719402.75,719254.5,248202.640625,219647.109375,226037.921875,0.0
1775427316.3484428,236615.40625,718826.9375,259639.03125,719402.125,719253.75,248214.4375,219644.53125,225978.375,0.0
1775427316.3509593,236616.828125,718827.125,259635.375,719402.625,719254.6875,248206.921875,219645.15625,225976.0625,0.0
1775427316.3600304,236613.703125,718824.5625,259627.234375,719399.6875,719251.875,248200.484375,219643.8125,225970.6875,0.0
1775427316.360091,236609.40625,718826.6875,259620.53125,719401.5625,719253.625,248200.75,219644.609375,225990.90625,0.0
1775427316.364727,236605.5625,718826.5,259618.5625,719401.6875,719253.5,248210.046875,219647.109375,225935.828125,0.0
1775427316.367552,236618.171875,718825.875,259620.703125,719401.5625,719253.0625,248203.171875,219650.875,225930.546875,0.0
1775427316.376799,236613.609375,718825.4375,259614.265625,719400.6875,719252.6875,248208.265625,219648.28125,225929.5625,0.0
1775427316.376894,236612.09375,718824.875,259613.109375,719399.6875,719251.75,248205.140625,219647.734375,225957.109375,0.0
1775427316.3784776,236604.3125,718823.75,259606.40625,719398.375,719250.5,248201.203125,219642.203125,225905.515625,0.0
1775427316.3810625,236615.40625,718825.9375,259609.890625,719401.5,719253.0625,248206.390625,219643.359375,225887.640625,0.0
1775427316.3838167,236619.0625,718825.625,259609.09375,719400.9375,719252.8125,248209.34375,219645.15625,225891.484375,0.0
1775427316.392152,236622.8125,718826.875,259608.46875,719402.1875,719254.0625,248207.90625,219645.953125,225924.734375,0.0
1775427316.406012,236616.734375,718825.8125,259604.53125,719401.0625,719253.125,248215.0625,219643.09375,225894.15625,0.0
1775427316.4139264,236621.203125,718825.3125,259605.15625,719400.25,719252.625,248213.625,219644.4375,225855.359375,0.0
1775427316.4139874,236622.734375,718826.875,259603.359375,719401.75,719253.75,248211.21875,219643.8125,225858.84375,0.0
1775427316.4162111,236622.375,718828.375,259600.234375,719403.4375,719255.5625,248211.484375,219645.15625,225882.625,0.0
1775427316.4186125,236620.3125,718828.0,259595.9375,719403.25,719255.125,248213.625,219645.6875,225867.078125,0.0
1775427316.4211807,236623.0,718826.4375,259595.765625,719401.375,719253.625,248222.03125,219650.0625,225813.15625,0.0
1775427316.4288387,236619.515625,718825.6875,259588.078125,719400.875,719252.6875,248211.578125,219646.046875,225809.046875,0.0
1775427316.4317577,236624.078125,718829.125,259587.09375,719404.8125,719256.0,248209.34375,219649.625,225833.625,0.0
1775427316.433588,236631.3125,718833.5625,259591.65625,719408.875,719260.5,248222.03125,219657.21875,225856.703125,0.0
1775427316.4357345,236629.53125,718832.25,259590.578125,719407.3125,719258.9375,248232.140625,219652.921875,225805.46875,0.0
1775427316.4392729,236627.296875,718830.1875,259582.796875,719405.0625,719256.8125,248222.03125,219650.875,225808.421875,0.0
1775427316.4393275,236623.53125,718829.875,259573.140625,719405.125,719256.75,248209.96875,219651.140625,225821.203125,0.0
1775427316.4408412,236618.96875,718832.0625,259565.90625,719407.1875,719258.9375,248209.703125,219647.65625,225845.875,0.0
1775427316.4434366,236615.484375,718829.5625,259564.828125,719404.9375,719256.625,248215.953125,219646.21875,225786.609375,0.0
1775427316.4462173,236625.40625,718831.3125,259569.5625,719406.9375,719258.6875,248222.390625,219648.71875,225796.796875,0.0
1775427316.4551582,236631.84375,718834.0,259573.328125,719409.25,719261.4375,248224.625,219651.859375,225809.9375,0.0
1775427316.4552145,236632.46875,718837.125,259571.359375,719412.3125,719264.5,248218.734375,219655.515625,225845.96875,0.0
1775427316.465093,236627.828125,718834.3125,259570.015625,719409.8125,719261.5625,248228.5625,219650.421875,225790.890625,0.0
1775427316.4651113,236633.28125,718835.375,259570.28125,719410.875,719262.25,248226.140625,219652.921875,225784.8125,0.0
1775427316.4671307,236627.296875,718835.0625,259560.625,719410.25,719262.125,248222.03125,219652.296875,225787.59375,0.0
1775427316.4698308,236627.015625,718836.4375,259559.5625,719411.75,719263.6875,248217.125,219654.0,225821.296875,0.0
1775427316.4741898,236622.1875,718833.1875,259557.953125,719408.125,719260.125,248218.375,219653.46875,225780.4375,0.0
1775427316.4742663,236629.34375,718836.3125,259556.421875,719411.5625,719263.625,248218.90625,219655.703125,225774.171875,0.0
1775427316.4757352,236630.234375,718837.4375,259553.296875,719412.8125,719264.75,248222.390625,219661.25,225790.0,0.0
1775427316.4895463,236633.734375,718837.6875,259553.203125,719413.1875,719264.75,248227.046875,219667.40625,225827.375,0.0
1775427316.4926767,236625.234375,718835.1875,259545.15625,719410.4375,719262.25,248226.953125,219660.34375,225801.265625,0.0
1775427316.4927197,236636.234375,718838.75,259552.40625,719413.8125,719265.875,248229.1875,219666.34375,225783.5625,0.0
1775427316.494476,236637.484375,718838.6875,259550.171875,719414.0625,719265.75,248230.53125,219663.03125,225797.15625,0.0
1775427316.5111282,236637.84375,718837.4375,259546.765625,719412.5,719264.0625,248235.265625,219667.40625,225822.453125,0.0
1775427316.5207107,236625.59375,718837.5625,259534.15625,719412.5,719264.3125,248231.25,219667.40625,225817.09375,0.0
1775427316.5207553,236626.390625,718834.75,259527.28125,719409.625,719261.8125,248227.671875,219659.359375,225773.109375,0.0
1775427316.5207653,236636.859375,718835.25,259530.234375,719410.6875,719262.8125,248231.25,219657.671875,225788.75,0.0
1775427316.5232139,236640.703125,718837.6875,259530.5,719412.625,719264.875,248235.53125,219660.96875,225811.28125,0.0
1775427316.530825,236640.25,718841.0,259527.015625,719416.25,719268.0,248234.28125,219663.828125,225832.203125,0.0
1775427316.5359435,236635.15625,718836.9375,259520.578125,719411.875,719264.0,248229.28125,219662.671875,225780.609375,0.0
1775427316.5383587,236640.96875,718837.5,259521.015625,719412.9375,719264.9375,248231.875,219665.890625,225795.359375,0.0
1775427316.540792,236639.71875,718839.625,259515.921875,719414.8125,719267.1875,248227.84375,219664.8125,225819.234375,0.0
1775427316.5432556,236638.375,718841.8125,259513.953125,719416.3125,719268.625,248232.046875,219666.15625,225852.234375,0.0
1775427316.545839,236635.515625,718841.8125,259512.609375,719416.75,719268.5625,248239.296875,219666.78125,225804.84375,0.0
1775427316.5487955,236645.890625,718845.125,259513.59375,719420.25,719272.1875,248242.234375,219669.640625,225821.203125,0.0
1775427316.5507245,236645.265625,718843.875,259507.15625,719418.9375,719270.9375,248242.6875,219666.96875,225836.578125,0.0
1775427316.554596,236644.640625,718847.125,259499.921875,719421.9375,719273.8125,248238.03125,219668.125,225883.078125,0.0
1775427316.5621357,236641.59375,718848.3125,259496.796875,719423.3125,719274.9375,248241.25,219667.6875,225843.28125,0.0
1775427316.5622437,236640.796875,718845.625,259490.796875,719420.4375,719271.9375,248233.921875,219664.109375,225841.953125,0.0
1775427316.5709653,236633.28125,718843.875,259482.21875,719418.375,719270.125,248230.796875,219664.375,225858.046875,0.0
1775427316.576805,236640.875,718848.75,259484.984375,719423.3125,719275.0625,248230.796875,219671.796875,225915.171875,0.0
1775427316.5768974,236636.140625,718845.875,259477.921875,719421.125,719272.8125,248233.03125,219669.015625,225894.15625,0.0
1775427316.578699,236640.796875,718846.25,259477.296875,719421.6875,719273.25,248233.296875,219669.015625,225897.640625,0.0
1775427316.58089,236643.296875,718847.6875,259477.5625,719423.0,719274.8125,248235.890625,219668.84375,225925.71875,0.0
1775427316.583507,236642.9375,718850.375,259473.28125,719425.4375,719277.3125,248234.546875,219667.40625,225977.84375,0.0
1775427316.592121,236638.734375,718851.25,259468.984375,719426.5,719278.4375,248237.953125,219667.140625,225975.515625,0.0
1775427316.596793,236644.28125,718853.3125,259467.828125,719427.9375,719280.0625,248245.8125,219668.75,225962.46875,0.0
1775427316.5968692,236648.03125,718853.5,259463.984375,719428.125,719280.0,248243.140625,219672.15625,225986.25,0.0
1775427316.5987113,236651.4375,718853.9375,259458.96875,719429.0,719280.75,248244.125,219675.015625,226022.28125,0.0
1775427316.6121988,236637.9375,718852.4375,259444.125,719427.4375,719279.1875,248240.1875,219671.078125,226023.796875,0.0
1775427316.615118,236637.84375,718852.875,259442.4375,719427.9375,719279.5,248243.671875,219671.25,225985.796875,0.0
1775427316.615138,236643.109375,718854.5625,259440.203125,719429.5625,719281.3125,248240.546875,219668.3125,226003.328125,0.0
1775427316.6195576,236653.484375,718855.1875,259446.359375,719430.1875,719281.6875,248246.625,219672.953125,226030.59375,0.0
1775427316.6221015,236654.46875,718856.8125,259447.4375,719431.625,719283.625,248255.921875,219682.25,226051.96875,0.0
1775427316.6290183,236651.15625,718855.9375,259443.765625,719430.375,719282.6875,248255.65625,219684.84375,226006.8125,0.0
1775427316.629079,236642.046875,718856.375,259429.640625,719431.25,719283.125,248244.828125,219678.5,226021.65625,0.0
1775427316.631205,236638.46875,718855.5,259422.21875,719431.0,719282.1875,248240.984375,219677.25,226040.875,0.0
1775427316.6370916,236633.375,718857.0625,259418.203125,719432.4375,719284.0,248240.453125,219672.859375,226071.8125,0.0
1775427316.6420865,236631.9375,718855.5,259419.359375,719430.875,719282.375,248247.515625,219670.09375,226020.5,0.0
1775427316.6421683,236638.734375,718856.5625,259422.765625,719431.875,719283.3125,248250.015625,219673.84375,226023.71875,0.0
1775427316.658518,236641.5,718857.0,259422.21875,719431.875,719283.125,248251.984375,219678.59375,226038.203125,0.0
1775427316.6613293,236644.546875,718859.25,259421.15625,719434.375,719285.8125,248253.6875,219680.828125,226077.71875,0.0
1775427316.6632211,236627.734375,718857.1875,259403.984375,719432.125,719284.0,248242.859375,219673.765625,226025.046875,0.0
1775427316.667241,236634.625,718855.5,259402.734375,719430.0,719281.9375,248246.265625,219673.484375,226025.140625,0.0
1775427316.67261,236632.921875,718855.0,259396.65625,719430.0625,719281.75,248237.859375,219669.734375,226038.203125,0.0
1775427316.6749694,236630.515625,718858.25,259390.75,719433.375,719285.3125,248240.71875,219674.828125,226080.84375,0.0
1775427316.6778047,236621.65625,718857.0,259382.890625,719432.3125,719284.1875,248242.328125,219673.765625,226042.578125,0.0
1775427316.677876,236629.96875,718858.5,259382.703125,719433.5,719285.25,248245.28125,219676.0,226025.328125,0.0
1775427316.6797104,236639.625,718859.0625,259385.296875,719434.5,719286.0625,248251.265625,219679.84375,226038.828125,0.0
1775427316.6839335,236648.296875,718861.75,259388.96875,719437.0625,719288.9375,248255.109375,219679.390625,226079.40625,0.0
1775427316.7028625,236635.6875,718859.9375,259377.34375,719434.625,719287.3125,248253.953125,219676.0,226061.4375,0.0
1775427316.7029195,236639.8125,718858.125,259376.71875,719433.3125,719285.4375,248257.4375,219676.171875,226026.9375,0.0
1775427316.704627,236640.703125,718859.875,259372.609375,719435.1875,719286.9375,248246.984375,219676.625,226043.03125,0.0
1775427316.7073572,236639.8125,718858.4375,259368.578125,719433.6875,719285.8125,248244.203125,219675.90625,226073.78125,0.0
1775427316.7095745,236630.859375,718857.5,259362.859375,719433.0625,719285.0625,248242.234375,219675.90625,226077.984375,0.0
1775427316.7121296,236630.15625,718855.125,259360.09375,719430.625,719282.75,248243.5,219676.53125,226031.765625,0.0
1775427316.7147794,236640.171875,718857.0625,259360.171875,719432.5,719284.4375,248244.125,219673.671875,226045.53125,0.0
1775427316.719072,236648.296875,718857.6875,259361.515625,719433.25,719284.8125,248245.453125,219676.171875,226072.703125,0.0
1775427316.719146,236640.96875,718860.6875,259354.640625,719436.0,719287.9375,248249.578125,219679.21875,226094.4375,0.0
1775427316.7347004,236635.515625,718859.25,259348.90625,719434.375,719286.5,248248.59375,219677.328125,226044.8125,0.0
1775427316.7378097,236644.453125,718861.125,259353.203125,719436.375,719288.3125,248253.78125,219683.59375,226063.234375,0.0
1775427316.7379134,236646.78125,718864.125,259354.8125,719439.125,719291.4375,248262.453125,219685.296875,226085.140625,0.0
1775427316.739719,236649.109375,718865.0625,259354.8125,719440.1875,719292.0625,248264.59375,219691.28125,226115.984375,0.0
1775427316.7448752,236651.4375,718861.9375,259356.78125,719437.3125,719288.75,248265.671875,219693.78125,226060.90625,0.0
1775427316.7470114,236653.9375,718864.9375,259352.75,719440.625,719291.9375,248261.109375,219694.234375,226069.484375,0.0
1775427316.7495973,236653.046875,718866.375,259348.46875,719441.8125,719293.375,248262.53125,219696.296875,226085.765625,0.0
1775427316.7538035,236658.046875,718870.3125,259354.28125,719446.1875,719297.5,248274.34375,219705.859375,226134.390625,0.0
1775427316.7538204,236656.53125,718868.0625,259355.4375,719443.4375,719295.4375,248280.859375,219705.859375,226083.609375,0.0
1775427316.7697644,236662.96875,718868.1875,259355.265625,719443.25,719295.375,248280.859375,219703.0,226073.875,0.0
1775427316.7726896,236660.109375,718866.9375,259345.15625,719442.25,719294.1875,248270.578125,219701.125,226084.59375,0.0
1775427316.7727928,236667.25,718867.5625,259345.34375,719442.6875,719294.625,248277.015625,219704.96875,226127.515625,0.0
1775427316.7788224,236651.34375,718864.25,259329.953125,719439.5,719291.5,248266.65625,219693.15625,226082.625,0.0
1775427316.783768,236653.9375,718863.875,259328.34375,719439.5,719291.625,248259.3125,219688.15625,226056.34375,0.0
1775427316.786219,236658.40625,718864.5625,259331.203125,719440.3125,719292.125,248265.578125,219690.84375,226066.265625,0.0
1775427316.7883391,236663.765625,718866.4375,259334.875,719441.8125,719293.375,248267.453125,219694.765625,226104.359375,0.0
1775427316.7976377,236653.84375,718864.6875,259327.015625,719440.1875,719291.75,248261.109375,219691.8125,226086.203125,0.0
1775427316.799765,236654.296875,718863.5,259323.25,719439.5,719290.875,248263.34375,219690.203125,226051.25,0.0
1775427316.8027148,236655.625,718866.625,259321.28125,719442.4375,719294.25,248265.3125,219690.65625,226064.75,0.0
1775427316.802764,236659.921875,718870.9375,259320.578125,719446.4375,719298.6875,248264.140625,219691.375,226089.96875,0.0
1775427316.807475,236656.609375,718869.0,259316.71875,719444.0625,719296.625,248265.390625,219692.265625,226087.734375,0.0
1775427316.8098748,236648.296875,718864.9375,259305.546875,719440.0,719292.25,248257.53125,219687.34375,226031.3125,0.0
1775427316.814335,236651.703125,718866.375,259303.9375,719442.4375,719294.0,248261.1875,219686.1875,226047.046875,0.0
1775427316.8144147,236657.953125,718869.0625,259306.53125,719444.8125,719296.4375,248266.921875,219690.484375,226070.828125,0.0
1775427316.8200324,236656.34375,718871.375,259304.65625,719447.0625,719298.9375,248269.59375,219693.421875,226091.03125,0.0
1775427316.8508024,236652.234375,718869.5,259299.734375,719445.125,719297.125,248265.75,219695.671875,226035.875,0.0
1775427316.8508785,236655.90625,718867.5625,259297.6875,719442.6875,719295.0625,248266.828125,219692.984375,226037.21875,0.0
1775427316.855315,236662.25,718868.0,259299.109375,719442.875,719294.9375,248269.234375,219691.640625,226047.5,0.0
1775427316.85541,236661.53125,718870.375,259295.265625,719445.625,719297.3125,248269.6875,219693.515625,226075.921875,0.0
1775427316.857136,236650.171875,718867.375,259285.703125,719442.625,719293.9375,248264.328125,219689.234375,226016.015625,0.0
1775427316.8594837,236655.546875,718867.25,259285.703125,719442.8125,719294.75,248264.859375,219688.421875,226017.0,0.0
1775427316.8644817,236660.015625,718870.0625,259289.71875,719445.3125,719297.0625,248271.03125,219695.390625,226029.171875,0.0
1775427316.869715,236665.5625,718873.1875,259292.234375,719448.5,719300.25,248278.359375,219703.265625,226066.09375,0.0
1775427316.8721027,236657.234375,718870.0625,259283.734375,719445.625,719297.0625,248273.625,219698.53125,226002.875,0.0
1775427316.8748145,236665.46875,718870.5,259287.3125,719445.8125,719297.5625,248278.890625,219701.5625,225990.984375,0.0
1775427316.8825235,236666.453125,718870.875,259285.4375,719445.8125,719297.9375,248279.25,219704.515625,226000.109375,0.0
1775427316.885208,236674.671875,718873.1875,259289.453125,719447.8125,719300.5625,248284.0,219713.359375,226043.734375,0.0
1775427316.8880289,236667.796875,718872.8125,259286.859375,719447.5,719300.25,248287.75,219715.328125,226004.40625,0.0
1775427316.888107,236670.390625,718870.6875,259287.21875,719445.5625,719297.875,248293.375,219713.015625,225971.765625,0.0
1775427316.891147,236673.78125,718872.0,259284.359375,719447.0625,719299.0,248288.828125,219711.75,225983.390625,0.0
1775427316.8911998,236680.125,718875.125,259283.734375,719450.0,719302.125,248287.21875,219714.703125,226019.78125,0.0
1775427316.8912103,236669.3125,718874.3125,259274.703125,719448.875,719301.25,248291.59375,219711.84375,225999.296875,0.0
1775427316.899018,236672.078125,718871.75,259274.25,719446.375,719298.75,248289.625,219713.28125,225955.046875,0.0
1775427316.8990724,236681.46875,718872.1875,259278.546875,719446.8125,719299.4375,248293.65625,219716.40625,225965.234375,0.0
1775427316.9009972,236682.28125,718875.4375,259276.671875,719450.0,719302.6875,248287.296875,219714.796875,225991.796875,0.0
1775427316.90335,236671.015625,718875.3125,259267.640625,719450.5,719302.4375,248286.859375,219713.546875,225990.90625,0.0
1775427316.9073322,236667.796875,718872.875,259263.265625,719448.3125,719300.4375,248289.265625,219713.015625,225934.578125,0.0
1775427316.924234,236677.171875,718873.5,259267.1875,719448.625,719300.875,248295.703125,219719.71875,225948.25,0.0
1775427316.9242861,236682.0,718876.0625,259268.09375,719450.8125,719302.6875,248297.671875,219722.84375,225969.890625,0.0
1775427316.9271767,236681.109375,718878.375,259265.578125,719453.4375,719305.4375,248296.6875,219722.9375,225991.4375,0.0
1775427316.9272532,236677.171875,718877.5625,259262.1875,719452.6875,719304.5625,248301.609375,219718.28125,225936.546875,0.0
1775427316.927277,236680.125,718878.25,259258.96875,719453.1875,719305.4375,248299.1875,219720.25,225947.265625,0.0
1775427316.929971,236680.046875,718877.125,259254.765625,719451.8125,719304.3125,248296.78125,219722.671875,225958.796875,0.0
1775427316.9360979,236675.84375,718878.25,259247.796875,719453.1875,719305.25,248291.59375,219721.0625,225989.375,0.0
1775427316.9431405,236665.5625,718872.1875,259236.625,719447.4375,719299.3125,248287.921875,219711.484375,225926.34375,0.0
1775427316.943215,236677.09375,718874.8125,259242.34375,719449.875,719301.6875,248294.0,219718.015625,225932.875,0.0
1775427316.9512057,236685.859375,718878.25,259247.4375,719453.3125,719304.9375,248304.109375,219724.1875,225953.078125,0.0
1775427316.957713,236687.46875,718881.125,259246.8125,719456.125,719308.3125,248303.9375,219725.609375,225998.3125,0.0
1775427316.9577649,236679.234375,718880.6875,259239.921875,719456.0,719307.875,248306.25,219725.078125,225956.75,0.0
1775427316.9628315,236685.578125,718879.875,259242.703125,719455.125,719307.125,248306.34375,219727.765625,225947.53125,0.0
1775427316.9629087,236687.8125,718879.4375,259244.75,719454.4375,719306.625,248309.390625,219725.171875,225956.390625,0.0
1775427316.9646716,236691.578125,718881.6875,259240.28125,719456.5625,719308.5625,248303.21875,219726.0625,225998.765625,0.0
1775427316.9785213,236682.28125,718880.25,259232.5,719455.6875,719307.25,248304.46875,219724.09375,225968.375,0.0
1775427316.9816136,236686.390625,718879.625,259232.6875,719454.9375,719306.6875,248305.8125,219725.796875,225943.78125,0.0
1775427316.9816687,236693.265625,718881.25,259238.40625,719456.5625,719308.75,248313.3125,219732.046875,225960.6875,0.0
1775427316.99017,236703.28125,718881.3125,259244.21875,719457.0,719309.125,248317.96875,219738.046875,226003.953125,0.0
1775427316.9902256,236691.84375,718879.625,259231.4375,719455.375,719307.25,248315.203125,219731.609375,225991.609375,0.0
1775427317.0114875,236688.0,718880.0625,259224.640625,719456.0,719308.0625,248313.5,219731.25,225955.859375,0.0
1775427317.011545,236695.859375,718882.5,259229.828125,719458.3125,719310.1875,248316.09375,219734.203125,225975.609375,0.0
1775427317.0216572,236702.390625,718885.625,259234.109375,719461.0,719313.0625,248317.4375,219734.203125,226003.953125,0.0
1775427317.0217185,236693.359375,718884.5,259228.21875,719459.4375,719311.625,248320.296875,219732.234375,226007.53125,0.0
1775427317.027822,236691.484375,718881.25,259223.65625,719455.75,719308.125,248315.203125,219730.09375,225953.078125,0.0
1775427317.027918,236691.84375,718883.625,259219.625,719458.5,719311.1875,248308.3125,219724.71875,225967.390625,0.0
1775427317.0321195,236692.109375,718884.0,259215.875,719459.125,719311.5625,248314.296875,219729.546875,225984.109375,0.0
1775427317.0348165,236689.609375,718885.125,259210.953125,719460.0625,719312.3125,248309.03125,219729.109375,225996.625,0.0
1775427317.0373251,236690.140625,718884.8125,259210.515625,719460.0625,719311.875,248312.6875,219729.8125,225935.109375,0.0
1775427317.042202,236694.078125,718883.875,259207.203125,719458.9375,719311.0,248312.515625,219727.84375,225941.546875,0.0
1775427317.0444777,236691.84375,718883.625,259199.6875,719458.6875,719310.8125,248308.140625,219725.34375,225951.734375,0.0
1775427317.047498,236698.8125,718886.75,259201.03125,719461.8125,719313.875,248311.4375,219729.109375,225985.0,0.0
1775427317.0501766,236691.65625,718884.625,259196.296875,719459.75,719311.8125,248312.875,219726.515625,225925.546875,0.0
1775427317.0521133,236689.875,718883.8125,259189.765625,719458.625,719310.5625,248308.765625,219725.609375,225924.734375,0.0
1775427317.057376,236689.875,718884.875,259187.171875,719460.125,719312.1875,248311.265625,219728.65625,225943.953125,0.0
1775427317.0601523,236698.1875,718886.0625,259190.84375,719461.125,719313.0625,248309.75,219732.953125,225981.25,0.0
1775427317.0602028,236687.8125,718881.9375,259185.65625,719457.1875,719309.1875,248311.265625,219731.15625,225931.53125,0.0
1775427317.065916,236690.046875,718880.5,259185.125,719456.1875,719308.5,248309.5625,219728.65625,225918.125,0.0
1775427317.0774922,236691.484375,718880.9375,259184.9375,719456.5625,719308.4375,248315.203125,219727.9375,225930.90625,0.0
1775427317.080182,236699.53125,718885.625,259189.40625,719461.125,719312.9375,248321.71875,219735.1875,225976.5,0.0
1775427317.080238,236683.53125,718885.0,259173.9375,719460.6875,719312.625,248311.359375,219730.0,225947.71875,0.0
1775427317.082398,236686.75,718886.25,259173.9375,719461.625,719313.5,248312.6875,219728.203125,225927.0625,0.0
1775427317.0912244,236698.453125,718888.8125,259186.1875,719464.125,719316.1875,248319.671875,219735.890625,225946.90625,0.0
1775427317.093434,236708.296875,718890.0625,259191.203125,719465.3125,719317.25,248323.0625,219740.015625,225979.28125,0.0
1775427317.0960965,236698.015625,718885.9375,259180.65625,719461.375,719313.25,248319.046875,219737.0625,225958.625,0.0
1775427317.098748,236703.546875,718884.875,259186.1875,719460.3125,719312.3125,248324.578125,219741.703125,225915.265625,0.0
1775427317.1009371,236707.75,718885.125,259186.640625,719460.375,719312.625,248324.9375,219745.828125,225934.484375,0.0
1775427317.1037912,236708.734375,718886.125,259182.53125,719461.375,719313.5625,248318.328125,219744.390625,225959.78125,0.0
1775427317.10915,236710.625,718887.375,259182.078125,719462.75,719315.0,248325.75,219748.421875,225966.3125,0.0
1775427317.1092048,236711.59375,718886.0625,259182.265625,719461.3125,719313.5,248329.234375,219746.984375,225909.890625,0.0
1775427317.1113665,236718.03125,718886.125,259183.59375,719461.5,719313.25,248327.796875,219745.203125,225924.296875,0.0
1775427317.1196227,236716.875,718887.5,259179.75,719462.8125,719314.875,248327.359375,219743.5,225945.390625,0.0
1775427317.1282248,236711.953125,718888.375,259172.0625,719463.5,719315.5,248328.078125,219740.375,225967.65625,0.0
1775427317.1283324,236713.75,718888.8125,259174.390625,719464.0625,719315.9375,248333.078125,219741.703125,225917.40625,0.0
1775427317.1295812,236718.484375,718890.3125,259171.890625,719465.875,719317.625,248327.796875,219738.765625,225929.5625,0.0
1775427317.1324985,236715.171875,718889.1875,259165.984375,719464.4375,719316.25,248325.75,219738.9375,225937.609375,0.0
1775427317.1412995,236715.359375,718890.8125,259163.65625,719465.6875,719317.875,248324.5,219741.890625,225964.4375,0.0
1775427317.1505353,236711.25,718887.9375,259162.3125,719462.75,719315.0,248331.015625,219741.625,225907.390625,0.0
1775427317.1505907,236721.53125,718888.1875,259165.890625,719463.625,719315.0,248334.515625,219745.46875,225909.8125,0.0
1775427317.1559253,236722.328125,718889.8125,259162.3125,719464.9375,719316.4375,248334.0625,219750.03125,225925.90625,0.0
1775427317.161245,236723.3125,718893.5625,259163.21875,719468.8125,719320.3125,248335.84375,219752.796875,225968.015625,0.0
1775427317.1634731,236716.875,718892.5,259161.6875,719467.8125,719319.375,248340.046875,219751.71875,225926.703125,0.0
1775427317.1665258,236726.625,718891.75,259165.359375,719466.5625,719318.75,248340.234375,219755.125,225915.171875,0.0
1775427317.1686013,236722.953125,718892.1875,259157.671875,719467.625,719319.5625,248335.3125,219749.390625,225921.078125,0.0
1775427317.17086,236726.265625,718895.0,259159.28125,719470.4375,719322.1875,248334.6875,219754.140625,225962.5625,0.0
1775427317.1737592,236720.0,718893.3125,259155.25,719468.8125,719320.8125,248338.984375,219753.15625,225935.640625,0.0
1775427317.1806467,236727.15625,718892.125,259155.890625,719467.9375,719319.75,248338.265625,219753.421875,225905.421875,0.0
1775427317.1807249,236729.484375,718894.8125,259155.25,719470.125,719322.0,248340.765625,219753.421875,225918.125,0.0
1775427317.182484,236728.234375,718896.625,259149.984375,719472.1875,719324.0625,248334.421875,219755.65625,225947.09375,0.0
1775427317.193714,236719.375,718894.5625,259140.859375,719470.5625,719322.4375,248335.046875,219755.75,225932.609375,0.0
1775427317.197009,236721.4375,718894.8125,259139.515625,719470.875,719322.4375,248340.3125,219758.875,225890.765625,0.0
1775427317.1971445,236726.0,718895.1875,259140.953125,719471.0625,719322.8125,248343.625,219763.609375,225905.875,0.0
1775427317.2025335,236729.125,718897.3125,259142.203125,719472.8125,719324.5625,248345.6875,219767.640625,225934.03125,0.0
1775427317.2048025,236722.0625,718895.5,259133.265625,719471.5,719323.0625,248348.546875,219765.84375,225940.5625,0.0
1775427317.2087336,236719.828125,718892.1875,259128.25,719468.0,719319.5625,248347.921875,219765.9375,225886.203125,0.0
1775427317.2175093,236724.828125,718894.1875,259126.921875,719469.8125,719321.625,248343.1875,219763.078125,225899.25,0.0
1775427317.2204463,236735.109375,718898.0,259129.6875,719473.5625,719325.3125,248348.71875,219766.5625,225925.09375,0.0
1775427317.2205012,236734.84375,718899.5625,259127.359375,719475.25,719326.75,248353.90625,219772.546875,225956.125,0.0
1775427317.2247036,236730.375,718895.375,259123.78125,719470.6875,719322.4375,248357.390625,219770.765625,225894.34375,0.0
1775427317.2288718,236737.703125,718897.75,259125.65625,719473.25,719325.5,248359.28125,219774.796875,225908.28125,0.0
1775427317.2505565,236735.390625,718899.75,259121.109375,719475.4375,719327.5625,248356.953125,219774.703125,225923.75,0.0
1775427317.250652,236735.828125,718900.0,259115.203125,719475.625,719327.375,248357.21875,219775.421875,225953.34375,0.0
1775427317.2524164,236726.4375,718896.875,259107.15625,719472.375,719324.5625,248354.09375,219771.125,225889.78125,0.0
1775427317.2550015,236731.0,718898.0,259107.515625,719473.375,719325.75,248349.96875,219766.75,225887.28125,0.0
1775427317.2571511,236731.53125,718898.125,259104.296875,719474.0625,719325.75,248351.40625,219765.3125,225897.5625,0.0
1775427317.2600212,236732.796875,718899.125,259102.5,719475.25,719326.625,248348.359375,219766.75,225936.265625,0.0
1775427317.2657452,236725.546875,718895.875,259100.625,719471.6875,719323.5,248348.015625,219762.890625,225888.078125,0.0
1775427317.2682445,236736.359375,718899.25,259106.984375,719475.125,719327.375,248351.40625,219762.453125,225871.546875,0.0
1775427317.2708623,236737.34375,718901.9375,259104.828125,719477.9375,719329.875,248354.625,219766.03125,225883.078125,0.0
1775427317.2739391,236740.5625,718903.0625,259102.6875,719479.1875,719330.6875,248359.28125,219769.78125,225918.21875,0.0
1775427317.2740393,236727.78125,718899.25,259091.0625,719475.3125,719327.0625,248353.640625,219763.796875,225882.359375,0.0
1775427317.2757378,236731.0,718897.875,259094.109375,719473.25,719325.375,248357.671875,219761.28125,225853.296875,0.0
1775427317.282306,236732.96875,718900.8125,259093.828125,719476.125,719328.25,248354.171875,219761.109375,225867.078125,0.0
1775427317.2913988,236741.46875,718904.375,259097.140625,719480.0,719332.0,248357.390625,219768.703125,225901.046875,0.0
1775427317.2914467,236736.71875,718905.4375,259093.296875,719480.6875,719332.75,248355.609375,219773.0,225893.796875,0.0
1775427317.29822,236740.21875,718902.5,259094.640625,719478.0,719330.0625,248358.015625,219772.015625,225849.28125,0.0
1775427317.301469,236739.765625,718901.9375,259088.5625,719477.375,719329.5,248354.171875,219767.71875,225860.71875,0.0
1775427317.303697,236738.0625,718903.8125,259083.015625,719479.375,719331.375,248351.234375,219767.546875,225877.890625,0.0
1775427317.3062155,236735.296875,718905.1875,259078.90625,719480.875,719332.8125,248351.859375,219772.46875,225889.15625,0.0
1775427317.308836,236732.796875,718902.0625,259076.046875,719477.3125,719329.4375,248356.328125,219771.578125,225833.90625,0.0
1775427317.3233795,236739.140625,718901.3125,259078.09375,719477.0,719328.875,248359.453125,219772.546875,225842.390625,0.0
1775427317.3234332,236740.65625,718902.5,259077.390625,719478.125,719330.0625,248359.359375,219774.515625,225850.171875,0.0
1775427317.3234437,236742.171875,718905.0,259076.40625,719480.4375,719331.8125,248362.21875,219779.4375,225872.34375,0.0
1775427317.3364787,236735.921875,718903.375,259069.78125,719479.0625,719330.5,248361.6875,219776.84375,225810.75,0.0
1775427317.3365512,236738.953125,718905.6875,259067.375,719480.9375,719332.75,248358.203125,219776.046875,225816.203125,0.0
1775427317.338395,236743.078125,718907.625,259067.109375,719482.6875,719334.6875,248363.03125,219780.15625,225830.234375,0.0
1775427317.3409867,236737.078125,718908.3125,259057.453125,719483.125,719335.4375,248358.109375,219775.953125,225861.703125,0.0
1775427317.343647,236731.984375,718906.25,259055.125,719481.4375,719333.625,248359.90625,219772.640625,225811.90625,0.0
1775427317.348776,236740.21875,718906.25,259061.296875,719481.6875,719333.5,248365.4375,219773.71875,225809.84375,0.0
1775427317.350734,236744.59375,718907.4375,259064.15625,719482.6875,719334.4375,248365.890625,219775.59375,225819.15625,0.0
1775427317.3537524,236750.21875,718908.0625,259067.90625,719483.5625,719335.4375,248371.703125,219778.8125,225855.171875,0.0
1775427317.3578444,236737.0,718901.625,259052.96875,719477.3125,719329.125,248364.375,219772.28125,225808.0625,0.0
1775427317.357958,236744.140625,718903.5,259054.5,719479.0625,719330.9375,248367.140625,219777.46875,225797.25,0.0
1775427317.363384,236743.875,718905.875,259048.765625,719481.5,719333.4375,248365.984375,219776.40625,225810.203125,0.0
1775427317.3784118,236751.125,718908.375,259050.375,719484.25,719335.75,248372.328125,219782.390625,225854.28125,0.0
1775427317.3784847,236745.125,718907.5,259045.109375,719482.9375,719334.625,248370.8125,219781.046875,225826.03125,0.0
1775427317.3804004,236745.125,718906.4375,259043.234375,719481.6875,719333.6875,248372.421875,219778.546875,225788.390625,0.0
1775427317.3804748,236744.953125,718908.3125,259043.140625,719483.5625,719335.6875,248368.03125,219779.703125,225804.125,0.0
1775427317.3861716,236755.765625,718913.125,259050.375,719488.625,719340.75,248376.0,219788.46875,225845.96875,0.0
1775427317.4002566,236754.6875,718916.5625,259047.609375,719491.875,719344.0625,248383.859375,219790.53125,225846.6875,0.0
1775427317.40035,236756.65625,718916.5625,259048.953125,719491.875,719344.0,248390.296875,219792.3125,225802.078125,0.0
1775427317.403505,236759.078125,718915.8125,259047.609375,719491.3125,719343.4375,248397.09375,219793.203125,225814.59375,0.0
1775427317.4035685,236758.984375,718916.0,259043.234375,719491.875,719343.875,248389.9375,219794.453125,225839.625,0.0
1775427317.4035969,236753.359375,718915.625,259033.578125,719491.125,719343.375,248380.46875,219791.0625,225846.328125,0.0
1775427317.40583,236750.5,718911.0625,259026.875,719486.4375,719338.5625,248375.640625,219784.796875,225783.03125,0.0
1775427317.4127254,236757.375,718911.875,259025.96875,719487.3125,719339.1875,248377.78125,219784.796875,225792.5,0.0
1775427317.420312,236755.328125,718913.125,259020.25,719488.3125,719340.3125,248373.84375,219786.328125,225810.125,0.0
1775427317.4204957,236757.203125,718914.75,259018.640625,719489.8125,719342.375,248375.90625,219788.5625,225845.34375,0.0
1775427317.4340303,236751.296875,718911.625,259013.1875,719486.875,719339.3125,248377.875,219787.3125,225791.875,0.0
1775427317.434122,236760.953125,718912.625,259016.9375,719487.875,719340.4375,248381.625,219788.5625,225800.734375,0.0
1775427317.4407482,236761.484375,718913.875,259014.0,719489.375,719341.5625,248384.484375,219791.328125,225818.171875,0.0
1775427317.4408443,236764.703125,718916.6875,259015.875,719491.875,719344.0625,248391.8125,219797.953125,225859.921875,0.0
1775427317.4421277,236751.125,718912.0,259005.953125,719487.0625,719339.3125,248381.265625,219791.328125,225803.859375,0.0
1775427317.4519002,236755.59375,718913.75,259005.859375,719489.0,719341.125,248380.375,219791.78125,225801.171875,0.0
1775427317.451987,236759.4375,718917.0,259007.109375,719492.6875,719344.4375,248384.84375,219793.65625,225820.671875,0.0
1775427317.4533503,236762.296875,718917.4375,259004.0625,719493.375,719345.125,248387.171875,219795.53125,225862.953125,0.0
1775427317.4577944,236750.765625,718914.6875,258992.890625,719490.4375,719342.3125,248386.0,219794.8125,225824.25,0.0
1775427317.4579065,236756.03125,718914.5,258990.5625,719490.5,719342.125,248385.921875,219793.203125,225796.34375,0.0
1775427317.463564,236757.734375,718913.875,258990.03125,719490.0,719341.375,248387.265625,219793.03125,225800.109375,0.0
1775427317.4660146,236760.234375,718914.9375,258987.96875,719490.4375,719342.3125,248384.75,219796.96875,225843.734375,0.0
1775427317.490944,236761.40625,718915.9375,258991.015625,719491.125,719343.4375,248396.109375,219797.59375,225831.21875,0.0
1775427317.4977922,236766.765625,718914.6875,258992.796875,719490.0625,719342.375,248397.984375,219797.3125,225795.453125,0.0
1775427317.497855,236760.6875,718914.5,258984.40625,719489.75,719341.875,248393.96875,219797.3125,225807.609375,0.0
1775427317.5006068,236763.90625,718918.9375,258983.421875,719494.125,719346.125,248388.6875,219796.875,225845.875,0.0
1775427317.5006952,236757.828125,718917.8125,258978.40625,719493.1875,719344.8125,248386.09375,219794.015625,225842.3125,0.0
1775427317.5024142,236762.65625,718916.0625,258981.359375,719492.0625,719343.625,248390.75,219795.4375,225795.1875,0.0
1775427317.505152,236763.8125,718916.6875,258979.65625,719492.25,719344.25,248390.296875,219795.53125,225809.21875,0.0
1775427317.5071487,236760.421875,718916.0,258973.9375,719491.0625,719343.125,248388.515625,219798.65625,225830.765625,0.0
1775427317.509787,236758.890625,718917.0,258969.640625,719492.75,719344.25,248392.625,219802.953125,225849.375,0.0
1775427317.5123346,236761.578125,718918.25,258971.34375,719494.125,719345.75,248397.09375,219804.828125,225801.890625,0.0
1775427317.5153236,236762.390625,718919.6875,258967.0625,719495.625,719347.3125,248393.421875,219802.234375,225811.640625,0.0
1775427317.5153832,236760.15625,718918.9375,258961.6875,719494.9375,719346.5625,248393.078125,219800.453125,225827.46875,0.0
1775427317.5174568,236766.59375,718920.125,258963.65625,719495.4375,719347.6875,248399.953125,219805.546875,225866.625,0.0
1775427317.5340974,236763.375,718918.125,258961.15625,719493.6875,719345.5,248400.84375,219802.234375,225814.234375,0.0
1775427317.534274,236775.171875,718920.0,258963.5625,719495.8125,719347.75,248405.59375,219804.65625,225830.765625,0.0
1775427317.5360894,236774.1875,718922.8125,258958.46875,719498.5625,719350.625,248405.671875,219802.5,225853.296875,0.0
1775427317.5383592,236778.203125,718925.9375,258959.90625,719501.8125,719353.75,248407.28125,219806.890625,225897.375,0.0
1775427317.5409,236770.34375,718923.625,258956.6875,719499.75,719351.5,248408.890625,219812.515625,225850.625,0.0
1775427317.5480757,236775.4375,718921.1875,258957.578125,719497.4375,719349.1875,248411.578125,219815.46875,225843.640625,0.0
1775427317.548154,236780.0,718919.0625,258958.921875,719495.1875,719347.0,248415.421875,219818.234375,225855.890625,0.0
1775427317.5500672,236781.34375,718921.0,258955.171875,719496.3125,719348.125,248406.65625,219816.8125,225898.09375,0.0
1775427317.5635846,236775.53125,718923.625,258951.40625,719498.6875,719350.1875,248413.09375,219814.484375,225871.359375,0.0
1775427317.5664165,236784.828125,718924.375,258954.71875,719500.125,719351.75,248411.9375,219818.0625,225862.515625,0.0
1775427317.5664768,236783.84375,718925.0,258949.265625,719501.0,719352.375,248403.078125,219815.015625,225875.46875,0.0
1775427317.5688536,236792.6875,718925.8125,258950.875,719502.0,719353.125,248405.59375,219815.828125,225912.75,0.0
1775427317.570923,236783.578125,718924.75,258944.875,719500.75,719352.125,248408.890625,219813.40625,225896.125,0.0
1775427317.579671,236782.671875,718922.5,258940.5,719498.375,719349.8125,248407.828125,219807.15625,225863.765625,0.0
1775427317.5840068,236785.71875,718923.25,258939.609375,719499.1875,719351.0625,248409.15625,219805.09375,225875.921875,0.0
1775427317.5840485,236794.484375,718924.9375,258945.328125,719500.8125,719352.8125,248414.890625,219811.890625,225906.671875,0.0
1775427317.5902321,236793.671875,718923.6875,258944.796875,719499.9375,719351.5,248420.421875,219816.625,225903.734375,0.0
1775427317.590272,236795.640625,718923.125,258947.03125,719499.5,719350.625,248423.46875,219819.21875,225859.203125,0.0
1775427317.5925033,236797.4375,718923.875,258946.671875,719500.25,719351.5625,248418.734375,219819.671875,225870.828125,0.0
1775427317.6050637,236794.484375,718926.9375,258940.859375,719502.875,719354.0,248413.984375,219818.515625,225888.171875,0.0
1775427317.6078365,236797.15625,718929.4375,258939.875,719505.375,719356.75,248419.625,219822.625,225912.125,0.0
1775427317.6079376,236793.765625,718928.0625,258938.625,719504.5625,719355.875,248419.625,219825.03125,225861.171875,0.0
1775427317.609866,236791.359375,718927.25,258933.53125,719503.6875,719354.5625,248414.890625,219818.15625,225869.21875,0.0
1775427317.6159172,236788.9375,718927.0,258929.859375,719503.3125,719354.1875,248414.703125,219813.59375,225878.515625,0.0
1775427317.6221564,236790.90625,718927.6875,258929.0625,719503.6875,719355.25,248414.890625,219819.40625,225909.71875,0.0
1775427317.631899,236787.78125,718924.9375,258927.8125,719500.8125,719352.75,248420.421875,219818.59375,225854.828125,0.0
1775427317.6319914,236793.859375,718925.5,258928.796875,719501.25,719352.75,248425.078125,219817.609375,225861.890625,0.0
1775427317.6337366,236800.65625,718927.875,258931.921875,719503.5,719354.8125,248428.03125,219823.25,225880.84375,0.0
1775427317.6359808,236803.0625,718928.9375,258930.21875,719504.3125,719356.0,248428.921875,219827.984375,225920.984375,0.0
1775427317.6428163,236789.828125,718922.6875,258919.40625,719498.75,719350.25,248423.203125,219824.046875,225863.140625,0.0
1775427317.642891,236795.90625,718922.25,258921.71875,719498.5625,719350.3125,248425.34375,219820.828125,225857.765625,0.0
1775427317.6509576,236793.140625,718923.0,258916.625,719499.3125,719351.0625,248422.578125,219822.359375,225873.953125,0.0
1775427317.6554413,236796.53125,718925.8125,258914.65625,719502.0,719353.375,248417.84375,219829.6875,225918.390625,0.0
1775427317.655496,236788.84375,718926.5625,258910.734375,719502.6875,719353.8125,248423.203125,219825.296875,225888.890625,0.0
1775427317.6663835,236788.9375,718926.8125,258908.3125,719503.0625,719354.5625,248420.609375,219821.375,225871.453125,0.0
1775427317.6771927,236792.6875,718926.375,258909.203125,719502.625,719353.75,248424.359375,219822.71875,225888.890625,0.0
1775427317.6773148,236803.25,718930.8125,258915.734375,719507.0,719358.625,248434.5625,219830.125,225935.5625,0.0
1775427317.6773386,236793.9375,718930.8125,258907.515625,719506.625,719358.375,248429.453125,219826.109375,225918.75,0.0
1775427317.680216,236789.296875,718928.9375,258900.625,719504.0,719356.125,248422.3125,219820.5625,225879.234375,0.0
1775427317.680264,236790.1875,718929.25,258897.140625,719504.75,719356.75,248421.6875,219818.234375,225895.0625,0.0
1775427317.6821215,236797.4375,718931.9375,258898.125,719508.25,719359.4375,248423.921875,219823.6875,225933.046875,0.0
1775427317.688754,236790.8125,718931.125,258893.390625,719507.4375,719358.625,248423.640625,219823.34375,225930.1875,0.0
1775427317.697015,236786.796875,718927.6875,258886.671875,719504.375,719355.8125,248415.875,219817.609375,225881.015625,0.0
1775427317.704751,236789.828125,718929.9375,258884.890625,719506.5625,719357.75,248415.6875,219818.328125,225898.625,0.0
1775427317.710674,236795.90625,718930.5625,258883.8125,719506.5625,719358.125,248416.765625,219820.03125,225919.828125,0.0
1775427317.7107532,236799.046875,718934.3125,258888.734375,719510.125,719361.8125,248424.8125,219825.65625,225942.4375,0.0
1775427317.71209,236794.65625,718933.4375,258885.6875,719509.5,719360.875,248428.296875,219825.484375,225887.28125,0.0
1775427317.7158012,236796.71875,718933.0625,258879.796875,719509.3125,719360.4375,248420.34375,219825.484375,225893.53125,0.0
1775427317.715854,236799.125,718934.0,258879.078125,719510.375,719361.6875,248419.796875,219823.421875,225910.34375,0.0
1775427317.7175496,236794.75,718933.8125,258875.5,719509.8125,719361.4375,248419.453125,219820.75,225938.234375,0.0
1775427317.7310953,236780.796875,718928.0625,258865.84375,719503.875,719355.5,248415.515625,219818.328125,225878.328125,0.0
1775427317.7386773,236790.546875,718930.375,258872.640625,719506.375,719358.0,248420.34375,219825.390625,225886.375,0.0
1775427317.7387552,236793.40625,718933.0625,258872.828125,719509.1875,719360.8125,248424.09375,219825.65625,225897.734375,0.0
1775427317.738778,236792.6875,718934.9375,258864.6875,719510.75,719362.5,248417.65625,219824.671875,225932.78125,0.0
1775427317.7418587,236790.640625,718932.0,258864.59375,719507.9375,719359.5625,248426.421875,219827.984375,225888.703125,0.0
1775427317.7419372,236793.3125,718931.75,258863.4375,719507.875,719358.9375,248425.875,219829.5,225883.703125,0.0
1775427317.7437303,236795.109375,718933.6875,258860.125,719509.8125,719361.0625,248426.59375,219828.4375,225898.359375,0.0
1775427317.7599156,236796.09375,718936.5625,258857.0,719512.375,719364.0,248426.953125,219829.234375,225936.09375,0.0
1775427317.7630773,236786.703125,718932.625,258852.34375,719508.4375,719360.375,248425.796875,219826.109375,225894.34375,0.0
1775427317.7631726,236792.515625,718931.3125,258858.0625,719507.4375,719359.125,248428.390625,219831.921875,225873.234375,0.0
1775427317.7653468,236792.15625,718932.0625,258855.75,719507.875,719359.75,248425.609375,219829.6875,225883.4375,0.0
1775427317.7654512,236797.96875,718933.0,258857.0,719508.3125,719360.375,248426.515625,219830.125,225919.90625,0.0
1775427317.7734854,236797.4375,718933.625,258857.171875,719509.125,719360.875,248430.171875,219833.796875,225911.234375,0.0
1775427317.7804654,236801.8125,718933.375,258860.03125,719509.1875,719361.1875,248435.0,219838.359375,225874.578125,0.0
1775427317.780589,236802.265625,718934.875,258854.84375,719510.75,719362.5,248433.03125,219834.609375,225885.84375,0.0
1775427317.7915993,236805.03125,718935.5625,258850.734375,719511.875,719363.9375,248430.703125,219836.921875,225913.203125,0.0
1775427317.7917044,236794.484375,718935.6875,258840.1875,719511.875,719364.0,248425.171875,219834.609375,225912.75,0.0
1775427317.8072257,236792.515625,718933.25,258838.3125,719509.125,719361.1875,248435.09375,219834.78125,225859.828125,0.0
1775427317.8073037,236801.453125,718936.1875,258842.0625,719511.5625,719363.5625,248434.28125,219842.203125,225879.671875,0.0
1775427317.807326,236801.8125,718936.8125,258837.5,719512.1875,719364.1875,248430.0,219842.203125,225903.90625,0.0
1775427317.8094952,236799.125,718939.6875,258835.0,719515.375,719366.6875,248431.0625,219844.890625,225933.5,0.0
1775427317.8130713,236793.140625,718939.25,258831.328125,719515.125,719366.4375,248435.984375,219843.640625,225881.28125,0.0
1775427317.8131487,236801.015625,718940.6875,258832.9375,719516.875,719368.25,248440.90625,219843.28125,225892.1875,0.0
1775427317.8149843,236797.796875,718938.25,258826.421875,719514.125,719365.375,248428.5625,219840.234375,225901.84375,0.0
1775427317.8286436,236800.828125,718939.625,258827.046875,719515.1875,719366.4375,248431.0625,219839.875,225937.796875,0.0
1775427317.831663,236797.796875,718938.0625,258827.21875,719514.125,719365.625,248440.1875,219838.265625,225883.875,0.0
1775427317.8317547,236809.953125,718940.3125,258832.9375,719515.5625,719367.6875,248445.28125,219842.203125,225889.328125,0.0
1775427317.8368406,236808.421875,718939.875,258827.21875,719515.0,719366.9375,248438.40625,219838.71875,225902.921875,0.0
1775427317.8369484,236809.234375,718941.5625,258824.71875,719516.875,719368.5625,248434.640625,219845.234375,225945.390625,0.0
1775427317.8387628,236798.953125,718940.3125,258816.3125,719515.9375,719367.0625,248440.546875,219845.875,225899.53125,0.0
1775427317.8435142,236799.9375,718939.625,258812.65625,719515.5,719366.4375,248434.828125,219845.421875,225889.59375,0.0
1775427317.8462384,236799.578125,718940.0625,258810.5,719516.0,719366.6875,248434.375,219843.8125,225905.15625,0.0
1775427317.854832,236804.9375,718941.9375,258810.328125,719518.25,719369.125,248440.71875,219846.3125,225946.546875,0.0
1775427317.8592095,236792.25,718940.5625,258794.140625,719516.625,719367.75,248432.046875,219837.90625,225914.453125,0.0
1775427317.8592603,236795.546875,718939.125,258791.453125,719514.6875,719366.3125,248433.65625,219839.34375,225891.125,0.0
1775427317.8672795,236805.03125,718941.1875,258798.703125,719516.8125,719368.375,248445.46875,219851.59375,225908.734375,0.0
1775427317.870206,236812.0,718946.25,258804.0625,719522.4375,719373.375,248453.0625,219854.546875,225947.984375,0.0
1775427317.8702793,236806.8125,718947.375,258801.109375,719523.4375,719374.9375,248446.359375,219850.0625,225938.78125,0.0
1775427317.8757637,236804.765625,718944.25,258793.96875,719520.0625,719372.0,248440.359375,219844.078125,225895.953125,0.0
1775427317.8800955,236801.359375,718944.6875,258785.5625,719520.375,719372.0625,248436.96875,219842.65625,225906.671875,0.0
1775427317.880114,236806.46875,718946.875,258787.796875,719522.625,719374.1875,248441.34375,219848.453125,225937.078125,0.0
1775427317.8908749,236807.890625,718947.1875,258788.421875,719523.1875,719374.6875,248448.5,219849.625,225949.140625,0.0
1775427317.8971066,236800.921875,718942.9375,258781.53125,719518.25,719370.0,248446.359375,219845.6875,225901.40625,0.0
1775427317.8971646,236807.171875,718945.5,258781.625,719520.8125,719372.4375,248452.53125,219852.125,225923.671875,0.0
1775427317.8983653,236814.59375,718947.5625,258785.296875,719522.8125,719374.6875,248458.875,219860.171875,225949.140625,0.0
1775427317.9013464,236807.625,718948.875,258776.703125,719523.9375,719375.8125,248451.546875,219858.65625,225968.015625,0.0
1775427317.9100437,236803.25,718946.9375,258770.71875,719522.25,719373.6875,248449.21875,219854.359375,225910.875,0.0
1775427317.9132717,236807.359375,718948.1875,258768.296875,719523.8125,719375.3125,248447.34375,219850.703125,225915.703125,0.0
1775427317.9134061,236810.3125,718948.1875,258767.59375,719524.0625,719375.5625,248449.484375,219852.125,225933.140625,0.0
1775427317.9145193,236812.265625,718948.0,258765.984375,719523.8125,719375.0,248448.0625,219851.40625,225967.5625,0.0
1775427317.9312663,236809.40625,718945.3125,258765.0,719521.375,719372.625,248453.328125,219850.34375,225918.84375,0.0
1775427317.937044,236809.140625,718945.25,258762.765625,719520.8125,719372.5,248454.21875,219850.609375,225919.828125,0.0
1775427317.937122,236815.765625,718943.5625,258767.59375,719519.25,719370.875,248456.546875,219855.609375,225924.375,0.0
1775427317.9535363,236824.609375,718945.3125,258773.046875,719521.1875,719372.625,248463.96875,219862.046875,225959.421875,0.0
1775427317.9563224,236818.171875,718945.4375,258768.21875,719521.3125,719372.4375,248457.265625,219863.75,225920.171875,0.0
1775427317.958851,236824.078125,718944.25,258768.296875,719520.0625,719371.5,248458.6875,219862.3125,225904.71875,0.0
1775427317.9612,236823.53125,718945.5,258765.890625,719521.375,719372.875,248460.296875,219861.96875,225913.390625,0.0
1775427317.9658117,236830.875,718949.5,258768.21875,719524.9375,719376.4375,248461.109375,219871.890625,225961.3125,0.0
1775427317.9809957,236829.625,718947.8125,258768.65625,719523.625,719374.75,248462.984375,219867.59375,225937.4375,0.0
1775427317.9837184,236839.1875,718949.375,258774.734375,719525.3125,719376.0625,248466.5625,219867.234375,225916.515625,0.0
1775427317.986512,236839.1875,718947.5625,258772.421875,719523.3125,719374.3125,248465.046875,219865.53125,225924.109375,0.0
1775427317.9888127,236838.015625,718949.875,258772.5,719525.5625,719376.5625,248465.765625,219869.03125,225959.96875,0.0
1775427317.9910989,236831.578125,718948.1875,258770.53125,719523.625,719374.75,248468.53125,219870.546875,225951.375,0.0
1775427317.9933598,236833.90625,718946.6875,258771.4375,719522.4375,719373.5625,248471.21875,219873.140625,225909.0,0.0
1775427317.9964495,236843.03125,718948.0,258774.03125,719523.9375,719374.9375,248477.296875,219877.15625,225923.9375,0.0
1775427318.0047493,236844.109375,718948.4375,258769.640625,719524.4375,719375.75,248472.828125,219878.234375,225950.125,0.0
1775427318.0074248,236840.96875,718948.4375,258765.703125,719524.25,719375.8125,248473.453125,219876.265625,225956.5625,0.0
1775427318.010122,236842.140625,718944.3125,258768.296875,719520.5,719371.25,248476.125,219871.703125,225901.21875,0.0
1775427318.0122812,236848.125,718946.5,258767.140625,719522.4375,719373.5625,248475.859375,219873.765625,225920.0,0.0
1775427318.0193577,236848.390625,718950.4375,258765.796875,719526.5,719377.5,248478.8125,219880.640625,225944.046875,0.0
1775427318.0194433,236846.34375,718952.75,258761.859375,719529.25,719380.3125,248478.359375,219880.640625,225969.078125,0.0
1775427318.021156,236847.765625,718953.125,258763.5625,719529.3125,719380.5625,248486.234375,219881.90625,225916.515625,0.0
1775427318.0239763,236851.171875,718957.0625,258763.125,719532.9375,719384.125,248482.65625,219883.59375,225934.84375,0.0
1775427318.026266,236847.671875,718958.0,258757.9375,719534.0625,719385.1875,248482.921875,219884.765625,225948.78125,0.0
1775427318.0284429,236849.375,718959.1875,258757.484375,719535.4375,719386.25,248483.8125,219884.21875,225978.203125,0.0
1775427318.031566,236842.5,718955.0625,258751.9375,719530.875,719382.25,248484.0,219877.609375,225917.578125,0.0
1775427318.031642,236847.671875,718952.375,258749.890625,719528.0,719379.3125,248482.203125,219875.734375,225907.65625,0.0
1775427318.0337486,236846.15625,718953.375,258744.96875,719529.125,719380.8125,248477.46875,219873.765625,225919.640625,0.0
1775427318.0368316,236847.859375,718955.0,258743.984375,719530.25,719382.0625,248476.671875,219874.296875,225959.875,0.0
1775427318.0369256,236846.78125,718952.3125,258743.890625,719527.5625,719379.1875,248486.953125,219881.265625,225915.703125,0.0
1775427318.050031,236849.375,718953.8125,258742.734375,719529.125,719380.5625,248488.203125,219884.484375,225901.40625,0.0
1775427318.0528815,236853.765625,718955.625,258747.46875,719531.125,719382.375,248499.46875,219892.53125,225917.859375,0.0
1775427318.0529482,236855.1875,718956.9375,258740.59375,719532.5625,719383.75,248485.78125,219887.0,225957.90625,0.0
1775427318.0550976,236841.515625,718954.5625,258727.796875,719530.3125,719381.625,248472.640625,219870.8125,225927.0625,0.0
1775427318.0587428,236845.984375,718954.5625,258733.171875,719530.375,719381.8125,248479.96875,219876.265625,225898.1875,0.0
1775427318.0753372,236854.203125,718958.125,258738.078125,719534.0625,719384.9375,248486.953125,219883.421875,225911.6875,0.0
1775427318.0754144,236866.8125,718959.375,258747.03125,719535.25,719385.9375,248495.890625,219892.71875,225944.234375,0.0
1775427318.0773222,236857.6875,718958.625,258740.3125,719534.25,719385.5,248494.71875,219889.59375,225935.90625,0.0
1775427318.0801742,236855.1875,718955.625,258733.171875,719532.0,719382.8125,248482.75,219879.65625,225891.03125,0.0
1775427318.0802336,236864.484375,718956.75,258737.453125,719532.625,719383.9375,248488.828125,219887.890625,225908.375,0.0
1775427318.0825412,236865.921875,718959.0,258735.046875,719534.625,719385.9375,248489.359375,219891.828125,225934.65625,0.0
1775427318.0991364,236860.109375,718960.8125,258728.96875,719536.375,719387.6875,248486.046875,219894.78125,225947.359375,0.0
1775427318.0992632,236855.71875,718958.9375,258724.859375,719534.25,719385.3125,248489.1875,219890.921875,225896.03125,0.0
1775427318.1014287,236858.671875,718961.75,258726.46875,719536.5625,719388.0625,248493.390625,219890.75,225918.484375,0.0
1775427318.1014938,236861.8125,718960.375,258725.75,719535.5,719387.4375,248495.53125,219894.78125,225939.9375,0.0
1775427318.1038325,236864.21875,718962.125,258723.15625,719537.8125,719389.5625,248498.390625,219895.484375,225974.625,0.0
1775427318.10708,236852.328125,718960.5,258709.46875,719536.0625,719387.4375,248483.734375,219883.6875,225921.96875,0.0
1775427318.1330814,236856.265625,718963.375,258709.5625,719539.0,719389.875,248489.71875,219883.59375,225936.265625,0.0
1775427318.13317,236868.59375,718966.3125,258718.6875,719542.375,719393.4375,248503.21875,219891.203125,225954.78125,0.0
1775427318.1359234,236865.828125,718965.625,258709.46875,719541.375,719392.625,248492.3125,219892.53125,225983.84375,0.0
1775427318.1359868,236860.90625,718962.5,258704.46875,719538.25,719389.6875,248499.109375,219894.6875,225934.3125,0.0
1775427318.1359963,236870.296875,718962.5625,258709.46875,719538.8125,719389.875,248496.421875,219894.0625,225939.9375,0.0
1775427318.1398215,236867.53125,718961.6875,258705.1875,719537.625,719388.625,248492.484375,219890.921875,225953.171875,0.0
1775427318.1398816,236873.609375,718964.375,258707.0625,719540.25,719391.125,248502.765625,219898.796875,225999.75,0.0
1775427318.1398947,236862.875,718961.6875,258698.03125,719537.5625,719388.625,248495.703125,219890.65625,225953.890625,0.0
1775427318.1421363,236873.421875,718964.25,258704.375,719540.3125,719391.125,248500.359375,219896.203125,225950.046875,0.0
1775427318.1461143,236877.0,718965.4375,258709.390625,719541.3125,719392.0625,248502.953125,219900.3125,225966.9375,0.0
1775427318.1546147,236876.921875,718968.375,258709.203125,719544.0625,719395.6875,248499.28125,219900.578125,226010.65625,0.0
1775427318.1593723,236864.046875,718965.0,258701.0625,719540.75,719392.0625,248493.921875,219892.53125,225982.3125,0.0
1775427318.159474,236870.65625,718962.75,258705.453125,719538.75,719389.75,248496.96875,219891.90625,225957.1875,0.0
1775427318.1730857,236871.375,718964.75,258702.953125,719540.5,719391.4375,248495.171875,219891.46875,225984.109375,0.0
1775427318.1731772,236876.015625,718968.3125,258706.34375,719544.0625,719395.25,248498.03125,219899.421875,226035.25,0.0
1775427318.1748931,236870.75,718970.625,258704.203125,719546.4375,719397.625,248503.671875,219902.375,226045.796875,0.0
1775427318.1772869,236865.296875,718967.3125,258697.21875,719542.5625,719393.625,248502.140625,219898.171875,226006.359375,0.0
1775427318.1800148,236867.34375,718965.875,258694.09375,719541.0625,719392.1875,248496.78125,219895.578125,226024.15625,0.0
1775427318.1837845,236872.71875,718968.6875,258696.421875,719543.625,719395.3125,248499.640625,219897.640625,226066.53125,0.0
1775427318.1929204,236872.4375,718971.4375,258695.4375,719546.75,719397.875,248497.59375,219901.03125,226094.609375,0.0
1775427318.1929808,236871.28125,718970.625,258692.84375,719545.9375,719397.125,248500.1875,219899.609375,226050.4375,0.0
1775427318.1947937,236868.78125,718971.875,258689.359375,719546.75,719398.875,248497.40625,219894.140625,226070.65625,0.0
1775427318.2008572,236873.15625,718972.5,258693.828125,719547.5625,719399.6875,248500.1875,219900.40625,226100.609375,0.0
1775427318.2154903,236878.796875,718975.0,258695.4375,719550.4375,719401.9375,248506.53125,219908.90625,226146.28125,0.0
1775427318.215581,236873.609375,718972.875,258689.359375,719547.9375,719399.625,248508.140625,219903.0,226091.75,0.0
1775427318.2181487,236873.34375,718970.6875,258684.625,719546.0625,719397.875,248500.53125,219898.625,226096.3125,0.0
1775427318.2182076,236876.734375,718971.4375,258686.234375,719546.875,719398.625,248502.5,219902.375,226111.515625,0.0
1775427318.2196915,236876.734375,718974.125,258685.15625,719549.625,719401.6875,248503.046875,219906.75,226150.765625,0.0
1775427318.2275743,236870.484375,718973.0625,258685.0625,719549.0,719400.125,248510.109375,219905.5,226102.921875,0.0
1775427318.229998,236871.546875,718976.25,258683.640625,719551.9375,719403.0625,248508.9375,219906.671875,226099.890625,0.0
1775427318.2328336,236869.3125,718975.125,258678.53125,719550.625,719402.125,248508.765625,219906.03125,226101.578125,0.0
1775427318.2394764,236874.140625,718976.4375,258681.3125,719551.875,719403.4375,248508.765625,219906.671875,226134.671875,0.0
1775427318.239584,236869.765625,718971.25,258678.1875,719546.75,719398.0625,248507.59375,219905.328125,226084.859375,0.0
1775427318.2450256,236877.359375,718972.3125,258679.609375,719548.125,719399.0625,248514.125,219908.28125,226068.0625,0.0
1775427318.2539327,236880.9375,718975.875,258681.3125,719551.875,719402.9375,248517.53125,219915.34375,226076.46875,0.0
1775427318.253996,236884.328125,718979.3125,258681.3125,719554.875,719406.5,248519.578125,219918.203125,226107.578125,0.0
1775427318.256753,236871.640625,718975.4375,258674.34375,719551.625,719403.1875,248521.8125,219914.796875,226073.875,0.0
1775427318.2568083,236873.421875,718971.875,258676.21875,719547.75,719399.0625,248521.546875,219913.546875,226028.265625,0.0
1775427318.2647643,236878.703125,718971.1875,258677.109375,719547.0625,719398.25,248518.6875,219911.765625,226028.09375,0.0
1775427318.2670324,236883.796875,718971.9375,258678.453125,719548.375,719399.5,248522.4375,219909.53125,226051.15625,0.0
1775427318.2709944,236876.828125,718970.6875,258673.890625,719546.5625,719398.25,248513.953125,219907.828125,226038.109375,0.0
1775427318.2861793,236878.703125,718968.6875,258675.328125,719544.375,719395.875,248517.171875,219912.828125,225996.359375,0.0
1775427318.2862558,236887.28125,718973.5,258676.84375,719549.1875,719400.5625,248525.390625,219920.515625,226015.390625,0.0
1775427318.2862785,236892.203125,718978.875,258676.65625,719554.375,719405.75,248531.65625,219925.4375,226034.53125,0.0
1775427318.2885263,236881.75,718979.3125,258666.203125,719555.1875,719406.1875,248518.859375,219917.578125,226042.21875,0.0
1775427318.2937593,236872.796875,718973.125,258657.625,719549.0,719399.875,248516.90625,219914.796875,225979.28125,0.0
1775427318.2958543,236873.421875,718971.1875,258652.96875,719546.875,719398.1875,248518.515625,219915.96875,225981.328125,0.0
1775427318.298278,236877.265625,718973.5,258653.6875,719549.25,719400.5625,248521.8125,219919.8125,225995.1875,0.0
1775427318.3075285,236878.875,718977.5,258651.8125,719553.1875,719404.4375,248524.59375,219922.046875,226028.1875,0.0
1775427318.3116367,236862.4375,718970.6875,258637.765625,719546.4375,719397.75,248516.8125,219915.609375,225963.09375,0.0
1775427318.3117557,236866.8125,718969.3125,258635.53125,719545.25,719396.125,248517.96875,219916.234375,225965.5,0.0
1775427318.3137853,236873.15625,718972.4375,258637.765625,719548.3125,719399.25,248522.4375,219919.890625,225979.015625,0.0
1775427318.3275723,236881.5625,718975.625,258639.296875,719550.8125,719402.5625,248523.875,219923.203125,226016.5625,0.0
1775427318.3303068,236869.3125,718973.9375,258628.734375,719549.4375,719401.1875,248521.90625,219918.90625,225966.3125,0.0
1775427318.330364,236875.21875,718974.375,258633.203125,719549.875,719401.5625,248525.921875,219922.125,225965.0625,0.0
1775427318.3325856,236881.5625,718971.5,258637.953125,719547.5,719398.8125,248531.109375,219925.171875,225972.484375,0.0
1775427318.33883,236887.640625,718977.3125,258639.734375,719553.125,719404.625,248533.796875,219935.1875,226018.703125,0.0
1775427318.3516154,236872.71875,718975.875,258628.828125,719551.25,719402.8125,248526.5625,219925.890625,225973.546875,0.0
1775427318.3517087,236863.0625,718971.8125,258616.578125,719547.375,719398.875,248515.921875,219914.0,225941.1875,0.0
1775427318.3538043,236866.28125,718972.25,258615.15625,719547.6875,719399.625,248521.28125,219916.40625,225955.859375,0.0
1775427318.3561747,236875.65625,718978.9375,258621.3125,719554.375,719405.875,248528.34375,219926.25,226002.4375,0.0
1775427318.358496,236866.28125,718978.6875,258608.890625,719554.125,719405.125,248521.09375,219919.1875,225982.234375,0.0
1775427318.3609817,236866.71875,718976.6875,258605.046875,719551.9375,719403.375,248516.984375,219912.03125,225942.703125,0.0
1775427318.3646836,236869.9375,718975.5625,258601.015625,719550.0625,719402.0,248509.390625,219908.453125,225953.53125,0.0
1775427318.376721,236888.71875,718980.3125,258613.09375,719555.4375,719406.75,248523.6875,219920.515625,225999.03125,0.0
1775427318.3767729,236883.703125,718980.625,258610.046875,719556.0,719407.3125,248528.515625,219919.1875,225993.9375,0.0
1775427318.3789985,236884.609375,718979.75,258608.796875,719555.4375,719406.9375,248523.15625,219917.65625,225950.578125,0.0
1775427318.3790576,236891.75,718979.3125,258610.671875,719554.875,719406.1875,248523.609375,219916.5,225963.09375,0.0
1775427318.3850057,236899.984375,718978.9375,258611.84375,719553.9375,719405.3125,248525.84375,219920.078125,225986.96875,0.0
1775427318.389079,236901.5,718981.875,258613.984375,719556.875,719408.375,248531.65625,219923.5625,226012.171875,0.0
1775427318.3891554,236898.640625,718978.6875,258613.1875,719553.5625,719404.875,248536.75,219926.6875,225959.078125,0.0
1775427318.3996365,236895.59375,718977.625,258604.515625,719552.875,719404.3125,248531.5625,219920.703125,225964.875,0.0
1775427318.409932,236897.03125,718978.5625,258603.078125,719554.1875,719405.5,248534.78125,219920.96875,225976.6875,0.0
1775427318.4100351,236897.296875,718979.375,258602.359375,719554.8125,719406.1875,248531.5625,219923.734375,226001.625,0.0
1775427318.4100647,236892.734375,718976.4375,258601.921875,719551.625,719403.0,248536.5625,219926.609375,225948.34375,0.0
1775427318.4130726,236898.28125,718978.25,258601.828125,719553.5,719404.875,248540.6875,219932.0625,225956.484375,0.0
1775427318.4131515,236895.875,718976.1875,258596.640625,719551.6875,719403.1875,248536.65625,219932.140625,225957.90625,0.0
1775427318.4149635,236898.8125,718978.875,258597.171875,719554.375,719405.5,248541.21875,219937.59375,225996.359375,0.0
1775427318.4211068,236888.625,718975.5625,258590.65625,719550.8125,719402.5625,248542.375,219928.5625,225939.578125,0.0
1775427318.4387033,236896.046875,718976.8125,258593.78125,719551.9375,719403.625,248540.6875,219933.21875,225928.9375,0.0
1775427318.4462318,236898.734375,718978.6875,258591.453125,719553.8125,719405.3125,248540.0625,219932.5,225934.9375,0.0
1775427318.4463096,236898.46875,718980.1875,258585.46875,719555.6875,719407.0,248531.65625,219929.734375,225973.28125,0.0
1775427318.4463344,236889.4375,718977.75,258579.828125,719553.3125,719404.6875,248533.890625,219925.890625,225936.625,0.0
1775427318.4489143,236895.328125,718977.9375,258579.828125,719553.5625,719404.9375,248534.78125,219923.46875,225912.578125,0.0
1775427318.4489605,236901.046875,718983.3125,258578.5,719558.9375,719410.0625,248533.703125,219925.4375,225925.0,0.0
1775427318.4512336,236905.25,718986.75,258578.84375,719562.25,719413.75,248537.640625,219926.328125,225960.953125,0.0
1775427318.4636693,236894.625,718982.625,258570.359375,719558.1875,719409.8125,248530.046875,219918.28125,225935.734375,0.0
1775427318.4662488,236895.515625,718982.0,258569.8125,719557.375,719408.625,248530.75,219916.59375,225905.34375,0.0
1775427318.4685073,236894.34375,718983.5,258567.3125,719558.8125,719410.4375,248526.015625,219914.0,225924.203125,0.0
1775427318.471264,236895.6875,718983.25,258564.71875,719558.75,719410.5,248523.0625,219915.25,225951.296875,0.0
1775427318.476014,236888.359375,718983.0625,258561.328125,719558.8125,719410.4375,248524.140625,219917.125,225948.96875,0.0
1775427318.4833436,236885.671875,718980.4375,258560.4375,719556.4375,719407.8125,248525.65625,219917.578125,225902.5625,0.0
1775427318.4858906,236895.59375,718983.875,258566.6875,719559.75,719411.125,248532.015625,219921.15625,225925.0,0.0
1775427318.4884017,236891.484375,718982.9375,258558.203125,719559.125,719410.25,248525.578125,219917.84375,225939.3125,0.0
1775427318.4907703,236887.28125,718984.1875,258553.28125,719560.0,719411.0625,248522.4375,219918.5625,225959.609375,0.0
1775427318.4984133,236894.796875,718982.5,258559.890625,719558.1875,719409.0,248536.390625,219923.203125,225914.71875,0.0
1775427318.5012841,236901.59375,718982.625,258560.875,719558.0,719409.625,248536.84375,219922.671875,225931.71875,0.0
1775427318.5039506,236902.484375,718984.375,258559.53125,719559.9375,719411.75,248534.25,219923.65625,225956.5625,0.0
1775427318.5040092,236905.171875,718986.875,258564.09375,719562.5625,719414.4375,248536.296875,219930.71875,226000.203125,0.0
1775427318.506262,236904.984375,718984.1875,258565.625,719559.9375,719411.375,248543.625,219930.0,225945.21875,0.0
1775427318.520008,236909.09375,718984.1875,258563.375,719560.1875,719411.75,248541.484375,219929.015625,225945.390625,0.0
1775427318.5234573,236907.578125,718986.625,258560.34375,719562.3125,719414.0625,248537.1875,219932.0625,225954.59375,0.0
1775427318.5235288,236913.125,718991.1875,258560.4375,719566.5,719418.4375,248541.84375,219938.84375,226002.875,0.0
1775427318.5235517,236906.953125,718987.25,258555.875,719562.5625,719414.6875,248542.828125,219937.515625,225959.703125,0.0
1775427318.5400462,236913.296875,718990.625,258557.484375,719565.625,719417.5625,248546.40625,219940.8125,225959.78125,0.0
1775427318.5421724,236908.65625,718989.875,258551.21875,719565.25,719417.125,248547.203125,219939.75,225969.265625,0.0
1775427318.5449789,236913.65625,718993.0,258551.140625,719568.75,719420.375,248545.234375,219940.375,226017.8125,0.0
1775427318.5473876,236904.625,718992.625,258544.078125,719568.125,719419.6875,248546.3125,219939.484375,225993.578125,0.0
1775427318.5497136,236911.78125,718990.0,258545.328125,719565.625,719417.375,248547.46875,219939.390625,225974.1875,0.0
1775427318.5523117,236913.921875,718988.6875,258540.765625,719564.3125,719415.8125,248542.296875,219941.0,225988.75,0.0
1775427318.5546083,236914.90625,718989.125,258537.640625,719564.9375,719416.5625,248542.828125,219943.140625,226029.609375,0.0
1775427318.5581715,236908.203125,718987.8125,258533.875,719563.375,719415.0,248546.765625,219941.71875,226017.28125,0.0
1775427318.5582488,236910.703125,718987.375,258535.21875,719562.5625,719414.4375,248540.140625,219939.203125,225983.5625,0.0
1775427318.559632,236914.734375,718990.3125,258534.5,719565.75,719417.8125,248539.875,219941.890625,226007.34375,0.0
1775427318.5734465,236923.140625,718993.5,258537.28125,719568.9375,719421.0,248546.5,219949.046875,226047.40625,0.0
1775427318.5806892,236917.859375,718994.0625,258532.71875,719569.125,719421.3125,248546.578125,219949.578125,226056.4375,0.0
1775427318.5807068,236919.03125,718992.25,258534.59375,719567.0625,719419.0,248552.296875,219951.28125,226010.296875,0.0
1775427318.5807152,236925.90625,718991.5625,258539.78125,719566.8125,719418.4375,248558.03125,219955.84375,226027.90625,0.0
1775427318.588292,236921.265625,718989.3125,258534.234375,719564.4375,719416.4375,248554.625,219954.671875,226045.796875,0.0
1775427318.588366,236913.921875,718991.75,258525.65625,719566.6875,719418.5625,248553.90625,219953.78125,226068.765625,0.0
1775427318.58989,236907.765625,718991.125,258519.03125,719566.1875,719417.9375,248548.8125,219948.234375,226016.46875,0.0
1775427318.5934377,236910.078125,718993.8125,258516.0,719569.125,719421.125,248545.6875,219947.078125,226031.671875,0.0
1775427318.6020515,236908.03125,718994.0625,258510.0,719569.75,719421.5,248545.421875,219948.421875,226043.109375,0.0
1775427318.6093917,236910.078125,718996.125,258507.6875,719571.875,719423.625,248551.5,219954.859375,226078.875,0.0
1775427318.6094463,236904.453125,718989.375,258500.265625,719565.1875,719416.9375,248548.90625,219948.15625,226014.859375,0.0
1775427318.615208,236913.921875,718989.3125,258504.109375,719565.0,719416.5625,248551.859375,219950.03125,226019.78125,0.0
1775427318.6152587,236918.578125,718991.4375,258503.84375,719566.875,719418.8125,248555.703125,219954.765625,226035.515625,0.0
1775427318.6243327,236925.640625,718994.4375,258506.515625,719569.5,719421.75,248568.75,219965.140625,226081.921875,0.0
1775427318.6244109,236916.796875,718993.8125,258499.453125,719568.9375,719420.875,248570.8125,219961.03125,226039.359375,0.0
1775427318.6327453,236912.3125,718995.0625,258489.796875,719570.4375,719422.3125,248551.234375,219951.8125,226031.40625,0.0
1775427318.6328068,236908.75,718996.5625,258484.171875,719572.5,719423.9375,248549.71875,219953.515625,226045.078125,0.0
1775427318.6345265,236916.25,719000.125,258489.4375,719575.8125,719427.125,248553.734375,219960.3125,226092.640625,0.0
1775427318.642209,236913.75,718997.8125,258493.015625,719572.9375,719424.8125,248570.1875,219966.296875,226061.265625,0.0
1775427318.6447868,236913.65625,718993.5,258484.96875,719568.5,719420.5,248555.96875,219953.0625,226019.6875,0.0
1775427318.649122,236908.203125,718992.875,258473.265625,719568.3125,719419.5625,248545.421875,219946.453125,226017.09375,0.0
1775427318.6578388,236914.5625,718992.875,258470.84375,719568.3125,719419.6875,248542.015625,219944.390625,226049.640625,0.0
1775427318.657944,236906.234375,718991.1875,258463.96875,719566.5,719418.3125,248546.140625,219939.75,226033.375,0.0
1775427318.6595216,236909.546875,718989.875,258465.296875,719565.375,719416.75,248555.96875,219942.421875,225994.125,0.0
1775427318.66338,236909.453125,718989.875,258462.0,719565.1875,719417.125,248549.890625,219944.578125,226008.421875,0.0
1775427318.6778908,236914.109375,718991.625,258464.046875,719567.0,719418.9375,248552.578125,219948.15625,226042.21875,0.0
1775427318.6780436,236914.734375,718994.125,258465.03125,719569.125,719421.0,248559.28125,219950.390625,226046.59375,0.0
1775427318.680011,236912.40625,718992.6875,258462.265625,719567.625,719419.8125,248555.96875,219948.15625,225988.671875,0.0
1775427318.6825402,236912.953125,718991.0,258457.796875,719566.375,719418.5625,248551.953125,219950.203125,225995.90625,0.0
1775427318.684541,236915.8125,718988.625,258458.515625,719563.6875,719415.3125,248554.8125,219950.921875,226018.078125,0.0
1775427318.6989532,236913.21875,718991.8125,258454.9375,719567.6875,719419.0,248557.578125,219951.453125,226042.578125,0.0
1775427318.699005,236912.859375,718990.9375,258450.46875,719566.25,719417.375,248551.671875,219947.4375,225988.484375,0.0
1775427318.7041025,236923.671875,718993.3125,258456.0,719568.375,719419.4375,248556.5,219957.625,225996.890625,0.0
1775427318.7041852,236929.3125,718993.0,258458.953125,719568.5,719419.4375,248565.0,219964.421875,226004.40625,0.0
1775427318.7059548,236932.609375,718994.5,258457.703125,719570.25,719421.25,248567.140625,219964.421875,226033.28125,0.0
1775427318.708763,236919.828125,718988.9375,258448.046875,719564.75,719415.875,248571.53125,219970.140625,225967.828125,0.0
1775427318.7115211,236931.28125,718989.125,258451.09375,719564.9375,719416.0625,248577.703125,219975.234375,225963.453125,0.0
1775427318.720579,236929.484375,718990.5,258443.484375,719566.0625,719416.6875,248565.625,219959.765625,225965.6875,0.0
1775427318.7206323,236928.5,718994.0625,258438.578125,719569.8125,719420.5,248558.65625,219956.015625,226008.953125,0.0
1775427318.722538,236923.9375,718993.5,258437.859375,719569.1875,719420.0625,248569.734375,219965.765625,225969.171875,0.0
1775427318.731114,236928.140625,718995.8125,258435.0,719571.8125,719422.75,248564.109375,219961.5625,225956.75,0.0
1775427318.7378483,236930.015625,718995.375,258432.9375,719571.4375,719422.6875,248571.34375,219963.890625,225962.375,0.0
1775427318.7379622,236935.75,718997.375,258433.46875,719573.3125,719423.8125,248570.1875,219960.125,225997.6875,0.0
1775427318.7401927,236928.40625,718994.0625,258426.859375,719569.9375,719420.1875,248564.90625,219951.71875,225958.625,0.0
1775427318.7402563,236933.59375,718994.25,258429.890625,719570.125,719421.0,248564.203125,219955.484375,225932.515625,0.0
1775427318.747326,236935.46875,718993.9375,258427.578125,719569.9375,719420.8125,248567.328125,219959.6875,225942.53125,0.0
1775427318.77258,236943.96875,718996.9375,258431.6875,719573.25,719423.9375,248575.28125,219967.90625,225979.90625,0.0
1775427318.775434,236939.40625,718998.6875,258429.625,719574.8125,719425.8125,248584.84375,219966.03125,225966.671875,0.0
1775427318.7754872,236946.109375,718998.3125,258433.46875,719573.875,719425.375,248588.78125,219970.953125,225922.6875,0.0
1775427318.777536,236945.84375,718994.875,258427.03125,719570.4375,719422.0625,248588.328125,219977.65625,225925.453125,0.0
1775427318.779879,236947.90625,718997.0625,258421.21875,719572.6875,719423.8125,248591.203125,219982.484375,225957.015625,0.0
1775427318.782152,236945.9375,719002.5625,258418.90625,719578.0625,719429.1875,248589.046875,219983.828125,225974.265625,0.0
1775427318.78487,236939.765625,718998.0625,258410.9375,719573.5,719424.875,248570.0,219966.921875,225916.6875,0.0
1775427318.7877114,236946.46875,718994.875,258413.53125,719570.5625,719421.875,248576.09375,219974.796875,225926.703125,0.0
1775427318.7898576,236950.5,718996.8125,258413.53125,719572.875,719424.375,248580.5625,219976.484375,225944.9375,0.0
1775427318.795343,236951.84375,719000.375,258414.609375,719576.0,719427.25,248586.1875,219977.46875,225967.109375,0.0
1775427318.7954469,236949.609375,718996.4375,258413.53125,719571.875,719422.9375,248591.828125,219978.28125,225897.5625,0.0
1775427318.797407,236956.484375,718997.1875,258412.015625,719572.8125,719423.8125,248586.015625,219977.5625,225901.5,0.0
1775427318.8068435,236963.734375,718999.625,258417.734375,719575.375,719426.625,248589.234375,219980.515625,225915.96875,0.0
1775427318.8069203,236971.953125,719003.625,258424.53125,719579.25,719430.375,248599.0625,219990.4375,225951.734375,0.0
1775427318.8090348,236966.59375,718999.6875,258419.96875,719575.4375,719426.3125,248602.46875,219992.40625,225886.65625,0.0
1775427318.809111,236971.328125,718998.4375,258416.484375,719574.5,719425.1875,248595.75,219988.109375,225871.90625,0.0
1775427318.822292,236971.328125,718997.8125,258411.03125,719573.875,719424.8125,248595.75,219989.09375,225877.53125,0.0
1775427318.8295867,236973.390625,719001.1875,258408.34375,719576.8125,719427.9375,248594.5,219989.8125,225917.671875,0.0
1775427318.829646,236963.375,718999.6875,258400.390625,719574.8125,719426.3125,248588.78125,219986.234375,225864.65625,0.0
1775427318.8296568,236969.546875,718997.375,258401.640625,719572.6875,719424.125,248592.265625,219986.140625,225844.8125,0.0
1775427318.8329632,236979.28125,718998.625,258403.4375,719574.125,719425.5,248598.890625,219988.203125,225856.96875,0.0
1775427318.8330152,236981.78125,719001.5,258398.96875,719577.0,719428.5625,248592.8125,219987.3125,225896.390625,0.0
1775427318.8434372,236975.890625,719001.625,258394.9375,719577.25,719428.75,248597.71875,219987.578125,225868.140625,0.0
1775427318.855594,236985.546875,719002.75,258401.203125,719578.75,719429.8125,248610.78125,219996.703125,225841.765625,0.0
1775427318.855657,236985.71875,719001.5,258396.90625,719577.875,719428.75,248604.875,219994.46875,225850.078125,0.0
1775427318.8583684,236991.796875,719003.375,258398.34375,719579.5,719430.5625,248603.984375,219995.359375,225881.203125,0.0
1775427318.8584352,236977.046875,719003.0625,258386.265625,719579.25,719430.1875,248602.640625,219992.765625,225858.84375,0.0
1775427318.8584487,236982.953125,719001.9375,258389.21875,719578.25,719428.8125,248607.828125,219997.6875,225814.40625,0.0
1775427318.8610656,236993.5,719002.5625,258396.375,719578.625,719429.5625,248614.53125,220000.90625,225833.28125,0.0
1775427318.8646207,236999.40625,719006.3125,258398.0625,719582.0,719432.9375,248615.15625,220002.15625,225856.609375,0.0
1775427318.8712475,236988.046875,719005.4375,258385.1875,719581.0,719432.125,248606.390625,219995.796875,225852.59375,0.0
1775427318.8773727,236988.5,719001.625,258380.640625,719577.0625,719428.5625,248605.765625,219991.328125,225799.03125,0.0
1775427318.8891933,237000.296875,719004.9375,258387.78125,719580.75,719431.6875,248609.703125,219999.375,225813.515625,0.0
1775427318.889295,237003.25,719005.875,258388.5,719581.25,719432.5,248609.25,220001.890625,225829.875,0.0
1775427318.8912656,236997.4375,719005.5625,258381.53125,719580.9375,719432.125,248607.109375,220001.890625,225849.90625,0.0
1775427318.893407,236993.765625,719004.75,258380.28125,719580.8125,719431.875,248614.796875,220004.390625,225798.046875,0.0
1775427318.895784,237003.34375,719004.9375,258382.421875,719580.625,719431.9375,248615.609375,220006.265625,225806.984375,0.0
1775427318.8995528,237002.53125,719005.125,258378.671875,719580.8125,719432.3125,248613.015625,220005.375,225823.4375,0.0
1775427318.9118812,237001.734375,719009.4375,258376.34375,719584.875,719436.4375,248614.890625,220007.0625,225863.3125,0.0
1775427318.911936,236997.25,719003.6875,258371.515625,719579.6875,719431.0625,248614.890625,220002.78125,225807.25,0.0
1775427318.9177327,237005.21875,719002.75,258374.015625,719578.4375,719429.8125,248617.390625,220001.609375,225808.78125,0.0
1775427318.9177787,237004.59375,719003.6875,258370.0,719579.5,719430.375,248611.484375,220000.546875,225821.65625,0.0
1775427318.9216902,237003.421875,719004.9375,258366.328125,719580.9375,719431.875,248610.234375,220002.953125,225864.5625,0.0
1775427318.9217439,236990.8125,719002.25,258357.65625,719578.0,719429.1875,248614.984375,220002.6875,225827.1875,0.0
1775427318.9300063,236991.0,719003.6875,258353.453125,719579.6875,719430.875,248608.8125,219999.828125,225820.9375,0.0
1775427318.9368627,236988.40625,719004.625,258349.703125,719580.375,719431.5,248605.859375,219997.859375,225831.484375,0.0
1775427318.9369545,236988.21875,719008.375,258346.21875,719584.3125,719435.375,248603.984375,219998.75,225873.859375,0.0
1775427318.9455872,236979.109375,719007.75,258337.359375,719583.5,719434.625,248601.03125,219995.71875,225845.609375,0.0
1775427318.9456804,236984.65625,719006.75,258339.0625,719582.375,719433.6875,248608.0,219994.546875,225816.203125,0.0
1775427318.9546287,236986.609375,719008.0625,258339.15625,719583.0625,719434.8125,248604.25,219989.984375,225827.828125,0.0
1775427318.9547136,236986.171875,719010.4375,258336.015625,719586.1875,719437.5,248600.765625,219990.171875,225864.296875,0.0
1775427318.9568832,236980.625,719009.875,258333.078125,719585.8125,719437.25,248600.578125,219993.484375,225857.140625,0.0
1775427318.9570465,236980.1875,719008.1875,258333.515625,719583.75,719435.1875,248602.8125,219992.9375,225812.078125,0.0
1775427318.9674044,236980.890625,719008.375,258330.03125,719584.25,719435.25,248602.546875,219991.953125,225824.6875,0.0
1775427318.9701881,236988.046875,719007.9375,258333.515625,719583.4375,719435.125,248603.625,219996.078125,225848.828125,0.0
1775427318.97024,236985.1875,719009.0,258331.1875,719584.5625,719436.1875,248604.078125,219998.578125,225862.0625,0.0
1775427318.9722912,236989.484375,719009.25,258335.03125,719584.75,719436.1875,248611.84375,220002.234375,225816.90625,0.0
1775427318.9811718,237001.28125,719012.625,258340.046875,719588.1875,719439.5,248621.953125,220003.40625,225834.34375,0.0
1775427318.9832888,236997.609375,719011.3125,258335.125,719587.1875,719438.25,248613.90625,220000.09375,225844.890625,0.0
1775427318.9861217,236988.046875,719011.1875,258325.65625,719587.25,719438.25,248601.921875,219996.703125,225866.890625,0.0
1775427318.9947505,236983.9375,719010.3125,258321.8125,719586.0,719437.125,248611.671875,219999.5625,225814.5,0.0
1775427318.9979444,236984.109375,719010.0625,258318.5,719585.8125,719437.5,248615.15625,220002.328125,225822.90625,0.0
1775427318.9979978,236982.234375,719010.75,258312.859375,719586.625,719437.875,248605.140625,220002.6875,225834.078125,0.0
1775427319.0087657,236977.3125,719012.5625,258305.984375,719588.625,719439.75,248600.40625,219997.59375,225870.296875,0.0
1775427319.011456,236971.859375,719010.6875,258304.640625,719587.0,719437.75,248600.765625,219996.25,225815.125,0.0
1775427319.011508,236983.75,719013.0,258312.0625,719588.875,719440.0,248605.140625,220001.796875,225813.609375,0.0
1775427319.017366,236987.328125,719012.1875,258311.078125,719588.0625,719439.5,248607.828125,220004.03125,225820.578125,0.0
1775427319.021944,236986.265625,719012.1875,258307.140625,719588.1875,719439.5625,248603.09375,220001.53125,225858.046875,0.0
1775427319.0220225,236978.03125,719012.625,258305.359375,719588.8125,719440.0,248609.171875,220003.140625,225819.953125,0.0
1775427319.0240223,236980.984375,719012.8125,258308.03125,719588.625,719439.9375,248610.234375,220006.359375,225810.75,0.0
1775427319.032328,236974.1875,719011.5625,258298.203125,719587.1875,719438.375,248596.46875,219996.421875,225823.078125,0.0
1775427319.0365825,236980.984375,719013.25,258300.703125,719588.5,719439.8125,248595.671875,219996.78125,225859.296875,0.0
1775427319.0366962,236975.0,719012.125,258295.78125,719587.6875,719439.125,248601.03125,219996.96875,225832.734375,0.0
1775427319.0452378,236978.125,719011.75,258294.0,719587.5625,719438.875,248603.171875,219995.09375,225800.546875,0.0
1775427319.0470452,236984.828125,719015.5,258297.046875,719591.375,719442.625,248612.125,220004.296875,225821.5625,0.0
1775427319.0506873,236987.328125,719019.375,258299.1875,719594.875,719446.25,248616.59375,220012.515625,225855.890625,0.0
1775427319.0616913,236977.9375,719019.6875,258292.65625,719595.3125,719446.75,248613.015625,220011.265625,225851.328125,0.0
1775427319.0617497,236973.46875,719017.375,258290.0625,719593.25,719444.5,248610.0625,220007.34375,225808.328125,0.0
1775427319.063845,236969.453125,719014.25,258282.46875,719590.375,719441.1875,248605.140625,220001.4375,225810.5625,0.0
1775427319.0778558,236969.453125,719015.75,258278.890625,719591.75,719442.6875,248601.5625,220003.3125,225839.359375,0.0
1775427319.077927,236966.5,719015.4375,258278.171875,719591.3125,719442.4375,248605.765625,220007.421875,225856.078125,0.0
1775427319.0801098,236964.265625,719013.875,258277.640625,719589.6875,719440.8125,248609.796875,220004.46875,225803.953125,0.0
1775427319.0801268,236964.359375,719015.75,258273.796875,719591.5,719442.25,248607.921875,220002.953125,225820.21875,0.0
1775427319.0846984,236963.453125,719017.3125,258268.875,719592.875,719444.0625,248603.984375,220004.46875,225841.765625,0.0
1775427319.0870545,236959.796875,719015.125,258266.015625,719590.5625,719441.8125,248604.421875,220003.140625,225867.515625,0.0
1775427319.089636,236954.515625,719012.5625,258264.5,719587.875,719438.875,248607.296875,220002.234375,225805.296875,0.0
1775427319.0936313,236961.40625,719017.3125,258266.1875,719592.875,719443.75,248605.234375,220006.53125,225818.4375,0.0
1775427319.1050806,236967.75,719015.5,258265.84375,719591.125,719442.1875,248608.265625,220007.609375,225827.640625,0.0
1775427319.1101563,236974.453125,719015.9375,258268.421875,719591.375,719442.625,248616.140625,220013.0625,225861.609375,0.0
1775427319.1102047,236966.5,719015.625,258262.265625,719591.375,719442.0625,248613.640625,220012.515625,225813.0625,0.0
1775427319.112052,236971.5,719015.4375,258262.890625,719590.6875,719442.1875,248612.125,220012.703125,225809.140625,0.0
1775427319.1147492,236969.984375,719016.375,258262.078125,719591.8125,719443.25,248614.0,220016.015625,225819.421875,0.0
1775427319.1187625,236978.84375,719020.8125,258268.34375,719596.5625,719448.0,248619.625,220022.890625,225868.140625,0.0
1775427319.130207,236970.078125,719018.375,258261.90625,719594.0,719445.3125,248617.21875,220016.90625,225827.375,0.0
1775427319.130274,236976.0625,719015.9375,258267.359375,719592.1875,719443.125,248620.171875,220022.0,225806.8125,0.0
1775427319.1323953,236978.390625,719016.875,258269.328125,719592.75,719443.6875,248614.265625,220016.09375,225816.640625,0.0
1775427319.139796,236980.1875,719020.9375,258268.25,719596.3125,719447.4375,248619.359375,220017.0,225852.59375,0.0
1775427319.1421218,236976.6875,719019.875,258265.5625,719595.75,719447.1875,248626.59375,220020.125,225834.53125,0.0
1775427319.144935,236979.640625,719019.25,258261.453125,719594.9375,719446.0,248620.875,220017.265625,225801.265625,0.0
1775427319.1490092,236974.546875,719018.75,258251.265625,719594.3125,719445.4375,248612.5625,220013.6875,225804.578125,0.0
1775427319.1529925,236977.59375,719020.9375,258255.203125,719596.1875,719447.875,248623.5625,220021.109375,225833.1875,0.0
1775427319.1530724,236970.4375,719019.375,258249.921875,719594.625,719446.625,248625.53125,220021.734375,225828.265625,0.0
1775427319.1668851,236973.03125,719019.375,258250.375,719594.875,719446.1875,248629.28125,220023.96875,225783.921875,0.0
1775427319.1670194,236981.609375,719020.6875,258254.84375,719595.6875,719447.0,248629.90625,220024.59375,225798.9375,0.0
1775427319.1808612,236987.875,719022.375,258256.8125,719597.5625,719449.125,248627.234375,220025.84375,225824.953125,0.0
1775427319.180915,236981.515625,719022.75,258250.375,719598.1875,719449.875,248630.171875,220027.453125,225840.34375,0.0
1775427319.180927,236982.234375,719021.25,258253.140625,719596.1875,719448.0625,248639.65625,220036.484375,225795.015625,0.0
1775427319.1952183,236992.515625,719022.9375,258262.34375,719597.8125,719449.6875,248648.953125,220043.8125,225813.609375,0.0
1775427319.195268,236988.21875,719023.75,258251.53125,719598.8125,719450.3125,248624.09375,220024.59375,225831.3125,0.0
1775427319.1975772,236987.328125,719026.9375,258247.6875,719602.125,719453.25,248620.703125,220023.96875,225865.8125,0.0
1775427319.2001193,236982.0625,719024.625,258246.609375,719600.0625,719451.125,248632.6875,220029.59375,225808.78125,0.0
1775427319.2023764,236987.875,719026.25,258247.953125,719601.75,719452.875,248628.5625,220026.203125,225813.78125,0.0
1775427319.2046194,236984.65625,719025.0,258242.328125,719600.6875,719451.5625,248619.890625,220017.4375,225819.59375,0.0
1775427319.2073913,236985.453125,719027.5625,258241.875,719603.1875,719454.125,248620.4375,220021.015625,225856.34375,0.0
1775427319.2100286,236983.84375,719027.25,258240.4375,719602.8125,719454.125,248626.875,220021.640625,225803.859375,0.0
1775427319.2123036,236986.53125,719026.6875,258238.125,719602.1875,719453.4375,248628.65625,220025.046875,225794.734375,0.0
1775427319.221846,236987.59375,719026.4375,258235.4375,719601.75,719452.875,248631.421875,220028.265625,225802.609375,0.0
1775427319.2219238,236988.9375,719028.3125,258234.546875,719603.625,719455.0625,248630.171875,220030.671875,225842.125,0.0
1775427319.2243395,236980.1875,719026.5,258230.96875,719601.5,719453.1875,248635.453125,220028.703125,225804.3125,0.0
1775427319.2244189,236983.390625,719025.0625,258233.109375,719600.4375,719451.8125,248630.171875,220027.90625,225781.59375,0.0
1775427319.2372825,236982.5,719025.1875,258230.96875,719600.5625,719451.5625,248629.734375,220026.65625,225793.21875,0.0
1775427319.241744,236991.4375,719027.375,258233.828125,719603.0625,719454.125,248632.0625,220035.5,225832.921875,0.0
1775427319.2418203,236989.125,719026.3125,258234.8125,719602.1875,719453.25,248638.046875,220040.234375,225809.84375,0.0
1775427319.252412,237000.390625,719029.25,258244.109375,719605.6875,719456.4375,248649.125,220049.890625,225788.921875,0.0
1775427319.2606595,236994.75,719030.25,258234.546875,719606.0625,719457.0625,248639.828125,220037.640625,225800.46875,0.0
1775427319.265602,237002.171875,719032.0625,258235.609375,719607.625,719458.9375,248637.953125,220043.71875,225831.9375,0.0
1775427319.2656808,236997.171875,719032.5625,258231.328125,719608.75,719459.6875,248648.15625,220050.875,225830.140625,0.0
1775427319.2676992,236985.09375,719031.9375,258220.59375,719607.5,719458.4375,248637.78125,220040.859375,225783.5625,0.0
1775427319.2677495,236985.640625,719034.0,258217.921875,719609.4375,719460.3125,248636.890625,220039.171875,225797.15625,0.0
1775427319.27225,236995.828125,719033.5625,258227.296875,719608.875,719460.0625,248648.953125,220049.625,225820.671875,0.0
1775427319.2799213,236989.5625,719032.25,258222.03125,719607.75,719458.875,248648.5,220047.390625,225829.703125,0.0
1775427319.2827525,236978.921875,719027.75,258211.203125,719603.4375,719454.5,248645.015625,220038.265625,225768.28125,0.0
1775427319.2848804,236986.609375,719027.5625,258211.484375,719602.9375,719454.4375,248638.671875,220032.453125,225777.03125,0.0
1775427319.2874086,236991.890625,719029.125,258213.984375,719604.6875,719456.0,248638.046875,220035.140625,225796.796875,0.0
1775427319.2900631,236995.015625,719031.625,258214.609375,719607.625,719458.5,248646.71875,220039.4375,225831.390625,0.0
1775427319.2925837,236995.5625,719030.6875,258217.734375,719606.0625,719457.4375,248653.6875,220040.328125,225776.6875,0.0
1775427319.301741,236999.3125,719028.625,258218.1875,719603.875,719455.75,248643.046875,220036.3125,225778.5625,0.0
1775427319.301855,236999.84375,719029.1875,258214.515625,719604.875,719456.3125,248642.25,220033.71875,225793.40625,0.0
1775427319.3040137,237006.640625,719031.625,258221.046875,719607.375,719458.625,248651.28125,220040.6875,225836.84375,0.0
1775427319.3040652,236999.046875,719028.375,258217.921875,719604.25,719455.5625,248647.171875,220039.875,225792.5,0.0
1775427319.317417,237002.171875,719027.75,258213.890625,719603.5625,719454.75,248647.171875,220038.09375,225787.859375,0.0
1775427319.3206184,236999.484375,719029.1875,258208.34375,719604.625,719455.5625,248644.75,220038.984375,225793.84375,0.0
1775427319.320701,237003.609375,719032.875,258209.421875,719608.75,719459.625,248645.203125,220045.609375,225832.375,0.0
1775427319.3228035,237002.171875,719033.5625,258208.890625,719609.0625,719460.0625,248653.6875,220047.21875,225800.8125,0.0
1775427319.3284183,236997.703125,719031.3125,258200.5625,719607.0,719458.3125,248648.0625,220041.140625,225774.53125,0.0
1775427319.3370812,236997.875,719033.9375,258196.28125,719609.6875,719461.125,248648.0625,220042.75,225790.09375,0.0
1775427319.3427343,236999.484375,719034.9375,258194.40625,719610.0625,719461.5,248643.234375,220041.578125,225823.890625,0.0
1775427319.3428724,236985.8125,719030.875,258184.203125,719606.5625,719457.5625,248640.1875,220035.953125,225799.03125,0.0
1775427319.347675,236992.78125,719029.8125,258190.109375,719605.75,719456.5625,248645.28125,220038.1875,225767.296875,0.0
1775427319.3498912,236999.765625,719031.625,258191.546875,719607.3125,719458.25,248649.84375,220039.4375,225784.640625,0.0
1775427319.353018,237007.890625,719035.375,258195.390625,719611.5,719462.25,248659.6875,220046.3125,225817.625,0.0
1775427319.353072,236995.734375,719033.8125,258180.359375,719610.0,719460.9375,248648.5,220035.234375,225807.4375,0.0
1775427319.3658624,237001.28125,719032.9375,258185.640625,719608.5625,719459.9375,248655.390625,220039.609375,225760.59375,0.0
1775427319.369198,237004.59375,719035.0,258185.734375,719610.75,719462.0,248654.578125,220041.9375,225779.90625,0.0
1775427319.3692622,237003.96875,719036.25,258183.5,719611.875,719462.8125,248649.484375,220044.796875,225799.484375,0.0
1775427319.371147,237006.015625,719037.0625,258184.828125,719613.0,719464.0625,248654.5,220050.609375,225819.78125,0.0
1775427319.373642,237003.96875,719034.5625,258184.203125,719610.625,719461.625,248661.296875,220051.6875,225773.28125,0.0
1775427319.3774672,237006.109375,719034.75,258182.421875,719610.5,719461.5,248658.25,220051.5,225782.484375,0.0
1775427319.4110599,237000.5625,719034.5625,258173.125,719610.5,719461.5,248648.421875,220044.984375,225792.0625,0.0
1775427319.4139712,237001.015625,719037.5,258172.140625,719613.625,719464.5,248649.84375,220045.421875,225824.953125,0.0
1775427319.41403,236995.46875,719033.9375,258170.703125,719610.25,719461.0,248653.609375,220038.265625,225768.546875,0.0
1775427319.4162848,237004.671875,719034.375,258176.421875,719610.6875,719461.5625,248652.890625,220043.8125,225772.828125,0.0
1775427319.4185412,237008.609375,719038.375,258179.46875,719614.6875,719465.6875,248659.234375,220054.71875,225792.859375,0.0
1775427319.4208293,237013.96875,719041.0,258179.828125,719616.5625,719467.8125,248663.078125,220062.59375,225839.53125,0.0
1775427319.4237726,237000.75,719036.4375,258167.671875,719612.5,719463.4375,248658.609375,220053.46875,225790.453125,0.0
1775427319.425949,237002.078125,719035.0,258161.59375,719611.5,719462.125,248655.296875,220047.21875,225776.234375,0.0
1775427319.4284773,237003.15625,719037.5625,258159.359375,719613.1875,719464.125,248653.328125,220047.21875,225783.125,0.0
1775427319.431072,237009.6875,719041.4375,258161.59375,719617.0625,719467.8125,248657.71875,220053.5625,225828.625,0.0
1775427319.4336622,236999.671875,719040.125,258158.453125,719616.0625,719466.75,248664.59375,220052.3125,225800.28125,0.0
1775427319.4387848,237002.53125,719039.5,258159.171875,719615.4375,719466.1875,248664.953125,220052.75,225775.78125,0.0
1775427319.4442546,237014.421875,719038.75,258167.484375,719614.5625,719465.75,248677.390625,220060.171875,225787.859375,0.0
1775427319.444307,237019.078125,719041.0625,258168.109375,719617.1875,719468.1875,248670.40625,220057.671875,225821.5625,0.0
1775427319.4462583,236999.40625,719039.1875,258150.40625,719615.0,719465.875,248652.34375,220045.421875,225797.875,0.0
1775427319.4485295,237003.96875,719041.0,258155.859375,719616.6875,719467.9375,248660.9375,220049.265625,225761.84375,0.0
1775427319.4519043,237013.53125,719042.0,258162.390625,719617.9375,719469.0,248667.375,220054.546875,225775.25,0.0
1775427319.4519815,237015.9375,719041.625,258158.28125,719617.375,719468.1875,248666.125,220055.171875,225798.578125,0.0
1775427319.458773,237016.03125,719040.75,258156.671875,719616.4375,719467.0,248672.109375,220056.6875,225802.875,0.0
1775427319.4611034,237020.0625,719041.1875,258160.421875,719616.9375,719467.75,248673.453125,220053.734375,225759.6875,0.0
1775427319.4651873,237025.515625,719042.75,258160.515625,719618.625,719469.875,248672.203125,220059.015625,225776.234375,0.0
1775427319.4699366,237024.171875,719042.625,258156.84375,719618.375,719469.5,248673.1875,220061.515625,225788.484375,0.0
1775427319.4747903,237014.0625,719042.5,258150.046875,719617.9375,719469.0625,248673.359375,220058.921875,225805.015625,0.0
1775427319.4779668,237006.5625,719038.125,258144.15625,719614.0625,719465.0625,248666.390625,220057.046875,225746.1875,0.0
1775427319.4780452,237016.390625,719041.0,258149.96875,719616.875,719468.0,248671.125,220059.90625,225762.109375,0.0
1775427319.482639,237021.3125,719039.9375,258154.96875,719615.6875,719466.5625,248677.75,220061.96875,225780.796875,0.0
1775427319.4888313,237024.609375,719041.375,258157.203125,719617.1875,719468.25,248673.8125,220063.484375,225818.34375,0.0
1775427319.4956036,237016.5625,719040.0,258151.390625,719616.125,719467.1875,248674.4375,220061.25,225772.125,0.0
1775427319.4956813,237016.484375,719041.6875,258145.3125,719617.5625,719468.6875,248672.640625,220059.28125,225771.5,0.0
1775427319.5022798,237016.203125,719045.3125,258141.5625,719621.0,719472.125,248671.75,220058.75,225780.4375,0.0
1775427319.5052743,237019.421875,719047.5,258143.53125,719623.3125,719474.4375,248678.1875,220060.09375,225818.4375,0.0
1775427319.5074306,237008.609375,719043.375,258137.71875,719619.4375,719470.3125,248671.125,220055.890625,225771.9375,0.0
1775427319.5108786,237013.703125,719042.3125,258139.328125,719618.125,719468.8125,248664.421875,220054.28125,225757.28125,0.0
1775427319.5205977,237012.8125,719041.375,258133.328125,719617.375,719468.0,248663.53125,220048.109375,225757.8125,0.0
1775427319.5206764,237029.171875,719044.8125,258141.5625,719620.8125,719471.75,248669.703125,220056.78125,225802.703125,0.0
1775427319.522614,237031.59375,719042.9375,258143.53125,719618.375,719469.8125,248677.296875,220063.125,225774.359375,0.0
1775427319.5312252,237036.953125,719040.75,258144.6875,719616.3125,719467.5625,248676.84375,220063.9375,225749.140625,0.0
1775427319.5355248,237039.1875,719039.0,258140.671875,719615.0625,719466.3125,248678.71875,220065.359375,225764.078125,0.0
1775427319.5355785,237044.109375,719043.5625,258141.109375,719619.625,719470.5625,248680.953125,220069.125,225801.890625,0.0
1775427319.5491948,237032.84375,719042.9375,258133.328125,719618.5625,719469.5,248677.46875,220064.734375,225783.5625,0.0
1775427319.5494812,237037.046875,719039.625,258132.359375,719615.25,719466.125,248680.78125,220065.359375,225744.21875,0.0
1775427319.5515492,237044.28125,719042.4375,258133.96875,719617.875,719469.0,248688.921875,220071.53125,225768.359375,0.0
1775427319.551652,237044.828125,719043.9375,258130.109375,719619.1875,719470.75,248684.890625,220073.140625,225796.078125,0.0
1775427319.5603552,237036.234375,719043.875,258119.75,719619.625,719471.1875,248677.828125,220068.765625,225797.78125,0.0
1775427319.5604763,237037.046875,719040.5625,258116.34375,719616.3125,719467.8125,248678.09375,220063.9375,225752.0,0.0
1775427319.5754633,237049.921875,719042.0625,258125.46875,719618.125,719469.0625,248688.03125,220071.078125,225776.40625,0.0
1775427319.575516,237047.859375,719043.6875,258120.90625,719620.0625,719470.9375,248682.65625,220069.296875,225798.046875,0.0
1775427319.5823045,237042.765625,719043.6875,258113.578125,719619.875,719470.875,248678.640625,220067.421875,225820.40625,0.0
1775427319.5823593,237040.53125,719042.875,258112.765625,719618.75,719470.0625,248686.140625,220065.625,225769.890625,0.0
1775427319.58237,237045.71875,719044.125,258111.96875,719620.0625,719471.3125,248690.890625,220067.59375,225783.921875,0.0
1775427319.5848787,237045.71875,719044.3125,258106.875,719620.1875,719471.125,248684.890625,220068.3125,225794.296875,0.0
1775427319.5897532,237050.453125,719046.5625,258109.734375,719622.5625,719473.625,248686.765625,220072.875,225826.484375,0.0
1775427319.5923924,237041.515625,719042.9375,258106.953125,719619.125,719469.9375,248688.921875,220069.828125,225770.15625,0.0
1775427319.594636,237048.578125,719045.375,258111.34375,719621.3125,719471.9375,248688.65625,220069.296875,225769.078125,0.0
1775427319.6036277,237054.921875,719046.6875,258114.375,719622.5,719472.9375,248691.515625,220073.859375,225785.359375,0.0
1775427319.607868,237054.390625,719047.875,258111.96875,719623.75,719474.1875,248691.953125,220073.859375,225828.453125,0.0
1775427319.6079736,237049.828125,719046.1875,258109.109375,719622.125,719473.0,248693.390625,220071.265625,225785.984375,0.0
1775427319.6098895,237056.09375,719046.875,258108.921875,719622.5625,719473.5625,248694.8125,220071.078125,225772.828125,0.0
1775427319.6239955,237053.5,719045.3125,258103.296875,719621.0625,719472.0,248690.078125,220068.484375,225775.875,0.0
1775427319.6240475,237057.15625,719048.0625,258103.734375,719624.375,719475.0,248693.484375,220076.265625,225817.546875,0.0
1775427319.6268485,237045.359375,719047.0625,258094.625,719622.875,719473.75,248689.90625,220069.75,225784.640625,0.0
1775427319.6270473,237044.015625,719042.25,258086.9375,719617.875,719469.0,248678.453125,220061.421875,225749.671875,0.0
1775427319.6401217,237052.15625,719045.3125,258092.03125,719621.0625,719472.125,248681.671875,220065.71875,225771.21875,0.0
1775427319.6497111,237056.625,719047.875,258096.859375,719623.3125,719474.5,248685.78125,220075.109375,225810.65625,0.0
1775427319.649835,237046.4375,719049.0625,258089.34375,719624.8125,719475.6875,248681.234375,220068.765625,225801.171875,0.0
1775427319.6498635,237043.75,719046.375,258085.859375,719622.0625,719473.0,248680.78125,220066.53125,225764.34375,0.0
1775427319.6530285,237039.546875,719045.1875,258079.15625,719621.125,719471.9375,248682.03125,220070.375,225780.4375,0.0
1775427319.6531067,237043.125,719047.0,258079.15625,719623.0,719473.5625,248682.390625,220074.296875,225812.890625,0.0
1775427319.6571677,237043.921875,719047.0625,258082.28125,719623.125,719473.75,248687.671875,220081.359375,225825.140625,0.0
1775427319.6597595,237041.0625,719043.6875,258078.625,719619.5625,719470.5,248690.265625,220075.203125,225772.125,0.0
1775427319.6626964,237044.015625,719046.0,258077.1875,719621.0625,719472.4375,248694.734375,220073.59375,225790.265625,0.0
1775427319.673781,237051.53125,719049.0625,258082.640625,719624.1875,719475.4375,248701.53125,220081.1875,225816.828125,0.0
1775427319.6762009,237057.0625,719051.25,258084.96875,719627.125,719477.8125,248707.0625,220086.546875,225838.109375,0.0
1775427319.6762447,237041.953125,719043.375,258070.578125,719619.75,719470.3125,248697.953125,220076.453125,225771.671875,0.0
1775427319.6879094,237050.0,719043.9375,258072.625,719619.875,719470.6875,248693.828125,220080.5625,225787.140625,0.0
1775427319.6880112,237052.6875,719047.9375,258072.53125,719623.3125,719474.25,248693.828125,220083.59375,225810.65625,0.0
1775427319.6900287,237050.71875,719054.25,258070.21875,719630.4375,719481.0625,248698.3125,220086.375,225853.484375,0.0
1775427319.6924236,237049.734375,719051.375,258072.53125,719627.3125,719478.375,248707.609375,220087.453125,225801.71875,0.0
1775427319.6949172,237057.0625,719050.125,258075.125,719626.0,719477.125,248708.59375,220089.328125,225795.984375,0.0
1775427319.698354,237056.4375,719049.5,258074.421875,719625.875,719476.875,248709.65625,220089.6875,225806.0,0.0
1775427319.707964,237063.78125,719053.0,258077.71875,719629.0,719480.25,248716.90625,220094.515625,225856.25,0.0
1775427319.7080176,237046.15625,719051.0,258064.3125,719626.9375,719478.0,248709.921875,220087.09375,225813.96875,0.0
1775427319.7098224,237046.703125,719053.0625,258059.65625,719628.5625,719479.8125,248703.765625,220085.84375,225803.59375,0.0
1775427319.7162797,237049.5625,719055.3125,258056.359375,719631.5,719482.3125,248700.984375,220082.890625,225815.484375,0.0
1775427319.7309036,237052.6875,719054.875,258058.40625,719630.875,719481.75,248701.34375,220084.9375,225845.96875,0.0
1775427319.730954,237047.5,719052.4375,258056.625,719628.5,719479.625,248705.015625,220088.078125,225815.578125,0.0
1775427319.730965,237047.328125,719053.25,258054.828125,719628.6875,719479.625,248704.203125,220085.03125,225787.3125,0.0
1775427319.7366228,237047.6875,719052.1875,258053.3125,719627.75,719478.625,248702.421875,220081.453125,225795.546875,0.0
1775427319.73671,237054.484375,719054.5625,258055.46875,719630.625,719481.3125,248701.53125,220084.40625,225835.15625,0.0
1775427319.7383242,237044.546875,719052.25,258047.421875,719628.0625,719479.25,248701.25,220080.03125,225822.640625,0.0
1775427319.745041,237044.109375,719049.1875,258043.390625,719624.5625,719476.125,248699.828125,220074.65625,225772.921875,0.0
1775427319.7473896,237054.484375,719054.125,258048.84375,719630.0,719481.3125,248706.984375,220082.53125,225794.828125,0.0
1775427319.7498784,237060.828125,719057.6875,258052.59375,719633.5,719484.6875,248718.421875,220092.984375,225830.6875,0.0
1775427319.754616,237047.234375,719059.0625,258042.3125,719634.625,719485.875,248712.34375,220088.703125,225843.375,0.0
1775427319.7587967,237029.890625,719054.6875,258025.6875,719630.625,719481.5,248694.015625,220077.15625,225786.78125,0.0
1775427319.7622416,237031.5,719054.6875,258021.484375,719630.75,719481.3125,248694.015625,220075.46875,225797.59375,0.0
1775427319.7717173,237035.4375,719057.4375,258020.59375,719633.5,719484.0625,248695.890625,220080.46875,225816.375,0.0
1775427319.7717683,237033.640625,719059.5,258015.5,719635.25,719486.125,248696.96875,220081.453125,225844.0,0.0
1775427319.7734926,237022.46875,719056.375,258005.390625,719632.25,719483.4375,248693.65625,220071.359375,225783.296875,0.0
1775427319.7828407,237024.96875,719056.25,258002.71875,719632.5,719483.375,248689.640625,220065.71875,225786.0625,0.0
1775427319.7829194,237032.9375,719055.5625,258007.890625,719632.0,719482.375,248696.875,220074.75,225801.453125,0.0
1775427319.7850327,237042.765625,719060.5625,258017.90625,719637.1875,719487.5,248706.0,220083.6875,225841.234375,0.0
1775427319.7959158,237033.375,719058.875,258012.640625,719634.9375,719485.4375,248707.328125,220081.28125,225787.765625,0.0
1775427319.799441,237034.984375,719057.8125,258010.84375,719633.5625,719484.5625,248704.65625,220082.703125,225781.421875,0.0
1775427319.7995174,237030.0625,719057.8125,258003.96875,719633.9375,719484.6875,248699.296875,220080.296875,225792.78125,0.0
1775427319.8010442,237030.15625,719059.125,258002.078125,719635.5625,719486.0,248698.125,220083.875,225834.703125,0.0
1775427319.809761,237025.78125,719058.9375,257999.21875,719634.9375,719485.0625,248703.40625,220082.796875,225795.09375,0.0
1775427319.8177617,237031.40625,719057.5,258000.03125,719633.75,719484.25,248705.1875,220083.421875,225778.734375,0.0
1775427319.8178167,237026.21875,719058.625,257990.28125,719634.625,719485.4375,248697.859375,220080.5625,225786.25,0.0
1775427319.8201115,237024.890625,719059.5625,257986.625,719635.4375,719486.0625,248694.734375,220078.328125,225816.640625,0.0
1775427319.8227575,237019.078125,719057.8125,257985.28125,719633.5,719484.25,248697.046875,220077.875,225788.75,0.0
1775427319.82604,237024.078125,719057.875,257990.1875,719633.9375,719484.8125,248701.703125,220080.46875,225761.03125,0.0
1775427319.8321564,237030.875,719059.0625,257992.703125,719635.0,719485.8125,248706.53125,220084.046875,225771.21875,0.0
1775427319.836557,237038.390625,719059.5625,257994.84375,719635.75,719486.5,248708.859375,220089.859375,225803.6875,0.0
1775427319.8366344,237031.59375,719059.75,257987.328125,719636.0,719486.875,248706.4375,220087.71875,225796.265625,0.0
1775427319.850171,237031.671875,719060.125,257985.640625,719636.1875,719486.9375,248707.15625,220083.421875,225753.4375,0.0
1775427319.853145,237028.90625,719061.5625,257979.28125,719637.5,719488.375,248698.21875,220074.390625,225764.609375,0.0
1775427319.8533037,237026.9375,719060.9375,257973.65625,719636.625,719488.125,248689.640625,220071.703125,225781.78125,0.0
1775427319.8550255,237020.6875,719062.875,257966.765625,719638.25,719489.5625,248690.265625,220073.40625,225792.78125,0.0
1775427319.8576007,237016.84375,719059.5625,257967.671875,719635.1875,719486.6875,248695.625,220073.59375,225737.78125,0.0
1775427319.86347,237027.46875,719059.5,257976.15625,719635.4375,719486.4375,248699.828125,220075.640625,225749.140625,0.0
1775427319.8727288,237038.296875,719063.1875,257983.671875,719638.9375,719489.8125,248709.921875,220087.71875,225772.203125,0.0
1775427319.8727827,237039.09375,719065.6875,257981.609375,719641.625,719492.3125,248713.140625,220090.9375,225798.9375,0.0
1775427319.8776867,237032.578125,719062.625,257978.578125,719638.875,719489.625,248717.890625,220089.0625,225742.4375,0.0
1775427319.8777692,237038.296875,719064.4375,257978.65625,719640.9375,719491.4375,248719.046875,220087.625,225754.0625,0.0
1775427319.8852396,237039.90625,719063.8125,257976.15625,719640.0,719490.875,248711.8125,220084.765625,225764.515625,0.0
1775427319.8872447,237042.671875,719067.125,257977.671875,719642.6875,719494.125,248717.078125,220093.4375,225808.328125,0.0
1775427319.8923073,237035.875,719067.125,257974.546875,719642.4375,719493.8125,248721.90625,220092.09375,225764.078125,0.0
1775427319.8950467,237045.453125,719066.8125,257975.265625,719642.6875,719494.125,248715.921875,220092.546875,225763.625,0.0
1775427319.8977182,237044.546875,719065.375,257970.875,719641.1875,719492.5625,248719.671875,220093.96875,225765.5,0.0
1775427319.9050317,237044.46875,719067.5625,257966.0625,719643.6875,719494.4375,248720.03125,220094.59375,225805.015625,0.0
1775427319.9139178,237043.03125,719067.8125,257963.8125,719643.75,719494.5625,248727.90625,220097.546875,225770.875,0.0
1775427319.9139624,237050.90625,719068.0625,257964.265625,719643.875,719494.75,248727.8125,220098.0,225756.921875,0.0
1775427319.9182851,237049.109375,719068.25,257959.96875,719644.375,719495.1875,248722.53125,220095.3125,225765.0625,0.0
1775427319.920872,237051.796875,719067.1875,257961.5,719643.125,719494.5625,248721.546875,220094.859375,225790.265625,0.0
1775427319.9278123,237045.71875,719067.375,257956.671875,719643.4375,719494.5625,248718.0625,220091.015625,225764.78125,0.0
1775427319.9279156,237045.890625,719065.5,257954.078125,719641.0,719492.5,248716.984375,220085.203125,225731.4375,0.0
1775427319.936865,237049.46875,719064.6875,257955.0625,719640.9375,719492.3125,248717.53125,220082.4375,225739.125,0.0
1775427319.9369552,237051.96875,719066.1875,257955.140625,719642.0,719493.5,248715.5625,220081.90625,225768.359375,0.0
1775427319.942448,237051.265625,719066.3125,257956.484375,719641.375,719492.6875,248724.765625,220085.84375,225771.046875,0.0
1775427319.9451225,237047.328125,719064.4375,257952.203125,719639.9375,719490.875,248720.75,220081.984375,225722.859375,0.0
1775427319.9476905,237047.6875,719064.25,257946.296875,719640.1875,719491.0625,248716.640625,220082.796875,225737.703125,0.0
1775427319.9560056,237052.875,719065.875,257949.0625,719641.375,719492.5625,248720.921875,220087.171875,225761.21875,0.0
1775427319.9590802,237048.21875,719064.9375,257942.1875,719640.75,719491.625,248721.734375,220090.21875,225771.9375,0.0
1775427319.9591415,237048.125,719062.0625,257943.4375,719637.625,719488.5625,248726.921875,220094.859375,225720.984375,0.0
1775427319.9610553,237051.078125,719062.6875,257938.78125,719638.875,719489.5625,248720.65625,220094.328125,225733.765625,0.0
1775427319.9818811,237053.5,719066.75,257935.484375,719642.4375,719493.6875,248722.0,220096.75,225751.828125,0.0
1775427319.9820812,237052.953125,719068.4375,257935.296875,719643.9375,719495.4375,248719.859375,220092.28125,225780.609375,0.0
1775427319.9847896,237048.390625,719064.5,257931.984375,719640.3125,719491.0625,248717.34375,220088.15625,225722.328125,0.0
1775427319.9848404,237057.96875,719064.25,257935.75,719640.125,719490.875,248720.296875,220090.3125,225728.84375,0.0
1775427319.9848511,237062.4375,719066.375,257939.859375,719642.1875,719493.375,248726.828125,220092.453125,225748.875,0.0
1775427319.9872503,237065.921875,719071.3125,257943.53125,719646.875,719498.0625,248726.921875,220101.84375,225793.484375,0.0
1775427319.9938416,237057.0625,719069.75,257939.6875,719645.3125,719496.3125,248730.765625,220102.203125,225741.09375,0.0
1775427320.0006213,237056.796875,719069.875,257936.734375,719645.0,719496.3125,248731.75,220102.5625,225731.625,0.0
1775427320.0007036,237053.40625,719067.1875,257928.6875,719642.4375,719493.5625,248725.9375,220095.9375,225735.546875,0.0
1775427320.0051303,237059.3125,719068.0625,257928.6875,719643.4375,719494.5625,248723.703125,220098.890625,225779.71875,0.0
1775427320.009258,237053.765625,719069.125,257924.296875,719644.6875,719495.8125,248722.453125,220097.375,225746.8125,0.0
1775427320.0093129,237057.609375,719068.875,257922.25,719644.9375,719496.0625,248724.40625,220099.515625,225725.71875,0.0
1775427320.0199404,237058.5,719069.25,257919.828125,719645.1875,719496.625,248724.859375,220101.921875,225732.15625,0.0
1775427320.0234885,237068.0625,719071.5625,257925.203125,719647.1875,719498.5,248729.421875,220108.28125,225768.359375,0.0
1775427320.0236926,237059.390625,719069.875,257918.671875,719645.375,719496.4375,248733.71875,220108.71875,225741.8125,0.0
1775427320.0508661,237054.03125,719068.375,257911.609375,719644.125,719495.0625,248725.75,220102.109375,225705.328125,0.0
1775427320.058752,237049.5625,719068.875,257903.46875,719644.75,719495.875,248722.453125,220099.25,225723.578125,0.0
1775427320.058856,237055.8125,719073.0,257906.59375,719648.75,719500.125,248723.609375,220106.671875,225760.9375,0.0
1775427320.0588796,237053.578125,719073.0,257905.890625,719648.75,719499.9375,248725.3125,220109.625,225757.015625,0.0
1775427320.062464,237054.03125,719069.625,257908.296875,719645.375,719496.25,248731.828125,220111.578125,225707.125,0.0
1775427320.06252,237060.203125,719069.6875,257913.03125,719645.8125,719496.6875,248733.359375,220112.390625,225721.421875,0.0
1775427320.0625315,237064.3125,719072.75,257912.046875,719648.875,719499.9375,248731.75,220109.078125,225749.140625,0.0
1775427320.0647693,237058.953125,719072.125,257902.84375,719648.0625,719499.0,248727.359375,220106.9375,225766.21875,0.0
1775427320.0672824,237056.09375,719069.0,257900.609375,719644.75,719496.1875,248735.140625,220108.28125,225718.46875,0.0
1775427320.072398,237052.515625,719070.125,257894.0,719646.125,719497.5625,248726.46875,220103.453125,225736.171875,0.0
1775427320.074684,237055.28125,719071.5625,257892.734375,719647.6875,719498.9375,248730.5,220103.984375,225755.21875,0.0
1775427320.0771987,237054.484375,719072.9375,257888.1875,719648.9375,719500.0,248729.6875,220103.453125,225789.203125,0.0
1775427320.0795395,237046.34375,719070.3125,257880.5,719646.0,719497.0625,248730.765625,220101.921875,225731.078125,0.0
1775427320.0820792,237049.109375,719070.375,257877.28125,719646.375,719497.4375,248723.421875,220102.46875,225732.421875,0.0
1775427320.084555,237050.1875,719071.3125,257875.484375,719647.875,719498.9375,248722.984375,220102.375,225744.3125,0.0
1775427320.1006663,237051.53125,719073.5625,257875.75,719649.6875,719500.75,248725.21875,220103.0,225780.4375,0.0
1775427320.1007087,237045.71875,719069.0,257874.0625,719645.3125,719496.25,248727.0,220099.875,225730.546875,0.0
1775427320.102613,237049.921875,719068.5,257876.015625,719644.6875,719495.8125,248728.609375,220100.234375,225723.65625,0.0
1775427320.1026256,237051.796875,719070.6875,257873.703125,719646.4375,719498.0625,248729.15625,220100.046875,225730.546875,0.0
1775427320.104669,237056.09375,719074.25,257871.90625,719650.3125,719501.6875,248726.46875,220100.765625,225770.6875,0.0
1775427320.1072345,237053.5,719073.1875,257871.109375,719649.25,719500.5625,248733.0,220098.796875,225736.796875,0.0
1775427320.1113796,237062.609375,719072.375,257876.828125,719648.25,719499.5625,248734.515625,220102.640625,225718.921875,0.0
1775427320.1206367,237065.828125,719074.5,257877.453125,719650.125,719501.1875,248734.609375,220107.390625,225733.046875,0.0
1775427320.120722,237066.28125,719075.6875,257877.1875,719651.125,719502.125,248738.265625,220110.875,225769.96875,0.0
1775427320.12536,237056.53125,719074.8125,257865.109375,719650.5625,719501.375,248740.421875,220106.21875,225751.921875,0.0
1775427320.1254728,237058.046875,719073.375,257861.453125,719649.5625,719500.5625,248736.921875,220105.59375,225718.75,0.0
1775427320.1275697,237059.3125,719073.25,257857.6875,719649.3125,719500.1875,248732.28125,220103.53125,225731.53125,0.0
1775427320.1388757,237061.984375,719073.1875,257858.5,719648.75,719499.8125,248732.28125,220105.0625,225759.515625,0.0
1775427320.1420653,237053.578125,719072.9375,257852.515625,719648.6875,719500.125,248733.625,220105.0625,225754.5,0.0
1775427320.142197,237052.875,719071.5,257850.09375,719647.8125,719498.75,248732.375,220102.640625,225709.625,0.0
1775427320.1434312,237057.15625,719071.9375,257850.265625,719647.8125,719499.0,248733.265625,220102.375,225726.96875,0.0
1775427320.1525693,237060.28125,719071.0625,257852.328125,719646.875,719497.6875,248735.234375,220105.6875,225746.28125,0.0
1775427320.1566489,237051.796875,719070.875,257845.171875,719647.25,719497.9375,248723.703125,220098.0,225761.921875,0.0
1775427320.1569011,237045.71875,719069.25,257842.9375,719645.625,719496.0625,248723.78125,220092.09375,225704.265625,0.0
1775427320.1646712,237052.6875,719070.75,257845.53125,719647.375,719497.75,248726.46875,220096.65625,225718.921875,0.0
1775427320.169166,237060.109375,719073.625,257852.859375,719649.9375,719500.5625,248736.65625,220104.609375,225742.34375,0.0
1775427320.169251,237058.5,719075.3125,257850.625,719651.5625,719502.25,248735.765625,220104.515625,225773.90625,0.0
1775427320.179927,237051.609375,719071.8125,257844.015625,719648.0625,719498.5625,248737.015625,220102.015625,225711.765625,0.0
1775427320.1825652,237054.125,719074.8125,257842.859375,719650.75,719501.625,248733.265625,220107.03125,225717.140625,0.0
1775427320.1846817,237051.703125,719072.9375,257837.3125,719649.125,719499.8125,248726.203125,220104.4375,225726.609375,0.0
1775427320.190999,237055.109375,719075.4375,257837.046875,719651.375,719502.125,248727.625,220106.84375,225766.578125,0.0
1775427320.194095,237054.03125,719073.625,257838.65625,719649.75,719500.625,248737.46875,220113.828125,225719.90625,0.0
1775427320.1941748,237061.71875,719072.75,257842.9375,719649.375,719500.1875,248745.0625,220115.703125,225712.9375,0.0
1775427320.2038312,237058.5,719071.125,257835.34375,719647.8125,719498.5625,248733.265625,220105.78125,225719.90625,0.0
1775427320.217569,237065.109375,719074.875,257835.25,719651.3125,719502.0625,248731.46875,220106.40625,225758.984375,0.0
1775427320.2176473,237059.578125,719074.3125,257830.6875,719650.375,719501.625,248740.421875,220108.71875,225725.890625,0.0
1775427320.2176714,237062.4375,719071.5625,257828.546875,719647.5,719499.0,248741.484375,220109.078125,225701.40625,0.0
1775427320.2205431,237062.875,719070.25,257827.03125,719645.9375,719497.25,248737.203125,220110.421875,225709.09375,0.0
1775427320.2207482,237065.5625,719073.875,257827.109375,719650.3125,719501.0,248745.15625,220115.78125,225746.453125,0.0
1775427320.2224915,237058.953125,719071.8125,257818.53125,719648.0625,719498.9375,248741.671875,220111.40625,225731.625,0.0
1775427320.225253,237062.078125,719070.75,257816.484375,719647.25,719498.0625,248734.34375,220111.140625,225699.96875,0.0
1775427320.2324204,237063.234375,719074.3125,257812.90625,719650.5625,719501.1875,248739.34375,220110.875,225717.671875,0.0
1775427320.239508,237068.25,719078.8125,257812.90625,719655.0625,719505.9375,248739.515625,220111.859375,225751.46875,0.0
1775427320.2395968,237061.546875,719077.8125,257808.25,719653.875,719505.25,248742.5625,220108.71875,225752.359375,0.0
1775427320.240939,237060.203125,719074.3125,257803.6875,719650.375,719501.6875,248739.515625,220108.546875,225699.171875,0.0
1775427320.2549732,237062.703125,719075.0625,257802.0,719651.0,719502.125,248736.75,220111.234375,225713.375,0.0
1775427320.2581153,237065.296875,719076.3125,257803.875,719652.375,719503.3125,248740.328125,220115.078125,225728.84375,0.0
1775427320.258198,237065.5625,719077.75,257805.921875,719653.875,719505.0,248744.53125,220118.921875,225745.390625,0.0
1775427320.2602785,237064.40625,719074.1875,257808.515625,719650.375,719501.1875,248750.25,220116.6875,225689.0625,0.0
1775427320.2625668,237069.765625,719074.9375,257812.1875,719651.3125,719502.125,248747.65625,220117.390625,225696.125,0.0
1775427320.273902,237072.09375,719076.75,257812.28125,719653.4375,719504.125,248746.578125,220118.5625,225707.125,0.0
1775427320.276866,237075.390625,719078.375,257813.609375,719654.9375,719505.75,248749.71875,220121.59375,225737.34375,0.0
1775427320.2769513,237066.28125,719074.8125,257805.296875,719651.4375,719502.125,248746.9375,220121.59375,225676.984375,0.0
1775427320.27878,237072.09375,719076.8125,257806.28125,719653.25,719503.9375,248745.875,220123.75,225680.484375,0.0
1775427320.2881608,237074.140625,719079.875,257804.046875,719656.0,719507.0,248745.6875,220120.078125,225695.046875,0.0
1775427320.2882683,237071.734375,719080.875,257796.359375,719656.75,719507.8125,248741.9375,220116.6875,225729.828125,0.0
1775427320.2898893,237060.109375,719077.9375,257789.203125,719653.875,719505.25,248743.09375,220116.6875,225675.5625,0.0
1775427320.293373,237066.09375,719080.0625,257790.546875,719656.5625,719507.6875,248747.125,220119.453125,225666.265625,0.0
1775427320.3067367,237071.640625,719080.25,257795.203125,719656.3125,719507.0625,248758.203125,220127.234375,225672.609375,0.0
1775427320.3067927,237080.3125,719083.0,257799.9375,719659.0625,719510.0,248761.875,220132.6875,225713.734375,0.0
1775427320.3135736,237068.421875,719078.125,257790.1875,719654.125,719505.125,248755.078125,220129.90625,225674.9375,0.0
1775427320.3158095,237075.671875,719079.0625,257792.78125,719655.1875,719506.5625,248751.6875,220123.484375,225655.890625,0.0
1775427320.3183212,237072.53125,719079.625,257785.90625,719655.5,719507.0625,248748.015625,220113.828125,225661.171875,0.0
1775427320.3207953,237076.734375,719082.375,257786.703125,719658.1875,719509.8125,248762.140625,220135.453125,225694.34375,0.0
1775427320.323294,237071.828125,719081.3125,257779.8125,719657.625,719508.9375,248758.203125,220133.765625,225679.234375,0.0
1775427320.335677,237066.09375,719079.0,257769.453125,719655.0625,719506.0625,248747.296875,220118.46875,225635.0625,0.0
1775427320.3357856,237070.84375,719080.625,257769.359375,719656.5625,719507.5,248750.4375,220118.46875,225650.890625,0.0
1775427320.337767,237075.3125,719083.25,257768.28125,719659.0,719510.3125,248749.359375,220119.8125,225686.5625,0.0
1775427320.337829,237074.59375,719084.0,257769.09375,719659.6875,719510.625,248763.21875,220127.953125,225696.296875,0.0
1775427320.3400373,237070.21875,719080.625,257767.03125,719656.75,719507.4375,248764.109375,220129.28125,225639.34375,0.0
1775427320.3536892,237072.71875,719080.125,257765.34375,719656.1875,719507.0625,248757.40625,220133.046875,225651.25,0.0
1775427320.3602555,237076.46875,719082.1875,257765.96875,719658.4375,719509.5,248760.0,220136.625,225674.21875,0.0
1775427320.3603084,237074.859375,719083.625,257760.59375,719659.875,719511.0,248754.0,220131.171875,225700.859375,0.0
1775427320.3626337,237073.875,719080.5,257759.96875,719656.625,719507.5,248756.78125,220129.90625,225646.234375,0.0
1775427320.364653,237077.90625,719080.3125,257760.328125,719656.375,719507.0625,248757.40625,220129.28125,225651.25,0.0
1775427320.3672638,237085.859375,719081.3125,257765.609375,719657.75,719508.3125,248762.671875,220135.09375,225666.703125,0.0
1775427320.3713677,237093.09375,719084.4375,257770.875,719660.375,719511.4375,248766.96875,220140.203125,225705.953125,0.0
1775427320.377907,237083.53125,719081.0625,257765.78125,719656.8125,719508.125,248768.3125,220136.53125,225651.6875,0.0
1775427320.3779593,237088.546875,719081.25,257765.96875,719657.0,719508.125,248770.09375,220137.953125,225645.515625,0.0
1775427320.3799124,237087.46875,719083.25,257763.09375,719659.3125,719510.5625,248765.453125,220135.09375,225658.3125,0.0
1775427320.3937187,237088.625,719085.9375,257762.390625,719661.75,719513.25,248766.703125,220136.078125,225697.90625,0.0
1775427320.399258,237077.28125,719082.5625,257753.890625,719658.625,719509.3125,248765.359375,220131.703125,225645.96875,0.0
1775427320.399344,237078.34375,719080.875,257748.078125,719657.375,719507.8125,248761.0625,220128.390625,225628.625,0.0
1775427320.4013782,237083.0,719083.4375,257746.734375,719659.3125,719509.8125,248758.484375,220128.03125,225646.6875,0.0
1775427320.409062,237083.09375,719085.4375,257741.828125,719661.375,719512.1875,248758.484375,220129.828125,225694.6875,0.0
1775427320.4108343,237071.90625,719080.6875,257730.828125,719656.75,719507.4375,248756.875,220125.171875,225661.53125,0.0
1775427320.4163144,237080.859375,719082.3125,257737.625,719658.0625,719508.5625,248762.765625,220131.515625,225639.34375,0.0
1775427320.4185605,237090.328125,719085.4375,257743.515625,719661.1875,719511.6875,248772.78125,220138.234375,225655.625,0.0
1775427320.4209886,237091.3125,719086.25,257740.03125,719662.125,719512.4375,248767.5,220137.6875,225688.609375,0.0
1775427320.4272535,237077.640625,719084.375,257729.3125,719660.25,719510.9375,248760.4375,220133.765625,225673.59375,0.0
1775427320.4306607,237075.046875,719084.0,257726.625,719659.75,719510.5625,248758.484375,220132.6875,225634.703125,0.0
1775427320.4307463,237078.890625,719084.375,257728.859375,719660.5625,719511.0625,248761.78125,220134.203125,225649.1875,0.0
1775427320.4387949,237083.4375,719085.25,257731.359375,719661.125,719512.1875,248764.109375,220138.140625,225678.59375,0.0
1775427320.4428723,237080.140625,719086.4375,257728.5,719662.1875,719512.875,248764.828125,220140.109375,225688.609375,0.0
1775427320.4429412,237078.53125,719083.625,257726.625,719659.5,719510.1875,248763.84375,220137.78125,225637.46875,0.0
1775427320.4569948,237082.640625,719085.5,257724.75,719661.1875,719512.625,248757.3125,220133.40625,225653.484375,0.0
1775427320.4570444,237092.828125,719088.375,257731.09375,719664.3125,719515.5625,248766.875,220136.796875,225681.8125,0.0
1775427320.4590137,237095.78125,719089.875,257731.71875,719665.875,719516.8125,248772.78125,220142.875,225711.5,0.0
1775427320.4591448,237090.78125,719087.3125,257727.515625,719663.5625,719514.3125,248771.796875,220144.484375,225654.546875,0.0
1775427320.473258,237094.53125,719089.0625,257727.421875,719665.3125,719516.375,248769.46875,220144.671875,225661.53125,0.0
1775427320.4733057,237094.0,719087.6875,257722.953125,719663.5625,719514.75,248770.09375,220141.359375,225671.09375,0.0
1775427320.4826465,237091.9375,719086.5625,257720.8125,719662.4375,719513.25,248772.15625,220141.8125,225702.296875,0.0
1775427320.4827516,237084.78125,719085.4375,257714.640625,719661.5625,719512.25,248767.234375,220137.6875,225649.546875,0.0
1775427320.4827864,237092.828125,719087.0625,257714.1875,719663.4375,719513.75,248765.8125,220139.75,225653.921875,0.0
1775427320.4845655,237095.15625,719085.0625,257714.546875,719661.5625,719512.375,248770.546875,220143.59375,225660.09375,0.0
1775427320.4873755,237099.1875,719089.5625,257713.65625,719665.9375,719516.4375,248772.609375,220147.171875,225699.875,0.0
1775427320.4900436,237088.359375,719087.6875,257703.015625,719663.6875,719514.125,248772.328125,220142.15625,225653.203125,0.0
1775427320.505844,237091.3125,719086.3125,257698.90625,719662.25,719513.0625,248770.09375,220140.546875,225640.328125,0.0
1775427320.5152748,237087.828125,719087.5,257694.796875,719663.25,719513.75,248765.09375,220137.609375,225650.4375,0.0
1775427320.5153143,237095.25,719090.5,257696.3125,719666.125,719516.75,248767.0625,220143.765625,225695.046875,0.0
1775427320.5177753,237086.9375,719086.0625,257689.96875,719661.75,719512.375,248767.6875,220141.09375,225662.0625,0.0
1775427320.517826,237089.34375,719085.25,257690.6875,719661.125,719512.25,248765.453125,220140.828125,225633.1875,0.0
1775427320.520033,237094.703125,719087.5,257693.625,719663.625,719514.9375,248771.34375,220144.125,225653.75,0.0
1775427320.5231187,237101.59375,719092.125,257693.90625,719668.0,719519.0625,248775.734375,220148.515625,225689.0625,0.0
1775427320.5231931,237094.890625,719091.6875,257684.78125,719667.375,719518.125,248770.71875,220145.65625,225673.421875,0.0
1775427320.5314965,237094.171875,719088.5625,257684.78125,719664.4375,719515.0,248774.21875,220145.03125,225630.5,0.0
1775427320.53155,237090.15625,719087.8125,257676.015625,719664.0,719514.375,248765.71875,220141.359375,225641.234375,0.0
1775427320.5405507,237095.15625,719088.375,257678.078125,719664.3125,719515.0,248767.0625,220143.0625,225664.65625,0.0
1775427320.540651,237089.4375,719087.75,257671.546875,719664.0625,719514.6875,248767.0625,220138.5,225674.671875,0.0
1775427320.5424795,237089.078125,719087.5625,257668.953125,719663.25,719513.75,248769.65625,220135.375,225630.859375,0.0
1775427320.5569165,237098.203125,719091.6875,257668.953125,719667.5625,719518.3125,248770.28125,220142.25,225650.34375,0.0
1775427320.5569897,237101.421875,719094.0,257666.265625,719669.875,719520.75,248769.5625,220144.046875,225672.875,0.0
1775427320.5591147,237098.28125,719097.3125,257663.234375,719672.8125,719523.6875,248772.953125,220145.5625,225698.265625,0.0
1775427320.5592206,237093.8125,719094.1875,257661.890625,719669.9375,719520.8125,248779.046875,220144.84375,225644.359375,0.0
1775427320.5702424,237100.34375,719096.5,257664.484375,719672.625,719522.875,248784.21875,220146.71875,225659.734375,0.0
1775427320.5702903,237093.09375,719094.875,257654.65625,719670.875,719521.3125,248771.0,220141.8125,225668.40625,0.0
1775427320.5803907,237096.3125,719097.5,257655.09375,719673.25,719523.625,248773.046875,220146.8125,225705.78125,0.0
1775427320.5804925,237091.40625,719095.6875,257651.4375,719671.5,719522.1875,248775.90625,220144.125,225653.03125,0.0
1775427320.586484,237092.296875,719094.0,257650.71875,719670.75,719520.8125,248771.703125,220136.078125,225644.984375,0.0
1775427320.5886407,237089.4375,719090.4375,257648.921875,719667.0,719517.5,248770.09375,220132.421875,225644.71875,0.0
1775427320.590911,237088.546875,719088.375,257645.890625,719664.3125,719515.125,248770.375,220135.1875,225673.140625,0.0
1775427320.5933397,237081.203125,719088.4375,257643.109375,719664.3125,719515.0,248777.515625,220139.03125,225632.734375,0.0
1775427320.5958228,237088.0,719091.6875,257645.359375,719667.8125,719518.5,248776.359375,220142.4375,225623.703125,0.0
1775427320.6022813,237085.59375,719091.3125,257637.578125,719667.75,719518.6875,248770.546875,220140.46875,225632.90625,0.0
1775427320.6189551,237091.3125,719095.1875,257639.984375,719671.6875,719522.25,248772.875,220144.75,225680.5625,0.0
1775427320.6189885,237085.765625,719093.9375,257637.84375,719670.125,719520.75,248775.734375,220143.859375,225658.65625,0.0
1775427320.620874,237089.703125,719092.125,257638.921875,719668.0,719518.9375,248777.078125,220142.703125,225630.671875,0.0
1775427320.6234415,237083.890625,719091.25,257631.140625,719667.125,719518.25,248767.15625,220136.796875,225637.390625,0.0
1775427320.6283405,237084.875,719094.8125,257630.0625,719670.4375,719521.5625,248767.0625,220136.34375,225675.296875,0.0
1775427320.630878,237073.703125,719093.0,257622.28125,719668.875,719519.75,248769.828125,220134.5625,225674.21875,0.0
1775427320.6333137,237078.078125,719092.5625,257626.046875,719668.625,719519.3125,248778.140625,220138.5,225639.890625,0.0
1775427320.6421962,237086.65625,719096.125,257630.59375,719671.75,719522.625,248782.171875,220143.140625,225658.125,0.0
1775427320.644607,237086.84375,719098.5,257628.09375,719674.4375,719525.0625,248780.65625,220142.515625,225685.484375,0.0
1775427320.6496496,237078.703125,719097.0625,257619.0625,719672.625,719523.25,248774.84375,220139.125,225691.390625,0.0
1775427320.6526563,237072.53125,719093.75,257611.015625,719669.4375,719520.375,248769.65625,220136.984375,225635.5,0.0
1775427320.6526911,237080.859375,719093.9375,257612.71875,719669.6875,719520.9375,248772.953125,220139.03125,225653.296875,0.0
1775427320.654574,237088.265625,719095.875,257617.375,719671.875,719522.6875,248781.8125,220143.140625,225678.875,0.0
1775427320.6571283,237086.21875,719096.0,257614.15625,719672.1875,719522.875,248782.4375,220140.90625,225706.3125,0.0
1775427320.6595793,237081.484375,719093.5625,257612.546875,719669.6875,719520.3125,248780.65625,220137.6875,225648.5625,0.0
1775427320.662105,237089.4375,719094.25,257614.59375,719670.0625,719520.75,248776.09375,220141.53125,225658.84375,0.0
1775427320.6896923,237092.03125,719095.625,257611.109375,719671.5,719522.25,248776.71875,220143.953125,225677.34375,0.0
1775427320.696448,237094.625,719096.6875,257607.171875,719672.9375,719523.6875,248775.90625,220145.734375,225715.34375,0.0
1775427320.696481,237083.53125,719093.8125,257598.59375,719669.8125,719520.75,248775.90625,220140.546875,225666.890625,0.0
1775427320.6983294,237090.6875,719097.3125,257603.953125,719673.375,719523.9375,248781.546875,220145.109375,225672.875,0.0
1775427320.7014143,237093.453125,719100.5625,257604.140625,719676.375,719527.125,248781.71875,220147.796875,225686.921875,0.0
1775427320.7014513,237099.359375,719104.375,257605.125,719680.0,719530.375,248783.78125,220150.828125,225728.484375,0.0
1775427320.7032974,237090.859375,719100.625,257599.046875,719676.0625,719526.75,248786.1875,220148.421875,225681.1875,0.0
1775427320.7058513,237087.5625,719097.875,257593.234375,719674.1875,719524.6875,248781.28125,220144.046875,225658.125,0.0
1775427320.7083364,237085.328125,719099.5625,257588.046875,719675.75,719526.9375,248778.421875,220141.984375,225671.0,0.0
1775427320.7108438,237090.15625,719102.0625,257588.3125,719678.4375,719529.4375,248781.546875,220146.1875,225710.609375,0.0
1775427320.7171488,237084.515625,719100.4375,257585.0,719676.6875,719527.5625,248788.875,220145.109375,225685.125,0.0
1775427320.722129,237081.921875,719100.375,257585.625,719676.375,719527.5625,248787.359375,220145.03125,225652.9375,0.0
1775427320.724574,237085.953125,719101.8125,257585.1875,719677.9375,719528.625,248784.578125,220144.046875,225664.03125,0.0
1775427320.7276523,237092.5625,719103.125,257587.421875,719679.375,719530.0625,248782.890625,220148.25,225698.359375,0.0
1775427320.7276669,237085.859375,719102.6875,257583.21875,719678.75,719529.3125,248786.015625,220149.859375,225694.78125,0.0
1775427320.7295587,237085.234375,719100.25,257581.609375,719676.125,719527.125,248786.1875,220152.09375,225652.9375,0.0
1775427320.732095,237089.25,719101.0625,257580.4375,719677.125,719528.0,248782.4375,220150.921875,225672.078125,0.0
1775427320.738942,237093.09375,719103.375,257578.921875,719679.25,719529.9375,248781.71875,220151.375,225697.90625,0.0
1775427320.7389667,237091.140625,719106.875,257572.84375,719682.75,719533.6875,248784.765625,220153.34375,225711.40625,0.0
1775427320.7476466,237084.875,719101.8125,257569.984375,719678.0,719528.625,248784.3125,220150.390625,225651.875,0.0
1775427320.74767,237090.421875,719102.4375,257570.96875,719678.75,719529.75,248782.53125,220149.859375,225661.796875,0.0
1775427320.7501464,237094.625,719103.5625,257571.40625,719679.625,719531.3125,248784.5,220150.484375,225680.65625,0.0
1775427320.7501612,237099.53125,719105.75,257573.5625,719682.0625,719533.25,248793.34375,220153.875,225715.4375,0.0
1775427320.7633636,237092.921875,719101.875,257565.0625,719678.4375,719529.125,248792.1875,220148.6875,225654.453125,0.0
1775427320.7676928,237099.984375,719101.8125,257567.125,719678.3125,719529.4375,248790.390625,220153.609375,225655.4375,0.0
1775427320.7677307,237102.21875,719101.625,257565.875,719678.1875,719529.125,248792.890625,220153.78125,225664.921875,0.0
1775427320.7764492,237096.5,719104.5,257556.484375,719680.9375,719531.1875,248788.25,220151.8125,225706.140625,0.0
1775427320.776494,237091.3125,719101.25,257552.71875,719677.6875,719528.4375,248786.109375,220148.0625,225651.328125,0.0
1775427320.7851973,237097.75,719101.9375,257554.328125,719678.375,719529.0,248785.75,220146.0,225648.46875,0.0
1775427320.785228,237096.9375,719102.9375,257552.453125,719679.375,719529.875,248787.53125,220148.328125,225666.359375,0.0
1775427320.7914524,237100.34375,719106.25,257553.171875,719682.5,719532.9375,248788.703125,220153.421875,225713.5625,0.0
1775427320.7914896,237094.703125,719105.625,257552.1875,719681.875,719532.75,248791.734375,220153.875,225681.46875,0.0
1775427320.7958355,237098.90625,719103.8125,257553.265625,719679.8125,719530.9375,248790.125,220152.984375,225665.453125,0.0
1775427320.798351,237095.25,719103.9375,257547.625,719680.25,719530.9375,248787.53125,220153.609375,225671.53125,0.0
1775427320.8047023,237099.890625,719107.3125,257549.78125,719683.3125,719534.4375,248790.84375,220157.625,225704.625,0.0
1775427320.8139143,237090.421875,719104.3125,257541.90625,719680.0,719531.5625,248787.71875,220153.25,225682.265625,0.0
1775427320.8139405,237092.46875,719102.5,257540.921875,719677.8125,719529.5,248783.953125,220152.71875,225652.765625,0.0
1775427320.8162673,237094.890625,719104.0,257539.765625,719680.0625,719531.1875,248786.375,220155.578125,225667.78125,0.0
1775427320.81629,237100.4375,719106.25,257544.953125,719682.375,719533.625,248791.46875,220163.4375,225707.921875,0.0
1775427320.8233316,237095.515625,719106.4375,257540.203125,719682.6875,719533.625,248791.015625,220164.0625,225709.359375,0.0
1775427320.8377016,237092.03125,719104.75,257538.0625,719681.0625,719531.8125,248787.796875,220156.46875,225662.859375,0.0
1775427320.8377306,237095.875,719104.75,257539.671875,719681.0625,719532.5625,248789.953125,220154.40625,225671.53125,0.0
1775427320.8545632,237103.5625,719107.75,257542.171875,719683.9375,719535.4375,248793.171875,220160.578125,225697.90625,0.0
1775427320.854601,237102.484375,719108.5,257542.53125,719684.875,719536.125,248797.28125,220163.171875,225717.40625,0.0
1775427320.8546095,237096.046875,719105.125,257537.53125,719681.75,719532.4375,248798.4375,220160.40625,225664.46875,0.0
1775427320.8576553,237101.421875,719108.3125,257536.640625,719684.4375,719535.4375,248794.78125,220159.15625,225684.046875,0.0
1775427320.8576794,237102.75,719109.0,257534.671875,719685.4375,719536.3125,248792.0,220159.15625,225701.84375,0.0
1775427320.859582,237099.625,719108.6875,257529.75,719684.875,719536.125,248792.890625,220160.484375,225724.109375,0.0
1775427320.8620756,237089.25,719103.8125,257520.625,719680.25,719531.3125,248792.265625,220155.65625,225659.28125,0.0
1775427320.8671296,237093.734375,719103.9375,257520.265625,719680.3125,719531.1875,248794.0625,220157.265625,225669.21875,0.0
1775427320.8721936,237095.0625,719108.75,257523.046875,719685.0,719536.0625,248796.65625,220160.3125,225691.75,0.0
1775427320.8776307,237097.390625,719112.25,257524.5625,719688.3125,719539.4375,248800.671875,220163.984375,225734.390625,0.0
1775427320.8776515,237091.84375,719109.5625,257520.09375,719685.1875,719536.1875,248800.234375,220162.015625,225680.03125,0.0
1775427320.879558,237095.515625,719109.625,257516.6875,719685.875,719536.75,248797.640625,220164.609375,225678.0625,0.0
1775427320.8858256,237094.890625,719108.25,257515.0,719685.0,719535.6875,248797.375,220161.203125,225682.4375,0.0
1775427320.8901732,237101.859375,719112.0625,257518.84375,719688.5625,719539.8125,248801.65625,220164.515625,225722.046875,0.0
1775427320.8901944,237095.96875,719110.9375,257514.734375,719687.125,719538.75,248799.96875,220165.140625,225684.859375,0.0
1775427320.9039526,237098.90625,719109.1875,257513.03125,719685.375,719535.9375,248799.875,220165.40625,225667.78125,0.0
1775427320.9039824,237100.96875,719109.125,257510.96875,719685.375,719535.875,248804.34375,220168.53125,225678.328125,0.0
1775427320.9064045,237105.96875,719111.625,257513.484375,719688.3125,719539.0,248804.078125,220173.1875,225716.0625,0.0
1775427320.9064264,237093.640625,719108.5625,257505.25,719684.625,719535.6875,248803.0,220169.25,225688.078125,0.0
1775427320.9083128,237095.328125,719107.0625,257505.78125,719683.125,719534.0625,248802.546875,220167.90625,225654.1875,0.0
1775427320.9194293,237093.28125,719109.8125,257499.625,719686.125,719536.75,248798.703125,220165.3125,225668.59375,0.0
1775427320.9302113,237097.390625,719111.5625,257497.296875,719688.125,719538.5625,248798.53125,220166.75,225698.625,0.0
1775427320.9302452,237096.3125,719111.4375,257496.484375,719687.875,719538.8125,248803.8125,220169.4375,225697.90625,0.0
1775427320.9346173,237098.375,719110.0,257494.34375,719686.5,719537.4375,248800.9375,220167.015625,225650.890625,0.0
1775427320.937112,237101.328125,719110.5625,257494.171875,719686.9375,719538.0,248800.5,220167.46875,225670.203125,0.0
1775427320.939582,237099.09375,719111.8125,257491.125,719688.125,719539.25,248796.921875,220167.640625,225690.578125,0.0
1775427320.9446192,237096.40625,719113.5,257489.6875,719689.75,719540.75,248799.15625,220171.40625,225707.484375,0.0
1775427320.9471219,237090.15625,719111.1875,257484.515625,719687.5625,719538.1875,248799.421875,220164.515625,225653.203125,0.0
1775427320.9495847,237093.1875,719111.375,257481.109375,719688.0,719538.375,248795.046875,220158.34375,225661.25,0.0
1775427320.9527032,237096.234375,719111.625,257482.359375,719687.875,719538.75,248797.1875,220161.296875,225675.109375,0.0
1775427320.9527228,237100.25,719113.5625,257485.140625,719690.0625,719541.0625,248801.65625,220166.125,225706.40625,0.0
1775427320.960862,237098.734375,719111.875,257486.03125,719687.6875,719538.8125,248806.9375,220167.015625,225650.796875,0.0
1775427320.9677076,237105.265625,719112.25,257487.8125,719687.9375,719539.0,248807.203125,220166.125,225656.421875,0.0
1775427320.967739,237105.703125,719112.9375,257487.546875,719688.9375,719539.8125,248806.9375,220166.578125,225670.734375,0.0
1775427320.9695723,237108.65625,719114.75,257486.03125,719691.0,719541.875,248808.8125,220169.609375,225713.375,0.0
1775427320.9758656,237101.0625,719111.375,257480.75,719688.0,719538.4375,248808.546875,220168.09375,225664.921875,0.0
1775427320.9876878,237105.625,719112.5,257483.96875,719689.125,719539.4375,248808.28125,220167.90625,225657.953125,0.0
1775427320.9877205,237103.828125,719112.9375,257483.96875,719689.375,719540.0625,248809.796875,220168.984375,225668.671875,0.0
1775427320.9902775,237106.15625,719115.625,257483.4375,719691.8125,719542.375,248808.90625,220167.90625,225716.421875,0.0
1775427320.9903047,237091.84375,719112.4375,257470.03125,719688.3125,719539.1875,248806.125,220162.8125,225680.921875,0.0
1775427320.9921112,237097.484375,719112.25,257468.5,719687.875,719539.0625,248810.328125,220164.0625,225661.796875,0.0
1775427321.0033293,237100.078125,719114.0625,257466.09375,719689.9375,719541.0625,248806.84375,220164.875,225676.71875,0.0
1775427321.0064075,237103.921875,719116.4375,257466.984375,719692.5625,719543.5625,248810.0625,220169.078125,225717.671875,0.0
1775427321.006424,237093.90625,719113.125,257459.65625,719689.1875,719539.875,248809.34375,220167.46875,225694.15625,0.0
1775427321.0083184,237091.046875,719111.375,257451.875,719687.6875,719538.4375,248803.453125,220161.03125,225657.765625,0.0
1775427321.014582,237096.3125,719113.125,257453.390625,719689.4375,719540.5,248804.25,220163.4375,225678.515625,0.0
1775427321.0276885,237100.703125,719114.6875,257453.125,719691.0,719542.0,248804.796875,220165.859375,225710.703125,0.0
1775427321.0277104,237095.609375,719114.75,257445.796875,719690.6875,719541.875,248808.28125,220167.203125,225714.0,0.0
1775427321.0295765,237095.609375,719114.75,257443.921875,719690.8125,719541.6875,248812.5625,220168.53125,225672.4375,0.0
1775427321.032644,237105.078125,719118.4375,257449.734375,719694.375,719545.5,248815.96875,220174.171875,225700.6875,0.0
1775427321.0326695,237103.921875,719121.4375,257446.953125,719697.3125,719548.1875,248816.6875,220173.28125,225727.6875,0.0
1775427321.0345848,237096.859375,719120.75,257439.71875,719696.625,719547.75,248814.171875,220169.96875,225742.265625,0.0
1775427321.0433388,237092.390625,719117.4375,257433.90625,719693.8125,719544.8125,248809.171875,220168.625,225681.8125,0.0
1775427321.0483232,237098.734375,719117.375,257433.8125,719693.8125,719544.5,248806.84375,220168.1875,225687.71875,0.0
1775427321.0508225,237097.578125,719116.8125,257431.84375,719693.1875,719543.875,248808.015625,220170.421875,225705.0625,0.0
1775427321.0533233,237095.515625,719118.3125,257430.234375,719694.4375,719545.25,248813.28125,220174.53125,225737.15625,0.0
1775427321.0645916,237085.6875,719115.0,257422.640625,719690.8125,719541.875,248812.390625,220173.015625,225680.125,0.0
1775427321.0682597,237093.8125,719115.4375,257425.046875,719691.625,719542.8125,248812.03125,220178.546875,225688.609375,0.0
1775427321.06828,237091.21875,719117.625,257419.78125,719693.5,719544.5,248807.296875,220176.578125,225701.9375,0.0
1775427321.0682893,237092.296875,719118.6875,257416.296875,719695.0,719546.25,248805.421875,220177.75,225743.953125,0.0
1775427321.0708215,237086.84375,719115.4375,257415.390625,719691.875,719543.1875,248813.015625,220178.1875,225698.8125,0.0
1775427321.082248,237094.890625,719116.4375,257418.53125,719692.5625,719543.625,248815.78125,220180.25,225694.6875,0.0
1775427321.087099,237096.5,719118.6875,257417.546875,719694.375,719545.3125,248813.28125,220180.421875,225709.53125,0.0
1775427321.0945709,237100.96875,719120.3125,257418.265625,719696.4375,719547.0625,248813.46875,220178.015625,225753.609375,0.0
1775427321.0970736,237091.671875,719118.0625,257411.90625,719694.75,719545.0,248813.015625,220177.484375,225718.75,0.0
1775427321.102144,237094.984375,719118.3125,257411.734375,719695.0,719545.1875,248812.5625,220180.703125,225698.1875,0.0
1775427321.1045885,237096.40625,719118.3125,257413.25,719694.75,719545.3125,248813.734375,220181.328125,225712.21875,0.0
1775427321.1070921,237100.96875,719120.3125,257415.21875,719696.6875,719547.75,248814.0,220184.625,225750.578125,0.0
1775427321.1101592,237095.421875,719120.1875,257409.234375,719697.0,719547.9375,248813.640625,220180.703125,225739.125,0.0
1775427321.1101763,237094.890625,719119.25,257406.09375,719695.4375,719546.3125,248812.203125,220177.5625,225703.015625,0.0
1775427321.1120965,237100.875,719120.3125,257408.0625,719697.0,719547.5,248813.8125,220181.953125,225724.5625,0.0
1775427321.1233573,237102.484375,719121.875,257406.640625,719698.125,719548.8125,248815.15625,220183.828125,225755.484375,0.0
