timestamps,Fz,C3,Cz,C4,Pz,PO7,Oz,PO8,stim
1762982317.1104789,80212.6328125,79936.90625,80496.5,80289.34375,80385.90625,80478.0,80575.5390625,80743.0859375,0.0
1762982317.116826,80125.015625,79849.2890625,80408.5234375,80201.4609375,80297.84375,80390.6484375,80487.6484375,80655.0234375,0.0
1762982317.1168613,80053.9375,79778.296875,80337.5390625,80130.46875,80227.1171875,80319.7421875,80416.5703125,80584.03125,0.0
1762982317.118742,80053.7578125,79777.9375,80337.625,80130.46875,80227.03125,80319.4765625,80416.484375,80584.03125,0.0
1762982317.1301627,80066.6328125,79790.90625,80350.4140625,80143.4375,80239.9921875,80332.3515625,80429.984375,80596.90625,0.0
1762982317.1331644,80019.7890625,79744.140625,80303.65625,80096.5,80193.0546875,80285.5,80382.6875,80550.328125,0.0
1762982317.1332004,79977.3203125,79701.765625,80261.1875,80053.9375,80150.5,80243.125,80340.484375,80507.765625,0.0
1762982317.1388624,79978.2109375,79702.65625,80262.078125,80054.8359375,80151.484375,80243.75,80340.84375,80508.3046875,0.0
1762982317.153761,79990.90625,79715.625,80275.0390625,80067.6171875,80164.8046875,80256.265625,80353.5390625,80521.265625,0.0
1762982317.1538146,79925.015625,79649.4609375,80208.703125,80001.7265625,80098.640625,80190.4609375,80287.734375,80455.46875,0.0
1762982317.1538253,79838.0234375,79562.109375,80121.4375,79914.734375,80011.2890625,80103.46875,80200.65625,80368.203125,0.0
1762982317.1562767,79786.8828125,79511.2421875,80070.5703125,79863.3203125,79960.0625,80052.328125,80149.421875,80317.0625,0.0
1762982317.1587777,79770.515625,79495.4140625,80054.5625,79847.3203125,79943.96875,80036.0546875,80133.3359375,80300.7890625,0.0
1762982317.161316,79684.953125,79409.671875,79968.5546875,79761.578125,79858.2265625,79950.046875,80047.859375,80214.875,0.0
1762982317.164938,79567.4765625,79291.7421875,79850.8984375,79643.921875,79740.5703125,79832.5703125,79929.9296875,80096.9453125,0.0
1762982317.1768122,79488.0859375,79212.171875,79771.4140625,79564.1640625,79661.171875,79753.3515625,79849.9140625,80017.1953125,0.0
1762982317.1768472,79457.6875,79181.7734375,79741.015625,79534.0390625,79630.421875,79723.1328125,79820.140625,79986.8828125,0.0
1762982317.1793652,79376.7734375,79101.21875,79660.0078125,79453.03125,79549.6796875,79642.21875,79738.9609375,79906.0625,0.0
1762982317.1794028,79258.578125,78983.203125,79542.171875,79334.9296875,79431.484375,79524.203125,79620.765625,79788.0390625,0.0
1762982317.1875083,79172.2109375,78897.1875,79456.34375,79248.6484375,79345.390625,79437.921875,79535.203125,79702.03125,0.0
1762982317.18986,79146.0078125,78870.640625,79429.875,79222.453125,79319.28125,79411.8203125,79508.828125,79675.4765625,0.0
1762982317.1975343,79081.4609375,78806.0,79365.234375,79158.078125,79255.0859375,79347.4453125,79443.828125,79610.75,0.0
1762982317.1999905,78958.703125,78683.0625,79242.390625,79034.7890625,79131.8828125,79224.2421875,79320.53125,79487.6328125,0.0
1762982317.2025075,78856.421875,78580.78125,79140.2890625,78932.328125,79029.515625,79121.9609375,79218.34375,79385.0859375,0.0
1762982317.2118194,78811.453125,78536.078125,79094.9609375,78887.7109375,78984.6328125,79077.1640625,79173.28125,79340.2890625,0.0
1762982317.2118556,78754.3203125,78479.03125,79038.2734375,78830.5859375,78927.6796875,79020.484375,79116.59375,79283.609375,0.0
1762982317.213768,78634.6015625,78359.3203125,78918.6484375,78710.78125,78807.9609375,78900.859375,78997.0625,79163.984375,0.0
1762982317.2174878,78527.046875,78251.671875,78811.2734375,78603.3125,78700.3203125,78792.9453125,78889.6796875,79056.15625,0.0
1762982317.226926,78482.4296875,78206.8828125,78766.03125,78558.25,78655.4375,78747.8828125,78844.53125,79011.09375,0.0
1762982317.2269812,78450.6953125,78175.3203125,78734.203125,78526.78125,78623.515625,78716.234375,78812.7890625,78979.0859375,0.0
1762982317.2287376,78352.34375,78077.1484375,78636.125,78428.25,78525.5234375,78618.328125,78714.4453125,78881.1875,0.0
1762982317.2349956,78256.6796875,77981.484375,78540.546875,78332.671875,78430.1328125,78522.6640625,78618.953125,78785.703125,0.0
1762982317.24438,78214.8359375,77939.4609375,78498.4375,78290.3828125,78388.015625,78480.46875,78576.7578125,78743.3203125,0.0
1762982317.244416,78197.578125,77922.296875,78480.9140625,78272.953125,78370.671875,78463.390625,78559.3203125,78725.796875,0.0
1762982317.2468257,78101.203125,77825.9140625,78384.7109375,78177.015625,78274.5625,78366.921875,78463.03125,78629.328125,0.0
1762982317.2468612,77980.234375,77704.859375,78263.7421875,78056.2265625,78153.4140625,78246.1328125,78342.0625,78508.453125,0.0
1762982317.275088,77893.5078125,77618.3125,78176.484375,77969.328125,78066.6875,78158.9609375,78255.3359375,78421.453125,0.0
1762982317.2774968,77837.8984375,77563.1484375,78121.2265625,77913.984375,78011.078125,78103.6171875,78200.171875,78366.0234375,0.0
1762982317.2800648,77707.359375,77432.5234375,77990.875,77783.359375,77880.7265625,77973.4375,78069.5546875,78235.21875,0.0
1762982317.2825003,77536.328125,77261.3984375,77819.4765625,77612.1484375,77709.6875,77802.40625,77898.4296875,78064.0078125,0.0
1762982317.285008,77399.0859375,77124.34375,77682.2421875,77474.7265625,77572.625,77665.0703125,77761.09375,77926.5859375,0.0
1762982317.2875457,77313.4375,77038.8671875,77596.9453125,77389.1640625,77486.796875,77579.8671875,77675.359375,77841.3828125,0.0
1762982317.2900317,77177.4453125,76902.609375,77461.046875,77253.265625,77350.71875,77443.5234375,77539.28125,77705.3046875,0.0
1762982317.2925062,76999.796875,76724.6875,77283.3984375,77075.6171875,77173.0703125,77265.421875,77361.8984375,77527.65625,0.0
1762982317.2948787,76860.3203125,76585.21875,77143.5625,76936.140625,77033.7734375,77126.125,77222.421875,77387.5546875,0.0
1762982317.3023593,76793.7109375,76518.609375,77077.046875,76869.6171875,76967.34375,77059.6953125,77155.8125,77321.0390625,0.0
1762982317.3050127,76698.671875,76423.65625,76982.0078125,76774.7578125,76872.2109375,76964.8359375,77060.59375,77226.0859375,0.0
1762982317.3081727,76543.109375,76268.0,76826.4375,76618.921875,76716.46875,76809.4453125,76904.6640625,77070.25,0.0
1762982317.3082078,76411.0546875,76135.765625,76694.0234375,76486.421875,76584.140625,76676.765625,76772.1640625,76937.5703125,0.0
1762982317.309997,76340.6015625,76065.4921875,76623.484375,76415.96875,76514.140625,76606.671875,76702.0703125,76867.296875,0.0
1762982317.313154,76254.5,75979.3046875,76537.203125,76329.9609375,76428.0390625,76520.578125,76616.2421875,76781.015625,0.0
1762982317.3131838,76089.2734375,75814.078125,76372.25,76164.46875,76262.1875,76355.4375,76450.9296875,76615.703125,0.0
1762982317.316252,75927.8984375,75653.234375,76211.2265625,76003.359375,76101.34375,76194.6875,76289.546875,76454.1484375,0.0
1762982317.330566,75818.5546875,75543.7109375,76101.2578125,75894.0078125,75991.8203125,76084.625,76179.84375,76344.53125,0.0
1762982317.3306015,75708.3125,75433.65625,75991.375,75783.59375,75881.40625,75974.296875,76069.78125,76234.3828125,0.0
1762982317.3362355,75511.2578125,75236.9609375,75794.59375,75586.453125,75684.6171875,75777.6953125,75872.640625,76037.421875,0.0
1762982317.3487873,75300.8828125,75026.8515625,75584.21875,75376.4375,75474.515625,75567.5859375,75662.265625,75827.2265625,0.0
1762982317.348842,75144.6875,74870.65625,75428.2890625,75220.2421875,75318.5859375,75411.65625,75506.1640625,75670.5859375,0.0
1762982317.348856,75021.21875,74747.1875,75304.375,75096.3203125,75195.203125,75288.0078125,75382.421875,75547.0234375,0.0
1762982317.3512516,74819.7890625,74545.578125,75102.671875,74894.6171875,74993.328125,75086.578125,75180.453125,75345.3203125,0.0
1762982317.353766,74604.671875,74330.375,74887.6484375,74679.6875,74778.3046875,74871.28125,74965.7890625,75129.9375,0.0
1762982317.356263,74451.7890625,74177.125,74734.7578125,74526.53125,74625.1484375,74718.1328125,74812.546875,74976.609375,0.0
1762982317.3587856,74358.8046875,74084.0546875,74641.5078125,74433.4609375,74531.8984375,74625.4140625,74719.5625,74883.53125,0.0
1762982317.3612647,74209.8515625,73935.015625,74492.2890625,74284.328125,74382.8515625,74476.1953125,74570.4296875,74734.3125,0.0
1762982317.3650265,74043.109375,73768.8984375,74325.9921875,74117.40625,74216.5546875,74309.8046875,74404.21875,74567.65625,0.0
1762982317.379319,73932.6875,73658.2109375,74215.6640625,74006.8046875,74106.140625,74199.3046875,74293.5390625,74456.8828125,0.0
1762982317.3793547,73895.8515625,73621.1953125,74178.6484375,73969.96875,74069.3046875,74162.46875,74256.7890625,74420.2265625,0.0
1762982317.381755,73819.140625,73545.203125,74102.203125,73893.6171875,73993.0390625,74086.203125,74180.171875,74343.78125,0.0
1762982317.3818185,73698.265625,73424.140625,73980.96875,73772.3828125,73872.0703125,73965.1484375,74058.9296875,74222.3671875,0.0
1762982317.3837616,73619.140625,73344.8359375,73901.6640625,73693.171875,73792.4140625,73885.75,73979.71875,74142.8828125,0.0
1762982317.3926115,73612.1640625,73337.5078125,73894.2421875,73686.015625,73785.171875,73878.78125,73972.296875,74135.734375,0.0
1762982317.3958864,73570.859375,73296.0234375,73852.8515625,73644.796875,73743.953125,73837.2890625,73930.8125,74094.3359375,0.0
1762982317.3959413,73461.0703125,73186.5859375,73743.5078125,73535.1875,73634.25,73727.6796875,73821.203125,73984.8125,0.0
1762982317.401221,73375.328125,73101.0234375,73658.03125,73449.8046875,73548.328125,73641.7578125,73735.640625,73898.890625,0.0
1762982317.4105651,73355.921875,73082.1640625,73638.453125,73430.3125,73529.2890625,73622.71875,73716.5,73879.9375,0.0
1762982317.4106011,73320.25,73046.0390625,73602.78125,73394.7265625,73493.7890625,73587.21875,73680.5625,73844.265625,0.0
1762982317.4124699,73195.9765625,72921.5,73478.3203125,73270.2734375,73369.6015625,73462.765625,73556.2890625,73719.546875,0.0
1762982317.4185498,73071.4296875,72797.0390625,73353.3359375,73145.4609375,73245.1484375,73338.1328125,73431.7421875,73594.5546875,0.0
1762982317.4233117,73003.21875,72729.1796875,73285.3828125,73077.3359375,73176.75,73270.0078125,73363.5234375,73526.421875,0.0
1762982317.4233632,72935.0,72660.6953125,73217.34375,73009.296875,73108.4453125,73201.7890625,73295.484375,73458.3828125,0.0
1762982317.4262533,72759.671875,72485.015625,73041.75,72834.0546875,72932.671875,73026.1015625,73119.625,73282.609375,0.0
1762982317.4351175,72563.8671875,72289.4765625,72845.765625,72637.8984375,72737.140625,72830.484375,72924.0,73086.5390625,0.0
1762982317.439453,72451.75,72177.6328125,72733.7421875,72525.515625,72625.109375,72718.546875,72811.8828125,72974.3359375,0.0
1762982317.43951,72404.8125,72130.9609375,72686.8046875,72479.0234375,72578.4453125,72672.0546875,72765.2109375,72927.84375,0.0
1762982317.4412425,72277.5859375,72003.734375,72560.0234375,72351.53125,72451.3046875,72544.9140625,72638.1640625,72800.4375,0.0
1762982317.4551046,72119.609375,71846.1953125,72402.3125,72194.078125,72293.953125,72387.109375,72480.2734375,72642.3671875,0.0
1762982317.4581754,72015.1796875,71741.859375,72297.5234375,72089.5625,72189.25,72282.5078125,72375.4921875,72538.2109375,0.0
1762982317.4582107,71976.8203125,71703.328125,72259.078125,72050.765625,72150.6328125,72244.0625,72336.7734375,72499.5859375,0.0
1762982317.4599977,71863.2734375,71589.78125,72145.265625,71937.3046875,72037.0859375,72130.78125,72223.40625,72385.7734375,0.0
1762982317.462509,71703.1484375,71429.3828125,71984.78125,71777.0,71876.7734375,71970.3828125,72062.921875,72225.28125,0.0
1762982317.4712293,71587.09375,71313.3359375,71869.0859375,71661.3046875,71760.6328125,71854.421875,71946.875,72108.96875,0.0
1762982317.4755547,71542.0390625,71268.2734375,71824.1171875,71616.421875,71715.7578125,71809.2734375,71902.1640625,72064.0859375,0.0
1762982317.47559,71435.640625,71161.96875,71717.6328125,71510.1171875,71609.453125,71703.1484375,71795.6875,71957.9609375,0.0
1762982317.4812546,71251.375,70978.328125,71533.5390625,71325.671875,71425.1796875,71518.8828125,71611.328125,71773.5078125,0.0
1762982317.4850295,71096.34375,70823.5625,71378.78125,71170.546875,71270.328125,71364.0234375,71456.5625,71618.4765625,0.0
1762982317.4943097,71020.171875,70746.7578125,71302.3359375,71093.8359375,71193.703125,71287.2265625,71380.296875,71541.9453125,0.0
1762982317.494341,70917.9765625,70644.75,71199.7890625,70991.5546875,71091.78125,71185.125,71277.8359375,71439.484375,0.0
1762982317.49625,70751.6796875,70478.453125,71033.4921875,70825.171875,70925.578125,71019.1875,71111.2734375,71273.0078125,0.0
1762982317.5047808,70622.0390625,70349.171875,70904.03125,70695.53125,70796.2890625,70889.546875,70981.7265625,71143.640625,0.0
1762982317.5144773,70593.7890625,70320.828125,70875.8671875,70667.28125,70767.953125,70861.46875,70953.46875,71115.3828125,0.0
1762982317.5145338,70622.0390625,70349.171875,70904.03125,70695.7109375,70795.9375,70889.8125,70981.8984375,71143.3671875,0.0
1762982317.5162392,70610.4140625,70337.3671875,70892.2265625,70684.0859375,70784.4921875,70877.7421875,70970.1015625,71131.65625,0.0
1762982317.518767,70620.609375,70347.2890625,70902.328125,70694.0078125,70794.4140625,70888.0234375,70980.203125,71141.9375,0.0
1762982317.5212636,70687.484375,70414.796875,70969.1171875,70761.15625,70861.2890625,70955.171875,71047.6171875,71209.0859375,0.0
1762982317.533325,70760.3515625,70487.125,71041.8046875,70833.7578125,70934.25,71027.765625,71120.2109375,71281.5078125,0.0
1762982317.533378,70682.8359375,70409.4296875,70964.46875,70756.4140625,70856.5546875,70950.1640625,71042.609375,71204.078125,0.0
1762982317.535597,70563.03125,70289.890625,70844.5703125,70636.7890625,70737.015625,70830.625,70923.0703125,71084.359375,0.0
1762982317.5356357,70519.6640625,70246.3515625,70801.4765625,70593.515625,70693.5625,70787.53125,70879.7109375,71041.0859375,0.0
1762982317.5374918,70554.984375,70281.6640625,70836.9765625,70628.65625,70728.96875,70822.6640625,70914.84375,71076.40625,0.0
1762982317.5463023,70582.875,70309.7421875,70864.78125,70656.3671875,70756.6875,70850.4765625,70942.4765625,71103.9453125,0.0
1762982317.5485668,70681.046875,70408.0,70963.3046875,70755.078125,70854.9453125,70949.265625,71041.359375,71202.3828125,0.0
1762982317.552464,70913.328125,70640.1015625,71195.140625,70987.0,71086.953125,71181.1875,71273.4609375,71434.4765625,0.0
1762982317.558738,71282.3125,71009.078125,71564.5703125,71356.515625,71456.1171875,71549.8125,71642.171875,71804.0859375,0.0
1762982317.5632825,71679.1875,71405.515625,71961.0859375,71753.3046875,71852.6328125,71946.15625,72039.140625,72201.59375,0.0
1762982317.563342,72138.828125,71864.796875,72420.8203125,72212.9453125,72312.3671875,72405.6171875,72498.8671875,72661.59375,0.0
1762982317.573741,72764.765625,72491.0,73047.5625,72839.5078125,72938.75,73032.0,73125.4375,73288.515625,0.0
1762982317.576786,73596.5234375,73322.484375,73879.2265625,73671.4453125,73770.234375,73863.84375,73957.2734375,74120.984375,0.0
1762982317.57683,74515.984375,74241.4140625,74798.6875,74591.2578125,74689.1640625,74782.59375,74876.46875,75040.890625,0.0
1762982317.5785851,75508.9375,75234.2734375,75791.7265625,75584.75,75682.296875,75775.3671875,75869.78125,76034.828125,0.0
1762982317.5847757,76690.09375,76415.25,76973.328125,76766.0859375,76863.453125,76956.2578125,77051.7421875,77217.3203125,0.0
1762982317.5886717,78084.5703125,77809.6484375,78368.4375,78161.1953125,78258.2890625,78350.5546875,78446.9375,78613.6796875,0.0
1762982317.5976632,79569.53125,79294.4296875,79853.4921875,79646.3359375,79743.1640625,79835.3359375,79932.2578125,80099.625,0.0
1762982317.6003509,81066.921875,80791.28125,81351.234375,81144.6171875,81240.4609375,81332.8125,81430.1796875,81598.53125,0.0
1762982317.6003845,82638.515625,82362.9609375,82923.1875,82717.375,82812.4140625,82904.59375,83002.578125,83172.0078125,0.0
1762982317.6063473,84280.1171875,84004.7421875,84565.1484375,84359.6015625,84454.375,84546.4609375,84645.078125,84814.953125,0.0
1762982317.6157098,85892.75,85617.5546875,86178.3203125,85973.21875,86067.453125,86159.453125,86258.9609375,86428.8359375,0.0
1762982317.615772,87398.71875,87124.2421875,87685.1796875,87480.53125,87574.140625,87665.8671875,87766.2734375,87936.953125,0.0
1762982317.617351,88892.359375,88617.7890625,89179.0859375,88975.328125,89067.953125,89159.5,89260.7109375,89432.1015625,0.0
1762982317.6202805,90445.984375,90171.9453125,90733.6953125,90530.46875,90622.109375,90713.3984375,90815.765625,90987.515625,0.0
1762982317.6263843,92026.515625,91752.75,92314.9453125,92112.078125,92203.3671875,92294.6484375,92397.375,92569.484375,0.0
1762982317.6307015,93542.4140625,93268.9140625,93831.1953125,93628.78125,93719.6171875,93810.8125,93913.6328125,94086.71875,0.0
1762982317.6307547,95093.53125,94820.0390625,95382.8515625,95180.703125,95271.1875,95362.0234375,95465.734375,95639.453125,0.0
1762982317.6388657,96759.7265625,96486.4921875,97049.8515625,96848.6796875,96938.265625,97028.8359375,97133.7109375,97307.7890625,0.0
1762982317.64302,98539.8125,98266.859375,98830.5703125,98629.671875,98719.1640625,98809.109375,98915.0546875,99089.3125,0.0
1762982317.6430752,100372.8359375,100100.234375,100664.125,100463.765625,100552.9921875,100642.84375,100749.0625,100924.296875,0.0
1762982317.648868,102314.4921875,102042.3359375,102606.9375,102407.46875,102495.4453125,102585.390625,102692.3203125,102868.546875,0.0
1762982317.6524167,104254.265625,103982.015625,104547.1640625,104348.3203125,104435.3125,104525.078125,104633.171875,104809.8359375,0.0
1762982317.6600008,105551.5546875,105279.671875,105845.4375,105646.953125,105733.4140625,105822.8203125,105931.71875,106108.7421875,0.0
1762982317.664192,106294.7109375,106022.9140625,106588.765625,106390.640625,106476.828125,106566.6875,106675.4921875,106852.609375,0.0
1762982317.6642284,106942.1015625,106670.578125,107236.34375,107038.3984375,107124.671875,107214.2578125,107323.515625,107501.078125,0.0
1762982317.6726174,107557.7578125,107286.4140625,107852.1796875,107654.6796875,107740.8671875,107830.09375,107939.53125,108117.2734375,0.0
1762982317.6756916,108245.75,107974.484375,108540.7890625,108343.46875,108429.3046875,108518.2578125,108628.234375,108805.8828125,0.0
1762982317.6757271,108887.2421875,108616.1640625,109182.1953125,108985.140625,109070.703125,109159.9375,109269.9921875,109448.0078125,0.0
1762982317.67751,109358.953125,109088.2265625,109654.625,109457.03125,109542.59375,109631.5546875,109742.15625,109920.4296875,0.0
1762982317.6860623,109757.796875,109486.71875,110053.109375,109856.0546875,109941.3515625,110030.3984375,110141.0859375,110319.546875,0.0
1762982317.690704,110132.0546875,109861.421875,110427.90625,110230.5859375,110316.0546875,110404.9296875,110515.609375,110694.4296875,0.0
1762982317.6907597,110436.1328125,110165.5859375,110732.0703125,110534.921875,110620.3046875,110709.0859375,110819.7734375,110998.4140625,0.0
1762982317.6963108,110723.125,110452.3125,111019.15625,110822.0078125,110907.0390625,110996.0,111107.0390625,111285.5859375,0.0
1762982317.7051406,111141.4609375,110870.734375,111437.578125,111240.8828125,111325.546875,111414.328125,111525.734375,111704.4609375,0.0
1762982317.7093291,111754.6171875,111483.890625,112050.8203125,111854.484375,111938.8828125,112027.3984375,112139.421875,112318.1484375,0.0
1762982317.709364,112557.3984375,112286.40625,112853.78125,112657.359375,112741.6640625,112830.1796875,112942.65625,113121.5546875,0.0
1762982317.7176294,113556.5234375,113285.7109375,113853.53125,113657.28125,113741.6875,113829.75,113942.4921875,114121.9296875,0.0
1762982317.7205875,114943.9375,114673.3046875,115241.0390625,115045.6875,115129.4609375,115217.4375,115330.625,115510.515625,0.0
1762982317.7206237,116805.5703125,116534.9375,117103.7421875,116908.8359375,116991.625,117079.6953125,117193.8671875,117374.3828125,0.0
1762982317.7225187,118513.3359375,118243.1484375,118812.046875,118617.671875,118700.015625,118787.546875,118902.703125,119083.84375,0.0
1762982317.7313225,119479.9140625,119209.90625,119778.625,119584.7890625,119666.4140625,119754.3046875,119870.0,120051.5859375,0.0
1762982317.7382767,120109.3359375,119839.421875,120408.3203125,120214.6640625,120296.203125,120384.0859375,120499.6875,120681.8984375,0.0
1762982317.7383316,120580.875,120311.21875,120880.296875,120686.8203125,120768.09375,120856.0703125,120971.7578125,121154.1484375,0.0
1762982317.744162,120921.2421875,120651.6796875,121220.7578125,121027.3671875,121108.4609375,121196.2578125,121312.21875,121494.5234375,0.0
1762982317.744234,121175.7890625,120906.046875,121475.5703125,121281.734375,121363.1796875,121450.8046875,121566.8515625,121749.15625,0.0
1762982317.7500005,121460.4609375,121190.984375,121760.5078125,121566.5859375,121648.125,121735.296875,121851.96875,122034.1796875,0.0
1762982317.762942,121753.3515625,121484.328125,122053.765625,121859.9296875,121941.46875,122028.90625,122145.2265625,122327.8828125,0.0
1762982317.7629728,122035.4375,121766.0546875,122335.3046875,122142.0078125,122223.1875,122310.8046875,122427.125,122609.875,0.0
1762982317.7653058,122187.0703125,121917.328125,122486.671875,122293.640625,122375.0,122462.3515625,122579.03125,122761.7734375,0.0
1762982317.7653255,122202.359375,121932.8828125,122502.671875,122309.0234375,122390.5625,122477.90625,122594.5,122777.515625,0.0
1762982317.7672267,122167.7578125,121898.734375,122468.4296875,122274.421875,122355.9609375,122443.484375,122560.078125,122742.640625,0.0
1762982317.7709675,122086.84375,121817.1953125,122387.0703125,122193.0625,122274.6875,122362.21875,122478.4453125,122661.1953125,0.0
1762982317.7797196,121877.5390625,121607.7109375,122177.59375,121983.84375,122065.296875,122152.9140625,122269.0546875,122451.7109375,0.0
1762982317.7840438,121531.71875,121262.6015625,121831.5,121637.84375,121719.734375,121807.1796875,121923.2265625,122105.7109375,0.0
1762982317.7840576,121133.5859375,120864.0234375,121433.1015625,121239.0,121321.34375,121408.78125,121524.921875,121706.6875,0.0
1762982317.7947292,120757.8046875,120487.890625,121057.3203125,120863.3984375,120945.828125,121033.0,121148.7890625,121330.546875,0.0
1762982317.7990599,120367.28125,120097.5390625,120666.7890625,120472.9609375,120555.03125,120642.4765625,120758.1640625,120940.0234375,0.0
1762982317.7990758,119920.8671875,119651.21875,120220.3828125,120026.3671875,120108.4453125,120195.796875,120311.578125,120493.25,0.0
1762982317.805302,119488.9453125,119219.296875,119788.1875,119594.0,119676.5234375,119763.875,119879.203125,120060.703125,0.0
1762982317.8053172,119126.0390625,118856.2109375,119424.84375,119230.734375,119313.171875,119400.7890625,119515.9453125,119697.6171875,0.0
1762982317.8116736,118781.46875,118511.28125,119080.0,118885.625,118968.2421875,119056.21875,119171.015625,119352.6015625,0.0
1762982317.8116891,118345.4296875,118075.1484375,118643.6015625,118449.140625,118531.75,118619.640625,118734.4375,118915.7578125,0.0
1762982317.8218913,117888.0234375,117617.65625,118186.4609375,117992.0,118074.6171875,118162.59375,118277.03125,118458.4375,0.0
1762982317.8371725,117468.6171875,117198.609375,117766.96875,117572.328125,117655.03125,117743.453125,117857.359375,118038.5859375,0.0
1762982317.8372009,117042.7734375,116772.578125,117341.1171875,117146.390625,117229.1796875,117317.515625,117431.421875,117612.46875,0.0
1762982317.8372097,116477.8984375,116207.6171875,116776.0703125,116581.0703125,116664.1328125,116751.9296875,116866.015625,117046.7890625,0.0
1762982317.8409927,115762.1953125,115491.9140625,116059.7421875,115864.4765625,115947.984375,116035.9609375,116149.59375,116330.109375,0.0
1762982317.841012,114933.03125,114662.578125,115230.3984375,115034.78125,115118.734375,115206.7109375,115319.984375,115500.234375,0.0
1762982317.8410203,114100.8359375,113830.5546875,114398.2890625,114202.3125,114286.171875,114374.6875,114487.6953125,114667.3125,0.0
1762982317.8434968,113404.265625,113134.2578125,113701.71875,113505.3828125,113589.15625,113678.0234375,113790.765625,113970.1171875,0.0
1762982317.8497245,112862.546875,112591.9140625,113159.2890625,112963.0390625,113047.0859375,113135.5078125,113248.25,113427.7734375,0.0
1762982317.8593292,112456.90625,112186.453125,112753.5625,112557.3125,112641.3515625,112729.953125,112842.25,113021.421875,0.0
1762982317.8593729,112171.1640625,111900.8828125,112467.8125,112271.390625,112356.0546875,112444.390625,112556.328125,112735.765625,0.0
1762982317.8779163,111888.1875,111617.640625,112184.484375,111987.96875,112072.90625,112161.328125,112272.90625,112452.4375,0.0
1762982317.877934,111478.2578125,111207.625,111774.4609375,111577.765625,111662.8828125,111751.21875,111862.7109375,112041.96875,0.0
1762982317.879996,110938.8671875,110668.0546875,111234.4453125,111038.015625,111123.046875,111211.46875,111322.9609375,111501.7734375,0.0
1762982317.8831508,110208.9453125,109937.8671875,110504.34375,110307.6484375,110392.5859375,110481.28125,110592.6796875,110771.046875,0.0
1762982317.8831663,109200.703125,108929.8046875,109495.75,109298.6953125,109384.4375,109472.9453125,109583.90625,109761.9140625,0.0
1762982317.8849988,107871.1328125,107599.78125,108165.8203125,107968.140625,108054.2421875,108143.0234375,108253.4375,108431.359375,0.0
1762982317.9124875,106439.7265625,106168.109375,106733.515625,106535.9296875,106622.1171875,106711.5234375,106820.9609375,106998.1640625,0.0
1762982317.9149747,105028.2578125,104756.4609375,105321.2421875,105123.4765625,105210.0234375,105299.7890625,105408.1484375,105585.0,0.0
1762982317.9179008,103610.625,103339.2734375,103903.6953125,103704.859375,103792.296875,103882.328125,103989.8828125,104166.2890625,0.0
1762982317.9179175,102189.40625,101917.609375,102481.5,102282.390625,102370.640625,102460.3984375,102567.421875,102743.28125,0.0
1762982317.9196095,100831.4921875,100559.25,101122.875,100923.3203125,101011.828125,101102.0390625,101208.4375,101383.8515625,0.0
1762982317.9279056,99576.7578125,99303.796875,99867.5078125,99667.4140625,99756.1953125,99846.9453125,99952.890625,100127.5078125,0.0
1762982317.9279263,98324.4375,98051.5625,98614.6484375,98414.2890625,98503.609375,98593.90625,98699.671875,98873.9296875,0.0
1762982317.9297109,96867.640625,96594.9453125,97157.4921875,96956.421875,97046.2734375,97137.1953125,97241.8984375,97415.8828125,0.0
1762982317.9322171,95256.34375,94983.203125,95545.84375,95343.875,95434.625,95525.7265625,95629.53125,95802.7109375,0.0
1762982317.934741,93570.3984375,93296.71875,93859.09375,93656.8515625,93747.6875,93838.7109375,93942.421875,94114.703125,0.0
1762982317.9372272,91885.4296875,91611.1328125,92173.0546875,91970.1875,92061.8359375,92152.9375,92255.84375,92427.953125,0.0
1762982317.939727,90254.203125,89979.8984375,90541.375,90337.796875,90430.3359375,90521.7109375,90623.71875,90795.5625,0.0
1762982317.942243,88830.484375,88555.9140625,89117.125,88913.1015625,89006.078125,89097.546875,89198.9296875,89370.234375,0.0
1762982317.9447389,87767.796875,87493.4921875,88054.078125,87849.6015625,87943.296875,88034.9453125,88135.8828125,88306.2890625,0.0
1762982317.9472103,87170.8203125,86895.984375,87456.4765625,87251.6484375,87345.96875,87437.6171875,87538.1953125,87708.3359375,0.0
1762982317.9502876,86988.609375,86713.2421875,87274.1796875,87069.2578125,87163.3125,87255.046875,87355.984375,87525.7734375,0.0
1762982317.9502995,87174.7578125,86899.65625,87460.7734375,87255.671875,87349.640625,87441.28125,87542.1328125,87712.2734375,0.0
1762982317.9565585,87711.6484375,87436.9921875,87998.015625,87793.3671875,87886.8828125,87978.6171875,88079.375,88249.6953125,0.0
1762982317.9565763,88485.5546875,88210.984375,88772.015625,88567.6328125,88660.8828125,88752.703125,88853.5546875,89024.3203125,0.0
1762982317.962223,89288.4296875,89014.125,89575.15625,89370.953125,89463.6640625,89555.484375,89656.6953125,89828.0859375,0.0
1762982317.9665513,90043.828125,89769.2578125,90330.6484375,90127.15625,90219.421875,90311.2421875,90412.6328125,90584.3828125,0.0
1762982317.9665668,90780.8984375,90506.5078125,91067.984375,90864.4921875,90956.8515625,91048.5859375,91150.5078125,91322.4375,0.0
1762982317.974743,91504.5625,91230.703125,91792.2734375,91589.046875,91681.2265625,91772.9609375,91874.96875,92047.4375,0.0
1762982317.9772325,92169.2109375,91895.265625,92457.1875,92253.96875,92345.703125,92437.703125,92539.890625,92712.625,0.0
1762982317.98156,92724.6953125,92451.0234375,93013.125,92810.4375,92901.8125,92993.1875,93096.0,93268.828125,0.0
1762982317.9815767,93254.96875,92981.296875,93543.484375,93341.15625,93432.0859375,93523.1875,93626.546875,93799.3671875,0.0
1762982317.9897234,93773.3515625,93500.125,94062.046875,93860.34375,93951.0,94041.9296875,94145.8203125,94318.2890625,0.0
1762982317.994115,94242.203125,93968.796875,94530.8984375,94329.375,94419.9453125,94510.8671875,94614.578125,94787.5859375,0.0
1762982317.9941328,94596.34375,94322.9375,94885.0390625,94683.15625,94774.265625,94865.0078125,94968.6328125,95141.9921875,0.0
1762982317.9959755,94879.671875,94606.0859375,95168.90625,94966.578125,95057.59375,95148.4296875,95252.765625,95425.859375,0.0
1762982318.0097384,95127.6015625,94853.8359375,95416.46875,95214.3203125,95305.25,95396.1796875,95500.875,95673.515625,0.0
1762982318.0128925,95322.6875,95049.1015625,95611.5546875,95409.859375,95500.515625,95591.4453125,95695.78125,95869.140625,0.0
1762982318.0129068,95432.1171875,95158.625,95721.3515625,95519.6484375,95610.125,95701.0546875,95805.484375,95979.0234375,0.0
1762982318.0147164,95544.1484375,95271.09375,95833.46875,95631.765625,95722.0625,95813.2578125,95917.328125,96090.8671875,0.0
1762982318.0172365,95720.1015625,95446.6953125,96009.1484375,95807.625,95898.015625,95989.125,96092.921875,96266.375,0.0
1762982318.0209064,95990.8203125,95717.5078125,96280.4140625,96078.890625,96169.1015625,96260.0234375,96364.2734375,96537.8125,0.0
1762982318.0284643,96321.09375,96047.7734375,96610.7734375,96409.4296875,96499.3671875,96590.1171875,96694.8125,96868.7109375,0.0
1762982318.032224,96774.4765625,96501.515625,97064.78125,96863.2578125,96952.9296875,97043.9453125,97148.8203125,97322.5390625,0.0
1762982318.03906,97387.71875,97114.671875,97678.203125,97477.03125,97565.90625,97657.1875,97762.3359375,97936.2265625,0.0
1762982318.0390773,98155.8125,97882.671875,98446.203125,98245.3984375,98334.1796875,98425.109375,98530.6953125,98704.953125,0.0
1762982318.047232,98962.7109375,98690.1953125,99253.375,99053.015625,99141.8828125,99232.71875,99338.1328125,99512.7421875,0.0
1762982318.0518987,99784.09375,99511.3984375,100075.203125,99874.84375,99963.53125,100054.4609375,100160.2265625,100335.109375,0.0
1762982318.0519524,100641.59375,100368.9921875,100933.1484375,100732.8828125,100821.390625,100911.78125,101018.359375,101193.5078125,0.0
1762982318.0600057,101518.859375,101245.984375,101810.5,101610.765625,101699.0078125,101789.1328125,101896.3359375,102071.390625,0.0
1762982318.0644877,102311.8046875,102039.3828125,102603.9921875,102404.7890625,102492.6796875,102582.796875,102690.1796875,102865.59375,0.0
1762982318.0645404,102952.8515625,102680.8828125,103245.3046875,103046.109375,103133.9921875,103223.9375,103331.5859375,103507.625,0.0
1762982318.0712585,103471.0546875,103198.7265625,103763.7734375,103564.21875,103652.015625,103741.875,103849.4296875,104025.828125,0.0
1762982318.078159,103871.8671875,103599.890625,104164.765625,103965.2109375,104053.09375,104143.0390625,104250.59375,104427.0859375,0.0
1762982318.0781956,104118.546875,103846.921875,104411.3515625,104212.15625,104300.0390625,104389.7109375,104497.8046875,104674.03125,0.0
1762982318.0803792,104180.4140625,103908.796875,104473.9375,104274.5546875,104362.0,104451.671875,104559.859375,104736.34375,0.0
1762982318.080413,104130.7890625,103859.3515625,104424.2265625,104224.9375,104312.375,104402.5859375,104510.328125,104686.7265625,0.0
1762982318.091027,104006.78125,103735.1640625,104299.59375,104100.9296875,104188.28125,104278.3125,104386.046875,104562.625,0.0
1762982318.0944831,103805.4375,103533.8203125,104098.4296875,103899.9453125,103986.9375,104076.7890625,104184.796875,104361.375,0.0
1762982318.094536,103499.9375,103228.5,103792.921875,103593.9921875,103681.078125,103771.015625,103879.0234375,104055.0625,0.0
1762982318.0962553,103176.015625,102904.21875,103468.9140625,103269.7109375,103356.9765625,103447.09375,103554.65625,103730.609375,0.0
1762982318.1051283,102905.46875,102633.9375,103198.453125,102999.34375,103086.609375,103176.8203125,103284.375,103460.2421875,0.0
1762982318.1075425,102706.359375,102434.7421875,102998.9921875,102799.96875,102887.40625,102977.4453125,103084.7265625,103260.59375,0.0
1762982318.1113713,102522.0,102250.296875,102814.8125,102615.34375,102702.875,102792.8203125,102900.375,103076.234375,0.0
1762982318.1208265,102419.3671875,102148.015625,102712.0859375,102512.34375,102600.234375,102689.8203125,102797.5546875,102973.421875,0.0
1762982318.1208813,102470.234375,102198.9765625,102763.046875,102563.578125,102651.2890625,102741.40625,102848.7890625,103024.6484375,0.0
1762982318.1225245,102719.5,102447.8828125,103012.3984375,102813.203125,102900.5546875,102990.671875,103098.140625,103274.5390625,0.0
1762982318.1347516,103110.4765625,102838.859375,103403.2890625,103204.0859375,103291.7109375,103381.6484375,103489.296875,103665.515625,0.0
1762982318.1379056,103632.3515625,103360.90625,103925.2421875,103726.046875,103813.484375,103903.34375,104011.2578125,104187.65625,0.0
1762982318.137924,104337.765625,104066.328125,104630.84375,104432.1796875,104519.3515625,104608.671875,104717.125,104894.0625,0.0
1762982318.13974,105237.7421875,104966.4765625,105531.171875,105333.140625,105419.4140625,105508.734375,105617.8984375,105794.8359375,0.0
1762982318.1422095,106198.953125,105927.78125,106492.921875,106294.9765625,106380.984375,106470.3046875,106579.6484375,106756.9453125,0.0
1762982318.153576,107206.5703125,106935.6640625,107501.078125,107303.3984375,107389.5,107478.6328125,107588.15625,107766.078125,0.0
1762982318.1578877,108309.765625,108038.7734375,108604.625,108407.3046875,108492.9609375,108582.09375,108692.15625,108870.078125,0.0
1762982318.1579063,109506.390625,109235.3046875,109801.609375,109604.5546875,109689.7578125,109778.8984375,109889.3203125,110067.6875,0.0
1762982318.164052,110711.859375,110440.9609375,111007.9765625,110811.1015625,110896.0390625,110984.8203125,111095.6875,111274.6796875,0.0
1762982318.1640658,111884.34375,111613.53125,112181.0,111984.390625,112069.0625,112157.5703125,112269.0625,112448.234375,0.0
1762982318.1779184,113067.828125,112797.7265625,113364.8359375,113168.765625,113252.984375,113341.3203125,113453.5234375,113633.0546875,0.0
1762982318.177941,114276.4296875,114006.328125,114573.796875,114378.3515625,114461.859375,114550.28125,114662.9375,114842.8203125,0.0
1762982318.1803348,115449.09375,115178.8984375,115746.8125,115551.375,115635.0546875,115723.125,115836.3984375,116016.6484375,0.0
1762982318.1803637,116528.140625,116258.671875,116826.671875,116631.5,116714.6484375,116802.4453125,116916.5234375,117097.1328125,0.0
1762982318.1822584,117562.578125,117293.1953125,117861.9140625,117666.5625,117749.53125,117837.1484375,117951.7734375,118132.8203125,0.0
1762982318.1966531,118598.09375,118328.796875,118897.4296875,118702.609375,118785.1328125,118873.109375,118987.546875,119169.1328125,0.0
1762982318.1966724,119623.6796875,119354.65625,119923.4609375,119729.0,119811.078125,119898.875,120014.03125,120196.3359375,0.0
1762982318.1990757,120593.390625,120324.6328125,120893.53125,120699.3359375,120781.3203125,120868.4921875,120984.8984375,121166.9375,0.0
1762982318.1990917,121562.5625,121293.7109375,121862.96875,121668.953125,121750.8515625,121838.109375,121954.609375,122136.9140625,0.0
1762982318.2097907,122579.8359375,122311.078125,122880.328125,122686.8515625,122768.03125,122855.4765625,122972.421875,123155.1640625,0.0
1762982318.2196743,123640.734375,123372.4296875,123941.859375,123749.1015625,123829.8359375,123916.828125,124034.0390625,124217.5,0.0
1762982318.2196965,124656.9375,124388.890625,124958.59375,124765.7421875,124846.65625,124933.46875,125050.953125,125234.953125,0.0
1762982318.219704,125644.6171875,125376.9296875,125946.3671875,125754.046875,125834.6953125,125921.6875,126039.171875,126223.34375,0.0
1762982318.2228909,126647.5859375,126380.1640625,126949.5078125,126757.9140625,126837.5703125,126924.7421875,127042.671875,127227.296875,0.0
1762982318.2229085,127601.5546875,127334.140625,127904.015625,127712.2421875,127791.7265625,127878.5390625,127997.09375,128181.71875,0.0
1762982318.2247257,128054.2265625,127787.25,128357.4921875,128165.625,128245.1953125,128331.4765625,128450.65625,128635.4609375,0.0
1762982318.2409973,128027.8515625,127760.609375,128330.671875,128139.0703125,128218.640625,128305.3671875,128424.0078125,128608.90625,0.0
1762982318.2437646,128036.0703125,127768.8359375,128338.625,128146.7578125,128226.6875,128313.328125,128432.5,128616.6796875,0.0
1762982318.2486508,128259.3203125,127992.0859375,128562.0546875,128370.2734375,128450.1171875,128536.0390625,128655.6640625,128840.203125,0.0
1762982318.2486677,128445.9140625,128178.859375,128748.9140625,128557.671875,128636.9765625,128722.8984375,128842.8828125,129027.328125,0.0
1762982318.2486763,128560.4453125,128293.296875,128863.1796875,128671.9375,128751.2421875,128837.9609375,128957.234375,129141.9453125,0.0
1762982318.2531445,128808.015625,128540.7734375,129110.65625,128919.4140625,128998.09375,129085.4453125,129204.8046875,129390.0546875,0.0
1762982318.2531605,129164.9296875,128897.8671875,129468.1015625,129276.5078125,129355.6328125,129442.359375,129562.1640625,129747.0546875,0.0
1762982318.2587323,129556.6171875,129289.46875,129859.4375,129668.015625,129747.234375,129833.78125,129953.5859375,130138.390625,0.0
1762982318.2672608,129921.9375,129655.140625,130224.484375,130033.515625,130112.640625,130199.453125,130319.078125,130504.5078125,0.0
1762982318.271602,130329.8125,130063.1953125,130632.6328125,130441.9296875,130520.9609375,130607.328125,130727.3984375,130912.7421875,0.0
1762982318.2716212,130803.84375,130537.4140625,131106.9375,130916.2265625,130995.0,131081.28125,131201.703125,131386.953125,0.0
1762982318.279755,131280.734375,131014.6640625,131584.375,131393.75,131472.34375,131558.625,131679.140625,131864.65625,0.0
1762982318.2828965,131670.46875,131404.296875,131973.921875,131783.5625,131861.796875,131947.984375,132068.6875,132254.46875,0.0
1762982318.2829137,132004.3125,131738.59375,132307.9375,132117.328125,132195.828125,132281.921875,132403.0625,132588.859375,0.0
1762982318.2847393,132326.984375,132061.53125,132630.78125,132440.625,132519.125,132604.953125,132726.09375,132912.0625,0.0
1762982318.2987404,132635.34375,132370.078125,132939.59375,132749.609375,132827.578125,132913.765625,133034.546875,133220.6875,0.0
1762982318.3018107,132859.765625,132594.578125,133163.921875,132973.484375,133051.8125,133137.8125,133259.046875,133445.28125,0.0
1762982318.3018267,133037.40625,132772.3125,133341.84375,133150.953125,133229.453125,133315.46875,133436.796875,133623.03125,0.0
1762982318.30358,133210.328125,132945.046875,133514.75,133324.234375,133402.734375,133488.203125,133610.0625,133796.125,0.0
1762982318.3062437,133399.78125,133135.046875,133704.5625,133514.21875,133592.265625,133677.75,133800.046875,133986.203125,0.0
1762982318.314747,133562.234375,133297.234375,133866.75,133677.03125,133754.453125,133840.109375,133962.234375,134148.828125,0.0
1762982318.3181417,133712.796875,133447.4375,134017.3125,133827.328125,133905.109375,133991.03125,134112.890625,134299.484375,0.0
1762982318.3181577,133873.8125,133609.171875,134178.0625,133988.515625,134066.3125,134152.578125,134274.171875,134460.40625,0.0
1762982318.3200016,134068.546875,133804.078125,134372.875,134183.515625,134261.03125,134347.046875,134469.0,134655.40625,0.0
1762982318.3337393,134246.375,133981.546875,134550.71875,134361.34375,134438.953125,134524.609375,134646.828125,134833.15625,0.0
1762982318.3359091,134393.984375,134129.421875,134698.328125,134508.953125,134586.390625,134672.390625,134794.703125,134981.390625,0.0
1762982318.3443384,134529.078125,134264.875,134834.140625,134644.234375,134721.65625,134807.484375,134929.984375,135116.5625,0.0
1762982318.34436,134670.34375,134406.328125,134975.484375,134785.578125,134863.28125,134949.015625,135071.0625,135257.828125,0.0
1762982318.3459804,134772.078125,134507.625,135077.046875,134887.328125,134965.109375,135050.671875,135172.71875,135359.578125,0.0
1762982318.3549924,134799.625,134535.15625,135104.5,134915.3125,134992.828125,135078.21875,135200.4375,135387.296875,0.0
1762982318.3572323,134795.0625,134530.6875,135099.84375,134910.578125,134988.0,135073.390625,135195.96875,135382.5625,0.0
1762982318.3606708,134810.984375,134546.59375,135115.671875,134926.3125,135003.921875,135089.125,135212.0625,135398.375,0.0
1762982318.360687,134759.03125,134494.75,135064.09375,134874.359375,134952.0625,135037.4375,135160.203125,135346.609375,0.0
1762982318.3626833,134633.5,134369.125,134938.296875,134748.84375,134826.4375,134911.921875,135034.3125,135220.8125,0.0
1762982318.3760116,134542.21875,134277.578125,134846.828125,134657.203125,134735.0625,134820.625,134942.9375,135129.4375,0.0
1762982318.3790648,134522.375,134257.71875,134826.984375,134637.171875,134715.40625,134800.96875,134922.640625,135109.6875,0.0
1762982318.379082,134525.140625,134260.671875,134829.9375,134640.125,134718.0,134803.5625,134925.78125,135112.71875,0.0
1762982318.3812327,134458.0,134193.796875,134762.78125,134573.25,134651.03125,134736.5,134858.71875,135045.671875,0.0
1762982318.383863,134390.234375,134126.03125,134695.109375,134505.390625,134583.25,134669.09375,134790.953125,134978.25,0.0
1762982318.3981583,134377.890625,134113.953125,134682.953125,134493.046875,134571.1875,134657.015625,134778.796875,134965.375,0.0
1762982318.3981757,134398.546875,134134.4375,134703.515625,134513.78125,134591.578125,134677.21875,134799.265625,134985.953125,0.0
1762982318.39981,134408.734375,134144.359375,134713.609375,134524.0625,134601.3125,134687.328125,134809.015625,134996.5,0.0
1762982318.4022446,134402.125,134137.65625,134706.734375,134517.09375,134594.609375,134680.53125,134802.578125,134989.515625,0.0
1762982318.404998,134387.09375,134122.28125,134691.34375,134501.546875,134579.5,134665.328125,134787.46875,134974.0625,0.0
1762982318.4088523,134357.953125,134092.953125,134662.375,134472.578125,134550.4375,134636.0,134758.046875,134944.546875,0.0
1762982318.4229195,134247.53125,133983.0625,134551.96875,134362.515625,134440.5625,134525.953125,134647.625,134834.140625,0.0
1762982318.4229388,134106.265625,133841.265625,134410.796875,134220.984375,134299.125,134384.5,134506.546875,134693.046875,0.0
1762982318.425653,133970.375,133705.109375,134274.53125,134084.453125,134162.859375,134248.421875,134370.46875,134556.703125,0.0
1762982318.4256692,133822.3125,133557.140625,134126.390625,133936.390625,134015.078125,134100.734375,134222.40625,134408.734375,0.0
1762982318.4272463,133601.296875,133336.296875,133905.640625,133715.5625,133793.890625,133879.359375,134001.125,134187.625,0.0
1762982318.4412577,133332.71875,133067.453125,133637.421875,133447.15625,133525.125,133610.953125,133732.546875,133918.875,0.0
1762982318.448845,133066.375,132801.203125,133371.25,133180.90625,133258.421875,133344.796875,133466.203125,133652.359375,0.0
1762982318.4488614,132835.078125,132569.984375,133139.875,132949.25,133027.484375,133113.5,133234.828125,133420.609375,0.0
1762982318.4488692,132570.796875,132305.875,132875.40625,132685.328125,132763.375,132849.390625,132970.625,133156.5,0.0
1762982318.4518657,132231.40625,131965.6875,132535.390625,132345.40625,132423.453125,132509.28125,132630.703125,132816.3125,0.0
1762982318.4518814,131882.546875,131616.734375,132186.4375,131996.171875,132074.9375,132160.59375,132281.5625,132467.171875,0.0
1762982318.4572275,131566.484375,131300.40625,131870.5625,131680.03125,131758.890625,131844.28125,131965.0625,132150.765625,0.0
1762982318.466575,131233.171875,130967.015625,131537.421875,131346.8125,131425.046875,131511.140625,131631.75,131817.0,0.0
1762982318.466591,130842.828125,130576.75,131146.8125,130955.8359375,131034.6015625,131120.34375,131241.5,131426.65625,0.0
1762982318.4690616,130452.03125,130186.21875,130756.015625,130564.6796875,130643.984375,130729.640625,130850.0703125,131035.40625,0.0
1762982318.469077,130097.4375,129831.09375,130401.421875,130209.5546875,130289.21875,130375.3203125,130495.390625,130680.28125,0.0
1762982318.4822595,129751.6171875,129485.0,130055.5078125,129863.734375,129943.390625,130029.3125,130149.2109375,130334.28125,0.0
1762982318.4853091,129363.5859375,129097.0625,129667.2109375,129475.8828125,129555.3671875,129641.109375,129760.734375,129946.34375,0.0
1762982318.4853241,128995.234375,128728.265625,129298.3203125,129107.171875,129186.828125,129272.484375,129392.5546875,129577.625,0.0
1762982318.4945428,128675.0625,128408.0078125,128978.0625,128786.5546875,128866.125,128952.40625,129072.296875,129256.65625,0.0
1762982318.4945953,128377.515625,128110.1953125,128680.4296875,128488.5625,128568.40625,128654.6796875,128774.3046875,128958.75,0.0
1762982318.5029128,128031.421875,127764.1875,128334.2421875,128142.46875,128222.0390625,128308.5,128427.8515625,128612.3046875,0.0
1762982318.5029392,127672.9921875,127406.0234375,127976.078125,127784.125,127864.140625,127950.2421875,128069.5078125,128254.046875,0.0
1762982318.5078845,127349.4296875,127082.0078125,127652.0703125,127460.203125,127540.21875,127626.5,127745.859375,127929.859375,0.0
1762982318.5079005,127071.640625,126803.8671875,127374.015625,127181.96875,127261.984375,127348.53125,127467.625,127651.53125,0.0
1762982318.5097318,126763.9921875,126496.125,127066.453125,126874.0546875,126954.3359375,127040.8828125,127159.6171875,127343.796875,0.0
1762982318.5234904,126439.0,126171.1328125,126740.921875,126548.6953125,126628.984375,126715.9765625,126834.4453125,127018.0859375,0.0
1762982318.5284228,126154.0546875,125886.015625,126456.0703125,126264.1171875,126344.3125,126431.21875,126549.4140625,126733.234375,0.0
1762982318.528437,125935.8125,125667.953125,126237.7421875,126046.0546875,126126.25,126212.9765625,126331.0859375,126514.9921875,0.0
1762982318.5284443,125709.8828125,125441.84375,126011.453125,125819.046875,125899.6015625,125986.1484375,126104.6171875,126288.1640625,0.0
1762982318.5310137,125479.75,125211.703125,125781.40625,125588.9140625,125669.46875,125756.1953125,125874.125,126058.125,0.0
1762982318.5498073,125304.421875,125036.203125,125606.078125,125413.5,125494.140625,125581.40625,125698.8828125,125882.2578125,0.0
1762982318.5563505,125203.484375,124935.171875,125505.2265625,125312.734375,125393.203125,125480.375,125598.125,125781.40625,0.0
1762982318.5622413,125119.703125,124851.84375,125421.9921875,125229.234375,125309.515625,125396.5078125,125514.6171875,125698.2578125,0.0
1762982318.5651784,125033.6953125,124765.4765625,125335.890625,125143.0390625,125223.0625,125310.4140625,125428.515625,125611.7109375,0.0
1762982318.567608,124979.875,124711.3828125,125281.625,125088.953125,125169.2421875,125256.5,125374.3359375,125557.53125,0.0
1762982318.5703082,124951.4453125,124683.046875,125253.3671875,125060.7890625,125140.984375,125227.7109375,125345.640625,125528.921875,0.0
1762982318.572247,124887.609375,124619.203125,125189.8046875,124996.6796875,125077.0625,125163.9609375,125282.0703125,125465.171875,0.0
1762982318.5747595,124700.7421875,124432.4375,125002.671875,124810.0,124890.2890625,124977.1953125,125095.2109375,125278.671875,0.0
1762982318.577606,124419.2890625,124150.7109375,124720.59375,124528.0078125,124608.390625,124695.5625,124813.3984375,124996.5078125,0.0
1762982318.5802271,124093.046875,123824.2890625,124394.4375,124201.5,124281.9609375,124369.40625,124487.0625,124669.8984375,0.0
1762982318.5822551,123701.625,123432.7734375,124002.4765625,123809.71875,123890.1796875,123977.8046875,124094.8359375,124277.8515625,0.0
1762982318.5853376,123194.1484375,122925.125,123495.0,123301.8828125,123382.53125,123470.234375,123587.1796875,123770.2890625,0.0
1762982318.585353,122618.4609375,122349.34375,122919.046875,122725.8359375,122806.8359375,122894.28125,123010.953125,123193.7890625,0.0
1762982318.5875223,122023.1875,121754.0703125,122323.5,122130.0234375,122211.4765625,122298.828125,122415.0546875,122598.0703125,0.0
1762982318.6018898,121404.3125,121135.109375,121704.453125,121510.8828125,121592.421875,121679.859375,121796.09375,121978.390625,0.0
1762982318.60191,120696.8359375,120427.453125,120996.6171875,120803.2265625,120884.765625,120972.4765625,121088.2578125,121270.375,0.0
1762982318.6035116,119950.9140625,119681.171875,120250.0625,120056.5,120138.484375,120226.28125,120341.4375,120523.4765625,0.0
1762982318.6059997,119222.6015625,118953.125,119522.1171875,119327.921875,119410.0859375,119497.796875,119613.1328125,119794.625,0.0
1762982318.6085887,118526.390625,118257.1875,118825.90625,118631.796875,118713.6953125,118801.5859375,118916.5625,119097.875,0.0
1762982318.6129062,117796.828125,117527.359375,118095.8046875,117901.4375,117983.78125,118071.6640625,118186.28125,118367.15625,0.0
1762982318.6129236,117074.0625,116804.5859375,117372.7734375,117177.953125,117260.65625,117348.71875,117462.984375,117643.5859375,0.0
1762982318.6212647,116407.53125,116137.703125,116705.9765625,116510.6171875,116593.6796875,116682.015625,116796.0078125,116976.609375,0.0
1762982318.6234949,115811.1875,115540.734375,116108.9140625,115913.109375,115997.0625,116084.953125,116198.765625,116378.8359375,0.0
1762982318.6275256,115220.390625,114950.1953125,115518.0234375,115322.3125,115406.265625,115494.2421875,115607.609375,115787.8515625,0.0
1762982318.6418445,114610.453125,114340.0,114907.90625,114712.109375,114795.8828125,114884.3046875,114997.40625,115177.3828125,0.0
1762982318.641878,114001.234375,113730.78125,114298.6015625,114102.7109375,114186.5703125,114275.0,114388.0078125,114567.5390625,0.0
1762982318.6437628,113422.5,113151.78125,113719.2421875,113523.265625,113607.6640625,113695.640625,113808.921875,113988.4453125,0.0
1762982318.6462843,112816.3203125,112545.6015625,113112.9765625,112916.4609375,113000.859375,113089.1953125,113201.7578125,113381.375,0.0
1762982318.6485996,112132.625,111861.3671875,112428.921875,112232.40625,112316.8046875,112405.6796875,112517.703125,112696.9609375,0.0
1762982318.6581771,111426.9375,111155.40625,111722.6953125,111526.0,111610.671875,111699.8046875,111811.2109375,111990.203125,0.0
1762982318.6582127,110728.9375,110457.6796875,111024.9609375,110828.09375,110912.8515625,111001.8984375,111112.765625,111291.6640625,0.0
1762982318.6601243,109981.40625,109710.234375,110277.078125,110080.109375,110164.9609375,110253.921875,110364.9609375,110543.328125,0.0
1762982318.6625352,109136.6015625,108865.15625,109432.0,109234.6796875,109319.703125,109409.0234375,109519.796875,109697.71875,0.0
1762982318.6685605,108263.5390625,107991.921875,108558.765625,108360.90625,108446.375,108535.609375,108646.109375,108823.9453125,0.0
1762982318.6806223,107408.71875,107137.28125,107703.3125,107505.3671875,107591.2890625,107680.6953125,107790.9375,107967.9609375,0.0
1762982318.68066,106558.1953125,106286.3046875,106852.25,106654.390625,106740.2265625,106829.8984375,106939.2421875,107116.359375,0.0
1762982318.682531,105637.921875,105365.7734375,105931.4453125,105733.234375,105819.3359375,105909.453125,106017.8125,106194.84375,0.0
1762982318.6847837,104699.953125,104427.53125,104993.390625,104794.546875,104881.3671875,104971.21875,105079.4921875,105255.890625,0.0
1762982318.6875892,103804.90625,103532.65625,104097.890625,103899.140625,103986.21875,104076.34375,104183.8125,104360.4765625,0.0
1762982318.6964805,102956.875,102684.3671875,103249.328125,103050.3125,103137.75,103227.9609375,103335.3359375,103511.734375,0.0
1762982318.7006116,102077.5625,101804.9609375,102369.921875,102170.0078125,102257.8046875,102348.109375,102455.3046875,102631.4375,0.0
1762982318.7006485,101215.140625,100942.359375,101506.96875,101307.140625,101395.3828125,101485.328125,101591.9921875,101767.6796875,0.0
1762982318.702526,100424.6953125,100152.0,100716.25,100516.3359375,100604.7578125,100694.8828125,100801.09375,100976.15625,0.0
1762982318.713889,99718.203125,99445.421875,100009.3984375,99809.3046875,99898.0,99988.296875,100094.3359375,100269.125,0.0
1762982318.7168465,99022.7890625,98749.921875,99313.6328125,99113.09375,99201.875,99292.53125,99398.484375,99573.09375,0.0
1762982318.7168832,98353.8515625,98080.890625,98644.5078125,98443.8828125,98532.9296875,98623.3203125,98728.9140625,98903.703125,0.0
1762982318.7187653,97760.8125,97487.5859375,98050.9375,97850.484375,97939.8984375,98029.9296875,98135.7890625,98309.859375,0.0
1762982318.7251465,97256.6484375,96983.2421875,97546.4140625,97345.875,97435.1953125,97525.671875,97631.265625,97804.890625,0.0
1762982318.7294729,96763.2109375,96489.8046875,97053.0703125,96852.4375,96941.7578125,97032.5,97137.5546875,97311.2734375,0.0
1762982318.7295265,96263.421875,95989.6640625,96552.921875,96352.0234375,96441.7890625,96532.453125,96637.1484375,96810.8671875,0.0
1762982318.7374914,95801.9921875,95528.0546875,96091.4921875,95890.1484375,95980.0078125,96070.9296875,96175.359375,96348.984375,0.0
1762982318.7466369,95402.8828125,95129.5625,95692.5625,95491.0390625,95580.8046875,95671.7265625,95776.3359375,95949.4296875,0.0
1762982318.7466702,95002.609375,94729.203125,95292.015625,95090.40625,95180.703125,95271.09375,95376.0625,95548.6171875,0.0
1762982318.7492323,94564.15625,94290.75,94853.296875,94651.234375,94742.34375,94832.5546875,94937.0703125,95109.5390625,0.0
1762982318.7492576,94153.328125,93880.1015625,94442.7421875,94240.6796875,94331.25,94422.0,94526.515625,94698.7109375,0.0
1762982318.761495,93803.8359375,93530.1640625,94093.0703125,93891.1875,93981.3984375,94072.328125,94176.484375,94348.953125,0.0
1762982318.7684352,93482.421875,93208.390625,93771.296875,93569.1484375,93659.4453125,93750.734375,93854.3515625,94026.7265625,0.0
1762982318.7684655,93132.8359375,92859.1640625,93421.8046875,93219.296875,93310.3984375,93401.7734375,93504.59375,93676.8828125,0.0
1762982318.768474,92820.8984375,92547.3984375,93110.0390625,92907.265625,92998.7265625,93089.4765625,93192.5625,93364.9375,0.0
1762982318.7710676,92595.953125,92321.7421875,92884.109375,92681.515625,92772.796875,92863.7265625,92966.8125,93139.3671875,0.0
1762982318.7747357,92442.703125,92169.125,92731.4921875,92528.984375,92620.265625,92711.2890625,92814.375,92986.75,0.0
1762982318.7865899,92294.734375,92021.2421875,92583.7890625,92380.75,92472.2109375,92563.3203125,92666.3125,92838.421875,0.0
1762982318.7866123,92207.296875,91933.53125,92496.0859375,92292.859375,92384.5,92475.4296875,92578.3359375,92750.625,0.0
1762982318.788746,92244.8515625,91970.8203125,92533.3671875,92330.6796875,92422.3203125,92513.0703125,92616.0703125,92788.4453125,0.0
1762982318.797916,92415.4375,92141.40625,92703.953125,92501.265625,92592.734375,92683.8359375,92786.65625,92959.03125,0.0
1762982318.7979374,92624.3828125,92350.53125,92913.078125,92710.125,92801.40625,92892.6015625,92995.6015625,93168.15625,0.0
1762982318.7997348,92886.1640625,92612.1328125,93175.125,92971.8203125,93063.28125,93154.5625,93257.5625,93430.1171875,0.0
1762982318.8118265,93252.015625,92977.8984375,93540.625,93338.03125,93429.1328125,93520.328125,93623.7734375,93796.1484375,0.0
1762982318.8118432,93733.921875,93459.9765625,94022.4375,93820.203125,93911.125,94002.5,94106.125,94278.6796875,0.0
1762982318.8226295,94240.3203125,93966.828125,94529.375,94327.2265625,94417.8828125,94509.2578125,94612.96875,94785.5234375,0.0
1762982318.8226452,94765.859375,94491.9140625,95054.9140625,94853.1171875,94943.328125,95034.34375,95138.59375,95311.2421875,0.0
1762982318.8422024,95357.375,95083.1640625,95646.875,95445.4375,95534.84375,95625.59375,95730.203125,95903.5625,0.0
1762982318.8422308,96027.4765625,95753.8046875,96317.4296875,96115.7265625,96205.578125,96296.1484375,96401.109375,96574.7421875,0.0
1762982318.8422403,96702.3203125,96429.0078125,96992.359375,96790.9296875,96880.8671875,96971.6171875,97076.671875,97250.390625,0.0
1762982318.8447473,97349.984375,97076.8515625,97640.1171875,97439.21875,97528.8046875,97619.1015625,97724.6015625,97898.5,0.0
1762982318.8490272,98026.4375,97753.484375,98317.1953125,98116.3828125,98205.4375,98296.359375,98401.859375,98575.84375,0.0
1762982318.849043,98756.625,98483.671875,99047.3828125,98846.75,98935.53125,99026.3671875,99131.9609375,99306.75,0.0
1762982318.84905,99478.765625,99205.8984375,99769.96875,99569.3359375,99658.2109375,99748.7734375,99854.8125,100029.78125,0.0
1762982318.8490562,100152.2734375,99879.578125,100443.9140625,100243.5546875,100332.3359375,100422.4609375,100528.8515625,100703.8203125,0.0
1762982318.8510065,100834.984375,100562.46875,101126.5390625,100926.5390625,101015.140625,101105.078125,101211.7421875,101387.25,0.0
1762982318.853505,101553.453125,101281.125,101845.640625,101645.7265625,101733.8828125,101823.6484375,101931.0234375,102106.4375,0.0
1762982318.86236,102267.1953125,101995.125,102559.375,102360.1796875,102447.9765625,102537.9140625,102645.296875,102820.890625,0.0
1762982318.8691032,102913.15625,102640.9140625,103205.6953125,103006.5859375,103094.2109375,103184.0625,103291.796875,103467.75,0.0
1762982318.8691216,103543.8359375,103271.59375,103836.4609375,103637.4453125,103724.9765625,103814.3828125,103922.7421875,104098.6953125,0.0
1762982318.87103,104211.3515625,103939.546875,104504.421875,104305.671875,104392.7578125,104482.1640625,104591.0625,104767.015625,0.0
1762982318.8772333,104916.9453125,104645.328125,105210.6484375,105012.078125,105098.9765625,105188.03125,105297.1953125,105473.6875,0.0
1762982318.8815634,105605.6484375,105333.5859375,105899.3515625,105700.8671875,105787.4140625,105876.8203125,105986.078125,106162.8359375,0.0
1762982318.8815756,106278.796875,106007.0,106572.5859375,106374.3671875,106460.6484375,106550.1484375,106659.4921875,106836.6015625,0.0
1762982318.8872304,107024.71875,106753.28125,107318.8671875,107120.828125,107207.2890625,107296.3359375,107406.21875,107583.6015625,0.0
1762982318.8965976,107838.765625,107567.5078125,108133.71875,107936.0390625,108022.0546875,108110.921875,108221.0703125,108398.6328125,0.0
1762982318.8966155,108606.4140625,108335.421875,108901.3671875,108703.8671875,108789.7890625,108878.75,108989.078125,109166.90625,0.0
1762982318.8984993,109354.75,109083.578125,109649.8828125,109452.296875,109538.5703125,109627.0,109737.59375,109915.78125,0.0
1762982318.9022884,110133.578125,109862.4921875,110428.890625,110231.921875,110317.578125,110406.0859375,110516.8671875,110695.5,0.0
1762982318.914086,110957.8203125,110687.09375,111253.9375,111056.96875,111142.1796875,111230.8671875,111342.0,111520.9921875,0.0
1762982318.9141119,111760.9609375,111490.4140625,112057.2578125,111860.7421875,111945.0546875,112033.8359375,112145.6796875,112324.9453125,0.0
1762982318.9169588,112560.171875,112290.0703125,112857.1796875,112660.7578125,112744.9765625,112833.6640625,112945.6015625,113125.2265625,0.0
1762982318.9169772,113414.453125,113144.359375,113711.640625,113515.21875,113599.6171875,113688.0390625,113800.6015625,113980.2265625,0.0
1762982318.9225273,114309.421875,114039.3203125,114606.7890625,114410.8046875,114494.9375,114583.09375,114696.1953125,114876.2578125,0.0
1762982318.928513,115186.234375,114916.046875,115483.9609375,115288.25,115371.75,115460.0859375,115573.3671875,115753.7890625,0.0
1762982318.932914,116000.4609375,115730.0078125,116298.453125,116102.8359375,116185.984375,116274.671875,116388.0390625,116568.734375,0.0
1762982318.9329317,116812.7265625,116542.265625,117110.71875,116915.546875,116998.6953125,117086.578125,117200.6640625,117381.4453125,0.0
1762982318.9410017,117659.5,117389.21875,117958.03125,117762.8515625,117845.9140625,117933.6171875,118048.1484375,118229.109375,0.0
1762982318.9440708,118493.3984375,118223.65625,118792.2890625,118597.5546875,118680.078125,118768.0546875,118882.9453125,119064.0859375,0.0
1762982318.9440894,119287.15625,119018.0390625,119586.578125,119392.1171875,119474.8203125,119562.5234375,119677.59375,119859.265625,0.0
1762982318.952253,120099.59375,119830.4765625,120399.2890625,120204.6484375,120287.6171875,120375.1484375,120490.6640625,120672.3359375,0.0
1762982318.9559999,120953.609375,120684.4921875,121253.65625,121059.109375,121141.453125,121229.0703125,121345.2109375,121527.15625,0.0
1762982318.9739537,121835.7890625,121566.9453125,122136.4609375,121942.453125,122023.8125,122111.5234375,122228.1953125,122410.5,0.0
1762982318.9774077,122710.28125,122441.34375,123010.953125,122817.8359375,122898.75,122986.28125,123103.3984375,123286.1484375,0.0
1762982318.9774415,123608.4609375,123339.5234375,123909.40625,123716.109375,123797.46875,123884.546875,124002.03125,124184.8671875,0.0
1762982318.9774508,124560.9140625,124292.6953125,124862.125,124669.0078125,124750.1015625,124837.0,124954.84375,125138.390625,0.0
1762982318.9798224,125573.5390625,125305.4921875,125875.015625,125682.34375,125762.8125,125849.8046875,125968.0,126151.9140625,0.0
1762982318.982443,126588.125,126320.265625,126889.875,126697.6484375,126777.8515625,126864.84375,126983.125,127167.5703125,0.0
1762982318.985016,127633.296875,127365.875,127935.3125,127743.7109375,127823.28125,127910.0078125,128029.1015625,128213.9921875,0.0
1762982318.9912715,128750.703125,128483.6484375,129053.4375,128862.1015625,128941.2265625,129027.7734375,129147.3984375,129332.5625,0.0
1762982318.9938147,129933.46875,129667.0390625,130236.734375,130045.671875,130124.7109375,130210.6328125,130330.8828125,130516.1328125,0.0
1762982318.99604,131100.9375,130834.9609375,131404.21875,131213.515625,131292.359375,131378.015625,131499.15625,131684.59375,0.0
1762982319.002679,132252.421875,131986.703125,132556.046875,132365.96875,132444.1875,132530.03125,132651.4375,132837.3125,0.0
1762982319.0091321,133416.859375,133151.5,133720.84375,133530.578125,133608.90625,133694.546875,133816.328125,134002.640625,0.0
1762982319.009159,134595.78125,134331.125,134900.46875,134710.484375,134788.265625,134873.921875,134996.140625,135182.734375,0.0
1762982319.0115762,135728.5625,135464.28125,136033.4375,135843.984375,135921.234375,136006.703125,136129.375,136316.40625,0.0
1762982319.0115902,136827.375,136563.796875,137132.421875,136943.6875,137020.40625,137105.96875,137229.078125,137416.203125,0.0
1762982319.0272892,137941.46875,137678.34375,138246.96875,138058.328125,138134.859375,138220.328125,138343.796875,138531.375,0.0
1762982319.03033,139090.53125,138827.9375,139396.390625,139208.109375,139284.015625,139369.21875,139493.3125,139681.328125,0.0
1762982319.0303483,140233.421875,139971.734375,140539.734375,140351.53125,140427.34375,140512.1875,140637.0,140825.734375,0.0
1762982319.033156,141339.03125,141077.953125,141645.515625,141457.765625,141533.125,141618.328125,141743.328125,141932.421875,0.0
1762982319.0331717,142341.8125,142081.1875,142648.484375,142461.0,142536.09375,142621.03125,142746.828125,142935.75,0.0
1762982319.0409987,143051.96875,142791.71875,143358.734375,143171.6875,143246.703125,143331.1875,143456.984375,143646.71875,0.0
1762982319.04792,143631.78125,143371.515625,143938.625,143751.859375,143826.59375,143911.171875,144037.15625,144227.046875,0.0
1762982319.0479448,144152.671875,143892.9375,144460.3125,144273.71875,144348.109375,144432.78125,144558.84375,144748.734375,0.0
1762982319.0613856,144622.59375,144363.125,144929.875,144743.828125,144817.9375,144902.15625,145029.21875,145218.484375,0.0
1762982319.0663245,145124.78125,144865.6875,145432.34375,145246.015625,145320.40625,145404.71875,145531.765625,145721.40625,0.0
1762982319.0663595,145619.921875,145361.0,145927.390625,145741.34375,145815.71875,145899.859375,146027.171875,146216.984375,0.0
1762982319.0663693,146067.40625,145808.921875,146375.140625,146189.0,146263.75,146347.421875,146474.921875,146665.1875,0.0
1762982319.069363,146472.59375,146214.390625,146780.421875,146594.1875,146668.75,146752.625,146880.296875,147070.546875,0.0
1762982319.0693984,146891.109375,146633.171875,147199.125,147013.0625,147087.53125,147171.21875,147299.171875,147489.15625,0.0
1762982319.0814736,147321.15625,147063.21875,147629.171875,147443.109375,147517.140625,147601.453125,147729.125,147918.75,0.0
1762982319.0855892,147715.796875,147458.21875,148023.984375,147838.015625,147911.953125,147996.1875,148123.765625,148314.46875,0.0
1762982319.0856228,148081.203125,147823.53125,148389.75,148203.78125,148277.640625,148361.40625,148489.171875,148680.328125,0.0
1762982319.0921497,148429.8125,148172.3125,148737.984375,148552.203125,148626.140625,148709.828125,148837.59375,149028.65625,0.0
1762982319.0922031,148746.3125,148488.90625,149054.578125,148868.703125,148942.734375,149026.15625,149154.453125,149345.25,0.0
1762982319.105698,148977.953125,148720.828125,149286.6875,149101.078125,149174.75,149258.34375,149386.90625,149577.703125,0.0
1762982319.1057477,149120.46875,148863.34375,149429.109375,149243.953125,149317.171875,149401.21875,149529.78125,149720.390625,0.0
1762982319.1082048,149185.828125,148929.046875,149494.828125,149309.578125,149382.796875,149466.5625,149595.21875,149785.84375,0.0
1762982319.108244,149232.6875,148976.078125,149541.671875,149356.15625,149429.828125,149513.328125,149642.078125,149832.515625,0.0
1762982319.110057,149204.25,148947.828125,149513.328125,149327.625,149401.21875,149485.171875,149613.734375,149804.078125,0.0
1762982319.1238923,149105.453125,148848.859375,149414.171875,149228.65625,149302.59375,149386.375,149514.765625,149705.46875,0.0
1762982319.1287115,149000.40625,148743.796875,149308.859375,149123.609375,149197.8125,149281.140625,149409.4375,149600.140625,0.0
1762982319.1287465,148891.59375,148634.640625,149200.3125,149015.328125,149088.734375,149172.59375,149300.71875,149491.515625,0.0
1762982319.128756,148784.296875,148527.609375,149093.109375,148907.6875,148981.0,149065.125,149193.078125,149384.3125,0.0
1762982319.1313124,148642.328125,148385.734375,148951.140625,148765.890625,148839.015625,148922.96875,149051.28125,149242.25,0.0
1762982319.1352618,148476.203125,148219.15625,148784.65625,148599.40625,148672.71875,148756.59375,148884.890625,149075.6875,0.0
1762982319.1493893,148318.859375,148061.625,148627.390625,148441.875,148515.28125,148599.328125,148727.53125,148917.96875,0.0
1762982319.1494243,148145.671875,147888.359375,148454.125,148268.609375,148342.1875,148426.140625,148554.265625,148744.78125,0.0
1762982319.1545067,147898.015625,147640.515625,148206.46875,148021.03125,148094.4375,148178.21875,148306.78125,148497.046875,0.0
1762982319.1545658,147599.65625,147341.8125,147908.109375,147722.59375,147796.09375,147879.859375,148008.25,148198.6875,0.0
1762982319.1563215,147307.65625,147049.453125,147615.75,147430.0625,147504.0,147587.5,147715.71875,147906.0625,0.0
1762982319.1588132,147024.0625,146765.859375,147331.984375,147146.640625,147220.578125,147304.171875,147432.03125,147622.453125,0.0
1762982319.1651385,146711.9375,146453.90625,147019.765625,146834.0625,146908.375,146992.046875,147119.546875,147310.078125,0.0
1762982319.1695988,146353.78125,146095.296875,146661.96875,146475.375,146549.75,146633.796875,146761.296875,146951.546875,0.0
1762982319.1696522,146000.625,145741.515625,146308.890625,146122.296875,146196.234375,146280.1875,146407.59375,146598.125,0.0
1762982319.1939323,145698.875,145439.953125,146006.515625,145820.375,145894.578125,145978.4375,146105.84375,146295.921875,0.0
1762982319.1963327,145393.90625,145134.71875,145701.375,145515.140625,145589.703125,145673.5625,145801.15625,145990.6875,0.0
1762982319.1988227,145072.125,144812.75,145379.6875,145193.265625,145267.84375,145352.0625,145479.109375,145668.65625,0.0
1762982319.2012784,144760.359375,144500.90625,145067.5625,144881.328125,144956.078125,145040.03125,145166.8125,145356.34375,0.0
1762982319.2038455,144479.984375,144220.890625,144787.546875,144600.953125,144675.78125,144759.5625,144886.34375,145076.15625,0.0
1762982319.2063591,144184.9375,143925.484375,144492.234375,144305.8125,144380.75,144464.609375,144591.03125,144781.015625,0.0
1762982319.2088287,143876.671875,143617.125,144184.046875,143997.453125,144072.109375,144156.515625,144282.65625,144472.109375,0.0
1762982319.2110393,143566.953125,143306.96875,143874.078125,143687.125,143762.21875,143846.71875,143972.78125,144161.875,0.0
1762982319.2136655,143250.28125,142990.015625,143557.390625,143370.171875,143445.09375,143529.671875,143655.921875,143845.1875,0.0
1762982319.216912,142917.234375,142656.796875,143224.078125,143037.140625,143111.96875,143196.375,143322.4375,143511.53125,0.0
1762982319.216948,142556.03125,142295.140625,142862.796875,142675.21875,142750.859375,142835.34375,142961.234375,143150.328125,0.0
1762982319.2250826,142174.0,141912.484375,142480.671875,142292.90625,142368.8125,142453.3125,142578.5625,142767.84375,0.0
1762982319.228269,141808.5,141547.34375,142114.984375,141927.859375,142003.40625,142087.625,142213.703125,142402.53125,0.0
1762982319.2283044,141460.0,141199.015625,141766.65625,141579.359375,141654.984375,141739.21875,141865.09375,142053.921875,0.0
1762982319.2298071,141071.515625,140810.28125,141377.921875,141189.984375,141266.15625,141350.921875,141475.734375,141664.46875,0.0
1762982319.2444432,140678.40625,140416.34375,140984.625,140796.421875,140872.5,140957.4375,141082.25,141271.078125,0.0
1762982319.2444785,140318.53125,140056.578125,140624.484375,140436.734375,140512.453125,140597.578125,140722.390625,140911.21875,0.0
1762982319.246287,139945.078125,139683.296875,140251.03125,140062.921875,140139.09375,140224.296875,140348.75,140537.140625,0.0
1762982319.2487059,139500.015625,139237.78125,139805.609375,139617.40625,139694.03125,139778.78125,139903.6875,140091.625,0.0
1762982319.2554317,139080.421875,138817.84375,139385.84375,139197.375,139274.265625,139359.375,139483.5625,139671.5,0.0
1762982319.2554584,138733.078125,138470.5,139038.59375,138850.109375,138926.828125,139012.125,139135.859375,139323.796875,0.0
1762982319.2640977,138400.484375,138137.984375,138706.078125,138517.4375,138594.046875,138679.4375,138803.0,138991.015625,0.0
1762982319.2641225,137992.34375,137729.3125,138297.765625,138109.375,138185.90625,138270.9375,138394.59375,138582.515625,0.0
1762982319.2660203,137527.078125,137263.671875,137832.3125,137643.75,137720.640625,137805.65625,137929.21875,138116.890625,0.0
1762982319.2751896,137073.78125,136809.9375,137378.75,137189.828125,137266.8125,137352.375,137475.578125,137662.875,0.0
1762982319.2782185,136665.359375,136401.609375,136970.78125,136781.421875,136858.578125,136943.6875,137066.984375,137254.296875,0.0
1762982319.2782483,136199.734375,135935.8125,136504.609375,136315.515625,136392.671875,136478.0625,136600.8125,136788.390625,0.0
1762982319.287573,135692.4375,135428.0625,135996.78125,135807.78125,135884.9375,135970.40625,136092.984375,136280.296875,0.0
1762982319.2907455,135189.609375,134924.703125,135493.421875,135304.6875,135381.75,135467.3125,135589.796875,135776.75,0.0
1762982319.2908008,134722.28125,134457.1875,135025.90625,134837.0,134914.0625,135000.25,135122.296875,135309.0625,0.0
1762982319.296237,134236.359375,133971.09375,134539.890625,134350.796875,134428.140625,134514.40625,134636.1875,134822.875,0.0
1762982319.3007631,133729.0625,133463.875,134032.875,133842.96875,133920.578125,134007.125,134128.4375,134314.953125,0.0
1762982319.3008175,133249.484375,132983.671875,133553.109375,133363.125,133441.078125,133527.453125,133648.953125,133834.734375,0.0
1762982319.3139257,132816.03125,132550.046875,133119.75,132929.5,133007.546875,133093.640625,133215.421875,133400.84375,0.0
1762982319.316426,132374.1875,132108.296875,132677.8125,132487.5625,132565.875,132651.4375,132772.9375,132959.171875,0.0
1762982319.3193865,131883.25,131617.0,132186.703125,131996.265625,132074.671875,132160.78125,132281.65625,132467.359375,0.0
1762982319.3194172,131375.609375,131109.34375,131679.234375,131488.25,131566.75,131652.9375,131773.640625,131959.34375,0.0
1762982319.3214452,130869.734375,130603.125,131172.828125,130982.03125,131060.4453125,131146.8125,131267.15625,131452.9375,0.0
1762982319.3351755,130346.4375,130079.2890625,130649.3515625,130458.2890625,130537.234375,130623.6875,130743.8515625,130929.4609375,0.0
1762982319.338334,129770.125,129503.0625,130073.125,129881.8828125,129960.9140625,130047.640625,130167.7109375,130352.6953125,0.0
1762982319.3383875,129195.4140625,128927.8203125,129497.7890625,129306.9921875,129386.03125,129472.7578125,129592.3828125,129777.453125,0.0
1762982319.3397584,128665.0546875,128397.1875,128967.4296875,128776.5390625,128855.578125,128942.2109375,129061.390625,129246.2890625,0.0
1762982319.3438425,128167.4140625,127899.7265625,128469.6953125,128278.0078125,128357.3984375,128444.21875,128563.484375,128747.84375,0.0
1762982319.3482316,127645.453125,127377.6796875,127947.0234375,127755.6953125,127835.3515625,127921.8984375,128041.3515625,128225.6171875,0.0
1762982319.3482664,127089.4296875,126821.03125,127390.640625,127199.2265625,127279.2421875,127365.875,127484.4296875,127668.96875,0.0
1762982319.3562849,126438.015625,126169.609375,126739.3125,126547.625,126627.375,126714.3671875,126832.65625,127017.28125,0.0
1762982319.3603897,125639.515625,125371.296875,125941.1796875,125749.21875,125829.328125,125915.96875,126034.34375,126218.34375,0.0
1762982319.3604236,124629.1328125,124360.4609375,124930.34375,124737.8515625,124818.3125,124905.3125,125023.0546875,125206.5234375,0.0
1762982319.366283,123456.828125,123187.7109375,123757.5,123564.7421875,123645.65625,123732.5546875,123850.125,124032.96875,0.0
1762982319.375748,122191.0,121921.890625,122491.140625,122298.109375,122379.203125,122466.375,122583.3203125,122765.9765625,0.0
1762982319.375806,120861.703125,120591.9609375,121161.125,120967.46875,121049.453125,121136.984375,121252.9453125,121435.3359375,0.0
1762982319.3775933,119417.1484375,119147.3203125,119716.0390625,119522.0234375,119604.4609375,119692.1640625,119807.234375,119989.0,0.0
1762982319.391196,117891.5078125,117621.5,118190.1328125,117995.7578125,118078.28125,118165.71875,118280.4296875,118461.9296875,0.0
1762982319.3941016,116348.6171875,116078.25,116646.875,116451.7890625,116534.578125,116622.5546875,116736.546875,116917.5078125,0.0
1762982319.3941286,114825.65625,114555.109375,115123.3828125,114927.578125,115010.9921875,115098.96875,115212.609375,115392.765625,0.0
1762982319.4030855,113268.2734375,112997.90625,113565.4609375,113369.21875,113453.4375,113541.7734375,113654.2421875,113833.7734375,0.0
1762982319.4031336,111689.9765625,111419.7890625,111986.71875,111790.109375,111874.78125,111963.46875,112074.6953125,112254.1328125,0.0
1762982319.412607,110170.9453125,109900.2265625,110466.8828125,110270.015625,110354.6796875,110443.5546875,110554.5078125,110733.140625,0.0
1762982319.4126613,108780.1328125,108509.0546875,109075.265625,108877.9453125,108963.5078125,109052.2890625,109162.8828125,109340.8984375,0.0
1762982319.4126732,107495.0,107223.3828125,107789.4140625,107591.734375,107678.015625,107766.6171875,107876.8515625,108054.0625,0.0
1762982319.4157495,106273.609375,106001.8984375,106567.4921875,106369.8125,106455.8203125,106545.3203125,106654.390625,106831.6015625,0.0
1762982319.415786,105162.640625,104890.84375,105456.1640625,105258.125,105344.3125,105434.4375,105542.796875,105719.640625,0.0
1762982319.4263284,104172.8125,103900.75,104466.15625,104266.9609375,104354.21875,104444.1640625,104552.1640625,104728.5703125,0.0
1762982319.4354403,103245.9296875,102973.7734375,103538.7421875,103339.1796875,103426.53125,103516.8359375,103624.3046875,103800.4296875,0.0
1762982319.4354942,102308.6796875,102036.34375,102601.0390625,102401.3046875,102489.3671875,102578.953125,102686.3359375,102862.2890625,0.0
1762982319.4382868,101418.5390625,101145.671875,101710.2734375,101510.71875,101598.875,101688.7265625,101795.5703125,101971.4375,0.0
1762982319.4383235,100622.7265625,100349.953125,100914.2890625,100714.375,100802.703125,100892.7421875,100999.3125,101174.90625,0.0
1762982319.4510972,99891.7421875,99619.3125,100183.203125,99982.84375,100071.8046875,100161.8359375,100268.4140625,100443.203125,0.0
1762982319.456388,99134.7265625,98861.6796875,99425.484375,99224.765625,99314.078125,99404.203125,99510.2421875,99684.8515625,0.0
1762982319.4564545,98418.7578125,98145.890625,98708.9765625,98508.8828125,98597.9296875,98688.6796875,98794.0,98968.5234375,0.0
1762982319.4564676,97776.28125,97503.5,98067.03125,97866.1328125,97955.359375,98046.2890625,98151.703125,98325.7734375,0.0
1762982319.458835,97194.953125,96921.4609375,97485.4375,97284.0078125,97373.9453125,97464.4296875,97569.75,97743.6484375,0.0
1762982319.4613264,96605.4921875,96331.9140625,96895.625,96694.0078125,96784.0390625,96874.5234375,96979.3984375,97153.1171875,0.0
1762982319.4751952,96039.7265625,95765.9609375,96329.2265625,96127.8828125,96217.6484375,96308.484375,96413.359375,96586.71875,0.0
1762982319.4800985,95559.7890625,95285.8515625,95849.109375,95647.4140625,95737.53125,95828.4609375,95932.7109375,96106.515625,0.0
1762982319.4801416,95180.5234375,94906.40625,95469.1328125,95267.6953125,95358.0,95449.109375,95553.0,95726.8046875,0.0
1762982319.4801564,94811.9921875,94538.2265625,95100.953125,94899.25,94989.8203125,95080.8359375,95184.7265625,95357.9140625,0.0
1762982319.4825733,94477.7890625,94204.2890625,94766.6640625,94564.6953125,94655.890625,94746.28125,94850.34375,95023.171875,0.0
1762982319.4849236,94225.5703125,93951.984375,94514.4453125,94312.3828125,94403.7578125,94494.0625,94598.0390625,94770.7734375,0.0
1762982319.495181,94067.859375,93794.359375,94357.0859375,94154.671875,94245.7734375,94336.4375,94440.4140625,94613.328125,0.0
1762982319.4991503,93947.78125,93674.2890625,94236.8359375,94034.328125,94125.5234375,94216.0078125,94320.1640625,94493.1640625,0.0
1762982319.4991877,93850.7734375,93577.3671875,94139.7421875,93937.3203125,94028.6953125,94118.90625,94222.796875,94396.15625,0.0
1762982319.5032516,93826.90625,93553.5859375,94115.9609375,93913.8125,94004.734375,94095.84375,94199.1953125,94372.2890625,0.0
1762982319.5033,93916.9375,93643.625,94205.9921875,94003.84375,94094.6796875,94185.609375,94289.3203125,94462.140625,0.0
1762982319.5113175,94056.59375,93783.2734375,94346.0,94143.671875,94234.6015625,94325.6171875,94429.1484375,94602.2421875,0.0
1762982319.515097,94181.1328125,93907.8203125,94470.28125,94268.21875,94358.7890625,94449.984375,94553.515625,94726.515625,0.0
1762982319.5214405,94339.65625,94066.0703125,94628.8828125,94426.203125,94517.3046875,94608.3203125,94712.03125,94884.765625,0.0
1762982319.5303931,94561.5625,94287.796875,94851.0625,94648.2890625,94739.3046875,94830.0546875,94934.125,95106.859375,0.0
1762982319.5304313,94795.453125,94522.2265625,95085.0390625,94882.984375,94973.28125,95064.1171875,95168.6328125,95341.28125,0.0
1762982319.5332844,94970.15625,94696.65625,95259.3828125,95057.59375,95147.984375,95238.8203125,95342.8046875,95515.984375,0.0
1762982319.5333178,95134.390625,94860.71875,95423.7109375,95221.8359375,95312.3125,95403.421875,95507.21875,95680.3125,0.0
1762982319.541466,95324.921875,95051.3359375,95614.1484375,95412.625,95502.8359375,95594.03125,95698.1015625,95871.1953125,0.0
1762982319.5438836,95509.9921875,95236.5859375,95799.3125,95597.8828125,95687.734375,95779.109375,95883.265625,96056.359375,0.0
1762982319.547581,95605.4765625,95331.7109375,95894.9765625,95693.0078125,95783.3984375,95874.328125,95978.6640625,96151.9375,0.0
1762982319.5564404,95648.484375,95374.71875,95938.25,95736.28125,95826.4921875,95917.328125,96021.7578125,96195.4765625,0.0
1762982319.5595396,95677.0078125,95403.1484375,95966.6796875,95764.4453125,95855.015625,95945.8515625,96050.4609375,96223.640625,0.0
1762982319.5595891,95689.609375,95416.296875,95979.203125,95777.3203125,95867.890625,95958.546875,96063.2421875,96236.15625,0.0
1762982319.56103,95610.125,95336.71875,95899.359375,95697.75,95788.2265625,95878.9765625,95983.578125,96156.8515625,0.0
1762982319.5754304,95478.609375,95205.1171875,95767.84375,95566.140625,95656.4375,95747.1875,95851.796875,96024.9765625,0.0
1762982319.5754645,95334.3984375,95060.9921875,95623.625,95421.8359375,95512.140625,95602.8828125,95707.578125,95880.3125,0.0
1762982319.5782373,95206.0078125,94932.6015625,95495.2421875,95294.0703125,95383.9296875,95474.9453125,95579.28125,95752.1953125,0.0
1762982319.5782733,95029.0703125,94755.3984375,95317.859375,95116.6875,95206.6328125,95297.7421875,95401.8125,95574.9921875,0.0
1762982319.5800834,94804.75,94531.25,95093.8046875,94892.0078125,94982.3984375,95073.5078125,95177.3984375,95350.671875,0.0
1762982319.5952458,94592.2265625,94318.5546875,94881.015625,94678.953125,94769.609375,94860.5390625,94964.5234375,95137.7890625,0.0
1762982319.5982358,94435.5859375,94161.9140625,94724.375,94522.578125,94613.2421875,94703.984375,94807.96875,94980.7890625,0.0
1762982319.598272,94266.1640625,93992.7578125,94555.21875,94353.0625,94443.7265625,94534.46875,94638.6328125,94811.2734375,0.0
1762982319.6026824,94057.7578125,93784.3515625,94346.71875,94144.390625,94235.3203125,94326.15625,94429.953125,94602.78125,0.0
1762982319.605096,93858.015625,93584.4375,94146.984375,93944.296875,94035.2265625,94126.5078125,94229.859375,94402.1484375,0.0
1762982319.607581,93695.8359375,93422.0703125,93984.7109375,93781.9375,93872.6796875,93964.234375,94067.859375,94239.875,0.0
1762982319.6113207,93519.96875,93246.1171875,93808.3984375,93605.984375,93696.8203125,93788.546875,93891.4609375,94063.8359375,0.0
1762982319.6207497,93266.3203125,92992.46875,93555.1953125,93352.421875,93443.2578125,93535.171875,93637.8125,93810.546875,0.0
1762982319.6208043,92995.6015625,92721.65625,93284.3828125,93081.609375,93172.7109375,93264.0859375,93367.265625,93539.4609375,0.0
1762982319.623315,92748.75,92475.0703125,93037.265625,92834.484375,92926.1328125,93017.328125,93120.5,93292.34375,0.0
1762982319.6233492,92507.2578125,92233.5859375,92795.953125,92593.0859375,92684.4609375,92775.75,92878.5625,93050.671875,0.0
1762982319.6287284,92218.7421875,91944.9765625,92507.3515625,92304.21875,92395.6796875,92487.234375,92589.9609375,92761.796875,0.0
1762982319.637583,91948.8203125,91675.0546875,92237.25,92034.203125,92125.671875,92217.21875,92320.1328125,92491.703125,0.0
1762982319.64035,91761.875,91488.46875,92050.2109375,91847.2578125,91938.8125,92030.453125,92133.265625,92304.6640625,0.0
1762982319.640364,91664.6015625,91390.7421875,91952.6640625,91749.53125,91841.3515625,91932.8203125,92035.4609375,92207.296875,0.0
1762982319.6425323,91592.265625,91318.5,91880.4296875,91677.296875,91769.46875,91861.0234375,91963.0390625,92134.96875,0.0
1762982319.653523,91603.171875,91329.140625,91891.0625,91688.109375,91780.203125,91871.578125,91973.765625,92145.609375,0.0
1762982319.6565971,91757.7578125,91483.90625,92045.6484375,91842.7890625,91934.515625,92025.7109375,92128.796875,92300.28125,0.0
1762982319.656608,92068.984375,91794.8671875,92357.3203125,92154.3671875,92245.5625,92336.7578125,92439.9375,92611.6875,0.0
1762982319.662274,92462.2890625,92187.984375,92750.265625,92547.7578125,92638.953125,92730.2421875,92833.328125,93005.078125,0.0
1762982319.6660457,92966.3671875,92692.6015625,93254.96875,93052.4609375,93143.2109375,93234.765625,93337.8515625,93510.1328125,0.0
1762982319.6726005,93623.7734375,93350.1875,93912.734375,93710.6796875,93801.421875,93892.3515625,93995.703125,94168.9765625,0.0
1762982319.6819644,94438.8046875,94165.578125,94728.0390625,94526.25,94616.8125,94707.5625,94811.3671875,94984.4609375,0.0
1762982319.6820135,95335.203125,95062.328125,95625.0625,95423.0859375,95513.5703125,95603.8671875,95708.65625,95881.5703125,0.0
1762982319.684163,96301.515625,96028.9140625,96591.640625,96390.0234375,96480.234375,96570.8046875,96675.6796875,96848.6796875,0.0
1762982319.6841989,97375.2890625,97102.5078125,97665.953125,97464.875,97554.1953125,97645.2109375,97749.7265625,97923.984375,0.0
1762982319.6927006,98566.1875,98293.765625,98857.390625,98656.8515625,98745.6328125,98836.203125,98941.5234375,99116.2265625,0.0
1762982319.6949587,99795.71875,99523.6484375,100087.09375,99887.0,99975.2421875,100065.6328125,100171.8515625,100346.734375,0.0
1762982319.7015705,101015.8515625,100743.6953125,101307.5,101107.9453125,101195.6484375,101285.859375,101392.5234375,101567.765625,0.0
1762982319.7038364,102248.7734375,101976.53125,102541.40625,102342.0234375,102429.1953125,102519.5,102626.609375,102802.296875,0.0
1762982319.7076797,103525.6875,103253.6171875,103818.4921875,103619.5625,103706.8203125,103796.9453125,103904.59375,104080.8125,0.0
1762982319.7120857,104787.0390625,104515.328125,105080.203125,104881.453125,104968.359375,105058.296875,105166.84375,105343.328125,0.0
1762982319.7121494,105982.9453125,105711.328125,106276.3828125,106078.609375,106164.625,106254.296875,106363.5546875,106540.578125,0.0
1762982319.7198863,107171.7890625,106900.171875,107465.9375,107268.171875,107353.828125,107443.3203125,107553.203125,107730.5859375,0.0
1762982319.7241583,108385.671875,108114.3203125,108680.265625,108483.125,108568.5078125,108657.828125,108767.8828125,108946.0703125,0.0
1762982319.7241764,109586.046875,109315.1484375,109881.2734375,109684.3984375,109769.6015625,109858.46875,109969.25,110147.5234375,0.0
1762982319.726396,110707.390625,110436.6640625,111003.2421875,110806.8125,110891.390625,110980.171875,111091.390625,111270.03125,0.0
1762982319.7426915,111811.296875,111540.125,112107.328125,111911.078125,111995.2109375,112083.8125,112195.8359375,112374.6484375,0.0
1762982319.7456532,112969.1171875,112697.765625,113265.234375,113069.34375,113153.296875,113241.8125,113354.015625,113533.546875,0.0
1762982319.7456863,114179.9609375,113909.5,114477.1484375,114281.2578125,114364.8515625,114453.2734375,114565.9296875,114746.3515625,0.0
1762982319.7475877,115339.390625,115069.203125,115637.46875,115442.0234375,115524.90625,115613.1484375,115726.6953125,115907.2109375,0.0
1762982319.7500403,116481.1171875,116211.015625,116779.46875,116584.2890625,116667.53125,116755.234375,116869.140625,117049.7421875,0.0
1762982319.753821,117629.90625,117359.8046875,117928.34375,117733.8828125,117816.5859375,117904.0234375,118018.46875,118199.515625,0.0
1762982319.7623425,118758.4921875,118488.65625,119057.5546875,118863.5390625,118945.53125,119032.7890625,119148.2109375,119329.4453125,0.0
1762982319.7654047,119788.7265625,119519.34375,120088.2421875,119894.3125,119976.03125,120063.828125,120179.34375,120360.75,0.0
1762982319.7654493,120762.1875,120492.984375,121062.328125,120868.2265625,120949.8515625,121037.3828125,121153.2578125,121335.828125,0.0
1762982319.7739391,121718.7578125,121449.640625,122018.890625,121825.4140625,121906.6875,121994.0390625,122110.1796875,122293.375,0.0
1762982319.7783267,122656.1875,122387.25,122956.59375,122763.921875,122844.5703125,122931.5625,123048.5078125,123231.609375,0.0
1762982319.7783628,123538.3671875,123269.25,123838.7734375,123646.28125,123726.65625,123813.5625,123930.859375,124114.5078125,0.0
1762982319.7926197,124397.296875,124128.2734375,124697.9765625,124505.8359375,124586.0390625,124672.9375,124790.5078125,124974.2421875,0.0
1762982319.7926736,125261.59375,124993.015625,125562.984375,125370.40625,125450.8671875,125537.6875,125655.5234375,125839.4296875,0.0
1762982319.7926843,126145.4765625,125877.4296875,126447.1328125,126255.265625,126335.109375,126421.6484375,126540.0234375,126724.1171875,0.0
1762982319.7950895,127015.5859375,126747.8984375,127317.6875,127126.359375,127205.9296875,127292.1171875,127411.390625,127595.4765625,0.0
1762982319.7973073,127838.21875,127570.6171875,128140.59375,127949.3515625,128028.828125,128114.5703125,128234.5546875,128418.6484375,0.0
1762982319.808668,128652.984375,128385.4765625,128955.53125,128764.203125,128843.5078125,128929.25,129049.6796875,129233.859375,0.0
1762982319.8339267,129492.421875,129225.546875,129794.890625,129604.1796875,129683.3046875,129769.140625,129889.2109375,130074.28125,0.0
1762982319.8364315,130335.9765625,130069.546875,130639.0703125,130448.2734375,130526.953125,130613.140625,130733.5703125,130919.2734375,0.0
1762982319.8388407,131147.171875,130880.828125,131450.609375,131259.90625,131338.59375,131424.59375,131545.296875,131731.0,0.0
1762982319.8413172,131978.203125,131712.21875,132282.015625,132091.65625,132169.984375,132255.546875,132376.78125,132562.5625,0.0
1762982319.8436427,132869.5,132603.875,133173.578125,132983.40625,133061.28125,133146.75,133268.796875,133454.671875,0.0
1762982319.846089,133816.859375,133551.765625,134121.109375,133931.65625,134009.078125,134094.296875,134216.78125,134403.1875,0.0
1762982319.8489065,134769.578125,134505.03125,135074.1875,134884.5625,134961.890625,135047.375,135170.03125,135356.71875,0.0
1762982319.8510785,135767.1875,135502.890625,136071.890625,135882.515625,135959.765625,136045.0625,136168.265625,136355.125,0.0
1762982319.8538468,136839.4375,136575.421875,137143.96875,136955.140625,137032.03125,137116.875,137240.703125,137428.453125,0.0
1762982319.8563533,137978.671875,137715.265625,138283.8125,138094.984375,138171.875,138256.546875,138380.734375,138568.84375,0.0
1762982319.858852,139120.9375,138858.34375,139426.703125,139238.5,139314.859375,139399.4375,139523.890625,139712.171875,0.0
1762982319.8613958,140289.296875,140027.25,140595.34375,140407.9375,140483.3125,140567.890625,140692.96875,140881.625,0.0
1762982319.8651228,141523.203125,141261.78125,141829.6875,141642.65625,141717.84375,141801.984375,141927.859375,142116.59375,0.0
1762982319.8651779,142824.609375,142564.0,143131.375,142944.421875,143019.515625,143103.03125,143230.078125,143418.8125,0.0
1762982319.865188,144134.78125,143874.515625,144441.71875,144254.859375,144329.78125,144413.5625,144540.15625,144729.78125,0.0
1762982319.8675823,145448.0,145188.359375,145755.375,145569.046875,145643.609375,145727.03125,145854.4375,146044.34375,0.0
1762982319.8714552,146788.65625,146529.640625,147096.5625,146910.78125,146984.546875,147068.140625,147196.171875,147386.609375,0.0
1762982319.882979,148173.125,147915.625,148481.296875,148296.140625,148369.8125,148453.140625,148581.53125,148772.6875,0.0
1762982319.8830123,149538.625,149282.03125,149847.171875,149662.375,149735.5,149819.015625,149947.84375,150139.0,0.0
1762982319.8857567,150867.484375,150611.421875,151176.390625,150991.9375,151064.453125,151147.78125,151277.59375,151468.921875,0.0
1762982319.885793,152193.75,151938.578125,152503.546875,152319.453125,152391.609375,152475.03125,152605.015625,152796.625,0.0
1762982319.887564,153526.984375,153272.171875,153836.96875,153653.40625,153725.828125,153808.53125,153938.96875,154131.015625,0.0
1762982319.8963475,154773.59375,154519.046875,155083.828125,154901.0,154972.875,155054.859375,155186.375,155378.609375,0.0
1762982319.8988583,155642.890625,155389.15625,155953.3125,155770.828125,155842.359375,155924.609375,156056.484375,156248.53125,0.0
1762982319.9025807,156157.703125,155904.671875,156468.125,156286.09375,156357.609375,156439.78125,156571.828125,156764.234375,0.0
1762982319.9107847,156665.0,156411.96875,156975.421875,156793.5625,156865.265625,156947.15625,157079.390625,157271.890625,0.0
1762982319.9108407,157181.765625,156929.1875,157492.28125,157310.515625,157382.21875,157464.203125,157596.609375,157789.203125,0.0
1762982319.9126265,157577.65625,157325.078125,157888.53125,157706.40625,157778.109375,157860.1875,157992.515625,158184.90625,0.0
1762982319.9239175,157916.953125,157664.390625,158228.09375,158045.796875,158117.5,158199.3125,158331.984375,158524.21875,0.0
1762982319.926898,158269.21875,158017.0,158580.53125,158398.140625,158470.203125,158551.84375,158684.96875,158877.015625,0.0
1762982319.9269338,158596.546875,158344.5,158907.671875,158725.5625,158797.625,158879.421875,159012.640625,159204.875,0.0
1762982319.9288375,158862.703125,158610.75,159173.9375,158991.90625,159063.875,159145.40625,159278.890625,159471.203125,0.0
1762982319.9375656,159099.8125,158848.140625,159411.390625,159229.359375,159301.421875,159382.78125,159516.265625,159708.9375,0.0
1762982319.9408445,159333.171875,159081.75,159644.75,159463.25,159534.953125,159616.59375,159749.984375,159942.46875,0.0
1762982319.9408967,159576.796875,159325.125,159888.46875,159706.625,159778.234375,159860.046875,159993.53125,160185.9375,0.0
1762982319.9488246,159759.015625,159507.234375,160070.5,159888.65625,159960.53125,160042.4375,160175.5625,160368.5,0.0
1762982319.9520047,159865.046875,159613.71875,160176.71875,159995.21875,160066.75,160148.375,160281.953125,160474.890625,0.0
1762982319.9520595,159967.78125,159716.71875,160279.71875,160097.6875,160169.390625,160251.015625,160384.859375,160577.625,0.0
1762982319.960084,160079.984375,159828.75,160391.921875,160209.890625,160281.78125,160363.40625,160497.25,160689.734375,0.0
1762982319.962686,160127.453125,159876.046875,160439.578125,160257.28125,160329.515625,160410.96875,160544.8125,160737.125,0.0
1762982319.966339,160151.15625,159900.0,160463.265625,160281.234375,160353.125,160434.65625,160568.59375,160760.734375,0.0
1762982319.9757764,160187.359375,159936.03125,160499.21875,160317.625,160389.328125,160471.046875,160604.796875,160796.9375,0.0
1762982319.9758124,160227.328125,159976.1875,160538.640625,160357.5,160429.109375,160510.5625,160644.59375,160836.8125,0.0
1762982319.9777076,160198.890625,159948.015625,160510.390625,160329.34375,160400.6875,160482.3125,160616.515625,160809.09375,0.0
1762982319.9888232,160083.296875,159832.328125,160394.6875,160213.5625,160285.53125,160366.703125,160500.640625,160693.3125,0.0
1762982319.991918,159952.40625,159701.078125,160263.453125,160082.125,160154.015625,160235.46875,160369.21875,160561.890625,0.0
1762982319.991953,159841.265625,159589.765625,160152.84375,159971.0,160042.703125,160124.59375,160258.4375,160450.578125,0.0
1762982319.9938805,159717.609375,159466.46875,160029.375,159847.609375,159919.234375,160001.03125,160134.515625,160326.921875,0.0
1762982320.0023055,159544.171875,159293.203125,159855.84375,159674.4375,159746.140625,159827.765625,159961.15625,160153.828125,0.0
1762982320.005463,159372.859375,159121.265625,159684.09375,159502.328125,159574.125,159655.484375,159789.328125,159981.8125,0.0
1762982320.0054944,159234.28125,158982.6875,159545.78125,159363.65625,159435.53125,159516.8125,159650.734375,159842.96875,0.0
1762982320.01115,159108.75,158857.4375,159420.421875,159238.578125,159309.921875,159391.734375,159525.390625,159717.609375,0.0
1762982320.013854,158963.296875,158712.140625,159275.140625,159093.375,159164.984375,159246.265625,159380.015625,159572.515625,0.0
1762982320.0232468,158744.515625,158493.1875,159056.546875,158874.0625,158946.21875,159027.390625,159161.234375,159353.46875,0.0
1762982320.0232818,158461.0,158208.875,158772.578125,158589.921875,158662.171875,158743.890625,158877.015625,159069.328125,0.0
1762982320.0250945,158174.0,157922.328125,158485.765625,158303.5625,158374.90625,158457.0625,158590.28125,158782.59375,0.0
1762982320.033921,157816.5625,157564.609375,158127.6875,157945.5625,158017.09375,158099.171875,158232.296875,158424.4375,0.0
1762982320.0383668,157422.984375,157170.59375,157733.671875,157551.46875,157623.34375,157705.515625,157838.109375,158030.234375,0.0
1762982320.0384204,157039.96875,156787.390625,157350.65625,157168.796875,157240.234375,157322.40625,157455.34375,157647.21875,0.0
1762982320.04362,156683.59375,156430.921875,156994.546875,156812.421875,156884.125,156966.296875,157098.890625,157290.65625,0.0
1762982320.0476968,156269.375,156015.90625,156580.140625,156397.21875,156469.453125,156551.625,156683.859375,156875.640625,0.0
1762982320.0569005,155829.484375,155575.84375,156139.90625,155957.0625,156029.125,156111.125,156243.265625,156435.3125,0.0
1762982320.0569355,155394.96875,155141.234375,155705.203125,155522.46875,155594.609375,155677.046875,155808.46875,156000.609375,0.0
1762982320.0594149,154964.46875,154710.828125,155274.71875,155091.875,155163.9375,155247.0,155378.0625,155569.9375,0.0
1762982320.0594509,154498.75,154245.1875,154809.171875,154625.890625,154698.125,154781.015625,154912.078125,155104.390625,0.0
1762982320.0648766,153994.9375,153740.84375,154305.359375,154121.8125,154194.328125,154276.9375,154407.828125,154599.953125,0.0
1762982320.0740707,153480.859375,153226.140625,153791.0,153607.546875,153679.6875,153762.484375,153893.375,154084.96875,0.0
1762982320.0763588,152971.859375,152716.875,153281.390625,153098.109375,153170.171875,153253.3125,153384.203125,153575.359375,0.0
1762982320.083213,152425.578125,152170.421875,152735.109375,152551.734375,152623.890625,152707.484375,152837.5625,153028.8125,0.0
1762982320.083249,151831.296875,151575.5,152140.640625,151956.828125,152029.0625,152112.921875,152242.921875,152433.8125,0.0
1762982320.085108,151211.4375,150955.28125,151520.6875,151336.421875,151408.84375,151492.4375,151622.4375,151813.140625,0.0
1762982320.0913465,150584.0625,150327.46875,150892.703125,150708.515625,150781.296875,150864.359375,150994.4375,151184.96875,0.0
1762982320.1001873,149934.53125,149677.84375,150243.421875,150058.796875,150131.671875,150215.265625,150344.8125,150535.515625,0.0
1762982320.1031673,149226.875,148970.265625,149535.6875,149350.78125,149423.921875,149507.703125,149636.625,149827.59375,0.0
1762982320.103203,148518.59375,148261.1875,148826.765625,148641.875,148715.015625,148798.875,148927.09375,149117.96875,0.0
1762982320.1050875,147837.03125,147578.828125,148144.6875,147959.703125,148033.46875,148116.96875,148245.1875,148435.53125,0.0
1762982320.1177633,147161.75,146903.359375,147469.03125,147283.96875,147358.078125,147441.6875,147569.359375,147759.609375,0.0
1762982320.1206625,146440.140625,146181.125,146747.171875,146561.5625,146635.859375,146719.8125,146847.125,147037.375,0.0
1762982320.1206982,145716.21875,145456.671875,146023.328125,145837.1875,145911.484375,145995.609375,146123.109375,146312.828125,0.0
1762982320.1225972,145014.015625,144754.28125,145320.859375,145134.890625,145208.921875,145293.046875,145420.71875,145610.359375,0.0
1762982320.126511,144284.0,144024.09375,144590.84375,144404.875,144479.0,144563.21875,144690.265625,144879.90625,0.0
1762982320.133248,143390.375,143130.125,143697.140625,143510.546875,143585.203125,143669.6875,143796.203125,143985.203125,0.0
1762982320.1332824,142307.84375,142046.953125,142614.5,142427.296875,142502.5625,142587.234375,142713.296875,142901.859375,0.0
1762982320.141339,141055.34375,140793.734375,141361.46875,141174.15625,141249.984375,141334.5625,141460.265625,141648.015625,0.0
1762982320.144427,139636.09375,139373.765625,139941.78125,139754.375,139830.015625,139915.046875,140039.859375,140227.515625,0.0
1762982320.1444657,137990.828125,137727.4375,138296.0625,138108.390625,138184.296875,138269.234375,138393.515625,138580.734375,0.0
1762982320.146342,136147.25,135883.234375,136452.21875,136263.65625,136340.546875,136425.75,136548.59375,136735.734375,0.0
1762982320.1525905,134180.5625,133915.296875,134484.734375,134295.359375,134372.96875,134458.359375,134580.671875,134766.984375,0.0
1762982320.1613936,132131.1875,131865.109375,132435.078125,132244.734375,132323.046875,132408.875,132530.203125,132716.0,0.0
1762982320.1657815,129947.0546875,129680.1796875,130250.1484375,130059.171875,130138.2109375,130224.7578125,130345.0078125,130529.8984375,0.0
1762982320.165836,127646.5234375,127378.84375,127948.8125,127757.484375,127836.875,127923.78125,128042.9609375,128227.046875,0.0
1762982320.1737037,125331.515625,125063.203125,125632.8125,125440.765625,125520.875,125608.046875,125725.8828125,125909.53125,0.0
1762982320.178358,123070.5859375,122801.5625,123370.90625,123178.3203125,123259.0546875,123346.40625,123463.3515625,123646.1875,0.0
1762982320.1784117,120830.9453125,120561.6484375,121130.90625,120937.25,121018.6953125,121106.3203125,121222.546875,121404.3125,0.0
1762982320.1864524,118637.078125,118367.0625,118935.78125,118741.5,118823.6640625,118911.5546875,119026.7109375,119208.03125,0.0
1762982320.1906724,116592.875,116322.5078125,116890.953125,116696.140625,116778.84375,116866.90625,116981.078125,117161.4140625,0.0
1762982320.1907055,114726.859375,114456.2265625,115023.9609375,114828.78125,114911.9296875,115000.7109375,115113.453125,115293.703125,0.0
1762982320.204485,112954.453125,112683.9140625,113251.015625,113055.21875,113139.078125,113228.21875,113340.25,113519.6015625,0.0
1762982320.2045405,111207.890625,110936.71875,111503.46875,111307.578125,111391.9765625,111481.1171875,111592.4296875,111771.15625,0.0
1762982320.2066872,109544.4765625,109273.484375,109839.515625,109642.8203125,109728.1171875,109817.078125,109927.9375,110105.859375,0.0
1762982320.20672,107983.609375,107712.4375,108277.9375,108080.8828125,108166.7109375,108255.8515625,108365.9140625,108543.4765625,0.0
1762982320.2100668,106472.2734375,106200.828125,106765.9765625,106568.921875,106654.75,106744.15625,106853.5,107030.796875,0.0
1762982320.228385,104916.6796875,104644.703125,105209.9375,105012.34375,105098.7109375,105188.296875,105296.65625,105473.328125,0.0
1762982320.2284405,103370.8359375,103098.765625,103663.90625,103465.6953125,103552.1484375,103642.1796875,103749.828125,103925.6015625,0.0
1762982320.2351153,101880.1484375,101607.8203125,102172.15625,101973.671875,102060.9296875,102150.875,102258.1640625,102433.21875,0.0
1762982320.2351816,100427.8203125,100155.671875,100719.109375,100519.375,100607.9765625,100697.65625,100804.5859375,100979.375,0.0
1762982320.2351956,98925.515625,98652.9140625,99216.359375,99016.1796875,99105.1328125,99195.6171875,99301.296875,99475.7265625,0.0
1762982320.2380152,97436.53125,97163.3984375,97726.75,97526.296875,97615.5234375,97706.2734375,97811.2421875,97985.1328125,0.0
1762982320.238049,96039.7265625,95766.140625,96329.3203125,96128.421875,96218.2734375,96309.0234375,96413.453125,96586.9921875,0.0
1762982320.239859,94751.640625,94477.96875,95040.875,94839.4375,94929.7421875,95020.4921875,95124.828125,95297.3828125,0.0
1762982320.2487988,93477.5,93203.2890625,93765.84375,93564.046875,93654.6171875,93745.8125,93849.34375,94021.6328125,0.0
1762982320.255664,92258.2578125,91984.140625,92546.2421875,92343.8203125,92435.015625,92526.125,92629.1171875,92801.140625,0.0
1762982320.2557003,91182.78125,90908.84375,91470.8515625,91267.9921875,91359.5390625,91450.734375,91553.375,91724.765625,0.0
1762982320.272618,90283.8828125,90009.671875,90571.421875,90368.1953125,90460.015625,90551.484375,90653.765625,90824.890625,0.0
1762982320.2726724,89462.4140625,89187.9375,89749.5,89546.1015625,89638.3671875,89729.828125,89831.9296875,90002.4296875,0.0
1762982320.2726855,88697.4453125,88422.609375,88984.0859375,88780.328125,88873.3125,88964.6875,89066.1640625,89236.3046875,0.0
1762982320.2764652,88083.8515625,87808.3828125,88370.0390625,88166.1953125,88259.0859375,88350.4609375,88451.4921875,88621.8125,0.0
1762982320.2765193,87659.078125,87383.96875,87945.0,87741.2421875,87833.5078125,87925.6015625,88026.359375,88196.9453125,0.0
1762982320.2765324,87322.9921875,87047.625,87608.921875,87404.8046875,87497.7890625,87589.6953125,87690.28125,87860.6015625,0.0
1762982320.278804,87014.71875,86739.4375,87300.640625,87096.3515625,87189.9609375,87281.5078125,87382.0,87552.0546875,0.0
1762982320.287746,86820.703125,86545.3359375,87106.0078125,86902.0703125,86995.5859375,87087.046875,87187.8125,87357.7734375,0.0
1762982320.291298,86766.34375,86491.0625,87051.8203125,86847.53125,86941.40625,87032.421875,87133.09375,87303.0546875,0.0
1762982320.2950816,86764.46875,86489.09375,87050.2109375,86846.0078125,86939.53125,87030.8984375,87131.484375,87301.359375,0.0
1762982320.303625,86725.21875,86450.203125,87011.234375,86806.671875,86900.3671875,86991.828125,87092.5,87262.1953125,0.0
1762982320.3084,86670.1484375,86395.1328125,86956.25,86751.5078125,86845.296875,86936.9375,87037.7890625,87206.9453125,0.0
1762982320.3084357,86547.390625,86272.4609375,86833.671875,86629.015625,86722.8046875,86814.265625,86914.671875,87084.3671875,0.0
1762982320.3145652,86390.9296875,86115.8203125,86676.9375,86472.2890625,86565.984375,86657.8046875,86758.2109375,86927.9921875,0.0
1762982320.3146212,86108.8515625,85833.65625,86394.6796875,86189.8515625,86283.4609375,86375.640625,86475.7734375,86645.46875,0.0
1762982320.3214316,85792.078125,85516.9765625,86077.5546875,85872.9921875,85966.6875,86058.78125,86158.46875,86327.8046875,0.0
1762982320.3257897,85514.0234375,85238.828125,85798.9609375,85594.1328125,85688.453125,85780.546875,85880.234375,86049.484375,0.0
1762982320.325844,85290.7734375,85015.3984375,85575.984375,85370.796875,85465.296875,85557.203125,85656.625,85826.5,0.0
1762982320.33384,85007.890625,84732.78125,85293.6328125,85088.0859375,85182.6796875,85274.859375,85374.1015625,85543.796875,0.0
1762982320.3383741,84654.4609375,84379.1796875,84940.2109375,84734.75,84829.1640625,84921.1640625,85020.671875,85189.5625,0.0
1762982320.3384285,84308.90625,84033.8046875,84594.296875,84388.8359375,84482.984375,84575.6953125,84674.671875,84843.46875,0.0
1762982320.3465626,84016.0078125,83740.6328125,84300.859375,84095.8515625,84190.171875,84282.53125,84381.5078125,84550.484375,0.0
1762982320.349435,83657.9375,83382.203125,83942.515625,83737.0625,83832.0078125,83924.453125,84022.984375,84191.6953125,0.0
1762982320.3494704,83244.0703125,82968.609375,83528.3828125,83323.375,83418.4140625,83510.5,83609.1171875,83777.46875,0.0
1762982320.3551087,82874.546875,82599.0,83158.8671875,82953.3203125,83048.359375,83140.5390625,83239.328125,83407.234375,0.0
1762982320.3596046,82566.8125,82291.4375,82851.390625,82644.953125,82740.7109375,82833.0625,82931.5,83099.40625,0.0
1762982320.3596573,82204.4453125,81929.25,82489.1171875,82283.03125,82378.4296875,82471.234375,82569.1328125,82737.0390625,0.0
1762982320.3677065,81790.046875,81514.8515625,82074.8046875,81868.5390625,81963.9375,82056.7421875,82154.734375,82322.640625,0.0
1762982320.372031,81416.4140625,81141.125,81701.0859375,81495.0,81590.84375,81683.46875,81780.8359375,81948.4765625,0.0
1762982320.372085,81128.703125,80853.1484375,81412.75,81206.9296875,81302.7734375,81395.21875,81492.6796875,81660.2265625,0.0
1762982320.3800716,80840.5390625,80564.9921875,81124.6796875,80918.328125,81014.2578125,81106.5234375,81204.15625,81371.7109375,0.0
1762982320.3827014,80500.6171875,80224.9765625,80784.484375,80577.59375,80673.9765625,80766.515625,80863.96875,81031.25,0.0
1762982320.387714,80235.96875,79960.2421875,80519.8359375,80312.953125,80409.2421875,80501.78125,80599.3203125,80766.515625,0.0
1762982320.39016,80092.296875,79816.65625,80376.0703125,80169.6328125,80265.8359375,80358.3671875,80455.640625,80622.5703125,0.0
1762982320.3939362,79998.328125,79722.7734375,80282.015625,80075.7578125,80172.1328125,80264.578125,80361.765625,80528.6015625,0.0
1762982320.405421,79872.53125,79597.0703125,80156.21875,79949.6015625,80046.3359375,80138.7890625,80235.7890625,80402.625,0.0
1762982320.4054532,79816.828125,79541.1875,80100.34375,79893.71875,79990.1953125,80082.640625,80179.8203125,80346.75,0.0
1762982320.4105577,79889.6953125,79614.4140625,80173.5625,79966.9453125,80063.1484375,80155.59375,80253.046875,80419.96875,0.0
1762982320.410624,80053.1328125,79778.2109375,80337.359375,80130.7421875,80226.8515625,80319.296875,80417.109375,80583.8515625,0.0
1762982320.4125948,80197.796875,79922.15625,80481.3046875,80274.8671875,80370.6171875,80463.515625,80561.4140625,80727.890625,0.0
1762982320.4189339,80407.71875,80131.9921875,80691.6796875,80485.1484375,80581.0859375,80673.6171875,80771.4296875,80938.4453125,0.0
1762982320.42256,80759.0,80483.5390625,81043.2265625,80836.7890625,80932.453125,81024.984375,81122.7109375,81290.3515625,0.0
1762982320.4294417,81230.53125,80954.8046875,81514.671875,81308.3203125,81404.0703125,81496.34375,81594.2421875,81761.8828125,0.0
1762982320.4294767,81678.015625,81401.8359375,81961.9765625,81755.625,81851.46875,81943.734375,82041.8125,82209.984375,0.0
1762982320.431393,82161.9765625,81886.0703125,82446.0234375,82240.4765625,82335.4296875,82427.875,82526.3125,82694.84375,0.0
1762982320.4400904,82755.4609375,82479.640625,83039.5078125,82834.765625,82929.265625,83021.5390625,83119.96875,83288.953125,0.0
1762982320.4444416,83458.6484375,83183.1796875,83743.5859375,83538.21875,83632.9921875,83724.8125,83823.9609375,83992.765625,0.0
1762982320.4444754,84146.09375,83870.546875,84431.0390625,84225.7578125,84320.3515625,84412.171875,84511.59375,84680.6640625,0.0
1762982320.4478009,84846.6875,84571.3125,85131.8046875,84926.890625,85020.8515625,85113.03125,85212.5390625,85382.234375,0.0
1762982320.4736087,85654.03125,85378.390625,85939.3359375,85734.5,85828.2890625,85920.828125,86020.515625,86190.2109375,0.0
1762982320.4768734,86592.5390625,86316.8984375,86878.109375,86673.6328125,86767.0625,86859.421875,86959.46875,87129.609375,0.0
1762982320.476907,87552.859375,87277.84375,87839.234375,87635.0234375,87728.1875,87820.2734375,87920.859375,88091.5390625,0.0
1762982320.4788854,88513.359375,88238.4296875,88799.90625,88595.96875,88688.7734375,88780.6875,88881.984375,89052.84375,0.0
1762982320.481328,89578.015625,89303.5390625,89864.921875,89661.4375,89754.4140625,89845.7890625,89947.5390625,90118.5703125,0.0
1762982320.483853,90783.1328125,90508.921875,91070.6640625,90867.7109375,90959.984375,91051.4453125,91153.4609375,91325.296875,0.0
1762982320.4864385,92042.7890625,91768.7578125,92331.21875,92128.4375,92219.90625,92311.28125,92414.1875,92586.3828125,0.0
1762982320.489143,93287.15625,93013.3046875,93575.8515625,93373.7890625,93464.359375,93555.734375,93659.4453125,93832.0,0.0
1762982320.491357,94616.640625,94342.875,94905.6015625,94703.984375,94794.375,94885.6640625,94989.109375,95162.734375,0.0
1762982320.4962945,96074.6875,95801.28125,96364.7265625,96163.375,96253.3203125,96344.609375,96448.5859375,96622.3046875,0.0
1762982320.4993813,97578.2421875,97304.8359375,97868.546875,97668.2734375,97757.1484375,97848.25,97953.3046875,98127.203125,0.0
1762982320.4994185,99014.1171875,98741.3359375,99304.9609375,99105.2265625,99193.7421875,99284.484375,99390.2578125,99564.8671875,0.0
1762982320.5013092,100458.0390625,100185.4375,100749.5078125,100549.953125,100638.015625,100728.5,100834.984375,101010.0390625,0.0
1762982320.5108883,101941.6640625,101669.4140625,102234.0234375,102034.6484375,102122.4453125,102212.3828125,102319.8515625,102495.1796875,0.0
1762982320.5109437,103426.9765625,103154.6484375,103719.96875,103521.125,103608.296875,103698.0625,103806.0625,103981.9296875,0.0
1762982320.5123506,104817.2578125,104545.375,105110.875,104912.296875,104999.203125,105088.875,105197.6875,105374.265625,0.0
1762982320.5211349,106181.875,105910.078125,106475.7578125,106277.9921875,106364.4453125,106453.671875,106563.375,106740.3125,0.0
1762982320.5243733,107586.546875,107315.109375,107881.234375,107684.09375,107769.65625,107858.8828125,107968.8515625,108146.4140625,0.0
1762982320.5244067,109020.015625,108748.9296875,109315.5,109118.625,109203.3828125,109293.1484375,109403.125,109581.1328125,0.0
1762982320.5352576,110356.734375,110085.8359375,110652.5859375,110456.3359375,110540.9140625,110630.140625,110740.828125,110919.4609375,0.0
1762982320.538314,111658.5,111387.6015625,111954.796875,111758.7265625,111843.125,111931.640625,112043.4921875,112222.484375,0.0
1762982320.5383494,112991.1171875,112720.5703125,113287.8515625,113092.3203125,113176.09375,113264.6953125,113377.0859375,113556.7890625,0.0
1762982320.540096,114337.3125,114067.125,114634.59375,114439.328125,114522.5625,114611.6171875,114724.265625,114904.2421875,0.0
1762982320.5462403,115590.796875,115320.609375,115888.703125,115693.53125,115776.40625,115865.3671875,115979.0078125,116158.625,0.0
1762982320.5532377,116791.5390625,116521.703125,117090.421875,116895.78125,116978.125,117066.640625,117180.7265625,117361.1484375,0.0
1762982320.5532737,117994.328125,117724.5,118293.21875,118098.9375,118181.1015625,118269.1640625,118383.9609375,118564.921875,0.0
1762982320.554842,119221.078125,118951.34375,119520.328125,119326.3125,119408.296875,119496.0078125,119611.5234375,119792.75,0.0
1762982320.5640209,120404.921875,120135.5390625,120704.703125,120510.953125,120592.8515625,120680.46875,120796.25,120977.75,0.0
1762982320.5666997,121520.09375,121251.0703125,121820.5,121626.9375,121708.7421875,121795.9140625,121912.3203125,122094.0859375,0.0
1762982320.5727084,122647.6953125,122379.0234375,122948.1875,122755.1640625,122836.25,122923.6015625,123040.4609375,123222.7578125,0.0
1762982320.576446,123833.0546875,123564.7421875,124134.53125,123942.0390625,124022.1484375,124109.40625,124226.890625,124409.3671875,0.0
1762982320.591616,124993.5546875,124725.6015625,125295.484375,125103.2578125,125183.0078125,125270.1796875,125388.1953125,125571.390625,0.0
1762982320.5916712,126097.1953125,125829.328125,126399.296875,126207.4296875,126287.1796875,126374.0,126492.640625,126676.1953125,0.0
1762982320.591682,127234.5390625,126966.5859375,127536.828125,127344.9609375,127424.53125,127511.078125,127630.5234375,127814.1640625,0.0
1762982320.594092,128435.3671875,128167.5,128737.921875,128546.5,128625.625,128712.171875,128831.796875,129015.9765625,0.0
1762982320.597088,129660.0625,129393.0,129963.1484375,129772.359375,129850.5,129937.578125,130057.4765625,130242.1875,0.0
1762982320.5971425,130833.9765625,130567.5390625,131137.59375,130947.2578125,131025.125,131111.765625,131232.46875,131417.359375,0.0
1762982320.598798,132033.015625,131767.296875,132337.0,132146.921875,132224.796875,132310.796875,132432.125,132617.640625,0.0
1762982320.6075492,133306.34375,133041.171875,133610.953125,133421.140625,133498.125,133584.671875,133706.53125,133892.234375,0.0
1762982320.6106777,134631.890625,134367.421875,134936.6875,134747.59375,134824.484375,134910.484375,135032.96875,135219.03125,0.0
1762982320.610711,135913.453125,135649.796875,136218.421875,136029.765625,136106.484375,136191.953125,136315.078125,136501.75,0.0
1762982320.619187,137199.84375,136936.71875,137505.25,137316.875,137393.40625,137478.53125,137602.171875,137789.296875,0.0
1762982320.6233652,138544.515625,138282.03125,138850.203125,138662.1875,138738.625,138823.46875,138947.921875,139135.234375,0.0
1762982320.6234183,139926.3125,139664.703125,140232.703125,140044.953125,140120.765625,140205.703125,140330.875,140518.625,0.0
1762982320.6288218,141234.953125,140973.703125,141541.71875,141354.40625,141429.859375,141514.171875,141640.421875,141828.171875,0.0
1762982320.6382625,142504.890625,142244.0,142811.921875,142624.875,142699.796875,142784.203125,142910.625,143098.921875,0.0
1762982320.638298,143831.78125,143571.78125,144139.078125,143952.75,144026.953125,144111.453125,144238.234375,144427.234375,0.0
1762982320.65172,145171.546875,144912.53125,145479.546875,145293.5,145367.171875,145451.84375,145579.25,145768.25,0.0
1762982320.6517684,146401.515625,146142.953125,146709.34375,146523.828125,146597.5,146681.8125,146809.65625,146999.109375,0.0
1762982320.654524,147523.390625,147265.640625,147831.859375,147646.328125,147720.0,147803.6875,147932.25,148121.796875,0.0
1762982320.6545787,148629.265625,148371.875,148937.8125,148752.65625,148826.140625,148909.65625,149038.3125,149228.84375,0.0
1762982320.656338,149742.03125,149485.4375,150051.109375,149866.3125,149939.71875,150023.03125,150151.96875,150343.03125,0.0
1762982320.668384,150794.53125,150538.828125,151104.140625,150919.875,150992.65625,151075.984375,151205.625,151396.328125,0.0
1762982320.668439,151756.640625,151501.296875,152066.53125,151882.609375,151954.59375,152038.265625,152168.09375,152359.25,0.0
1762982320.670772,152703.8125,152448.828125,153013.515625,152830.15625,152901.9375,152985.453125,153115.53125,153306.6875,0.0
1762982320.6708255,153674.0625,153419.34375,153983.953125,153800.578125,153872.640625,153955.78125,154086.3125,154278.09375,0.0
1762982320.6789267,154609.53125,154355.25,154919.40625,154736.484375,154808.453125,154891.703125,155022.765625,155214.1875,0.0
1762982320.6881664,155463.625,155209.71875,155773.96875,155590.953125,155663.453125,155745.890625,155877.3125,156069.09375,0.0
1762982320.6882029,156303.609375,156050.59375,156614.484375,156431.46875,156503.703125,156586.3125,156717.828125,156909.96875,0.0
1762982320.6907024,157172.375,156919.796875,157483.328125,157300.859375,157372.46875,157455.0,157587.234375,157779.546875,0.0
1762982320.6907403,158046.0625,157794.03125,158357.46875,158175.171875,158247.3125,158329.125,158461.71875,158654.5625,0.0
1762982320.6935868,158838.484375,158587.0625,159150.0625,158968.125,159040.09375,159121.71875,159254.75,159447.421875,0.0
1762982320.7076936,159599.328125,159348.546875,159911.453125,159729.59375,159801.390625,159883.015625,160016.5,160209.09375,0.0
1762982320.7106898,160379.9375,160129.328125,160691.96875,160510.5625,160582.1875,160663.90625,160797.65625,160990.0625,0.0
1762982320.7107358,161151.53125,160901.1875,161463.5625,161282.6875,161354.21875,161435.75,161569.859375,161762.359375,0.0
1762982320.7220445,161824.671875,161574.953125,162137.328125,161956.359375,162027.984375,162109.25,162243.8125,162436.65625,0.0
1762982320.7221036,162442.828125,162193.296875,162755.75,162574.4375,162646.40625,162727.6875,162862.234375,163055.359375,0.0
1762982320.7257416,163059.46875,162810.46875,163372.84375,163191.4375,163263.5,163344.671875,163479.5,163672.625,0.0
1762982320.7258043,163659.296875,163410.21875,163972.671875,163791.890625,163863.5,163944.421875,164079.609375,164272.71875,0.0
1762982320.7319005,164170.703125,163921.890625,164483.90625,164303.296875,164375.1875,164455.734375,164590.921875,164784.3125,0.0
1762982320.7319543,164604.15625,164355.515625,164917.890625,164737.375,164808.8125,164889.625,165025.078125,165218.296875,0.0
1762982320.740478,165033.578125,164785.296875,165347.75,165167.234375,165238.3125,165319.234375,165454.859375,165647.984375,0.0
1762982320.7405307,165484.640625,165236.703125,165798.8125,165618.921875,165690.0,165770.46875,165906.375,166099.3125,0.0
1762982320.7514515,165889.296875,165641.90625,166203.828125,166023.9375,166094.84375,166175.484375,166311.65625,166504.765625,0.0
1762982320.754524,166236.1875,165988.71875,166550.640625,166370.5625,166441.640625,166522.203125,166658.640625,166851.75,0.0
1762982320.754579,166588.28125,166340.703125,166902.625,166723.015625,166793.734375,166874.203125,167010.984375,167203.9375,0.0
1762982320.7561357,166963.78125,166717.109375,167278.3125,167099.234375,167169.78125,167250.515625,167386.953125,167580.25,0.0
1762982320.7657125,167317.65625,167071.15625,167632.640625,167453.109375,167524.359375,167604.75,167740.90625,167934.390625,0.0
1762982320.7657483,167625.390625,167378.625,167940.5625,167760.75,167831.921875,167912.125,168048.734375,168242.21875,0.0
1762982320.7675927,167948.25,167701.484375,168263.3125,168083.25,168154.59375,168235.15625,168372.03125,168565.0625,0.0
1762982320.7764547,168298.625,168051.859375,168614.0625,168434.171875,168505.15625,168585.71875,168722.6875,168915.984375,0.0
1762982320.7806885,168627.296875,168380.703125,168942.8125,168763.375,168834.171875,168914.109375,169051.4375,169245.0,0.0
1762982320.780724,168863.953125,168617.453125,169179.640625,168999.765625,169070.921875,169150.59375,169288.359375,169481.484375,0.0
1762982320.7888122,169086.84375,168840.890625,169402.8125,169223.28125,169293.8125,169374.015625,169511.703125,169705.1875,0.0
1762982320.7934752,169345.3125,169099.359375,169661.1875,169482.375,169552.46875,169632.578125,169770.359375,169963.828125,0.0
1762982320.7935095,169588.59375,169342.453125,169904.375,169725.203125,169795.75,169875.859375,170013.546875,170207.015625,0.0
1762982320.8014684,169734.328125,169487.921875,170050.03125,169870.9375,169941.484375,170021.765625,170159.015625,170352.671875,0.0
1762982320.80417,169851.453125,169605.40625,170167.5,169988.515625,170058.96875,170138.984375,170276.40625,170469.875,0.0
1762982320.8042064,169949.625,169704.109375,170265.40625,170086.765625,170157.140625,170237.0625,170374.921875,170568.40625,0.0
1762982320.8126152,170021.5,169775.8125,170337.28125,170158.46875,170228.921875,170308.765625,170446.984375,170640.109375,0.0
1762982320.8170788,170013.71875,169768.296875,170329.78125,170150.515625,170220.96875,170301.171875,170439.125,170632.234375,0.0
1762982320.8171308,169947.5625,169701.96875,170263.703125,170084.53125,170155.34375,170235.1875,170372.875,170566.265625,0.0
1762982320.830794,169871.296875,169625.4375,170187.4375,170008.890625,170079.078125,170158.921875,170296.609375,170490.078125,0.0
1762982320.8308494,169777.78125,169532.09375,170094.09375,169915.203125,169985.109375,170065.484375,170203.09375,170396.65625,0.0
1762982320.832419,169586.890625,169340.9375,169903.125,169723.953125,169794.140625,169874.703125,170012.390625,170205.328125,0.0
1762982320.8356905,169294.625,169048.578125,169610.140625,169430.96875,169501.59375,169581.703125,169719.3125,169912.515625,0.0
1762982320.8357298,168958.09375,168711.953125,169273.4375,169094.4375,169164.625,169244.90625,169382.78125,169575.625,0.0
1762982320.8376024,168593.9375,168347.453125,168909.28125,168730.28125,168800.203125,168880.40625,169018.265625,169211.125,0.0
1762982320.8500135,168130.640625,167884.046875,168445.609375,168266.71875,168336.890625,168417.1875,168554.6875,168747.453125,0.0
1762982320.853274,167545.5625,167298.875,167860.359375,167681.359375,167751.640625,167831.921875,167969.171875,168162.109375,0.0
1762982320.853331,166910.671875,166663.28125,167224.859375,167045.59375,167116.21875,167196.6875,167333.75,167526.421875,0.0
1762982320.8551157,166256.84375,166009.0,166571.015625,166391.484375,166462.125,166542.765625,166679.46875,166872.328125,0.0
1762982320.8589804,165537.5625,165289.90625,165851.65625,165671.9375,165742.9375,165823.484375,165959.5625,166152.6875,0.0
1762982320.8676133,164690.078125,164441.609375,165003.796875,164823.65625,164894.546875,164975.46875,165111.359375,165304.03125,0.0
1762982320.8707807,163637.671875,163388.75,163950.765625,163770.4375,163841.6875,163922.25,164057.96875,164250.8125,0.0
1762982320.8708348,162494.421875,162244.96875,162807.34375,162626.65625,162698.265625,162779.0,162913.921875,163107.03125,0.0
1762982320.8787014,161293.6875,161043.96875,161606.078125,161425.109375,161496.8125,161578.0,161712.640625,161905.3125,0.0
1762982320.8829565,159974.390625,159723.703125,160285.796875,160104.921875,160176.90625,160257.984375,160392.453125,160584.234375,0.0
1762982320.8829727,158635.34375,158383.390625,158946.484375,158764.984375,158836.78125,158918.140625,159051.890625,159243.9375,0.0
1762982320.884799,157321.953125,157069.375,157632.90625,157450.96875,157522.859375,157604.296875,157737.4375,157929.484375,0.0
1762982320.8938744,156014.296875,155761.09375,156324.984375,156142.59375,156214.46875,156296.546875,156428.78125,156620.640625,0.0
1762982320.8976076,154627.046875,154372.859375,154937.296875,154754.453125,154826.15625,154908.6875,155040.46875,155232.0625,0.0
1762982320.9015012,153210.578125,152955.765625,153520.1875,153336.640625,153409.0625,153491.671875,153622.75,153814.078125,0.0
1762982320.9207926,151824.765625,151569.59375,152134.390625,151950.5625,152022.796875,152105.953125,152236.578125,152427.734375,0.0
1762982320.9208465,150484.734375,150228.40625,150794.078125,150610.0,150682.328125,150765.46875,150895.65625,151086.625,0.0
1762982320.9226155,149107.59375,148850.5625,149416.40625,149231.875,149304.828125,149388.25,149517.265625,149708.140625,0.0
1762982320.9252107,147741.546875,147483.796875,148050.265625,147864.84375,147938.328125,148022.28125,148150.40625,148340.84375,0.0
1762982320.9277656,146425.75,146167.453125,146734.109375,146548.6875,146622.0,146706.21875,146834.25,147024.0625,0.0
1762982320.9352612,145162.25,144903.0625,145469.8125,145284.015625,145357.78125,145442.0,145569.59375,145759.125,0.0
1762982320.9377027,143880.78125,143621.140625,144188.25,144001.65625,144076.484375,144160.71875,144287.3125,144476.40625,0.0
1762982320.9406805,142584.375,142324.109375,142891.21875,142704.890625,142779.546875,142863.953125,142990.203125,143178.671875,0.0
1762982320.940716,141335.8125,141074.734375,141642.03125,141455.53125,141530.625,141615.109375,141741.0,141928.9375,0.0
1762982320.9498625,140144.8125,139882.953125,140450.59375,140263.546875,140338.921875,140423.859375,140549.203125,140736.875,0.0
1762982320.9525836,138928.890625,138666.203125,139234.5625,139046.71875,139122.453125,139207.921875,139332.203125,139519.59375,0.0
1762982320.9550543,137684.609375,137421.125,137989.75,137801.546875,137877.71875,137962.9375,138087.03125,138274.0625,0.0
1762982320.9575877,136499.875,136235.671875,136805.015625,136616.375,136692.90625,136778.015625,136902.03125,137088.625,0.0
1762982320.9655335,135405.171875,135140.265625,135709.78125,135520.78125,135597.578125,135683.140625,135806.609375,135992.84375,0.0
1762982320.9655657,134311.734375,134046.90625,134616.0625,134426.796875,134503.859375,134589.96875,134712.71875,134898.6875,0.0
1762982320.9676335,133145.421875,132879.78125,133448.859375,133259.59375,133337.015625,133423.015625,133544.890625,133730.84375,0.0
1762982320.9701977,131978.75,131712.671875,132282.1875,132092.375,132170.25,132256.34375,132377.765625,132563.109375,0.0
1762982320.973962,130854.1796875,130587.9296875,131157.546875,130967.640625,131045.8671875,131131.96875,131252.84375,131438.015625,0.0
1762982320.9832215,129755.640625,129488.84375,130058.1875,129867.9296875,129946.5234375,130032.796875,130153.234375,130338.03125,0.0
1762982320.983255,128589.4140625,128322.0,128891.6953125,128700.90625,128780.2109375,128866.3984375,128986.6484375,129170.9140625,0.0
1762982320.985845,127437.046875,127169.1796875,127739.0625,127548.09375,127627.484375,127714.1171875,127833.4765625,128017.390625,0.0
1762982320.9858992,126349.5859375,126081.1875,126650.9765625,126459.9140625,126539.3984375,126626.125,126745.0390625,126928.6796875,0.0
1762982320.9935853,125301.0234375,125032.4453125,125602.1484375,125410.546875,125490.65625,125577.2890625,125695.484375,125878.953125,0.0
1762982320.9973025,124166.71875,123898.3203125,124467.84375,124275.6171875,124355.9921875,124442.8046875,124560.6484375,124743.5703125,0.0
1762982321.0045092,123002.1953125,122733.5234375,123302.78125,123110.015625,123190.5703125,123277.8359375,123395.40625,123577.703125,0.0
1762982321.004564,121899.359375,121630.6875,122199.8515625,122006.375,122087.46875,122175.359375,122291.8515625,122474.2421875,0.0
1762982321.0173492,120871.0,120601.6171875,121170.8671875,120977.390625,121058.84375,121146.375,121262.9609375,121444.546875,0.0
1762982321.0245273,119807.6796875,119537.9375,120106.296875,119913.09375,119994.6328125,120082.515625,120198.390625,120380.0625,0.0
1762982321.0246046,118732.5625,118463.0,119031.359375,118837.6171875,118919.6015625,119007.484375,119122.9140625,119303.875,0.0
1762982321.0269392,117708.046875,117438.21875,118006.578125,117812.296875,117894.8203125,117982.8828125,118097.59375,118278.375,0.0
1762982321.0269754,116758.2734375,116488.0,117056.2734375,116861.5390625,116944.15625,117032.484375,117147.109375,117327.265625,0.0
1762982321.0288603,115778.734375,115508.3671875,116076.4609375,115881.5546875,115964.703125,116053.03125,116166.8515625,116346.5546875,0.0
1762982321.0432549,114767.1796875,114496.7265625,115064.4609375,114869.640625,114952.703125,115041.21875,115154.8515625,115334.6484375,0.0
1762982321.0433075,113807.21875,113536.5859375,114103.9609375,113908.4296875,113992.203125,114080.71875,114193.9921875,114373.5234375,0.0
1762982321.0526476,112918.15625,112647.34375,113214.09375,113019.0078125,113102.9609375,113191.5625,113304.3984375,113483.4765625,0.0
1762982321.0527003,112006.203125,111735.6640625,112301.9609375,112107.0546875,112191.0078125,112279.609375,112391.90625,112571.078125,0.0
1762982321.0527132,111037.9296875,110767.46875,111333.5078125,111137.796875,111222.375,111311.15625,111423.09375,111601.7265625,0.0
1762982321.0552816,110114.265625,109843.1796875,110409.484375,110212.8828125,110297.90625,110386.8671875,110498.265625,110676.7265625,0.0
1762982321.0576942,109280.0078125,109008.65625,109574.6015625,109378.1796875,109463.0234375,109552.1640625,109663.03125,109841.21875,0.0
1762982321.0602236,108449.328125,108177.9765625,108743.7421875,108547.140625,108632.5234375,108721.6640625,108831.8984375,109009.90625,0.0
1762982321.0664723,107548.734375,107277.109375,107842.609375,107645.828125,107731.65625,107820.796875,107930.6796875,108108.1484375,0.0
1762982321.0706637,106659.0390625,106387.6015625,106952.390625,106755.3359375,106841.34375,106930.84375,107040.6328125,107217.390625,0.0
1762982321.0706997,105863.40625,105592.1484375,106156.84375,105959.34375,106045.4453125,106135.1171875,106244.4609375,106420.953125,0.0
1762982321.0863376,105123.1171875,104851.4140625,105416.109375,105218.515625,105304.796875,105394.203125,105503.28125,105679.6796875,0.0
1762982321.0900493,104318.3671875,104046.5703125,104611.1796875,104413.3203125,104500.0390625,104589.5390625,104698.34375,104874.4765625,0.0
1762982321.0900843,103510.3984375,103238.6015625,103802.9375,103604.6328125,103691.7109375,103781.296875,103890.1953125,104065.6171875,0.0
1762982321.0900936,102779.046875,102507.0703125,103071.40625,102872.75,102960.453125,103050.0390625,103158.4921875,103333.375,0.0
1762982321.092656,102122.890625,101850.828125,102414.890625,102216.140625,102303.8515625,102393.796875,102501.53125,102676.5859375,0.0
1762982321.117591,101409.9609375,101137.890625,101701.6953125,101502.765625,101590.5625,101680.59375,101788.1484375,101963.390625,0.0
1762982321.1205118,100689.25,100416.9140625,100980.5390625,100781.15625,100869.40625,100959.5234375,101066.90625,101241.6953125,0.0
1762982321.1205633,100041.140625,99768.7109375,100332.15625,100132.3359375,100221.203125,100311.0546875,100418.078125,100592.5078125,0.0
1762982321.123408,99465.8046875,99193.2890625,99756.1953125,99556.640625,99645.6015625,99735.7265625,99842.2109375,100016.375,0.0
1762982321.1234727,98840.3125,98567.53125,99130.2578125,98931.1484375,99019.9296875,99110.3203125,99216.8046875,99390.34375,0.0
1762982321.1251168,98190.59375,97917.453125,98480.2734375,98280.359375,98369.671875,98459.8828125,98565.7421875,98739.640625,0.0
1762982321.127704,97616.6875,97343.90625,97906.546875,97706.0078125,97795.859375,97886.0703125,97991.6640625,98165.3828125,0.0
1762982321.1302292,97151.5078125,96878.453125,97440.9140625,97240.9140625,97330.5,97420.796875,97526.2109375,97700.015625,0.0
1762982321.1326663,96675.234375,96402.09375,96964.734375,96764.28125,96854.046875,96944.5234375,97049.7578125,97223.296875,0.0
1762982321.135702,96152.828125,95879.421875,96442.0625,96241.4296875,96331.5546875,96422.125,96526.8203125,96699.90625,0.0
1762982321.13574,95696.2265625,95422.90625,95985.640625,95784.46875,95874.7734375,95965.0703125,96070.125,96243.3046875,0.0
1762982321.15378,95354.6015625,95081.109375,95643.7421875,95442.4921875,95532.96875,95623.359375,95728.1484375,95901.1484375,0.0
1762982321.15999,95025.9453125,94752.1796875,95315.3515625,95113.921875,95204.0390625,95294.96875,95399.3046875,95572.0390625,0.0
1762982321.1658564,94630.046875,94356.1953125,94919.1875,94717.4921875,94807.703125,94898.4453125,95002.875,95175.609375,0.0
1762982321.1658957,94277.15625,94003.21875,94565.5859375,94364.421875,94454.71875,94545.5625,94649.984375,94822.6328125,0.0
1762982321.167576,94029.234375,93755.109375,94317.75,94115.9609375,94206.6171875,94297.8125,94401.5234375,94574.4375,0.0
1762982321.1700046,93795.2578125,93521.1328125,94083.5,93881.890625,93972.7265625,94063.8359375,94167.1875,94340.1875,0.0
1762982321.175236,93453.0078125,93178.8828125,93740.8046875,93539.28125,93630.2109375,93721.5859375,93824.671875,93997.40625,0.0
1762982321.1776347,93086.4375,92812.3125,93374.328125,93172.265625,93263.4609375,93354.75,93458.1875,93629.8515625,0.0
1762982321.1827104,92761.3515625,92487.5,93049.78125,92847.2734375,92938.9140625,93029.84375,93133.2890625,93304.9453125,0.0
1762982321.1851215,92444.8515625,92170.90625,92733.0078125,92530.4140625,92622.4140625,92713.1640625,92816.4296875,92988.0,0.0
1762982321.1876285,92011.765625,91737.4609375,92299.296875,92096.703125,92188.703125,92279.2734375,92382.625,92553.8359375,0.0
1762982321.193535,91522.4375,91247.6015625,91809.4375,91607.109375,91699.015625,91790.0390625,91892.671875,92063.9765625,0.0
1762982321.1935868,91083.2734375,90808.703125,91370.71875,91167.9453125,91259.765625,91350.8671875,91453.421875,91624.9921875,0.0
1762982321.1989667,90711.6953125,90437.21875,90999.140625,90796.546875,90888.1875,90979.46875,91081.6640625,91253.328125,0.0
1762982321.203976,90270.4765625,89995.8203125,90557.7421875,90354.515625,90446.875,90537.8046875,90640.171875,90811.4765625,0.0
1762982321.2061553,89819.8671875,89545.7421875,90107.3046875,89903.8203125,89996.3515625,90087.7265625,90189.828125,90360.8671875,0.0
1762982321.2089684,89493.796875,89219.3203125,89780.8828125,89577.5703125,89670.1953125,89761.5703125,89863.5859375,90034.6171875,0.0
1762982321.211481,89308.0078125,89033.53125,89594.5546875,89391.421875,89483.78125,89575.15625,89677.53125,89848.296875,0.0
1762982321.2256398,89138.1328125,88863.5703125,89424.8671875,89221.1015625,89313.8203125,89405.640625,89507.296875,89678.421875,0.0
1762982321.225675,89000.5390625,88726.0546875,89287.0859375,89083.2421875,89176.21875,89268.046875,89369.34375,89540.2890625,0.0
1762982321.2275736,88996.875,88722.2109375,89283.5078125,89079.84375,89172.6484375,89264.0234375,89365.765625,89536.53125,0.0
1762982321.2307048,89152.0859375,88877.3359375,89438.5390625,89234.875,89327.5,89418.9609375,89520.8828125,89691.65625,0.0
1762982321.230744,89348.5078125,89073.8515625,89635.328125,89432.015625,89524.1015625,89615.390625,89717.40625,89888.703125,0.0
1762982321.2327251,89540.734375,89265.6328125,89827.4609375,89623.8828125,89716.5078125,89807.796875,89909.71875,90080.75,0.0
1762982321.2421122,89827.734375,89552.984375,90114.90625,89911.4140625,90004.0390625,90095.0546875,90197.4296875,90368.375,0.0
1762982321.24218,90245.53125,89970.78125,90532.6171875,90329.6640625,90421.6640625,90512.765625,90615.2265625,90786.265625,0.0
1762982321.2438693,90670.3046875,90395.9140625,90957.5703125,90754.7890625,90846.703125,90937.71875,91040.09375,91211.5703125,0.0
1762982321.2476366,91013.71875,90739.59375,91301.25,91098.3828125,91190.46875,91281.3984375,91384.3984375,91556.234375,0.0
1762982321.2604303,91375.6328125,91101.9609375,91663.703125,91460.9296875,91552.6640625,91643.8515625,91746.5859375,91918.6015625,0.0
1762982321.2604547,91793.34375,91519.9375,92081.4140625,91879.0859375,91970.7265625,92061.65625,92164.3828125,92336.671875,0.0
1762982321.26237,92203.09375,91929.8671875,92491.34375,92289.375,92380.5703125,92471.40625,92574.5859375,92747.046875,0.0
1762982321.266055,92511.1015625,92237.515625,92799.171875,92597.2890625,92688.3984375,92779.5,92882.765625,93055.1484375,0.0
1762982321.269801,92819.375,92545.96875,93107.5390625,92905.390625,92996.5859375,93088.046875,93191.21875,93363.6015625,0.0
1762982321.2785513,93190.0625,92916.296875,93478.21875,93276.0703125,93367.171875,93458.1015625,93561.90625,93734.546875,0.0
1762982321.2816265,93609.46875,93335.8828125,93897.8046875,93695.7421875,93786.9375,93877.78125,93981.578125,94154.3125,0.0
1762982321.2816417,93929.7265625,93656.140625,94218.328125,94016.1796875,94107.4609375,94198.5703125,94302.1953125,94474.9296875,0.0
1762982321.2875648,94229.6875,93956.546875,94518.6484375,94316.765625,94408.2265625,94498.796875,94602.6875,94775.421875,0.0
1762982321.296638,94603.140625,94330.0,94892.546875,94691.0234375,94782.0390625,94872.5234375,94976.234375,95149.4140625,0.0
1762982321.2966561,95056.4296875,94783.2890625,95346.375,95144.5,95235.421875,95325.9921875,95429.8828125,95603.0625,0.0
1762982321.299157,95454.6484375,95181.6875,95744.5078125,95542.890625,95634.0,95723.9453125,95828.546875,96001.5546875,0.0
1762982321.2991724,95848.3984375,95575.2578125,96138.34375,95937.0859375,96027.4765625,96117.78125,96222.7421875,96395.75,0.0
1762982321.3075686,96326.546875,96053.2265625,96616.671875,96415.234375,96505.8046875,96595.84375,96701.0703125,96874.34375,0.0
1762982321.3104148,96900.09375,96626.59375,97190.484375,96989.234375,97079.265625,97169.65625,97274.7109375,97448.421875,0.0
1762982321.3104315,97423.03125,97149.8984375,97713.875,97512.890625,97602.203125,97692.5078125,97798.1875,97972.171875,0.0
1762982321.312533,97880.9765625,97608.109375,98171.4609375,97970.6484375,98060.328125,98150.71875,98256.3984375,98430.6484375,0.0
1762982321.3320813,98373.34375,98100.3828125,98664.1796875,98463.5546875,98553.140625,98643.171875,98749.203125,98923.7265625,0.0
1762982321.3321347,98922.390625,98649.4296875,99213.5,99012.9609375,99102.1875,99192.1328125,99298.34375,99473.2265625,0.0
1762982321.334229,99408.40625,99135.890625,99699.875,99499.5078125,99588.7421875,99678.59375,99785.2578125,99959.78125,0.0
1762982321.3342805,99779.3515625,99506.84375,100070.4609375,99871.0859375,99960.1328125,100050.078125,100156.5625,100331.265625,0.0
1762982321.3458288,100145.296875,99872.875,100436.9453125,100237.2109375,100326.078125,100416.0234375,100522.859375,100697.3828125,0.0
1762982321.3458817,100547.0,100274.7578125,100839.09375,100639.09375,100727.78125,100817.8125,100924.9296875,101099.71875,0.0
1762982321.348204,100897.8359375,100625.6796875,101189.75,100990.375,101078.2578125,101168.7421875,101275.671875,101450.7265625,0.0
1762982321.348244,101118.7578125,100846.6015625,101410.765625,101211.65625,101299.359375,101389.6640625,101496.5078125,101671.7421875,0.0
1762982321.3563757,101325.5625,101053.40625,101617.7421875,101418.6328125,101506.96875,101596.1953125,101703.6640625,101879.078125,0.0
1762982321.3645668,101579.03125,101306.9609375,101871.296875,101671.921875,101760.2578125,101849.84375,101957.1328125,102132.6328125,0.0
1762982321.3646228,101825.703125,101553.7265625,102117.9765625,101918.953125,102006.75,102096.78125,102204.25,102379.84375,0.0
1762982321.380797,101962.046875,101689.890625,102254.140625,102055.4765625,102143.09375,102232.953125,102340.4140625,102516.4609375,0.0
1762982321.3808515,102090.078125,101818.28125,102382.9765625,102183.59375,102271.84375,102361.4296875,102468.984375,102644.671875,0.0
1762982321.3839571,102272.109375,101999.8671875,102564.3828125,102365.2734375,102453.3359375,102543.015625,102650.484375,102826.2578125,0.0
1762982321.3840134,102487.671875,102215.6015625,102780.296875,102581.3671875,102668.8984375,102758.84375,102866.6640625,103042.265625,0.0
1762982321.384026,102611.234375,102339.078125,102903.6796875,102704.84375,102792.4609375,102882.2265625,102990.2265625,103165.734375,0.0
1762982321.3866267,102723.078125,102450.8359375,103015.2578125,102816.78125,102904.3046875,102994.1640625,103101.984375,103277.578125,0.0
1762982321.388864,102913.78125,102641.8046875,103206.4140625,103007.75,103095.015625,103185.046875,103292.8671875,103468.8203125,0.0
1762982321.393974,103183.5234375,102911.4609375,103476.515625,103277.8515625,103365.109375,103454.875,103562.96875,103738.7421875,0.0
1762982321.3966281,103405.078125,103133.1015625,103698.0625,103499.3984375,103586.84375,103676.6015625,103784.609375,103960.296875,0.0
1762982321.4101274,103619.7421875,103347.9453125,103912.28125,103713.9765625,103801.5078125,103891.1796875,103998.828125,104174.8671875,0.0
1762982321.4131548,103922.5625,103650.6796875,104215.28125,104017.0703125,104104.4140625,104193.9140625,104301.828125,104478.2265625,0.0
1762982321.4131913,104327.84375,104055.78125,104620.828125,104422.703125,104509.6953125,104599.109375,104707.828125,104884.046875,0.0
1762982321.4155395,104702.1015625,104430.484375,104995.8046875,104797.3203125,104884.1328125,104973.5390625,105082.796875,105258.9296875,0.0
1762982321.415601,105047.3046875,104775.6875,105341.0078125,105142.5234375,105229.25,105318.65625,105427.7265625,105604.0390625,0.0
1762982321.428974,105490.4921875,105218.875,105783.9296875,105585.9765625,105672.796875,105762.0234375,105871.1875,106047.765625,0.0
1762982321.4325109,106056.7109375,105785.0859375,106350.40625,106152.8203125,106239.0078125,106328.4140625,106437.8515625,106614.6953125,0.0
1762982321.4325492,106636.515625,106365.1640625,106930.5703125,106733.4296875,106819.171875,106908.578125,107018.546875,107195.21875,0.0
1762982321.4325616,107194.3203125,106922.5234375,107488.203125,107291.421875,107376.890625,107466.1171875,107575.9140625,107753.203125,0.0
1762982321.4351227,107822.765625,107551.0546875,108117.0,107920.125,108005.515625,108094.6484375,108204.7109375,108382.359375,0.0
1762982321.438972,108617.0546875,108345.8828125,108912.1015625,108715.1328125,108800.7890625,108889.390625,108999.71875,109177.90625,0.0
1762982321.450132,109563.875,109292.1640625,109858.921875,109661.7734375,109747.4296875,109835.9375,109947.0703125,110124.90625,0.0
1762982321.4532492,110514.2734375,110242.7421875,110809.8515625,110613.2421875,110698.2734375,110786.875,110898.3671875,111076.640625,0.0
1762982321.4532852,111517.328125,111246.3359375,111813.7109375,111617.2890625,111702.046875,111790.6484375,111902.4921875,112081.21875,0.0
1762982321.4549403,112683.4609375,112412.5625,112980.3828125,112784.3125,112868.8046875,112957.2265625,113069.7890625,113248.875,0.0
1762982321.4629009,113956.9765625,113686.25,114254.34375,114058.71875,114142.5,114230.828125,114343.84375,114523.4609375,0.0
1762982321.4682813,115182.4765625,114912.0234375,115480.3828125,115285.2109375,115368.4453125,115456.5078125,115570.5078125,115750.125,0.0
1762982321.4683173,116455.8984375,116185.890625,116754.4296875,116559.078125,116642.765625,116730.5625,116844.734375,117025.2421875,0.0
1762982321.4701188,117847.609375,117577.6015625,118146.3203125,117951.59375,118034.5625,118122.09375,118237.15625,118418.296875,0.0
1762982321.4787543,119336.328125,119066.5859375,119635.9296875,119441.734375,119523.90625,119610.984375,119727.390625,119908.890625,0.0
1762982321.4813824,120772.2890625,120502.90625,121072.5234375,120878.8671875,120960.5859375,121047.578125,121164.25,121346.4609375,0.0
1762982321.4851186,122156.9375,121888.0,122457.6171875,122264.671875,122345.765625,122433.1171875,122550.0625,122732.6328125,0.0
1762982321.496956,123573.234375,123304.65625,123874.7109375,123681.953125,123762.8671875,123849.859375,123967.34375,124150.265625,0.0
1762982321.4969938,125022.4296875,124754.296875,125324.625,125132.1328125,125212.78125,125299.328125,125417.4296875,125600.8984375,0.0
1762982321.4994462,126350.6640625,126082.890625,126653.3046875,126461.3515625,126541.28125,126627.46875,126746.375,126930.375,0.0
1762982321.4994824,127536.1953125,127268.515625,127838.84375,127647.6875,127726.9921875,127813.1796875,127932.8046875,128117.1640625,0.0
1762982321.5013733,128602.6484375,128335.140625,128905.5546875,128714.5859375,128794.0625,128879.8984375,128999.8828125,129184.4140625,0.0
1762982321.5102413,129542.8515625,129276.1484375,129846.4765625,129654.96875,129734.71875,129820.28125,129940.890625,130125.515625,0.0
1762982321.5124836,130294.40625,130027.7890625,130597.671875,130406.34375,130486.1796875,130571.8359375,130692.7109375,130877.609375,0.0
1762982321.5187895,130858.3828125,130592.1328125,131162.09375,130971.484375,131050.34375,131136.078125,131257.140625,131442.390625,0.0
1762982321.5232742,131318.03125,131051.953125,131622.1875,131431.578125,131510.421875,131595.984375,131717.234375,131902.75,0.0
1762982321.523308,131695.953125,131429.96875,131999.9375,131809.40625,131888.265625,131973.921875,132095.328125,132280.84375,0.0
1762982321.5315173,131898.546875,131632.640625,132202.171875,132012.1875,132090.59375,132176.875,132297.75,132483.53125,0.0
1762982321.5345411,131869.125,131602.96875,132172.84375,131982.9375,132060.90625,132147.1875,132268.328125,132454.03125,0.0
1762982321.5345962,131723.671875,131457.140625,132027.109375,131836.671875,131915.171875,132001.265625,132122.515625,132308.125,0.0
1762982321.5427012,131555.40625,131289.328125,131859.109375,131668.765625,131747.359375,131833.09375,131954.515625,132139.9375,0.0
1762982321.545934,131317.484375,131051.6796875,131621.296875,131431.296875,131509.796875,131595.359375,131716.6875,131902.203125,0.0
1762982321.545988,130928.5703125,130662.2265625,131232.28125,131042.0234375,131120.53125,131206.4375,131327.40625,131512.84375,0.0
1762982321.5539823,130458.46875,130192.03125,130761.9140625,130571.7421875,130650.515625,130736.078125,130857.21875,131042.203125,0.0
1762982321.5576897,130011.703125,129745.0,130315.0546875,130124.171875,130203.65625,130289.21875,130409.6484375,130594.8984375,0.0
1762982321.5668623,129599.8046875,129332.921875,129902.625,129712.09375,129791.1328125,129877.3203125,129997.390625,130182.6484375,0.0
1762982321.5668945,129182.09375,128914.8515625,129484.9140625,129293.9375,129373.2421875,129458.984375,129579.328125,129763.953125,0.0
1762982321.5684657,128802.203125,128534.609375,129104.7578125,128913.3359375,128992.90625,129078.46875,129198.9921875,129383.796875,0.0
1762982321.5751512,128345.3359375,128077.6484375,128647.6171875,128456.46875,128536.21875,128621.5078125,128742.03125,128926.5703125,0.0
1762982321.5776372,127679.515625,127411.8359375,127981.984375,127791.1015625,127869.5078125,127953.015625,128075.9453125,128260.75,0.0
1762982321.580176,126849.4609375,126581.8671875,127152.734375,126961.4921875,127033.8203125,127104.8984375,127246.5234375,127431.0546875,0.0
1762982321.584027,125861.78125,125594.0078125,126167.828125,125975.6015625,126034.34375,125505.40625,126260.8046875,126444.984375,0.0
1762982321.5884004,124857.921875,124589.7890625,125168.4375,124975.8515625,125007.59375,114201.234375,125261.234375,125444.7890625,0.0
1762982321.5884435,123780.9296875,123511.9921875,124093.671875,123901.0,123914.140625,89851.6953125,124186.390625,124369.4921875,0.0
1762982321.6020117,122463.3359375,122194.1328125,122775.7265625,122583.0546875,122594.046875,61888.2265625,122868.2578125,123050.828125,0.0
1762982321.6020472,120958.5234375,120688.96875,121269.9296875,121076.8984375,121089.1484375,30413.126953125,121362.203125,121543.9609375,0.0
1762982321.604277,119347.59375,119077.4921875,119658.3671875,119464.5390625,119477.6796875,-4190.5947265625,119749.7421875,119930.9765625,0.0
1762982321.6043344,117418.546875,117148.1796875,117728.7890625,117534.421875,117546.0390625,-41565.84375,117819.4453125,117999.875,0.0
1762982321.6152155,115036.921875,114766.2890625,115347.34375,115152.078125,115161.109375,-81981.2890625,115437.0234375,115616.7265625,0.0
1762982321.6217012,112513.140625,112242.0625,112821.6015625,112625.9765625,112641.265625,-124683.578125,112910.828125,113089.90625,0.0
1762982321.621736,110033.0859375,109761.640625,110335.6328125,110139.390625,110183.2890625,-156348.5,110424.4140625,110602.3359375,0.0
1762982321.6308105,107587.265625,107315.3828125,107885.796875,107688.296875,107750.7890625,-169969.640625,107973.5078125,108150.796875,0.0
1762982321.6308644,105037.734375,104765.671875,105335.1953125,105137.0703125,105201.4375,-181109.046875,105421.921875,105598.5,0.0
1762982321.6371076,102285.25,102012.6484375,102582.3515625,102383.3359375,102445.46875,-192714.609375,102668.1796875,102843.8671875,0.0
1762982321.6371424,99501.8359375,99228.7890625,99798.3046875,99598.21875,99658.1171875,-204507.75,99883.15625,100058.125,0.0
1762982321.6426575,96818.4609375,96545.0546875,97114.578125,96913.6796875,96971.171875,-216140.390625,97198.625,97372.875,0.0
1762982321.6517763,94155.4765625,93881.625,94450.96875,94249.53125,94304.515625,-227627.21875,94530.2734375,94706.3125,0.0
1762982321.6518283,91393.515625,91118.6796875,91688.0234375,91485.15625,91538.625,-239137.296875,91749.7109375,91935.234375,0.0
1762982321.6582973,88637.3671875,88362.171875,88931.15625,88727.3984375,88778.8125,-250541.078125,88964.6875,89167.8203125,0.0
1762982321.6583502,85989.21875,85713.671875,86281.40625,86076.84375,86127.3515625,-261546.796875,84318.296875,86501.1640625,0.0
1762982321.6643903,83493.421875,83217.15625,83783.4609375,83577.5546875,83627.890625,-272046.84375,69423.8046875,83975.328125,0.0
1762982321.664457,80988.328125,80712.15625,81277.828125,81070.8515625,81119.9375,-282293.6875,49403.8828125,81454.234375,0.0
1762982321.6748846,78445.59375,78169.7734375,78734.9140625,78527.4921875,78574.703125,-292127.5625,29957.6875,78906.671875,0.0
1762982321.682511,76081.40625,75806.3046875,76371.0859375,76163.0390625,76208.2734375,-301337.375,12051.5244140625,76539.796875,0.0
1762982321.682547,73890.9375,73616.546875,74180.796875,73972.5625,74015.8359375,-309777.03125,-4208.9228515625,74346.734375,0.0
1762982321.6825569,71730.4140625,71456.296875,72020.0078125,71811.6875,71852.90625,-317798.0,-19829.931640625,72183.171875,0.0
1762982321.6856067,69624.703125,69351.3828125,69913.84375,69705.6171875,69745.2265625,-325389.46875,-35012.3125,70075.3125,0.0
1762982321.6856444,67653.28125,67380.9453125,67942.3359375,67734.015625,67771.7421875,-332303.9375,-49078.0859375,68102.90625,0.0
1762982321.693986,65949.453125,65678.0078125,66238.5,66030.3671875,66066.125,-338426.15625,-61914.06640625,66401.8515625,0.0
1762982321.7114308,64373.5625,64103.01953125,64663.2421875,64455.37109375,64488.71875,-344088.125,-74551.5625,64834.63671875,0.0
1762982321.711485,62838.71484375,62568.703125,63129.46484375,62921.32421875,62951.9921875,-349540.8125,-85567.3125,63316.32421875,0.0
1762982321.7114959,61436.09765625,61166.35546875,61726.9375,61518.53125,61546.9609375,-354543.5625,-90093.5390625,61927.12109375,0.0
1762982321.7151191,60139.515625,59870.671875,60430.71484375,60222.12890625,60248.86328125,-358948.46875,-92082.21875,60634.296875,0.0
1762982321.7151737,58873.87109375,58605.29296875,59164.890625,58955.94921875,58981.78515625,-363018.8125,-93995.8828125,59370.70703125,0.0
1762982321.7151868,57559.76953125,57291.81640625,57850.33984375,57641.0390625,57665.53515625,-367087.0,-95953.984375,58058.75,0.0
1762982321.7177467,56301.1875,56033.94921875,56591.7578125,56381.921875,56405.5234375,-370831.90625,-97868.3671875,56802.40234375,0.0
1762982321.723988,55092.58203125,54825.97265625,55383.06640625,55172.9609375,55196.02734375,-373921.375,-99712.5703125,55594.9609375,0.0
1762982321.7527168,53677.44921875,53411.375,53967.75390625,53757.19921875,53779.55078125,-376626.65625,-101556.40625,54180.2734375,0.0
1762982321.7552798,51890.828125,51625.46875,52180.59765625,51969.86328125,51991.5,-379506.71875,-103495.375,52391.6875,0.0
1762982321.758377,49852.4375,49587.703125,50141.4921875,49929.8671875,49951.32421875,-382558.96875,-105345.2109375,50349.8984375,0.0
1762982321.7584317,47645.25,47380.515625,47933.140625,47720.53125,47741.8984375,-385399.34375,-107060.390625,48139.22265625,0.0
1762982321.760234,45216.95703125,44951.328125,45504.3984375,45290.71484375,45311.3671875,-388010.375,-108766.8125,45707.44140625,0.0
1762982321.7626092,42483.42578125,42215.5625,42770.33203125,42555.21875,42575.78515625,-390788.71875,-110596.6171875,42970.15625,0.0
1762982321.7648847,39564.64453125,39294.1015625,39850.390625,39634.47265625,39654.859375,-393632.3125,-112492.046875,40047.0859375,0.0
1762982321.7677739,36599.1953125,36325.51953125,36884.046875,36666.69921875,36686.9921875,-396307.90625,-114354.75,37077.34375,0.0
1762982321.7701845,33582.60546875,33305.3515625,33866.47265625,33647.24609375,33667.62890625,-398955.5,-116117.3203125,34056.73046875,0.0
1762982321.7726529,30398.732421875,30117.724609375,30681.615234375,30460.154296875,30480.5390625,-401890.375,-117905.3671875,30868.119140625,0.0
1762982321.7747824,27152.36328125,26868.49609375,27434.353515625,27210.74609375,27230.953125,-405048.40625,-119626.1875,27616.833984375,0.0
1762982321.7834048,23937.736328125,23650.828125,24218.205078125,23991.73828125,24011.853515625,-408164.875,-121175.0703125,24396.572265625,0.0
1762982321.7834404,20769.599609375,20479.83203125,21048.28125,20818.7734375,20838.353515625,-411159.8125,-122533.5234375,21221.552734375,0.0
1762982321.7852156,17591.091796875,17299.0,17868.07421875,17634.8125,17652.9609375,-414337.78125,-123799.4375,18036.337890625,0.0
1762982321.7877245,14490.0107421875,14195.861328125,14763.8642578125,14527.5615234375,14541.6884765625,-417839.40625,-125011.4375,14924.1708984375,0.0
1762982321.790392,11589.6484375,11293.7109375,11858.1376953125,11619.3310546875,11627.2890625,-421240.0,-126062.59375,12007.89453125,0.0
1762982321.8036654,8911.9990234375,8614.4521484375,9173.24609375,8931.7578125,8933.27734375,-424348.0625,-126863.3203125,9310.4853515625,0.0
1762982321.80765,6368.99560546875,6068.3203125,6620.94482421875,6376.3271484375,6370.158203125,-427442.4375,-127533.875,6742.716796875,0.0
1762982321.807705,3931.940185546875,3623.307373046875,4173.3388671875,3918.61865234375,3905.83349609375,-430733.6875,-128085.25,4276.783203125,0.0
1762982321.8077164,1704.8123779296875,1428.2764892578125,1916.97509765625,1677.3643798828125,1657.8736572265625,-434108.28125,-128399.6953125,1999.0506591796875,0.0
1762982321.8098812,213.41445922851562,99.50997161865234,302.01678466796875,198.3940887451172,188.38050842285156,-437489.03125,-128419.5390625,342.4287414550781,0.0
1762982321.812343,-112.9210205078125,-115.60322570800781,-117.39136505126953,-102.72862243652344,-102.5498046875,-441053.03125,-128378.59375,-108.71888732910156,0.0
1762982321.8151338,-117.65959167480469,-116.76551818847656,-127.13672637939453,-106.75193786621094,-106.30490112304688,-445007.34375,-128412.65625,-120.341796875,0.0
1762982321.8319192,-117.30196380615234,-116.85492706298828,-127.13672637939453,-107.55660247802734,-106.93074798583984,-449152.6875,-128411.671875,-120.341796875,0.0
1762982321.831956,-117.30196380615234,-116.9443359375,-127.04732513427734,-107.91423034667969,-107.55660247802734,-453260.0625,-128320.390625,-120.43120574951172,0.0
1762982321.8339045,-117.30196380615234,-117.03373718261719,-126.8685073852539,-108.27185821533203,-107.91423034667969,-457320.03125,-128305.3671875,-120.1629867553711,0.0
1762982321.8364985,-117.21255493164062,-117.1231460571289,-126.8685073852539,-108.54007720947266,-108.27185821533203,-461721.15625,-128455.390625,-120.1629867553711,0.0
1762982321.8386576,-116.85492706298828,-117.1231460571289,-126.8685073852539,-108.62948608398438,-108.45066833496094,-466492.90625,-128506.9765625,-120.341796875,0.0
1762982321.845155,-117.03373718261719,-117.1231460571289,-126.8685073852539,-108.80829620361328,-108.897705078125,-471344.125,-128358.5625,-120.1629867553711,0.0
1762982321.848353,-117.03373718261719,-117.03373718261719,-126.8685073852539,-108.80829620361328,-108.897705078125,-476102.625,-128180.1953125,-120.43120574951172,0.0
1762982321.8483863,-116.85492706298828,-117.03373718261719,-126.77909851074219,-108.897705078125,-108.897705078125,-481029.6875,-128068.078125,-120.43120574951172,0.0
1762982321.8514807,-116.85492706298828,-116.9443359375,-126.77909851074219,-108.80829620361328,-108.71888732910156,-486046.125,-127897.2265625,-120.43120574951172,0.0
1762982321.8658173,-116.9443359375,-117.03373718261719,-126.8685073852539,-108.897705078125,-108.80829620361328,-490838.78125,-127658.0625,-120.25238800048828,0.0
1762982321.865872,-117.21255493164062,-116.9443359375,-126.8685073852539,-108.36125946044922,-108.71888732910156,-495277.9375,-127433.5625,-120.341796875,0.0
1762982321.8681705,-117.30196380615234,-116.76551818847656,-127.04732513427734,-108.0930404663086,-108.18244934082031,-499687.84375,-127323.5,-120.341796875,0.0
1762982321.868204,-117.30196380615234,-116.76551818847656,-126.8685073852539,-107.82482147216797,-108.00363159179688,-504053.6875,-127251.703125,-120.25238800048828,0.0
1762982321.8701508,-117.48077392578125,-116.85492706298828,-126.77909851074219,-107.3777847290039,-107.46719360351562,-508053.03125,-127189.8359375,-120.1629867553711,0.0
1762982321.8785937,-117.74899291992188,-116.85492706298828,-127.13672637939453,-106.84134674072266,-107.02015686035156,-511539.71875,-127130.109375,-120.25238800048828,0.0
1762982321.8831716,-117.74899291992188,-117.03373718261719,-127.22613525390625,-106.03668212890625,-106.30490112304688,-514829.90625,-127086.3046875,-120.341796875,0.0
1762982321.883207,-53.55478286743164,-92.44682312011719,-19.93775749206543,-54.806480407714844,-59.902679443359375,-518115.25,-127017.1875,-1.8775466680526733,0.0
1762982321.8915763,724.107177734375,493.97357177734375,902.7423095703125,692.5465087890625,658.035400390625,-521076.59375,-126919.2890625,967.7411499023438,0.0
1762982321.8945916,2358.019775390625,2054.661865234375,2593.517822265625,2336.025634765625,2292.931396484375,-523560.03125,-126856.2578125,2683.371826171875,0.0
1762982321.8946452,4180.04443359375,3870.875244140625,4427.43359375,4173.87548828125,4136.14599609375,-525858.5,-126797.609375,4533.56005859375,0.0
1762982321.8964682,5953.521484375,5652.6669921875,6208.51025390625,5963.80322265625,5929.82861328125,-528230.125,-126687.0078125,6328.583984375,0.0
1762982321.9098537,6724.47802734375,6425.1435546875,6983.04296875,6740.392578125,6707.22216796875,-530477.9375,-126586.7890625,7108.3916015625,0.0
1762982321.913165,6039.35205078125,5739.12353515625,6294.966796875,6051.3330078125,6015.83837890625,-532522.625,-126567.65625,6415.39794921875,0.0
1762982321.913201,5184.0849609375,4881.71044921875,5435.85498046875,5189.80712890625,5151.80908203125,-534424.4375,-126574.09375,5550.02783203125,0.0
1762982321.9151316,4471.15380859375,4164.5771484375,4719.8837890625,4469.99169921875,4430.20556640625,-536480.25,-126561.5703125,4828.33447265625,0.0
1762982321.91776,3786.29638671875,3473.7294921875,4032.523193359375,3776.28271484375,3735.066162109375,-538433.8125,-126484.6796875,4135.609375,0.0
1762982321.9239652,3196.210205078125,2879.173095703125,3441.274658203125,3177.702880859375,3134.519287109375,-539946.3125,-126378.375,3539.0859375,0.0
1762982321.9326484,2483.457763671875,2171.9638671875,2725.57177734375,2459.764892578125,2412.289794921875,-541072.4375,-126295.5,2816.677490234375,0.0
1762982321.9370346,1670.032958984375,1383.3048095703125,1899.3619384765625,1649.3800048828125,1597.52392578125,-542211.9375,-126218.4296875,1982.689208984375,0.0
1762982321.9370675,942.1707763671875,674.128662109375,1148.790283203125,919.6401977539062,868.8570556640625,-543260.1875,-126164.4296875,1226.4849853515625,0.0
1762982321.9401243,389.9932556152344,143.8558349609375,567.376708984375,349.4024963378906,303.804931640625,-543885.375,-126136.8046875,638.09765625,0.0
1762982321.9544923,38.71322250366211,-93.96673583984375,164.9558868408203,-5.722046852111816,-28.967863082885742,-544025.125,-126150.2109375,211.71572875976562,0.0
1762982321.9545465,-107.3777847290039,-116.67610931396484,-75.4594955444336,-102.5498046875,-103.89091491699219,-544051.5,-126231.125,-57.75691223144531,0.0
1762982321.9569619,-118.19602966308594,-116.9443359375,-127.04732513427734,-105.58964538574219,-105.58964538574219,-543932.3125,-126323.75,-119.89476013183594,0.0
1762982321.9569957,-118.10662078857422,-117.03373718261719,-127.5837631225586,-105.41083526611328,-105.76846313476562,-543309.0,-126420.7578125,-120.52061462402344,0.0
1762982321.9589348,-117.8384017944336,-117.03373718261719,-127.5837631225586,-105.41083526611328,-105.6790542602539,-542028.6875,-126558.0,-120.43120574951172,0.0
1762982321.9733174,-117.92781066894531,-117.03373718261719,-127.76258087158203,-105.50023651123047,-105.58964538574219,-540458.4375,-126737.5234375,-120.43120574951172,0.0
1762982321.9733725,-118.01721954345703,-116.85492706298828,-127.67317199707031,-105.50023651123047,-105.32142639160156,-538530.375,-126922.78125,-120.43120574951172,0.0
1762982321.9756992,-114.35153198242188,-117.03373718261719,-100.49344635009766,-104.78498077392578,-104.8743896484375,-535793.25,-127075.75,-88.24468994140625,0.0
1762982321.975734,-5.364418983459473,-103.9803237915039,113.8150863647461,-40.322547912597656,-54.35944366455078,-531850.5625,-127214.15625,152.34950256347656,0.0
1762982321.9836488,403.3149108886719,139.7431182861328,586.1521606445312,351.6376647949219,311.4939270019531,-526859.875,-127422.7421875,656.2472534179688,0.0
1762982321.9934545,948.4292602539062,675.827392578125,1154.9593505859375,924.8258056640625,879.8541259765625,-521265.875,-127677.8203125,1232.29638671875,0.0
1762982321.9935167,1324.4749755859375,1050.442626953125,1543.700927734375,1305.431396484375,1259.9232177734375,-515811.9375,-127953.7265625,1623.5413818359375,0.0
1762982321.9955678,1757.5625,1468.0626220703125,1988.94775390625,1735.568359375,1691.8482666015625,-510543.28125,-128192.0,2072.543212890625,0.0
1762982321.9956145,2442.062255859375,2131.104736328125,2682.298828125,2416.849609375,2378.583251953125,-504923.96875,-128430.0,2772.599853515625,0.0
1762982322.0093527,3419.280517578125,3104.12109375,3662.467529296875,3401.84619140625,3370.1962890625,-498778.125,-128662.7265625,3761.70947265625,0.0
1762982322.0093849,4743.755859375,4437.98388671875,4991.32373046875,4742.05712890625,4715.1455078125,-491553.96875,-128857.2734375,5101.3837890625,0.0
1762982322.0119135,6434.44189453125,6134.57080078125,6688.89404296875,6445.34912109375,6424.6962890625,-482786.71875,-129026.703125,6811.11328125,0.0
1762982322.0119462,8540.69140625,8242.6982421875,8802.654296875,8561.3447265625,8548.6484375,-472347.46875,-129153.2109375,8937.4794921875,0.0
1762982322.0233097,10977.03125,10680.021484375,11245.2529296875,11006.267578125,11002.0654296875,-460328.125,-129221.7890625,11391.34375,0.0
1762982322.023363,13603.541015625,13308.1396484375,13877.8408203125,13641.091796875,13646.0087890625,-446446.15625,-129307.3515625,14033.4091796875,0.0
1762982322.0370817,16641.052734375,16348.15625,16917.052734375,16683.1640625,16697.46875,-430451.71875,-129195.1484375,17083.169921875,0.0
1762982322.0371356,20103.16015625,19813.212890625,20381.662109375,20151.349609375,20170.3046875,-412758.40625,-128178.0546875,20552.33984375,0.0
1762982322.0401404,23597.095703125,23310.27734375,23876.4921875,23650.0234375,23673.5390625,-394337.53125,-126643.2890625,24052.53515625,0.0
1762982322.0401952,26745.65234375,26462.142578125,27025.853515625,26802.603515625,26829.3359375,-376190.34375,-124981.21875,27206.09765625,0.0
1762982322.040207,29399.51953125,29118.6015625,29680.703125,29459.33203125,29489.73046875,-359365.46875,-123295.71875,29863.98828125,0.0
1762982322.0428855,31590.2578125,31311.041015625,31870.99609375,31651.14453125,31684.58203125,-344425.375,-121671.1875,32057.5,0.0
1762982322.052887,33272.62890625,32995.55859375,33553.7265625,33334.5,33370.796875,-331634.375,-120367.6328125,33742.46484375,0.0
1762982322.0551279,34609.98046875,34334.3359375,34890.984375,34672.7421875,34711.45703125,-320603.5,-119456.0390625,35081.2421875,0.0
1762982322.0579178,35788.8984375,35514.5078125,36069.90625,35852.01953125,35892.69921875,-310582.5,-118756.5234375,36260.96875,0.0
1762982322.0623913,36835.765625,36562.359375,37116.59375,36899.15625,36941.80078125,-301172.15625,-118270.59375,37309.0859375,0.0
1762982322.064828,37655.62890625,37383.29296875,37936.6328125,37719.734375,37763.8984375,-292540.53125,-118118.9609375,38129.75390625,0.0
1762982322.067332,38374.90625,38103.2890625,38655.375,38439.01171875,38484.87890625,-284577.15625,-117995.3984375,38849.66015625,0.0
1762982322.0735614,39105.18359375,38834.28125,39385.1171875,39169.46875,39216.8515625,-276758.15625,-117687.0390625,39580.55859375,0.0
1762982322.0779004,39895.54296875,39625.44140625,40175.7421875,39960.2734375,40009.4453125,-268771.15625,-117153.453125,40371.8125,0.0
1762982322.0779195,40650.4921875,40381.37890625,40930.6953125,40715.40234375,40766.36328125,-260827.078125,-116433.8203125,41127.48046875,0.0
1762982322.0886292,41385.95703125,41117.46484375,41665.7109375,41450.86328125,41503.52734375,-253007.09375,-115643.7265625,41863.74609375,0.0
1762982322.095415,42196.96484375,41929.1015625,42476.6328125,42262.14453125,42316.234375,-244867.578125,-114808.3125,42676.0078125,0.0
1762982322.0954404,43045.9765625,42778.55859375,43325.640625,43111.2421875,43166.94140625,-236266.796875,-113970.8359375,43525.64453125,0.0
1762982322.0972936,43700.8828125,43434.359375,43980.3671875,43766.41796875,43824.08203125,-227749.0,-113225.359375,44180.7265625,0.0
1762982322.0998125,44115.015625,43849.1171875,44394.5,44180.4609375,44240.2734375,-219737.421875,-112532.6328125,44595.21875,0.0
1762982322.1035583,44357.30859375,44091.14453125,44636.078125,44422.484375,44483.81640625,-211915.734375,-111834.6328125,44837.51171875,0.0
1762982322.1129255,44381.359375,44115.55078125,44660.21875,44446.35546875,44509.74609375,-203965.484375,-111129.9296875,44861.65234375,0.0
1762982322.11295,44114.2109375,43847.77734375,44391.99609375,44178.3125,44243.3125,-196048.6875,-110451.421875,44593.87890625,0.0
1762982322.1153831,43583.66796875,43316.69921875,43861.3671875,43647.50390625,43713.93359375,-188548.953125,-109804.6484375,44063.0703125,0.0
1762982322.1153984,43014.50390625,42747.17578125,43292.0234375,43078.16015625,43146.109375,-181261.75,-109143.3046875,43493.45703125,0.0
1762982322.1235647,42499.4296875,42231.74609375,42776.58984375,42562.28515625,42632.109375,-173895.78125,-108467.8359375,42977.578125,0.0
1762982322.1273158,41975.86328125,41707.1953125,42252.30859375,42037.734375,42109.4375,-166456.671875,-107828.484375,42452.9375,0.0
1762982322.131058,41340.26953125,41071.2421875,41615.91015625,41401.24609375,41474.6484375,-159312.6875,-107281.4921875,41816.359375,0.0
1762982322.1404395,40698.05859375,40428.85546875,40973.43359375,40758.23046875,40833.59765625,-152357.1875,-106760.25,41173.34765625,0.0
1762982322.1404612,40142.75,39872.83203125,40417.765625,40202.38671875,40279.9921875,-145286.25,-106202.0859375,40617.234375,0.0
1762982322.1423028,39641.4453125,39371.078125,39916.1953125,39700.1875,39780.20703125,-138032.484375,-105612.4453125,40115.21484375,0.0
1762982322.1485744,39044.56640625,38773.6640625,39318.59765625,39102.41015625,39184.75390625,-131000.8125,-105105.5078125,39517.171875,0.0
1762982322.157915,38418.44921875,38146.91796875,38692.03515625,38476.02734375,38560.16015625,-124350.71875,-104702.4609375,38890.33984375,0.0
1762982322.1579378,37830.328125,37557.99609375,38103.55859375,37887.1015625,37973.203125,-118002.375,-104360.4765625,38301.4140625,0.0
1762982322.16038,37150.390625,36877.0703125,37422.90234375,37205.91015625,37294.24609375,-112164.546875,-104107.6328125,37620.22265625,0.0
1762982322.1603937,36170.7578125,35896.546875,36441.9296875,36224.22265625,36315.23828125,-107476.046875,-103984.2578125,36639.33984375,0.0
1762982322.168574,34970.82421875,34695.71875,35236.453125,35016.69140625,35115.484375,-104121.671875,-103958.4140625,35437.44140625,0.0
1762982322.1710663,33726.81640625,33450.19140625,33980.10546875,33760.8828125,33871.56640625,-101639.8203125,-103950.1015625,34191.375,0.0
1762982322.173591,32512.40234375,32234.435546875,32751.833984375,32533.681640625,32657.15234375,-99674.2109375,-103954.390625,32974.7265625,0.0
1762982322.188544,31200.443359375,30921.404296875,31424.85546875,31208.3125,31344.8359375,-98355.28125,-104009.375,31660.7109375,0.0
1762982322.1885657,29792.73046875,29511.904296875,30001.40625,29786.5625,29936.05078125,-97849.7734375,-104119.8828125,30250.673828125,0.0
1762982322.188573,28410.052734375,28128.0625,28570.001953125,28388.86328125,28552.65625,-97927.0234375,-104251.3984375,28865.759765625,0.0
1762982322.1910205,27078.78125,26795.630859375,25438.521484375,27023.08203125,27219.8671875,-98398.015625,-104375.5,27530.734375,0.0
1762982322.1950655,25691.8125,25407.318359375,17982.158203125,25598.291015625,25830.9296875,-99399.015625,-104546.625,26140.1875,0.0
1762982322.1998613,24216.595703125,23930.76171875,9645.314453125,24100.634765625,24353.74609375,-101190.109375,-104794.28125,24662.111328125,0.0
1762982322.2023077,22798.869140625,22511.6953125,1837.5816650390625,22369.716796875,22933.78515625,-103527.1171875,-105054.3671875,23240.98828125,0.0
1762982322.2110794,21520.9765625,21232.458984375,-5306.57275390625,18793.615234375,21653.029296875,-106126.0859375,-105288.078125,21958.712890625,0.0
1762982322.2141497,20312.103515625,20022.42578125,-12085.052734375,14174.046875,20441.119140625,-109005.2578125,-105553.34375,20746.62109375,0.0
1762982322.214167,19061.30078125,18770.458984375,-18795.76171875,9750.2783203125,19187.72265625,-112526.46875,-105903.5546875,19493.671875,0.0
1762982322.2160704,17858.41796875,17566.86328125,-24057.720703125,5803.13916015625,17983.677734375,-116637.578125,-106276.109375,18291.05859375,0.0
1762982322.2348385,16699.34765625,16408.326171875,-25823.955078125,2240.449462890625,16827.01953125,-121251.9609375,-106661.546875,17138.24609375,0.0
1762982322.238496,15454.890625,15164.4970703125,-26282.61328125,-1247.853271484375,15575.1435546875,-126604.3984375,-107126.4609375,15886.9052734375,0.0
1762982322.238518,13901.712890625,13611.3193359375,-26576.494140625,-5103.43994140625,14021.697265625,-133348.640625,-107788.34375,14332.9228515625,0.0
1762982322.2385252,12036.236328125,11746.37890625,-26725.625,-9240.2119140625,12147.6376953125,-141829.78125,-108668.8203125,12460.2939453125,0.0
1762982322.2410643,9786.130859375,9496.2734375,-26674.841796875,-12517.7822265625,9887.3388671875,-152002.15625,-109693.0703125,10200.5322265625,0.0
1762982322.243586,7247.59814453125,6957.025390625,-26376.490234375,-12523.146484375,7333.4287109375,-163220.765625,-110723.125,7644.83349609375,0.0
1762982322.2460628,4475.802734375,4180.759765625,-25864.009765625,-11160.13671875,4537.49365234375,-175340.859375,-111798.6953125,4845.6796875,0.0
1762982322.2523036,1642.40625,1404.4942626953125,-25162.25390625,-9644.95703125,1673.5198974609375,-188203.21875,-112934.96875,1930.028564453125,0.0
1762982322.2566352,51.58782958984375,2.5928025245666504,-24330.322265625,-8065.671875,67.32345581054688,-201528.796875,-114123.8984375,122.39815521240234,0.0
1762982322.2566495,-121.32527160644531,-116.9443359375,-23383.234375,-6415.30859375,-105.6790542602539,-215083.78125,-115330.265625,-120.1629867553711,0.0
1762982322.264869,-119.89476013183594,-116.67610931396484,-22298.638671875,-4676.7900390625,-107.46719360351562,-228970.5625,-116609.7734375,-120.43120574951172,0.0
1762982322.2678995,-118.64306640625,-116.85492706298828,-21087.44140625,-2869.69580078125,-108.897705078125,-243140.234375,-117948.90625,-120.43120574951172,0.0
1762982322.2679195,-117.57018280029297,-116.85492706298828,-19776.01953125,-1152.8135986328125,-110.14939880371094,-257226.296875,-119288.9375,-120.341796875,0.0
1762982322.2761412,-116.85492706298828,-117.03373718261719,-18395.576171875,-214.21913146972656,-110.86465454101562,-270988.4375,-120623.0703125,-120.43120574951172,0.0
1762982322.2785654,-116.3184814453125,-116.85492706298828,-16924.02734375,-111.22228240966797,-111.04347229003906,-284467.28125,-121951.03125,-120.61001586914062,0.0
1762982322.28231,-115.87145233154297,-116.67610931396484,-15353.1455078125,-111.49050903320312,-111.04347229003906,-297805.53125,-123268.625,-120.43120574951172,0.0
1762982322.291104,-115.69263458251953,-116.67610931396484,-13722.7197265625,-111.84813690185547,-111.04347229003906,-310763.375,-124574.0546875,-120.1629867553711,0.0
1762982322.2941794,-115.69263458251953,-116.85492706298828,-12083.6220703125,-111.93753814697266,-111.22228240966797,-323107.96875,-125840.5078125,-120.25238800048828,0.0
1762982322.2941992,-115.4244155883789,-117.03373718261719,-10436.3876953125,-112.1163558959961,-111.04347229003906,-334982.40625,-127178.125,-120.25238800048828,0.0
1762982322.2985442,-115.60322570800781,-117.03373718261719,-8770.109375,-112.1163558959961,-111.04347229003906,-346599.5,-128613.9140625,-120.341796875,0.0
1762982322.3073847,-115.78204345703125,-116.85492706298828,-7112.3251953125,-112.20576477050781,-110.95406341552734,-357611.375,-130011.7890625,-120.25238800048828,0.0
1762982322.3103878,-115.69263458251953,-116.85492706298828,-5494.7744140625,-112.20576477050781,-111.13288116455078,-367664.5,-131294.25,-119.98416900634766,0.0
1762982322.310399,-115.4244155883789,-116.85492706298828,-3931.22509765625,-112.1163558959961,-111.4011001586914,-376704.34375,-132511.78125,-120.25238800048828,0.0
1762982322.3123229,-115.33500671386719,-116.85492706298828,-2417.296630859375,-112.20576477050781,-111.49050903320312,-384925.40625,-133675.15625,-120.43120574951172,0.0
1762982322.3235872,-115.69263458251953,-116.9443359375,-1082.3609619140625,-112.1163558959961,-111.4011001586914,-392119.25,-134686.609375,-120.25238800048828,0.0
1762982322.32664,-115.69263458251953,-117.03373718261719,-271.8866271972656,-111.93753814697266,-111.49050903320312,-397924.46875,-135493.59375,-120.07357788085938,0.0
1762982322.3266554,-115.69263458251953,-116.67610931396484,-132.32232666015625,-111.4011001586914,-111.49050903320312,-402131.15625,-136071.078125,-120.341796875,0.0
1762982322.332307,-115.60322570800781,-116.76551818847656,-130.98123168945312,-111.22228240966797,-111.49050903320312,-404794.40625,-136472.609375,-120.25238800048828,0.0
1762982322.3366556,-115.78204345703125,-116.9443359375,-130.44479370117188,-111.31169128417969,-111.57991027832031,-405701.25,-136701.125,-120.1629867553711,0.0
1762982322.336671,-115.51382446289062,-116.85492706298828,-130.26597595214844,-111.22228240966797,-111.49050903320312,-404739.5,-136750.578125,-120.341796875,0.0
1762982322.3473144,-115.4244155883789,-116.67610931396484,-130.35537719726562,-111.31169128417969,-111.57991027832031,-402315.78125,-136613.421875,-120.341796875,0.0
1762982322.3554091,-115.4244155883789,-116.76551818847656,-130.44479370117188,-111.31169128417969,-111.57991027832031,-398940.75,-136306.390625,-120.52061462402344,0.0
1762982322.3554227,-115.87145233154297,-116.85492706298828,-130.62359619140625,-111.22228240966797,-111.49050903320312,-394802.375,-135836.5625,-120.341796875,0.0
1762982322.3573196,-115.69263458251953,-116.85492706298828,-130.7130126953125,-111.4011001586914,-111.66931915283203,-390013.46875,-135131.140625,-120.341796875,0.0
1762982322.359835,-115.69263458251953,-116.85492706298828,-130.7130126953125,-111.4011001586914,-111.57991027832031,-384632.875,-134123.96875,-120.43120574951172,0.0
1762982322.3623505,-115.51382446289062,-116.85492706298828,-130.8024139404297,-111.4011001586914,-111.49050903320312,-378832.65625,-132889.625,-120.43120574951172,0.0
1762982322.3660848,-115.87145233154297,-116.85492706298828,-131.16004943847656,-111.22228240966797,-111.49050903320312,-372688.71875,-131514.0,-120.43120574951172,0.0
1762982322.394164,-116.05026245117188,-116.9443359375,-131.51766967773438,-111.22228240966797,-111.49050903320312,-366101.5625,-130021.8046875,-120.341796875,0.0
1762982322.3941853,-116.1396713256836,-117.03373718261719,-131.6964874267578,-111.31169128417969,-111.31169128417969,-359140.5,-128398.171875,-120.25238800048828,0.0
1762982322.3960752,-116.40789031982422,-117.03373718261719,-131.87530517578125,-111.4011001586914,-111.13288116455078,-351974.625,-126732.515625,-120.341796875,0.0
1762982322.3985908,-116.9443359375,-116.76551818847656,-132.05410766601562,-111.04347229003906,-111.13288116455078,-344804.5625,-125105.578125,-120.25238800048828,0.0
1762982322.4010868,-117.8384017944336,-116.9443359375,-132.7693634033203,-110.14939880371094,-110.05999755859375,-337681.21875,-123449.765625,-120.07357788085938,0.0
1762982322.4035437,-95.1290283203125,-100.94048309326172,-104.51676177978516,-86.99299621582031,-84.93663024902344,-330494.4375,-121734.1328125,-87.708251953125,0.0
1762982322.4060013,1346.3797607421875,1186.6094970703125,1441.3299560546875,1320.8988037109375,1345.6644287109375,-323292.15625,-119958.9609375,1524.0313720703125,0.0
1762982322.412356,6577.49267578125,6280.30419921875,6788.58251953125,6558.18115234375,6601.27490234375,-316211.5,-118163.7578125,6943.8828125,0.0
1762982322.4148233,12931.2001953125,12635.53125,13182.2548828125,12950.064453125,12996.109375,-309254.625,-116374.453125,13352.75390625,0.0
1762982322.4173212,19424.025390625,19133.541015625,19695.552734375,19464.435546875,19511.1953125,-302429.3125,-114570.6640625,19870.970703125,0.0
1762982322.4204032,25976.572265625,25692.080078125,26253.466796875,26027.982421875,26074.7421875,-295792.4375,-112769.1171875,26436.392578125,0.0
1762982322.4204104,32498.0078125,32220.130859375,32777.31640625,32556.837890625,32603.5078125,-289511.15625,-110997.15625,32967.75,0.0
1762982322.4223392,39015.0625,38743.7109375,39295.80078125,39079.1640625,39125.48046875,-283547.71875,-109256.40625,39492.8515625,0.0
1762982322.4248328,45536.40625,45270.15234375,45819.0234375,45605.33984375,45651.5625,-277754.5,-107550.1640625,46022.6015625,0.0
1762982322.4316545,52054.890625,51789.3515625,52339.7421875,52128.65234375,52175.5,-272070.46875,-105886.8359375,52549.9375,0.0
1762982322.4316628,58533.23046875,58264.921875,58819.9609375,58611.015625,58658.578125,-266564.59375,-104253.8125,59032.75,0.0
1762982322.43356,65034.28125,64762.75390625,65322.171875,65114.12109375,65163.921875,-261174.609375,-102553.296875,65531.47265625,0.0
1762982322.4448235,71729.7890625,71455.4921875,72017.859375,71809.9921875,71863.0078125,-255702.984375,-95405.65625,72212.5,0.0
1762982322.4478865,78707.109375,78431.109375,78994.9140625,78787.4921875,78843.8125,-250054.25,-70524.765625,79171.2265625,0.0
1762982322.4478955,85576.7890625,85301.5,85865.9296875,85660.7421875,85717.875,-244351.609375,-40008.37109375,86044.7421875,0.0
1762982322.4498005,90998.4296875,90724.0390625,91289.1796875,91085.953125,91143.53125,-238723.96875,-14706.5546875,91473.4453125,0.0
1762982322.4589293,94696.03125,94422.53125,94988.03125,94786.15625,94844.5390625,-233146.234375,4164.30908203125,95175.7890625,0.0
1762982322.4634168,98005.7890625,97732.9140625,98298.7734375,98098.3203125,98157.3359375,-227425.25,21670.107421875,98489.4765625,0.0
1762982322.4634392,101048.3984375,100775.6171875,101341.7421875,101142.3671875,101202.7109375,-221530.75,38125.91015625,101534.953125,0.0
1762982322.4710712,104144.828125,103872.40625,104439.15625,104240.3125,104302.1875,-215494.703125,54717.25,104634.78125,0.0
1762982322.4741604,107363.8359375,107091.7734375,107659.1484375,107461.203125,107524.5,-209281.8125,71947.765625,107858.4375,0.0
1762982322.4741757,110632.6484375,110360.7578125,110928.9375,110732.421875,110796.53125,-202850.234375,89011.53125,111135.921875,0.0
1762982322.4760656,114141.2421875,113869.984375,114439.8671875,114244.1484375,114308.6171875,-196264.0625,106084.15625,114662.484375,0.0
1762982322.4873133,117462.359375,117191.8125,117763.2109375,117568.484375,117632.40625,-189676.109375,116978.0390625,118006.7578125,0.0
1762982322.4903944,120823.609375,120554.140625,121127.5078125,120934.2109375,120990.265625,-183034.515625,121167.46875,121383.65625,0.0
1762982322.4904094,124251.3828125,123982.2734375,124559.84375,124367.078125,124404.359375,-172809.75,124620.1015625,124824.3046875,0.0
1762982322.4960935,127615.5,127347.1953125,127929.4140625,127737.453125,127749.6171875,-146053.375,128007.8203125,128201.65625,0.0
1762982322.5054593,130530.078125,130262.7578125,130845.6015625,130654.8046875,130661.2421875,-112716.453125,130936.796875,131124.09375,0.0
1762982322.5054815,132983.5,132717.78125,133299.46875,133109.46875,133118.0625,-80978.765625,133395.125,133581.0,0.0
1762982322.507295,135389.4375,135124.609375,135705.578125,135516.125,135527.03125,-49379.83203125,135801.875,135988.5625,0.0
1762982322.5172384,137990.015625,137726.265625,138306.25,138117.25,138129.671875,-16326.072265625,138403.625,138590.75,0.0
1762982322.5191321,140484.125,140221.703125,140801.0625,140612.859375,140625.46875,16119.900390625,140899.0625,141087.171875,0.0
1762982322.5191424,142704.984375,142444.1875,143022.828125,142835.703125,142846.875,47079.125,143121.71875,143309.921875,0.0
1762982322.5248287,144715.75,144456.015625,145034.3125,144847.890625,144857.453125,77875.71875,145134.078125,145322.828125,0.0
1762982322.5291505,146612.34375,146353.328125,146931.078125,146745.640625,146755.65625,109209.1953125,147031.84375,147221.109375,0.0
1762982322.529168,148626.6875,148369.015625,148942.828125,148757.65625,148786.890625,138195.390625,149044.03125,149234.203125,0.0
1762982322.5323348,150747.5,150491.078125,151059.265625,150875.265625,150931.859375,150580.578125,151161.640625,151351.984375,0.0
1762982322.5460968,152876.015625,152620.578125,153186.171875,153002.703125,153072.703125,153150.578125,153289.796875,153480.140625,111.0
1762982322.5492296,154831.34375,154576.53125,155141.5,154958.21875,155030.453125,155113.609375,155245.203125,155436.453125,0.0
1762982322.5492487,156820.203125,156566.828125,157130.796875,156948.0625,157020.296875,157103.625,157235.5,157427.28125,0.0
1762982322.5510676,159121.890625,158869.953125,159433.484375,159251.1875,159323.59375,159406.390625,159539.078125,159730.84375,0.0
1762982322.5535777,161544.46875,161294.046875,161856.859375,161675.1875,161747.78125,161829.671875,161963.25,162155.65625,0.0
1762982322.5623477,163867.53125,163618.4375,164181.078125,163999.765625,164072.359375,164153.984375,164288.546875,164481.046875,0.0
1762982322.5666616,166203.203125,165954.921875,166517.46875,166336.765625,166409.109375,166490.1875,166626.09375,166818.671875,0.0
1762982322.5666795,168974.09375,168727.78125,169289.796875,169109.640625,169181.25,169262.171875,169398.96875,169591.90625,0.0
1762982322.5776656,172204.28125,171959.40625,172521.140625,172342.234375,172412.78125,172493.34375,172631.375,172824.59375,0.0
1762982322.5803964,175406.484375,175162.671875,175724.78125,175546.9375,175616.0625,175696.25,175835.734375,176029.734375,0.0
1762982322.580412,177968.984375,177726.6875,178288.25,178111.140625,178179.53125,178259.28125,178399.828125,178593.9375,0.0
1762982322.5860684,179648.84375,179407.171875,179968.296875,179791.8125,179859.9375,179939.515625,180080.5,180275.140625,0.0
1762982322.5904124,180717.96875,180476.3125,181037.609375,180861.46875,180929.6875,181008.734375,181149.90625,181345.171875,0.0
1762982322.5904315,181731.140625,181489.640625,182051.296875,181875.703125,181942.578125,182022.0625,182163.6875,182358.765625,0.0
1762982322.6010687,182676.171875,182435.125,182996.6875,182821.09375,182887.875,182967.28125,183109.34375,183304.515625,0.0
1762982322.6113908,183235.9375,182994.90625,183556.640625,183381.40625,183448.015625,183527.234375,183669.390625,183865.28125,0.0
1762982322.6114087,183471.703125,183230.484375,183792.0625,183617.359375,183683.78125,183762.8125,183905.15625,184101.140625,0.0
1762982322.6114168,183644.359375,183403.046875,183964.796875,183790.09375,183856.15625,183935.46875,184077.984375,184273.78125,0.0
1762982322.614133,183869.75,183628.625,184189.921875,184015.578125,184081.5625,184161.21875,184303.375,184499.4375,0.0
1762982322.6141477,184255.984375,184014.859375,184576.15625,184401.71875,184468.234375,184547.359375,184689.703125,184885.765625,0.0
1762982322.6160724,185530.21875,185289.984375,185851.359375,185676.75,185742.640625,185822.3125,185964.640625,186161.25,0.0
1762982322.6235723,187301.375,187062.03125,187623.234375,187449.25,187514.421875,187594.09375,187737.234375,187933.828125,0.0
1762982322.637947,188844.359375,188605.375,189166.3125,188993.578125,189057.859375,189137.15625,189281.109375,189477.984375,0.0
1762982322.6379683,189893.09375,189654.46875,190215.40625,190042.9375,190107.046875,190186.0,190330.390625,190527.703125,0.0
1762982322.640797,190336.5625,190097.84375,190658.875,190486.3125,190550.328125,190629.1875,190773.671875,190971.4375,0.0
1762982322.640812,190326.640625,190087.734375,190649.03125,190476.296875,190540.5,190619.34375,190764.09375,190961.421875,0.0
1762982322.6460764,190099.71875,189861.0,190422.390625,190249.46875,190313.765625,190392.4375,190537.1875,190734.421875,0.0
1762982322.6529052,189830.25,189591.0,190152.640625,189979.5625,190044.203125,190122.609375,190267.265625,190464.5,0.0
1762982322.6529205,189554.328125,189314.90625,189876.375,189703.375,189767.84375,189846.25,189991.265625,190188.328125,0.0
1762982322.6880443,189217.890625,188978.734375,189540.203125,189367.03125,189431.671875,189510.265625,189655.09375,189851.875,0.0
1762982322.6880744,188798.9375,188559.859375,189121.421875,188948.15625,189012.890625,189091.5625,189236.140625,189433.015625,0.0
1762982322.68809,188188.90625,187949.921875,188511.40625,188337.953125,188402.59375,188481.359375,188626.203125,188822.546875,0.0
1762982322.6880999,187320.953125,187081.0625,187642.453125,187469.359375,187534.1875,187612.78125,187757.25,187953.40625,0.0
1762982322.688115,186290.359375,186050.203125,186611.765625,186437.875,186503.5,186582.453125,186726.125,186921.921875,0.0
1762982322.69106,185110.625,184870.125,185431.515625,185257.171875,185323.234375,185402.546875,185545.5,185741.3125,0.0
1762982322.691088,183746.640625,183505.859375,184067.078125,183892.28125,183958.890625,184037.921875,184180.625,184375.96875,0.0
1762982322.691095,182122.296875,181881.15625,182442.640625,182267.390625,182334.1875,182413.578125,182555.5625,182750.640625,0.0
1762982322.69356,180267.1875,180025.25,180587.078125,180411.21875,180478.71875,180558.203125,180699.375,180893.921875,0.0
1762982322.6960633,178215.46875,177972.5625,178534.390625,178357.546875,178425.84375,178505.953125,178645.96875,178840.421875,0.0
1762982322.6985884,175949.0,175705.109375,176267.03125,176089.28125,176158.390625,176239.046875,176378.15625,176571.71875,0.0
1762982322.7010553,173438.90625,173193.84375,173755.9375,173577.390625,173647.3125,173727.515625,173866.09375,174059.484375,0.0
1762982322.703554,170847.09375,170601.3125,171163.046875,170983.96875,171054.6875,171135.0625,171272.390625,171465.78125,0.0
1762982322.70732,168337.703125,168091.203125,168653.046875,168472.96875,168544.140625,168625.328125,168761.9375,168954.515625,0.0
1762982322.7116387,165891.703125,165643.328125,166205.96875,166025.453125,166096.625,166178.078125,166313.796875,166506.375,0.0
1762982322.7116477,163444.015625,163194.390625,163757.03125,163575.703125,163647.765625,163729.390625,163864.3125,164056.265625,0.0
1762982322.7236583,161054.078125,160803.28125,161366.28125,161184.609375,161256.578125,161338.75,161472.5,161664.625,0.0
1762982322.726643,158790.109375,158537.890625,159101.328125,158919.125,158991.359375,159073.796875,159206.65625,159398.703125,0.0
1762982322.726659,156589.4375,156335.796875,156899.59375,156716.9375,156789.359375,156872.6875,157003.84375,157195.890625,0.0
1762982322.728565,154349.0,154094.1875,154658.515625,154474.875,154548.015625,154631.515625,154761.96875,154953.5625,0.0
1762982322.7423744,152050.515625,151794.375,152359.875,152175.421875,152248.640625,152332.515625,152462.234375,152653.21875,0.0
1762982322.7453992,149792.09375,149535.0625,150100.828125,149916.109375,149989.875,150073.734375,150202.75,150393.265625,0.0
1762982322.7454164,147562.109375,147303.640625,147870.125,147684.328125,147758.359375,147843.03125,147970.875,148161.046875,0.0
1762982322.749823,145285.8125,145026.078125,145593.28125,145406.421875,145481.34375,145566.09375,145692.96875,145882.421875,0.0
1762982322.7523203,143011.109375,142750.234375,143317.96875,143130.65625,143206.03125,143291.046875,143416.84375,143605.40625,0.0
1762982322.7548192,140852.109375,140590.0625,141158.421875,140970.578125,141046.21875,141131.515625,141256.5,141444.34375,0.0
1762982322.757446,138840.28125,138577.15625,139145.96875,138957.578125,139033.84375,139119.859375,139243.59375,139431.171875,0.0
1762982322.7710867,136910.15625,136645.96875,137214.953125,137026.21875,137103.015625,137189.375,137312.40625,137499.171875,0.0
1762982322.7741475,135009.734375,134744.640625,135314.15625,135124.4375,135201.859375,135288.40625,135410.546875,135597.125,0.0
1762982322.7741573,133128.34375,132862.4375,133432.859375,133242.421875,133320.46875,133407.28125,133528.25,133714.3125,0.0
1762982322.7810712,131071.53125,130804.6484375,131374.796875,131184.1875,131262.953125,131350.125,131470.109375,131655.265625,0.0
1762982322.78359,128598.0,128330.1328125,128900.3671875,128709.0390625,128788.7890625,128875.78125,128995.0546875,129179.3203125,0.0
1762982322.7860677,125672.9609375,125404.2890625,125974.4375,125782.03125,125862.4140625,125950.2109375,126067.9609375,126251.0625,0.0
1762982322.7885718,122326.546875,122056.890625,122626.859375,122433.4765625,122514.7421875,122602.9921875,122719.21875,122901.1640625,0.0
1762982322.792905,118523.171875,118252.890625,118822.0546875,118627.6875,118710.1171875,118798.7265625,118913.34375,119094.125,0.0
1762982322.7929256,114309.6015625,114038.609375,114606.6953125,114411.34375,114495.1171875,114584.34375,114696.7265625,114876.2578125,0.0
1762982322.8010757,109829.328125,109557.4375,110124.3671875,109927.8515625,110012.875,110102.9140625,110213.2421875,110390.890625,0.0
1762982322.803571,105188.390625,104915.875,105481.5546875,105283.4296875,105370.2421875,105460.3671875,105568.90625,105744.6796875,0.0
1762982322.8073287,100505.3359375,100232.2890625,100796.5390625,100596.7109375,100685.40625,100776.328125,100882.4609375,101056.8046875,0.0
1762982322.8165567,95986.4453125,95712.765625,96275.3125,96074.421875,96164.6328125,96256.2734375,96360.25,96533.078125,0.0
1762982322.816578,91698.390625,91423.828125,91985.4765625,91783.1484375,91875.328125,91967.1484375,92069.25,92240.734375,0.0
1762982322.8241715,87793.09375,87517.8984375,88078.75,87874.90625,87968.421875,88060.8671875,88161.2734375,88331.4140625,0.0
1762982322.8242104,84368.2734375,84092.453125,84652.6796875,84447.484375,84542.3515625,84635.2421875,84734.0390625,84902.5703125,0.0
1762982322.8260727,81493.5703125,81217.65625,81777.2578125,81570.8203125,81667.1953125,81760.09375,81857.7265625,82025.359375,0.0
1762982322.832382,79072.25,78796.875,79355.046875,79148.25,79245.703125,79338.7734375,79435.2421875,79601.8046875,0.0
1762982322.8392055,77131.7578125,76856.8359375,77411.9609375,77206.5078125,77305.390625,77398.5546875,77493.859375,77659.7109375,0.0
1762982322.839244,75579.1171875,75304.015625,75850.109375,75648.9453125,75752.75,75846.1796875,75940.59375,76104.921875,0.0
1762982322.8410945,74288.890625,74014.3203125,74549.421875,74353.7109375,74462.6015625,74556.125,74649.9140625,74813.53125,0.0
1762982322.8498592,73178.1875,72903.703125,73428.2578125,73237.4609375,73351.8984375,73445.6015625,73538.4921875,73701.5703125,0.0
1762982322.8542163,72126.3984375,71852.3671875,72365.921875,72180.3125,72300.296875,72394.4453125,72486.171875,72648.4453125,0.0
1762982322.854241,71080.7890625,70807.2890625,71309.7578125,71129.6015625,71255.0390625,71349.2734375,71440.109375,71601.4921875,0.0
1762982322.8560889,70010.9453125,69737.625,70228.3828125,70054.484375,70185.1953125,70279.34375,70369.9140625,70530.125,0.0
1762982322.8704581,68802.0703125,68529.375,68430.8515625,68831.578125,68976.0546875,69070.828125,69160.234375,69319.3828125,0.0
1762982322.8704815,67457.5703125,67185.4140625,62704.87109375,67457.75,67631.5546875,67727.0390625,67814.2109375,67972.640625,0.0
1762982322.8723173,65791.828125,65520.02734375,53942.18359375,65773.765625,65965.6328125,66061.75,66146.6796875,66303.953125,0.0
1762982322.8773563,63783.74609375,63513.37890625,44599.51171875,63751.73828125,63957.46484375,64054.46875,64137.26171875,64293.54296875,0.0
1762982322.8798244,61491.53125,61222.05859375,34634.38671875,61443.875,61664.890625,61763.328125,61843.2578125,61998.734375,0.0
1762982322.883572,58746.5546875,58478.69140625,23921.732421875,58685.4921875,58919.55859375,59019.0703125,59095.95703125,59250.09765625,0.0
1762982322.8904233,55697.95703125,55430.8984375,13022.037109375,55623.30078125,55869.9765625,55970.55859375,56044.58984375,56197.1171875,0.0
1762982322.8904467,52532.32421875,52266.60546875,2016.485107421875,52443.8125,52703.08984375,52804.74609375,52872.96484375,53026.1171875,0.0
1762982322.9012272,49283.6328125,49018.80859375,-8965.28515625,49182.15625,49453.328125,49555.51953125,49613.9921875,49770.453125,0.0
1762982322.9041557,45939.8125,45674.71875,-19858.2734375,45826.0859375,46108.34375,46211.16015625,46258.546875,46418.5859375,0.0
1762982322.9041736,42762.5546875,42495.40625,-30177.716796875,42431.5703125,42928.31640625,43029.43359375,43069.9375,43233.99609375,0.0
1762982322.906062,39850.390625,39580.3828125,-40050.57421875,36450.95703125,40007.2109375,40080.79296875,40146.86328125,40315.30859375,0.0
1762982322.9153864,37107.02734375,36834.42578125,-48302.48046875,27736.638671875,37239.796875,33551.40234375,37357.90234375,37568.72265625,0.0
1762982322.9154048,34437.06640625,34161.6015625,-51130.95703125,19329.25390625,34534.609375,11584.9990234375,32407.4375,34884.28125,0.0
1762982322.9187882,31944.7578125,31666.611328125,-50999.62109375,11654.9150390625,32039.439453125,-16184.8095703125,22244.279296875,32365.685546875,0.0
1762982322.9236028,29798.185546875,29517.982421875,-50747.046875,5197.6748046875,29918.974609375,-38502.04296875,11996.7177734375,30201.142578125,0.0
1762982322.9260676,27933.423828125,27651.166015625,-50509.4921875,-267.05865478515625,28073.61328125,-47800.28125,2815.783447265625,28324.04296875,0.0
1762982322.9354212,26224.23046875,25940.095703125,-50279.26953125,-5114.61572265625,26369.875,-53224.9609375,-5898.26806640625,26612.525390625,0.0
1762982322.93544,24692.689453125,24407.5703125,-50049.4921875,-9225.99609375,24840.478515625,-58566.7578125,-13971.271484375,25084.55859375,0.0
1762982322.9373271,23336.65234375,23049.923828125,-49837.328125,-12664.4990234375,23482.20703125,-63771.85546875,-21296.564453125,23735.85546875,0.0
1762982322.9460828,22105.072265625,21816.912109375,-49615.6875,-15701.7431640625,22247.49609375,-68781.1484375,-27675.751953125,22515.896484375,0.0
1762982322.9505532,20889.13671875,20600.083984375,-49367.5859375,-18752.845703125,21029.05859375,-73683.515625,-30980.94921875,21320.078125,0.0
1762982322.9505694,19699.576171875,19409.80859375,-49095.69921875,-21748.60546875,19836.638671875,-78508.1796875,-31804.388671875,20135.615234375,0.0
1762982322.959182,18554.453125,18263.701171875,-48817.375,-24298.224609375,18688.025390625,-83161.1875,-32360.767578125,18990.66796875,0.0
1762982322.959205,17488.98828125,17197.076171875,-48555.58984375,-25291.537109375,17620.595703125,-87548.390625,-32873.6953125,17927.619140625,0.0
1762982322.9610667,16424.0625,16131.1650390625,-48274.046875,-25145.35546875,16553.345703125,-91687.84375,-33353.18359375,16866.26953125,0.0
1762982322.964818,15329.810546875,15036.287109375,-47971.40625,-24899.486328125,15450.6884765625,-95688.8984375,-33819.44140625,15762.2724609375,0.0
1762982322.9741707,14273.3779296875,13979.67578125,-47648.19921875,-24683.2109375,14397.474609375,-99458.1171875,-34238.94140625,14712.0087890625,0.0
1762982322.97419,13283.552734375,12990.119140625,-47321.23828125,-24526.66015625,13401.7490234375,-102943.828125,-34593.52734375,13718.7861328125,0.0
1762982322.9760666,12276.5625,11983.396484375,-46997.40625,-24414.6328125,12391.271484375,-106200.65625,-34920.48828125,12710.185546875,0.0
1762982322.987388,11194.55859375,10901.572265625,-46665.4375,-24332.46875,11305.6025390625,-109355.734375,-35255.49609375,11626.751953125,0.0
1762982322.990423,10147.6923828125,9855.15234375,-46340.4453125,-24282.220703125,10253.55078125,-112395.5703125,-35582.37109375,10578.0078125,0.0
1762982322.990445,9236.0986328125,8944.54296875,-46068.37890625,-24253.341796875,9336.681640625,-115261.875,-35865.96875,9664.3583984375,0.0
1762982322.992324,8436.7109375,8145.78076171875,-45868.1953125,-24226.7890625,8532.5556640625,-117968.7578125,-36122.296875,8862.556640625,0.0
1762982323.0011027,7672.81787109375,7382.6025390625,-45719.33203125,-24177.525390625,7763.74462890625,-120642.7421875,-36382.02734375,8094.7294921875,0.0
1762982323.0041547,7056.89306640625,6767.125,-45618.21484375,-24119.947265625,7143.349609375,-123248.328125,-36632.453125,7474.51318359375,0.0
1762982323.0041647,6627.203125,6337.88232421875,-45566.0,-24074.171875,6710.88818359375,-125678.234375,-36847.65625,7042.4091796875,0.0
1762982323.0060844,6320.7158203125,6031.6630859375,-45561.26171875,-24041.89453125,6402.61279296875,-127900.796875,-37004.8359375,6734.49169921875,0.0
1762982323.0348525,6004.21533203125,5715.251953125,-45586.65234375,-23999.78515625,6084.41357421875,-130039.6875,-37151.4609375,6415.9345703125,0.0
1762982323.0373223,5722.046875,5432.8154296875,-45632.33984375,-23965.2734375,5800.814453125,-132074.59375,-37289.7734375,6132.15673828125,0.0
1762982323.0398316,5514.7119140625,5225.21240234375,-45698.76953125,-23962.501953125,5592.04931640625,-133913.6875,-37426.30078125,5923.5703125,0.0
1762982323.0423355,5366.654296875,5077.06494140625,-45767.96875,-24000.052734375,5443.45458984375,-135567.53125,-37537.43359375,5775.33349609375,0.0
1762982323.044811,5156.18994140625,4865.79638671875,-45824.296875,-24050.388671875,5231.73876953125,-137177.765625,-37636.31640625,5563.79638671875,0.0
1762982323.0473244,4905.4033203125,4614.5625,-45870.33984375,-24130.318359375,4979.4326171875,-138783.15625,-37741.81640625,5311.93701171875,0.0
1762982323.049842,4687.07177734375,4394.8896484375,-45906.8203125,-24252.44921875,4759.22314453125,-140316.84375,-37833.3671875,5092.44287109375,0.0
1762982323.0523286,4524.26171875,4231.63232421875,-45933.375,-24390.134765625,4595.787109375,-141738.3125,-37899.3515625,4929.54345703125,0.0
1762982323.0548332,4356.80224609375,4063.54736328125,-45957.6015625,-24506.990234375,4428.14892578125,-143150.328125,-37975.703125,4762.3525390625,0.0
1762982323.0573237,4198.64111328125,3905.02880859375,-45975.9296875,-24601.046875,4269.45166015625,-144629.5625,-38081.02734375,4604.3701171875,0.0
1762982323.0604372,4127.5625,3833.681884765625,-45993.3671875,-24688.486328125,4198.1943359375,-146091.640625,-38197.43359375,4533.91748046875,0.0
1762982323.0604517,4131.7646484375,3838.15234375,-46016.7890625,-24779.056640625,4203.3798828125,-147445.796875,-38292.1171875,4539.55029296875,0.0
1762982323.062365,4134.26806640625,3841.102783203125,-46042.8984375,-24858.359375,4206.50927734375,-148734.234375,-38375.98046875,4542.94775390625,0.0
1762982323.0761485,4140.52685546875,3847.808349609375,-46068.01953125,-24914.775390625,4213.48291015625,-150073.109375,-38480.49609375,4550.63671875,0.0
1762982323.083522,4256.1298828125,3964.931396484375,-46114.78125,-24983.9765625,4331.142578125,-151398.390625,-38586.62109375,4668.564453125,0.0
1762982323.08354,4498.6015625,4209.548828125,-46202.578125,-25083.93359375,4576.65380859375,-152616.28125,-38660.02734375,4914.2548828125,0.0
1762982323.0835469,4786.40283203125,4499.6748046875,-46317.375,-25178.078125,4868.12060546875,-153745.3125,-38699.90234375,5206.0791015625,0.0
1762982323.0861156,5038.88818359375,4753.85888671875,-46434.05078125,-25217.150390625,5123.82470703125,-154856.375,-38715.63671875,5462.85595703125,0.0
1762982323.08859,5340.27880859375,5057.126953125,-46560.3828125,-25222.783203125,5428.970703125,-155859.53125,-38695.07421875,5768.89599609375,0.0
1762982323.093583,5728.30517578125,5446.7626953125,-46691.9921875,-25222.06640625,5820.48388671875,-156633.96875,-38613.625,6161.6611328125,0.0
1762982323.0961144,6149.6806640625,5869.2109375,-46815.375,-25218.22265625,6244.98828125,-157162.71875,-38480.9453125,6587.4169921875,0.0
1762982323.0985825,6516.15966796875,6236.67333984375,-46914.703125,-25197.30078125,6614.2392578125,-157557.984375,-38338.51953125,6957.91943359375,0.0
1762982323.1023335,6903.828125,6625.50439453125,-46984.890625,-25179.0625,7004.8583984375,-157788.65625,-38183.48828125,7349.52197265625,0.0
1762982323.1167297,7366.33056640625,7088.0068359375,-47028.69921875,-25181.65625,7469.7744140625,-157764.15625,-38003.421875,7815.869140625,0.0
1762982323.116756,7890.970703125,7613.09375,-47047.7421875,-25193.994140625,7997.9013671875,-157457.9375,-37796.7109375,8344.8896484375,0.0
1762982323.1233733,8393.974609375,8116.00830078125,-47035.94140625,-25186.39453125,8504.75,-156999.28125,-37591.79296875,8852.0068359375,0.0
1762982323.123394,8964.3017578125,8685.5302734375,-47005.453125,-25171.642578125,9078.7421875,-156394.53125,-37382.1328125,9426.5361328125,0.0
1762982323.1234024,9689.1240234375,9410.0849609375,-46997.13671875,-25190.1484375,9807.677734375,-155564.9375,-37155.484375,10155.3818359375,0.0
1762982323.1311378,10583.373046875,10304.244140625,-47034.2421875,-25248.44140625,10706.75390625,-154484.796875,-36908.09765625,11052.580078125,0.0
1762982323.133571,11562.916015625,11283.787109375,-47107.9140625,-25300.298828125,11691.21484375,-153265.46875,-36665.265625,12034.3583984375,0.0
1762982323.1535137,12667.181640625,12387.6953125,-47211.08984375,-25340.263671875,12800.666015625,-151960.21875,-36434.59765625,13140.2333984375,0.0
1762982323.1535363,13987.0966796875,13706.984375,-47348.6875,-25408.033203125,14129.0751953125,-150480.09375,-36198.5625,14464.7978515625,0.0
1762982323.1535444,15548.947265625,15268.4775390625,-47529.2890625,-25521.759765625,15689.94140625,-148774.65625,-35941.33984375,16023.876953125,0.0
1762982323.1573253,17257.24609375,16976.865234375,-47753.4296875,-25498.603515625,17401.37109375,-146933.40625,-35674.90625,17732.890625,0.0
1762982323.1611307,19082.04296875,18801.39453125,-47987.5,-22838.298828125,19223.751953125,-145006.859375,-35399.98046875,19549.998046875,0.0
1762982323.1611505,21082.970703125,20801.875,-48259.7421875,-16504.08203125,21223.876953125,-142918.046875,-35119.6875,21545.7421875,0.0
1762982323.1611595,23278.359375,22997.443359375,-48568.9140625,-9283.037109375,23418.19140625,-140606.25,-34452.890625,23731.65234375,0.0
1762982323.164175,25586.580078125,25305.841796875,-48901.328125,-1693.9046630859375,25724.892578125,-138139.328125,-29509.7578125,26012.783203125,0.0
1762982323.1641932,27963.822265625,27683.3515625,-49234.01171875,6178.55908203125,28100.615234375,-135630.296875,-20328.734375,28370.35546875,0.0
1762982323.172345,30484.47265625,30204.62890625,-49556.14453125,14536.3232421875,30619.74609375,-133032.578125,-10435.76171875,30880.724609375,0.0
1762982323.1766536,33074.4140625,32796.71484375,-49842.9609375,23146.484375,33211.296875,-130280.1875,178.7245635986328,33469.59375,0.0
1762982323.176664,35739.81640625,35465.24609375,-48131.7109375,31822.537109375,35879.37890625,-127415.5859375,11105.8671875,36140.359375,0.0
1762982323.182328,38575.984375,38304.453125,-40586.4765625,38115.89453125,38717.9609375,-124584.9609375,22040.966796875,38986.18359375,0.0
1762982323.1967115,41544.3828125,41276.51953125,-31145.189453125,41439.33203125,41689.4921875,-121754.15625,33394.4921875,41970.23046875,0.0
1762982323.1967337,44583.6875,44318.4140625,-21450.791015625,44482.20703125,44731.20703125,-118832.4296875,43226.66796875,45034.20703125,0.0
1762982323.199156,47533.4921875,47269.0234375,-11315.705078125,47442.5625,47683.06640625,-115838.9921875,47803.6796875,48003.94921875,0.0
1762982323.1991704,50422.41015625,50157.765625,-1022.3688354492188,50342.2109375,50574.3125,-112912.703125,50726.390625,50900.37890625,0.0
1762982323.201079,53336.80859375,53071.44921875,9384.9619140625,53268.32421875,53491.39453125,-110024.6796875,53651.4296875,53822.19921875,0.0
1762982323.2123308,56296.44921875,56029.74609375,19959.3046875,56240.2109375,56453.265625,-107111.9765625,56621.7109375,56788.8125,0.0
1762982323.2154052,59323.85546875,59055.90625,30849.25390625,59280.40625,59481.66015625,-104197.3125,59659.84765625,59824.08984375,0.0
1762982323.2154171,62464.45703125,62195.1640625,41594.6328125,62435.04296875,62618.7734375,-101327.796875,62811.53515625,62973.26953125,0.0
1762982323.2173166,65625.890625,65354.984375,52040.05078125,65610.6015625,65773.5859375,-98419.5625,65983.25,66142.9296875,0.0
1762982323.226087,68779.8046875,68507.4765625,62536.0703125,68785.53125,68910.5234375,-90971.515625,69146.2890625,69305.5234375,0.0
1762982323.2291641,71924.1640625,71650.484375,71074.171875,71962.515625,72035.0234375,-72736.875,72296.5390625,72458.1875,0.0
1762982323.2291856,74848.3984375,74574.0078125,75072.2734375,74908.1171875,74954.078125,-52693.43359375,75223.28125,75387.25,0.0
1762982323.2310507,77547.953125,77272.6640625,77793.1953125,77614.734375,77653.8046875,-33056.17578125,77923.90625,78089.3125,0.0
1762982323.2385907,80236.59375,79961.2265625,80494.359375,80309.9140625,80343.796875,-13330.2236328125,80613.71875,80780.640625,0.0
1762982323.2479181,82933.2890625,82657.9140625,83203.5703125,83013.21875,83042.1015625,6468.6845703125,83311.84375,83480.1953125,0.0
1762982323.2479372,85570.2578125,85294.796875,85852.6953125,85656.8984375,85679.875,25770.84765625,85950.7734375,86119.7578125,0.0
1762982323.2498653,88143.484375,87868.375,88436.828125,88236.46875,88254.6171875,44272.90625,88525.515625,88695.5703125,0.0
1762982323.253578,90773.8359375,90499.625,91073.6171875,90871.109375,90889.2578125,62656.0546875,91157.484375,91328.25,0.0
1762982323.2630796,93548.578125,93275.265625,93847.9140625,93646.5703125,93676.4375,80787.34375,93932.2265625,94104.3359375,0.0
1762982323.2631056,96338.3515625,96065.03125,96634.4609375,96433.65625,96486.671875,94469.7421875,96719.671875,96892.4921875,0.0
1762982323.2648273,99057.5703125,98784.609375,99351.5390625,99151.4453125,99220.921875,99264.9921875,99437.8203125,99611.359375,0.0
1762982323.276096,101762.9375,101490.15625,102057.0,101857.796875,101933.796875,102003.53125,102143.8125,102318.15625,0.0
1762982323.2791624,104494.765625,104222.34375,104788.734375,104590.4296875,104671.703125,104753.0625,104875.90625,105051.328125,0.0
1762982323.2791762,107246.4453125,106974.7421875,107540.7734375,107343.453125,107428.2109375,107516.6328125,107628.6640625,107805.421875,0.0
1762982323.2810707,110070.546875,109799.015625,110366.125,110169.4296875,110254.2734375,110343.4140625,110454.8125,110632.46875,0.0
1762982323.2898827,112890.9765625,112619.71875,113187.8125,112992.1875,113075.78125,113164.5625,113277.125,113455.9375,0.0
1762982323.295421,115695.765625,115425.21875,115993.7578125,115799.03125,115881.640625,115970.421875,116084.0546875,116264.2109375,0.0
1762982323.29543,118497.6015625,118227.4140625,118796.6640625,118602.5625,118684.4609375,118773.0625,118887.953125,119068.734375,0.0
1762982323.2973964,121145.03125,120875.46875,121445.3515625,121251.6015625,121333.0546875,121421.296875,121537.2578125,121718.9375,0.0
1762982323.306108,123379.0390625,123110.1953125,123680.5234375,123487.40625,123567.8671875,123656.296875,123772.8828125,123955.453125,0.0
1762982323.3091629,124934.90625,124666.5,125237.1015625,125044.515625,125124.359375,125212.5078125,125330.171875,125513.0078125,0.0
1762982323.3091743,126147.53125,125879.484375,126449.9921875,126258.0390625,126337.609375,126425.2265625,126543.9609375,126726.890625,0.0
1762982323.3111105,127315.2734375,127047.4140625,127618.0078125,127426.5,127506.0703125,127592.96875,127712.2421875,127895.703125,0.0
1762982323.322338,128545.15625,128277.6484375,128848.25,128657.0078125,128736.0390625,128823.125,128942.484375,129126.484375,0.0
1762982323.3292024,129719.3359375,129452.28125,130022.875,129831.6328125,129910.7578125,129997.21875,130117.375,130301.734375,0.0
1762982323.3292255,130788.0234375,130521.3203125,131092.0,130901.2109375,130979.7109375,131066.609375,131187.140625,131371.578125,0.0
1762982323.3310905,131767.296875,131501.125,132071.8125,131881.28125,131959.25,132046.421875,132167.03125,132352.015625,0.0
1762982323.3360517,132713.578125,132447.953125,133018.359375,132828.015625,132905.796875,132992.703125,133113.859375,133299.109375,0.0
1762982323.3398633,133687.84375,133422.390625,133992.71875,133802.734375,133880.15625,133966.890625,134088.484375,134273.734375,0.0
1762982323.3448317,134679.453125,134414.453125,134984.515625,134795.234375,134872.21875,134958.765625,135080.8125,135266.6875,0.0
1762982323.3473349,135625.75,135361.359375,135931.0625,135742.234375,135818.859375,135905.140625,136027.625,136214.3125,0.0
1762982323.3516684,136505.59375,136241.75,136811.28125,136622.1875,136699.34375,136785.625,136908.28125,137094.78125,0.0
1762982323.351678,137304.890625,137041.40625,137610.9375,137421.75,137498.8125,137584.921875,137708.125,137894.984375,0.0
1762982323.353632,138088.09375,137825.15625,138394.5,138205.671875,138282.203125,138368.03125,138492.21875,138679.078125,0.0
1762982323.3675191,138861.375,138598.53125,139168.140625,138979.671875,139055.9375,139141.3125,139265.765625,139452.890625,0.0
1762982323.3710833,139608.90625,139346.5,139915.9375,139727.375,139803.546875,139889.203125,140013.84375,140200.96875,0.0
1762982323.3785095,140409.28125,140147.5,140716.484375,140528.203125,140603.921875,140689.578125,140814.484375,141002.140625,0.0
1762982323.3785257,141239.875,140978.625,141547.25,141359.5,141434.515625,141520.078125,141645.6875,141833.359375,0.0
1762982323.3785331,142089.328125,141828.625,142396.984375,142209.3125,142284.5,142369.625,142495.328125,142683.53125,0.0
1762982323.3830128,142931.546875,142670.828125,143239.1875,143052.0625,143126.984375,143211.828125,143337.625,143526.28125,0.0
1762982323.3830287,143812.203125,143552.125,144120.203125,143933.53125,144007.921875,144092.765625,144218.734375,144407.828125,0.0
1762982323.38892,144780.125,144520.484375,145088.21875,144901.53125,144976.015625,145060.5,145187.46875,145376.734375,0.0
1762982323.3973613,145765.296875,145506.109375,146073.9375,145887.25,145961.546875,146045.765625,146173.359375,146363.078125,0.0
1762982323.3998404,146741.09375,146482.4375,147049.90625,146863.484375,146937.609375,147022.0,147149.671875,147339.390625,0.0
1762982323.4023445,147748.078125,147489.6875,148056.796875,147871.109375,147944.6875,148029.0,148157.46875,148347.015625,0.0
1762982323.4048226,148789.046875,148531.546875,149098.03125,148913.140625,148986.28125,149070.140625,149199.515625,149389.046875,0.0
1762982323.411091,149926.921875,149670.328125,150236.453125,150051.5625,150124.78125,150208.375,150337.9375,150528.359375,0.0
1762982323.4154449,151089.84375,150833.875,151399.640625,151215.015625,151288.0625,151371.296875,151501.296875,151692.09375,0.0
1762982323.415462,152220.125,151964.78125,152530.09375,152346.015625,152418.515625,152502.03125,152632.296875,152823.53125,0.0
1762982323.4185796,153253.046875,152998.5,153563.734375,153379.28125,153451.796875,153535.578125,153666.109375,153857.25,0.0
1762982323.4324076,154207.640625,153953.28125,154518.25,154334.25,154407.015625,154490.4375,154621.15625,154812.484375,0.0
1762982323.4416976,155113.15625,154859.234375,155424.03125,155240.5625,155312.71875,155396.046875,155527.296875,155719.0625,0.0
1762982323.4417157,156048.171875,155794.703125,156359.671875,156175.9375,156248.0,156331.421875,156463.203125,156655.34375,0.0
1762982323.4461007,157020.46875,156767.8125,157332.421875,157148.953125,157221.28125,157304.515625,157436.21875,157628.359375,0.0
1762982323.4485886,157951.109375,157699.25,158263.328125,158080.390625,158152.71875,158235.421875,158367.921875,158559.796875,0.0
1762982323.4510808,158763.015625,158511.96875,159075.671875,158893.015625,158965.078125,159047.953125,159180.8125,159372.5,0.0
1762982323.4535875,159438.21875,159187.171875,159750.703125,159568.3125,159640.09375,159722.71875,159855.84375,160047.796875,0.0
1762982323.4561107,160027.859375,159776.890625,160340.328125,160158.21875,160229.921875,160312.4375,160445.65625,160638.0625,0.0
1762982323.4586167,160556.078125,160305.5625,160868.734375,160686.515625,160758.9375,160841.015625,160974.234375,161167.078125,0.0
1762982323.4673913,161028.859375,160778.609375,161341.421875,161159.921875,161231.90625,161314.0625,161447.375,161640.140625,0.0
1762982323.4704316,161448.453125,161198.46875,161761.28125,161580.234375,161651.75,161733.828125,161867.671875,162060.078125,0.0
1762982323.470467,161734.734375,161484.484375,162047.203125,161866.15625,161938.03125,162019.9375,162153.6875,162346.265625,0.0
1762982323.472334,161847.015625,161596.859375,162160.296875,161978.71875,162050.6875,162132.40625,162266.4375,162458.828125,0.0
1762982323.483601,161822.4375,161572.1875,162135.453125,161954.125,162025.84375,162107.828125,162241.84375,162434.25,0.0
1762982323.4866679,161634.953125,161384.515625,161947.875,161766.640625,161837.640625,161920.421875,162054.09375,162246.671875,0.0
1762982323.486684,161390.875,161140.625,161703.875,161522.203125,161593.546875,161676.25,161809.921875,162002.765625,0.0
1762982323.488582,161102.703125,160852.640625,161415.8125,161233.953125,161305.578125,161387.921875,161521.671875,161714.078125,0.0
1762982323.496086,160770.921875,160520.484375,161083.9375,160902.265625,160973.609375,161055.953125,161189.4375,161381.75,0.0
1762982323.5055177,160360.984375,160110.203125,160673.734375,160492.0625,160563.671875,160645.921875,160779.328125,160971.546875,0.0
1762982323.505542,159848.421875,159597.8125,160161.4375,159979.40625,160051.109375,160133.984375,160266.84375,160458.984375,0.0
1762982323.5079181,159275.234375,159023.8125,159587.625,159405.3125,159476.9375,159560.171875,159692.765625,159884.984375,0.0
1762982323.5079317,158676.109375,158424.171875,158988.234375,158805.84375,158877.375,158960.515625,159092.921875,159285.15625,0.0
1762982323.5161045,158038.546875,157786.25,158350.3125,158167.296875,158239.359375,158322.875,158454.75,158646.78125,0.0
1762982323.5292237,157349.40625,157097.09375,157661.53125,157478.59375,157550.390625,157633.71875,157765.59375,157957.734375,0.0
1762982323.5292437,156603.578125,156350.28125,156915.421875,156732.140625,156804.109375,156887.265625,157019.046875,157210.734375,0.0
1762982323.531082,155819.296875,155565.5625,156130.78125,155947.0625,156019.296875,156102.53125,156233.96875,156425.734375,0.0
1762982323.533702,154923.96875,154669.96875,155235.203125,155051.375,155123.53125,155207.125,155337.75,155529.96875,0.0
1762982323.539878,153904.734375,153650.453125,154215.421875,154031.15625,154103.84375,154187.4375,154317.703125,154509.390625,0.0
1762982323.5491965,152767.75,152512.75,153077.890625,152893.265625,152966.234375,153050.359375,153180.09375,153371.421875,0.0
1762982323.5492196,151515.15625,151259.265625,151824.765625,151640.234375,151713.1875,151797.234375,151926.609375,152117.84375,0.0
1762982323.5535853,150128.09375,149871.5,150437.53125,150252.546875,150326.03125,150410.34375,150538.46875,150729.625,0.0
1762982323.5560782,148610.765625,148353.28125,148919.9375,148734.234375,148808.0,148892.390625,149020.25,149210.78125,0.0
1762982323.5585747,147029.78125,146771.3125,147338.59375,147152.359375,147226.125,147311.328125,147438.375,147628.71875,0.0
1762982323.5629396,145433.234375,145173.875,145741.703125,145554.921875,145628.859375,145714.34375,145840.9375,146030.921875,0.0
1762982323.5629542,143856.1875,143595.75,144163.75,143976.4375,144051.453125,144136.484375,144262.90625,144452.171875,0.0
1762982323.564859,142485.9375,142224.6875,142793.046875,142605.390625,142680.484375,142765.875,142891.40625,143080.140625,0.0
1762982323.5791862,141720.703125,141459.453125,142028.0,141840.421875,141915.4375,142000.546875,142126.25,142314.640625,0.0
1762982323.579203,141414.046875,141152.703125,141721.328125,141533.578125,141609.03125,141694.234375,141819.40625,142007.796875,0.0
1762982323.5819595,140612.5,140350.984375,140919.796875,140731.6875,140807.328125,140893.0625,141017.609375,141205.546875,0.0
1762982323.5819747,139104.203125,138841.890625,139410.875,139222.671875,139298.3125,139384.859375,139508.515625,139695.546875,0.0
1762982323.5973914,137282.28125,137018.796875,137587.78125,137398.765625,137475.65625,137562.125,137684.78125,137871.640625,0.0
1762982323.6010485,135535.0,135270.625,135840.3125,135650.421875,135727.75,135814.65625,135936.703125,136123.109375,0.0
1762982323.6010628,133945.515625,133680.6875,134250.390625,134060.5,134138.09375,134225.09375,134346.421875,134532.5625,0.0
1762982323.6010711,132349.15625,132083.703125,132653.234375,132462.875,132541.296875,132628.375,132749.15625,132934.5,0.0
1762982323.6041648,130528.0234375,130261.3203125,130831.3828125,130640.3203125,130719.359375,130806.3515625,130926.6015625,131111.21875,0.0
1762982323.6041782,128584.9453125,128317.4375,128888.03125,128695.8984375,128775.6484375,128862.8203125,128982.1796875,129166.625,0.0
1762982323.6060853,126674.140625,126405.6484375,126976.3359375,126784.1953125,126863.9453125,126951.65625,127069.8515625,127253.8515625,0.0
1762982323.613593,124711.8359375,124442.5390625,125012.7734375,124820.015625,124900.8359375,124988.8125,125106.1171875,125289.1328125,0.0
1762982323.62735,122729.6796875,122460.3828125,123030.265625,122836.7890625,122918.2421875,123006.484375,123122.890625,123305.015625,0.0
1762982323.631111,120763.4375,120493.703125,121063.3125,120869.4765625,120951.1953125,121040.15625,121155.1328125,121336.8046875,0.0
1762982323.6360621,118754.734375,118484.7265625,119054.3359375,118859.609375,118941.7734375,119030.734375,119145.3515625,119326.1328125,0.0
1762982323.6360776,116635.7890625,116365.6015625,116934.5859375,116739.234375,116822.109375,116910.984375,117024.890625,117204.6875,0.0
1762982323.6360855,114423.6796875,114152.78125,114721.5,114525.25,114608.7578125,114698.3359375,114810.9921875,114990.1640625,0.0
1762982323.639187,112214.2578125,111942.9921875,112510.8203125,112313.859375,112398.34375,112488.2890625,112599.8671875,112778.5,0.0
1762982323.6392057,109979.6171875,109708.0859375,110275.109375,110077.875,110162.8125,110252.84375,110363.53125,110541.5390625,0.0
1762982323.6748984,107565.1796875,107293.4765625,107859.9609375,107662.0078125,107747.84375,107838.234375,107947.3984375,108124.6875,0.0
1762982323.6783152,104931.0703125,104659.2734375,105225.1328125,105026.46875,105113.109375,105203.5,105311.6796875,105488.078125,0.0
1762982323.678331,102077.46875,101804.6875,102369.921875,102170.2734375,102258.1640625,102349.0,102455.5703125,102631.078125,0.0
1762982323.6804285,98976.296875,98702.984375,99267.0546875,99066.515625,99155.3828125,99246.6640625,99351.9921875,99526.3359375,0.0
1762982323.6804435,95603.6875,95330.28125,95893.4609375,95691.9375,95781.7890625,95873.34375,95977.4140625,96150.5,0.0
1762982323.6851943,91947.390625,91673.71875,92235.7265625,92032.7734375,92124.59375,92216.4140625,92318.7890625,92490.71875,0.0
1762982323.6873553,88079.109375,87804.359375,88365.5703125,88161.5390625,88254.703125,88346.5234375,88447.734375,88618.0546875,0.0
1762982323.6898572,84086.015625,83810.28125,84370.8671875,84165.140625,84260.1796875,84352.265625,84451.78125,84620.3984375,0.0
1762982323.6923623,80067.7109375,79791.9765625,80351.84375,80144.421875,80239.90625,80330.203125,80431.5078125,80598.4296875,0.0
1762982323.6948545,76027.8515625,75752.75,76312.4375,76104.3828125,76194.328125,76274.2578125,76391.203125,76555.9765625,0.0
1762982323.6973631,72069.8984375,71795.953125,72355.1953125,72147.234375,72227.34375,72190.1484375,72433.9609375,72595.609375,0.0
1762982323.6998708,68275.28125,68002.859375,68564.3359375,68356.46875,68410.828125,63492.3671875,68642.65625,68802.0703125,0.0
1762982323.7023437,64636.2421875,64365.25,64928.78125,64721.08984375,64746.48046875,43982.06640625,65007.28125,65164.19140625,0.0
1762982323.7048495,60991.02734375,60721.734375,61283.74609375,61075.609375,61091.96875,22222.28515625,61361.7109375,61516.47265625,0.0
1762982323.7098355,57408.04296875,57140.44921875,57699.95703125,57490.8359375,57506.390625,1460.3736572265625,57776.9375,57929.734375,0.0
1762982323.7129247,54135.30078125,53869.40625,54425.96484375,54216.03515625,54231.94921875,-17587.3359375,54501.9609375,54653.59375,0.0
1762982323.7129352,51222.51171875,50957.6875,51511.1171875,51300.7421875,51319.96484375,-34732.64453125,51583.8046875,51735.796875,0.0
1762982323.722348,48626.9375,48362.3828125,48909.46484375,48699.08984375,48734.49609375,-51008.73828125,48979.19921875,49132.71484375,0.0
1762982323.725222,46234.5859375,45969.58203125,46503.34375,46295.73828125,46363.15234375,-63537.78515625,46575.76171875,46731.15234375,0.0
1762982323.7273612,44056.72265625,43790.2890625,44311.3515625,44105.625,44199.05859375,-67641.03125,44388.421875,44545.6875,0.0
1762982323.7374392,42084.8515625,41816.71875,42326.25,42120.8828125,42231.296875,-69481.65625,42409.12890625,42568.54296875,0.0
1762982323.7464907,40235.2890625,39965.63671875,40463.72265625,40258.62109375,40384.77734375,-71192.0078125,40552.59375,40713.97265625,0.0
1762982323.7491884,38452.33203125,38181.25,38667.89453125,38463.33203125,38604.7734375,-72875.1875,38763.55859375,38926.28125,0.0
1762982323.749204,36793.1171875,36520.33984375,36996.69921875,36792.4921875,36946.62890625,-74443.921875,37098.4453125,37262.86328125,0.0
1762982323.7511096,35256.83984375,34982.1796875,35154.01953125,35237.4375,35409.27734375,-75842.3359375,35556.171875,35721.93359375,0.0
1762982323.7540088,33776.2578125,33499.9921875,30683.314453125,33718.58984375,33927.4453125,-77125.1484375,34069.06640625,34236.8828125,0.0
1762982323.7561057,32328.759765625,32051.0625,24103.5859375,32247.04296875,32478.6953125,-78403.484375,32615.845703125,32785.5390625,0.0
1762982323.758648,30985.6875,30706.6484375,17829.18359375,30886.177734375,31134.640625,-79644.2734375,31267.677734375,31438.802734375,0.0
1762982323.7615454,29774.849609375,29494.380859375,12020.5009765625,29661.5703125,29922.728515625,-80783.3203125,30052.01171875,30224.65625,0.0
1762982323.761558,28670.2265625,28388.59375,6561.66796875,28546.041015625,28816.67578125,-81802.7421875,28764.818359375,29111.896484375,0.0
1762982323.7711473,27618.353515625,27335.201171875,1283.7054443359375,27406.19140625,27763.638671875,-82810.0859375,26084.755859375,28039.548828125,0.0
1762982323.7735977,26715.1640625,26431.20703125,-3509.40283203125,25201.236328125,26859.19921875,-83807.515625,22735.658203125,27127.330078125,0.0
1762982323.7790072,26032.98828125,25748.40625,-7580.5498046875,21943.69140625,26176.12890625,-84715.7109375,20098.33203125,26439.87890625,0.0
1762982323.7816,25586.580078125,25301.55078125,-10945.91796875,19255.58203125,25729.18359375,-85534.6796875,18382.611328125,25990.609375,0.0
1762982323.787934,25262.2109375,24976.82421875,-13970.2880859375,17066.36328125,25404.189453125,-86360.7109375,17140.48046875,25664.005859375,0.0
1762982323.787949,25099.9375,24814.728515625,-16493.443359375,15473.041015625,25241.826171875,-87166.53125,16438.27734375,25500.48046875,0.0
1762982323.796672,25165.025390625,24879.548828125,-18271.568359375,14643.43359375,25306.736328125,-87868.1953125,16256.513671875,25565.12109375,0.0
1762982323.7966876,25425.736328125,25141.064453125,-19430.908203125,14517.369140625,25567.8046875,-88420.5546875,16403.140625,25826.189453125,0.0
1762982323.7985923,25784.794921875,25500.302734375,-20319.435546875,14832.9755859375,25926.951171875,-88956.28125,16957.017578125,26185.78515625,0.0
1762982323.8036077,26252.662109375,25968.525390625,-20950.380859375,15638.0859375,26395.265625,-89524.28125,17950.6875,26654.9921875,0.0
1762982323.8060925,26852.134765625,26568.267578125,-21243.9921875,16895.1484375,26994.828125,-90062.3359375,19503.775390625,27257.1484375,0.0
1762982323.8135867,27552.908203125,27269.845703125,-21195.35546875,18555.615234375,27695.958984375,-90547.90625,21460.267578125,27961.498046875,0.0
1762982323.8160896,28267.626953125,27985.369140625,-21026.287109375,20372.365234375,28411.03515625,-91107.6796875,23393.962890625,28679.8828125,0.0
1762982323.8185997,28978.501953125,28696.69140625,-20806.525390625,22142.623046875,29122.08984375,-91799.6015625,25201.951171875,29393.70703125,0.0
1762982323.835487,29720.1328125,29439.39453125,-20492.974609375,23844.841796875,29864.525390625,-92507.796875,27079.67578125,30138.556640625,0.0
1762982323.8355098,30498.95703125,30219.11328125,-20084.7421875,25492.34375,30643.70703125,-93144.1015625,29085.431640625,30919.4375,0.0
1762982323.8385344,31225.74609375,30947.33203125,-19878.390625,26897.107421875,31371.658203125,-93765.5703125,30802.224609375,31649.982421875,0.0
1762982323.8385496,31886.642578125,31608.765625,-19949.46875,28154.34765625,32032.734375,-94502.109375,32017.802734375,32326.97265625,0.0
1762982323.8385577,32452.142578125,32174.80078125,-20191.671875,29172.24609375,32598.412109375,-95192.5078125,32723.939453125,32901.6796875,0.0
1762982323.8411162,32891.75390625,32614.86328125,-20460.251953125,29863.541015625,33038.3828125,-95629.890625,33166.7734375,33342.27734375,0.0
1762982323.8498857,33319.390625,33042.67578125,-20583.6328125,30475.53125,33465.5703125,-95917.5078125,33595.12109375,33770.625,0.0
1762982323.8534794,33708.04296875,33432.04296875,-20721.498046875,30974.51171875,33854.84765625,-96213.4453125,33985.0234375,34160.26171875,0.0
1762982323.8534951,34184.671875,33908.4921875,-20583.6328125,31691.646484375,34331.20703125,-96503.390625,34462.3671875,34637.42578125,0.0
1762982323.854849,34746.14453125,34470.68359375,-20163.15234375,32648.568359375,34893.1328125,-96707.1484375,35025.36328125,35199.796875,0.0
1762982323.8623366,35337.21484375,35062.2890625,-19590.857421875,33738.3515625,35484.6484375,-96793.0703125,35618.04296875,35792.02734375,0.0
1762982323.8717086,35894.1328125,35619.5625,-19039.126953125,34768.41015625,36041.65234375,-96896.78125,36175.765625,36349.83984375,0.0
1762982323.87173,36457.84375,36183.98828125,-18406.39453125,35776.11328125,36605.54296875,-97008.453125,36741.171875,36914.7109375,0.0
1762982323.8804376,37076.8984375,36803.9375,-17633.29296875,36792.13671875,37225.04296875,-97058.7890625,37363.0,37535.64453125,0.0
1762982323.880455,37753.9765625,37481.46484375,-16702.564453125,37618.8828125,37902.2109375,-97023.921875,38041.6875,38214.2421875,0.0
1762982323.8829165,38352.2890625,38080.40234375,-16038.361328125,38210.3984375,38500.8828125,-97041.890625,38641.16015625,38813.1796875,0.0
1762982323.8829243,38808.171875,38536.82421875,-15456.947265625,38673.97265625,38956.9453125,-97160.7109375,39097.94140625,39269.78125,0.0
1762982323.8936207,39213.27734375,38942.55078125,-14399.9775390625,39083.7265625,39362.40625,-97293.3046875,39503.671875,39675.77734375,0.0
1762982323.897934,39637.9609375,39367.859375,-13170.900390625,39508.5,39787.5390625,-97389.5078125,39928.98046875,40101.4453125,0.0
1762982323.8979492,40000.953125,39730.8515625,-12112.0537109375,39870.953125,40150.53125,-97528.8046875,40292.0625,40464.6171875,0.0
1762982323.9117074,40328.1796875,40058.62109375,-11109.80078125,40197.19921875,40477.671875,-97759.6484375,40619.46875,40792.203125,0.0
1762982323.9117289,40727.5625,40458.8046875,-9842.904296875,40596.40234375,40877.5859375,-97969.3984375,41019.65625,41192.30078125,0.0
1762982323.914198,41232.265625,40963.86328125,-8256.5556640625,41101.1953125,41382.0234375,-98072.0390625,41524.8046875,41697.1796875,0.0
1762982323.914214,41733.83984375,41466.15234375,-6662.9658203125,41603.39453125,41884.578125,-98163.140625,42027.62890625,42199.91796875,0.0
1762982323.9202385,42206.7109375,41939.7421875,-5050.86865234375,42077.0703125,42357.8984375,-98335.5234375,42501.30859375,42673.50390625,0.0
1762982323.929193,42752.98828125,42486.375,-3112.257080078125,42623.97265625,42904.0859375,-98482.234375,43048.56640625,43220.49609375,0.0
1762982323.929208,43418.17578125,43151.7421875,-764.6979370117188,43290.234375,43569.36328125,-98493.4140625,43715.0078125,43886.66796875,0.0
1762982323.944308,44102.5859375,43836.78125,1691.8482666015625,43976.61328125,44254.04296875,-98447.7265625,44400.9375,44572.59765625,0.0
1762982323.944442,44758.296875,44493.02734375,4136.86083984375,44634.109375,44910.19921875,-98502.9765625,45058.79296875,45229.47265625,0.0
1762982323.9497178,45478.73828125,45214.18359375,6825.150390625,45357.4140625,45631.53515625,-98562.6171875,45781.29296875,45951.79296875,0.0
1762982323.9497333,46304.58984375,46040.125,9840.7578125,46186.39453125,46457.4765625,-98515.8515625,46608.93359375,46778.89453125,0.0
1762982323.9517727,47175.50390625,46911.21875,12954.177734375,47060.796875,47328.92578125,-98383.4453125,47482.34765625,47651.5078125,0.0
1762982323.9536111,48006.6328125,47742.25390625,15948.5068359375,47894.875,48160.58984375,-98313.3515625,48315.62109375,48484.15625,0.0
1762982323.9560988,48893.81640625,48629.3515625,19211.59375,48783.578125,49048.3125,-98228.6796875,49205.66796875,49373.484375,0.0
1762982323.9585996,50023.5625,49759.0078125,23040.537109375,49920.92578125,50178.68359375,-98009.9921875,50339.26171875,50505.6484375,0.0
1762982323.9648502,51358.3203125,51093.05078125,26925.001953125,51264.35546875,51514.15625,-97642.171875,51678.3984375,51843.53125,0.0
1762982323.9691954,52674.2109375,52409.03125,30768.072265625,52587.84765625,52830.94140625,-97285.703125,52998.671875,53162.734375,0.0
1762982323.969212,54056.80078125,53791.0859375,34894.3828125,53979.375,54213.98046875,-96915.109375,54386.1796875,54548.80859375,0.0
1762982323.98279,55590.48828125,55323.96875,39564.46875,55524.328125,55746.59375,-96394.5859375,55925.67578125,56086.7890625,0.0
1762982323.9860725,57258.01953125,56990.78125,44727.6328125,57205.359375,57411.890625,-95681.3828125,57599.46484375,57759.0546875,0.0
1762982323.986088,58947.6328125,58679.6796875,50043.58984375,58910.3515625,59099.8046875,-94939.484375,59295.6953125,59453.67578125,0.0
1762982323.986096,60735.14453125,60466.4765625,55813.47265625,60714.31640625,60885.08203125,-94190.34375,61089.734375,61246.1953125,0.0
1762982323.9911063,62710.68359375,62440.76171875,61508.0703125,62714.97265625,62857.3984375,-93281.4375,63071.08203125,63226.203125,0.0
1762982323.993638,64876.92578125,64606.2890625,65037.0546875,64915.37109375,65014.87890625,-91031.5078125,65241.8828125,65398.34765625,0.0
1762982323.9961083,67144.375,66872.21875,67377.3671875,67199.2734375,67264.359375,-82262.3828125,67513.984375,67672.4140625,0.0
1762982324.002378,69531.6328125,69258.671875,69777.140625,69595.109375,69641.15625,-69706.6015625,69904.546875,70064.5,0.0
1762982324.0092072,72016.609375,71742.9375,72272.9375,72086.078125,72121.390625,-56352.23828125,72391.40625,72552.78125,0.0
1762982324.009224,74566.2265625,74291.5703125,74832.484375,74641.0625,74671.28125,-41589.53515625,74941.734375,75105.3515625,0.0
1762982324.011104,77190.3203125,76914.859375,77466.5,77270.703125,77296.359375,-26212.25,77566.4609375,77732.1328125,0.0
1762982324.0198576,79842.578125,79566.7578125,80129.1328125,79928.140625,79949.6015625,-11019.2314453125,80219.703125,80386.7109375,0.0
1762982324.0252004,82590.859375,82315.0390625,82885.90625,82681.25,82698.6875,4561.90185546875,82969.234375,83137.40625,0.0
1762982324.0311215,85463.421875,85187.6875,85761.6796875,85556.671875,85572.4921875,20956.28125,85843.3125,86013.0,0.0
1762982324.0335932,88341.34375,88066.59375,88641.125,88437.3671875,88452.0234375,37473.68359375,88723.5546875,88894.3203125,0.0
1762982324.0367253,91138.5234375,90864.140625,91439.1171875,91236.6953125,91251.71875,53244.18359375,91522.890625,91694.1953125,0.0
1762982324.036744,93999.90625,93725.7890625,94300.765625,94098.96875,94117.8359375,68958.171875,94385.4296875,94557.625,0.0
1762982324.062551,96984.2265625,96710.4609375,97284.5390625,97083.46875,97113.4140625,84702.7421875,97369.5703125,97542.9296875,0.0
1762982324.06738,99935.1875,99661.875,100233.2734375,100033.1796875,100083.25,97717.453125,100318.8359375,100493.71875,0.0
1762982324.0698707,102746.859375,102474.3515625,103042.9765625,102844.046875,102909.4921875,102930.5,103129.703125,103305.1171875,0.0
1762982324.0723524,105494.3359375,105222.359375,105790.546875,105592.4140625,105663.2265625,105726.9765625,105877.8046875,106054.203125,0.0
1762982324.0748343,108226.796875,107955.0,108523.1796875,108325.859375,108402.03125,108475.2578125,108611.15625,108788.4453125,0.0
1762982324.077223,110925.6328125,110654.1953125,111222.375,111025.765625,111106.1484375,111188.1328125,111311.2421875,111489.2578125,0.0
1762982324.0813887,113532.921875,113261.8359375,113830.375,113634.3046875,113717.2734375,113805.078125,113919.9609375,114099.046875,0.0
1762982324.0923562,116108.734375,115838.6328125,116407.0,116212.265625,116294.8828125,116383.2109375,116497.5625,116677.71875,0.0
1762982324.0979652,118724.6953125,118454.4140625,119023.8515625,118829.65625,118911.5546875,118999.6171875,119115.3984375,119296.453125,0.0
1762982324.1004384,121393.3125,121123.5703125,121693.453125,121500.2421875,121581.6953125,121669.3984375,121785.5390625,121967.484375,0.0
1762982324.1004508,124039.8515625,123770.5546875,124341.1484375,124148.390625,124228.6796875,124316.3828125,124433.953125,124616.703125,0.0
1762982324.102388,126637.4765625,126369.078125,126939.765625,126747.6328125,126827.3828125,126914.90625,127033.5546875,127217.1953125,0.0
1762982324.1048644,129249.0546875,128982.0,129552.234375,129360.8203125,129440.03125,129527.46875,129646.6484375,129831.546875,0.0
1762982324.10862,131893.53125,131627.46875,132197.515625,132007.078125,132085.5,132172.578125,132292.828125,132478.609375,0.0
1762982324.1086397,134504.484375,134239.578125,134809.09375,134619.5625,134697.078125,134783.625,134905.5625,135091.796875,0.0
1762982324.1086476,137076.90625,136813.25,137382.234375,137193.578125,137269.9375,137356.484375,137479.421875,137666.1875,0.0
1762982324.1111195,139652.640625,139390.484375,139958.578125,139770.65625,139846.46875,139932.5625,140056.84375,140244.78125,0.0
1762982324.11861,142237.921875,141977.03125,142544.765625,142357.46875,142432.46875,142518.390625,142643.75,142832.21875,0.0
1762982324.1211016,144770.640625,144510.921875,145078.296875,144891.703125,144966.171875,145051.65625,145177.8125,145367.34375,0.0
1762982324.1236048,147217.625,146959.421875,147526.171875,147340.65625,147414.234375,147499.078125,147626.125,147816.65625,0.0
1762982324.1261165,149633.21875,149376.53125,149942.84375,149757.765625,149830.546875,149915.296875,150043.609375,150234.390625,0.0
1762982324.1314619,151908.0,151652.21875,152217.984375,152033.71875,152106.046875,152190.4375,152319.90625,152511.140625,121.0
1762982324.1454968,153615.40625,153361.046875,153926.015625,153742.375,153814.515625,153898.390625,154028.828125,154220.25,0.0
1762982324.1455312,154875.0625,154621.234375,155186.015625,155002.734375,155075.15625,155158.484375,155289.015625,155481.0625,0.0
1762982324.1473515,156157.515625,155903.875,156468.65625,156285.28125,156357.875,156440.9375,156572.09375,156763.96875,0.0
1762982324.1499655,157417.53125,157164.59375,157728.484375,157545.46875,157617.890625,157700.78125,157832.65625,158024.96875,0.0
1762982324.157572,158649.375,158397.34375,158961.234375,158778.671875,158851.0,158933.515625,159065.65625,159258.328125,0.0
1762982324.1698608,159851.734375,159600.046875,160163.75,159981.71875,160053.96875,160136.046875,160269.4375,160461.65625,0.0
1762982324.1723578,160983.53125,160732.65625,161295.828125,161114.15625,161186.3125,161268.203125,161401.421875,161594.359375,0.0
1762982324.1754513,162114.171875,161864.015625,162426.640625,162245.78125,162316.953125,162399.296875,162532.859375,162726.25,0.0
1762982324.17547,163287.640625,163037.75,163600.828125,163419.78125,163490.859375,163572.84375,163707.40625,163900.609375,0.0
1762982324.1773431,164407.734375,164158.90625,164721.90625,164541.03125,164612.296875,164693.5625,164828.5625,165021.78125,0.0
1762982324.1802187,165512.171875,165263.890625,165826.796875,165646.375,165717.71875,165798.453125,165934.0,166127.03125,0.0
1762982324.1836302,166674.015625,166426.09375,166988.8125,166808.75,166879.65625,166960.75,167096.46875,167289.84375,0.0
1762982324.1886203,167850.34375,167603.046875,168165.6875,167985.796875,168056.34375,168137.609375,168273.59375,168467.4375,0.0
1762982324.1911209,168928.6875,168681.828125,169244.015625,169064.765625,169135.125,169216.21875,169352.828125,169546.84375,0.0
1762982324.1942017,169886.859375,169640.71875,170203.09375,170024.09375,170093.921875,170174.921875,170311.984375,170506.0,0.0
1762982324.1942167,170826.703125,170580.828125,171142.75,170964.296875,171034.125,171114.953125,171252.1875,171446.109375,0.0
1762982324.1966865,171771.015625,171526.046875,172087.78125,171909.421875,171978.984375,172059.796875,172197.671875,172391.5,0.0
1762982324.1966996,172626.828125,172382.109375,172944.125,172765.84375,172835.046875,172915.96875,173054.359375,173248.109375,0.0
1762982324.2036119,173386.15625,173141.359375,173703.375,173525.453125,173594.46875,173675.125,173813.796875,174007.796875,0.0
1762982324.2179453,174111.6875,173866.984375,174429.453125,174251.078125,174320.015625,174400.484375,174539.234375,174733.703125,0.0
1762982324.2179613,174853.140625,174608.96875,175171.4375,174993.609375,175062.09375,175142.5625,175281.5,175476.046875,0.0
1762982324.2204428,175566.796875,175322.890625,175885.265625,175707.703125,175776.359375,175856.375,175995.859375,176190.578125,0.0
1762982324.2204576,176203.640625,175959.921875,176522.109375,176344.625,176413.03125,176493.40625,176632.609375,176827.4375,0.0
1762982324.2267153,176801.234375,176557.875,177119.875,176942.671875,177010.984375,177091.53125,177230.75,177425.5625,0.0
1762982324.2267308,177369.5,177126.5,177688.421875,177511.484375,177579.34375,177659.90625,177799.734375,177994.1875,0.0
1762982324.232963,177887.96875,177645.234375,178207.25,178030.484375,178098.265625,178178.28125,178318.828125,178513.375,0.0
1762982324.2329853,178385.078125,178142.609375,178704.265625,178527.953125,178595.90625,178675.5625,178816.28125,179010.921875,0.0
1762982324.2466908,178900.15625,178657.6875,179219.328125,179043.375,179111.0625,179190.546875,179331.09375,179526.359375,0.0
1762982324.2467065,179384.015625,179141.734375,179703.65625,179527.609375,179595.203125,179674.78125,179815.40625,180010.671875,0.0
1762982324.2504392,179838.84375,179596.90625,180158.5625,179982.78125,180049.65625,180129.5,180270.5,180465.671875,0.0
1762982324.2504537,180145.59375,179903.828125,180465.578125,180289.71875,180356.5,180436.609375,180577.609375,180772.78125,0.0
1762982324.2595875,180199.234375,179957.75,180519.3125,180343.53125,180410.59375,180490.4375,180631.421875,180826.515625,0.0
1762982324.2596023,180174.375,179932.625,180494.375,180318.5,180385.203125,180465.40625,180606.578125,180801.65625,0.0
1762982324.2673633,180188.234375,179946.484375,180507.953125,180332.09375,180398.96875,180478.984375,180620.078125,180815.078125,0.0
1762982324.2766924,180111.796875,179869.765625,180431.421875,180255.921875,180322.53125,180402.453125,180543.1875,180738.53125,0.0
1762982324.276707,179946.921875,179704.90625,180266.46875,180090.609375,180157.484375,180237.328125,180377.78125,180573.40625,0.0
1762982324.2785769,179781.265625,179539.40625,180101.0625,179924.9375,179992.171875,180071.734375,180212.640625,180407.734375,0.0
1762982324.2810545,179673.796875,179431.859375,179993.6875,179817.203125,179884.796875,179964.09375,180105.0,180300.171875,0.0
1762982324.2874162,179594.21875,179352.734375,179914.46875,179738.171875,179805.484375,179884.96875,180025.96875,180221.140625,0.0
1762982324.314898,179493.546875,179251.703125,179813.53125,179637.40625,179704.71875,179783.9375,179925.203125,180120.46875,0.0
1762982324.3175871,179370.609375,179128.671875,179690.421875,179514.109375,179581.4375,179661.28125,179802.171875,179997.0,0.0
1762982324.319852,179230.78125,178988.75,179550.40625,179373.828125,179441.78125,179521.265625,179662.25,179856.984375,0.0
1762982324.331702,179056.25,178813.875,179375.625,179199.125,179267.34375,179346.296875,179487.375,179682.375,0.0
1762982324.3317187,178823.171875,178580.703125,179142.171875,178965.953125,179034.171875,179113.484375,179253.9375,179448.9375,0.0
1762982324.3336132,178523.75,178281.09375,178842.75,178666.796875,178734.296875,178814.140625,178954.25,179149.328125,0.0
1762982324.336107,178152.796875,177910.15625,178472.25,178295.84375,178363.265625,178443.375,178583.5625,178778.375,0.0
1762982324.3386087,177700.21875,177457.75,178019.21875,177842.640625,177910.328125,177990.4375,178130.8125,178325.4375,0.0
1762982324.3411224,177163.59375,176920.765625,177482.34375,177305.578125,177374.0625,177453.453125,177593.640625,177788.640625,0.0
1762982324.3436296,176571.71875,176328.453125,176890.1875,176713.4375,176782.015625,176861.671875,177001.5,177196.40625,0.0
1762982324.3461075,175933.8125,175690.53125,176252.1875,176075.25,176143.640625,176223.671875,176362.96875,176557.875,0.0
1762982324.3490767,175228.921875,174985.203125,175546.9375,175369.46875,175438.3125,175518.515625,175657.453125,175852.265625,0.0
1762982324.3516164,174413.984375,174169.890625,174731.546875,174553.984375,174622.75,174703.296875,174841.96875,175036.34375,0.0
1762982324.3536325,173491.203125,173246.5,173808.609375,173630.859375,173699.796875,173780.171875,173918.484375,174113.03125,0.0
1762982324.3564444,172491.015625,172246.390625,172808.234375,172629.953125,172699.515625,172779.703125,172918.109375,173112.296875,0.0
1762982324.3624997,171432.53125,171187.375,171749.203125,171570.921875,171640.21875,171721.390625,171859.0,172052.65625,0.0
1762982324.3685808,170276.671875,170030.796875,170592.546875,170413.640625,170483.734375,170564.46875,170702.0625,170895.640625,0.0
1762982324.3685956,169027.828125,168781.15625,169343.34375,169164.09375,169234.28125,169315.28125,169452.421875,169645.8125,0.0
1762982324.3701882,167720.4375,167473.3125,168035.78125,167856.0625,167926.515625,168007.609375,168144.21875,168337.078125,0.0
1762982324.3766985,166361.265625,166113.609375,166675.984375,166496.0,166566.734375,166648.171875,166783.984375,166976.5625,0.0
1762982324.376712,164912.4375,164663.796875,165226.421875,165046.0,165117.0,165198.71875,165333.890625,165526.484375,0.0
1762982324.3790016,163394.203125,163144.578125,163707.578125,163526.796875,163597.96875,163679.6875,163814.328125,164007.09375,0.0
1762982324.3816044,161832.984375,161582.640625,162145.46875,161964.140625,162035.765625,162117.296875,162251.859375,162444.53125,0.0
1762982324.3858204,160255.3125,160004.34375,160567.703125,160385.671875,160457.546875,160539.4375,160673.203125,160865.6875,0.0
1762982324.3858328,158648.125,158396.09375,158959.625,158777.5,158849.46875,158931.734375,159064.671875,159256.984375,0.0
1762982324.3898764,157006.796875,156753.78125,157317.84375,157135.359375,157207.0625,157289.859375,157422.359375,157614.5,0.0
1762982324.394205,155333.09375,155079.265625,155643.78125,155460.59375,155532.828125,155615.71875,155747.5,155939.1875,0.0
1762982324.3942199,153621.84375,153367.3125,153932.265625,153748.359375,153820.953125,153904.203125,154034.8125,154226.6875,0.0
1762982324.4008589,151829.953125,151574.609375,152139.921875,151955.484375,152028.34375,152111.9375,152242.03125,152433.1875,0.0
1762982324.400877,149927.015625,149670.5,150236.359375,150051.109375,150124.515625,150208.734375,150337.9375,150528.28125,0.0
1762982324.4196818,147918.84375,147661.0,148227.203125,148041.78125,148115.546875,148200.203125,148328.234375,148517.875,0.0
1762982324.4196985,145836.015625,145577.09375,146143.765625,145957.703125,146031.90625,146116.84375,146243.890625,146433.53125,0.0
1762982324.421696,143675.046875,143414.515625,143982.171875,143795.03125,143869.953125,143955.078125,144081.3125,144270.421875,0.0
1762982324.4217112,141445.953125,141184.171875,141752.359375,141564.875,141640.421875,141725.625,141851.0625,142039.0,0.0
1762982324.4236164,139167.0625,138903.9375,139472.921875,139284.546875,139360.984375,139446.28125,139570.921875,139758.140625,0.0
1762982324.426525,136797.515625,136533.3125,137103.015625,136914.015625,136990.8125,137076.8125,137200.28125,137387.0625,0.0
1762982324.4304583,134279.453125,134014.1875,134583.96875,134394.609375,134471.765625,134558.140625,134680.359375,134866.3125,0.0
1762982324.4304776,131562.015625,131295.40625,131865.640625,131675.390625,131753.34375,131840.4375,131961.046875,132146.296875,0.0
1762982324.4386156,128699.4765625,128431.875,129002.296875,128811.140625,128889.90625,128977.4375,129096.890625,129280.796875,0.0
1762982324.4458034,125759.1484375,125490.8359375,126061.0703125,125869.0234375,125949.046875,126036.3984375,126155.0390625,126337.7890625,0.0
1762982324.4458191,122784.7578125,122515.7265625,123085.609375,122892.7578125,122973.578125,123061.46875,123178.59375,123360.625,0.0
1762982324.4567127,119775.671875,119505.6640625,120075.1875,119881.4375,119962.984375,120051.5859375,120167.09375,120348.328125,0.0
1762982324.4567266,116799.5859375,116529.3046875,117098.2890625,116903.4765625,116986.0859375,117074.6015625,117188.953125,117368.9296875,0.0
1762982324.4779484,113897.703125,113626.9765625,114195.0703125,113999.7109375,114083.1328125,114171.9140625,114284.8359375,114463.734375,0.0
1762982324.477965,111068.953125,110797.515625,111365.15625,111169.0859375,111253.1328125,111342.4453125,111454.4765625,111632.125,0.0
1762982324.4833388,108285.265625,108013.6484375,108580.21875,108383.4375,108468.640625,108558.046875,108668.8203125,108846.1171875,0.0
1762982324.4833572,105581.2421875,105309.1796875,105874.765625,105677.171875,105763.453125,105853.3046875,105962.4765625,106138.6015625,0.0
1762982324.4896543,103002.7421875,102730.140625,103295.28125,103096.890625,103183.8828125,103274.453125,103382.3671875,103557.3359375,0.0
1762982324.489669,100549.234375,100276.4609375,100840.9765625,100641.59375,100729.484375,100820.5,100927.1640625,101101.6796875,0.0
1762982324.4910564,98143.3828125,97870.0703125,98434.046875,98233.8671875,98322.46875,98414.109375,98519.703125,98693.234375,0.0
1762982324.4974167,95771.1484375,95497.3828125,96060.2890625,95859.84375,95949.15625,96040.9765625,96146.125,96318.234375,0.0
1762982324.4998937,93481.6171875,93207.671875,93770.3125,93568.6953125,93659.0,93750.90625,93855.0703125,94026.4609375,0.0
1762982324.5029376,91279.1640625,91004.6875,91566.96875,91364.4609375,91456.0078125,91547.7421875,91650.828125,91821.8671875,0.0
1762982324.5029523,89086.8125,88812.25,89373.546875,89170.4140625,89262.765625,89355.0390625,89456.6953125,89627.1953125,0.0
1762982324.5048747,86871.671875,86596.828125,87157.59375,86953.4765625,87046.90625,87138.8125,87239.9375,87409.453125,0.0
1762982324.509751,84681.46875,84406.09375,84966.3125,84761.6640625,84855.984375,84948.1640625,85047.9453125,85217.1953125,0.0
1762982324.509766,82526.0390625,82250.4921875,82810.1796875,82605.078125,82700.1171875,82792.65625,82891.09375,83059.625,0.0
1762982324.5229535,80359.0859375,80083.53125,80642.859375,80436.421875,80532.53125,80625.4296875,80722.96875,80890.0703125,0.0
1762982324.5229695,78139.828125,77864.0078125,78422.9765625,78215.734375,78313.09375,78405.8984375,78502.9921875,78668.1328125,0.0
1762982324.527368,75935.9453125,75660.75,76218.46875,76010.953125,76109.390625,76202.015625,76298.21875,76462.1953125,0.0
1762982324.5348773,73797.1484375,73522.7578125,74079.3203125,73871.265625,73971.1328125,74064.2109375,74158.4453125,74321.34375,0.0
1762982324.5379052,71707.6171875,71433.765625,71989.25,71781.6484375,71881.3359375,71975.03125,72068.375,72230.2890625,0.0
1762982324.5398672,69620.4140625,69347.09375,69901.59375,69693.7265625,69794.1328125,69888.453125,69980.8984375,70140.7578125,0.0
1762982324.5427568,67615.90625,67343.5703125,67896.6484375,67688.5078125,67790.4296875,67884.7578125,67975.859375,68134.2890625,0.0
1762982324.5448754,65749.8046875,65478.3671875,66027.7734375,65820.8828125,65924.0625,66019.453125,66109.0390625,66266.1328125,0.0
1762982324.5480733,64019.95703125,63749.32421875,64292.47265625,64087.91015625,64193.85546875,64289.7890625,64378.03515625,64534.2265625,0.0
1762982324.5480905,62347.06640625,62077.59375,62613.85546875,62411.70703125,62520.78125,62617.4296875,62704.15625,62859.546875,0.0
1762982324.55617,60778.328125,60509.3046875,61038.32421875,60837.78515625,60951.33203125,61048.4296875,61134.6171875,61288.6640625,0.0
1762982324.5607948,59370.171875,59101.76953125,59623.81640625,59423.45703125,59541.296875,59636.6015625,59725.7421875,59879.34375,0.0
1762982324.5608115,58101.93359375,57833.890625,58349.140625,58148.87109375,58270.91015625,58363.08984375,58457.0546875,58610.390625,0.0
1762982324.566121,56887.96484375,56620.63671875,57129.00390625,56928.28515625,57054.52734375,57143.3984375,57242.1953125,57394.9921875,0.0
1762982324.5702605,55745.7890625,55479.265625,55981.46484375,55780.2109375,55909.76171875,55995.234375,56099.21484375,56251.83203125,0.0
1762982324.5851712,54731.2890625,54465.390625,54961.69140625,54760.34765625,54892.3984375,54975.1015625,55084.53515625,55236.34765625,0.0
1762982324.5851865,53866.27734375,53600.91796875,54092.65625,53890.41796875,54025.421875,54104.8125,54219.34375,54370.44140625,0.0
1762982324.585194,53064.296875,52799.203125,53286.828125,53084.5,53221.3828125,53297.828125,53416.91796875,53568.10546875,0.0
1762982324.5879428,52302.01171875,52037.1875,52520.7890625,52318.4609375,52456.7734375,52530.08984375,52654.72265625,52805.640625,0.0
1762982324.5879576,51639.23828125,51374.68359375,51854.796875,51652.46875,51791.3203125,51861.859375,51991.58984375,52142.33203125,0.0
1762982324.5974033,51067.8359375,50803.640625,51280.984375,51078.296875,51218.30859375,51285.90234375,51420.01171875,51570.75,0.0
1762982324.5998645,50505.19921875,50241.0,50715.0390625,50511.7265625,50653.61328125,50714.859375,50857.015625,51007.48828125,0.0
1762982324.6023653,49905.01171875,49640.72265625,50113.1484375,49909.9296875,50042.78515625,49579.12109375,50258.52734375,50408.37109375,0.0
1762982324.6048589,49349.703125,49084.87890625,49557.30859375,49353.90625,49471.921875,46457.56640625,49705.72265625,49855.2109375,0.0
1762982324.608626,48863.95703125,48599.22265625,49069.32421875,48865.7421875,48980.8984375,42893.89453125,49220.15234375,49369.73046875,0.0
1762982324.6236591,48388.84765625,48124.46875,48591.890625,48388.04296875,48501.41015625,39557.40234375,48745.3125,48894.80078125,0.0
1762982324.627061,47847.3984375,47583.55859375,48047.58203125,47843.8203125,47955.671875,35750.1875,48204.578125,48353.80078125,0.0
1762982324.6270769,47343.58984375,47079.390625,47540.91015625,47337.0625,47447.75,32115.970703125,47700.6796875,47849.6328125,0.0
1762982324.6290174,46957.796875,46693.51171875,47142.78125,46947.78515625,47059.90234375,29398.087890625,47315.16015625,47464.2890625,0.0
1762982324.6311371,46651.1328125,46386.93359375,46488.0546875,46620.46484375,46752.07421875,27524.20703125,47007.6875,47156.8203125,0.0
1762982324.63365,46238.51953125,45974.14453125,44907.60546875,46188.18359375,46337.671875,24997.029296875,46594.0,46743.1328125,0.0
1762982324.642388,45809.27734375,45544.8125,43154.06640625,45755.0078125,45906.8203125,22047.671875,46165.1171875,46313.80078125,0.0
1762982324.6455112,45471.31640625,45206.2265625,41601.42578125,45412.84765625,45567.51953125,19560.81640625,45826.53125,45975.125,0.0
1762982324.645528,45225.5390625,44960.0,40252.09765625,45163.04296875,45319.86328125,17712.505859375,45580.83984375,45729.4375,0.0
1762982324.651137,44846.00390625,44580.64453125,38453.5859375,44778.32421875,44937.73828125,15035.9296875,45201.7578125,45349.63671875,0.0
1762982324.6592214,44351.5859375,44086.046875,36257.125,44276.3046875,44444.92578125,12181.8798828125,44705.81640625,44854.05078125,0.0
1762982324.6592467,43939.95703125,43673.96875,34263.796875,43858.41796875,44032.9375,10167.2724609375,44293.91796875,44442.33203125,0.0
1762982324.6611469,43631.859375,43365.42578125,32535.6484375,43545.04296875,43724.84375,8993.26953125,43985.91015625,44133.5234375,0.0
1762982324.6673908,43275.75,43008.87109375,30706.6484375,43183.03515625,43368.2890625,7506.25244140625,43629.0859375,43776.69921875,0.0
1762982324.6708505,42929.92578125,42662.59765625,28997.27734375,42828.625,43022.015625,5549.84912109375,43282.8125,43430.60546875,0.0
1762982324.6708648,42730.01171875,42462.59375,27776.15625,42481.1015625,42821.47265625,4195.51220703125,43082.72265625,43230.2421875,0.0
1762982324.678743,42686.2890625,42418.875,27020.220703125,41984.98046875,42777.93359375,3875.25634765625,43037.75,43185.44921875,0.0
1762982324.6829736,42637.921875,42370.23828125,26229.7734375,41398.5625,42729.38671875,3581.55419921875,42988.93359375,43136.72265625,0.0
1762982324.683003,42547.80078125,42280.0234375,25339.81640625,40860.8671875,42639.171875,2662.8974609375,42898.6328125,43046.6015625,0.0
1762982324.6861389,42556.65234375,42288.875,24758.224609375,40661.04296875,42647.7578125,2108.931884765625,42907.6640625,43055.00390625,0.0
1762982324.7049053,42712.75390625,42445.33984375,24590.49609375,40853.359375,42804.12890625,2522.70751953125,43063.765625,43211.2890625,0.0
1762982324.7079716,42890.67578125,42623.4375,24440.11328125,41100.92578125,42982.49609375,3143.9072265625,43241.95703125,43389.4765625,0.0
1762982324.7079928,43003.41796875,42736.71484375,24118.6953125,41231.55078125,43095.328125,2949.625732421875,43354.78515625,43502.578125,0.0
1762982324.7161362,43195.73046875,42929.03125,24077.2109375,41598.4765625,43287.1953125,2866.656005859375,43547.1015625,43695.0703125,0.0
1762982324.7192657,43511.6953125,43245.3515625,24394.60546875,42250.1640625,43603.60546875,3521.740966796875,43863.6015625,44011.30078125,0.0
1762982324.7211456,43874.2421875,43608.43359375,24809.72265625,42999.03515625,43966.6875,4556.8056640625,44226.86328125,44374.47265625,0.0
1762982324.724253,44159.8984375,43893.91015625,24980.578125,43566.76953125,44252.34375,4757.43505859375,44512.60546875,44660.57421875,0.0
1762982324.7261305,44504.203125,44238.21875,25327.568359375,44254.66796875,44596.6484375,4841.8349609375,44857.5390625,45005.77734375,0.0
1762982324.7286446,44976.5390625,44710.91015625,26020.3828125,44868.984375,45069.078125,5621.732421875,45330.50390625,45478.91796875,0.0
1762982324.734348,45532.5625,45267.29296875,26887.00390625,45430.546875,45625.45703125,7024.169921875,45886.8828125,46035.4765625,0.0
1762982324.7363617,46031.453125,45766.80859375,27539.763671875,45931.40625,46124.8828125,7784.8447265625,46386.30859375,46535.171875,0.0
1762982324.7389705,46583.18359375,46318.984375,28359.26953125,46485.73046875,46676.79296875,8316.9052734375,46938.6640625,47087.6171875,0.0
1762982324.757877,47289.23046875,47024.94140625,29612.84375,47194.7265625,47382.83984375,9562.166015625,47645.16015625,47794.37890625,0.0
1762982324.7578936,48147.5390625,47883.33984375,31246.220703125,48057.23828125,48241.86328125,11706.056640625,48504.26953125,48653.7578125,0.0
1762982324.757902,49028.734375,48764.4453125,32860.10546875,48943.08203125,49123.86328125,13482.0361328125,49386.09375,49535.9375,0.0
1762982324.7579093,49974.74609375,49710.1015625,34642.703125,49894.01171875,50070.4140625,14830.919921875,50332.64453125,50482.66796875,0.0
1762982324.7604609,50940.7890625,50675.69921875,36637.73046875,50864.79296875,51037.08203125,16574.623046875,51299.1328125,51449.6953125,0.0
1762982324.762403,51886.5390625,51621.265625,38861.7265625,51816.80078125,51983.8125,19368.32421875,52246.1328125,52396.87109375,0.0
1762982324.7649016,52771.21875,52505.58984375,41104.0546875,52708.27734375,52867.95703125,22497.568359375,53131.9765625,53282.984375,0.0
1762982324.7673917,53733.23828125,53467.4296875,43786.7109375,53678.25390625,53831.31640625,25761.638671875,54094.62109375,54246.078125,0.0
1762982324.781433,54961.6015625,54694.8125,47466.61328125,54916.8984375,55063.34765625,29727.46484375,55323.33984375,55475.6015625,0.0
1762982324.7836428,56339.6328125,56072.39453125,51722.296875,56306.73046875,56444.328125,34757.3203125,56702.7109375,56855.8671875,0.0
1762982324.7865376,57715.9609375,57448.09765625,55845.92578125,57693.87890625,57823.875,40064.69921875,58079.4921875,58233.00390625,0.0
1762982324.7889955,59066.54296875,58798.14453125,58938.421875,59071.55078125,59178.125,44967.6875,59431.14453125,59585.55078125,0.0
1762982324.7911468,60518.51171875,60249.578125,60728.796875,60542.7421875,60636.08203125,50347.21875,60884.1875,61039.21875,0.0
1762982324.7967248,62093.953125,61823.9453125,62313.625,62125.06640625,62218.41015625,56725.2421875,62459.44921875,62615.10546875,0.0
1762982324.7967477,63703.19140625,63432.28515625,63928.046875,63739.578125,63839.984375,62610.01171875,64067.078125,64223.5390625,0.0
1762982324.802429,65282.7421875,65011.3046875,65512.609375,65324.2265625,65433.9296875,65449.3984375,65644.6640625,65802.109375,0.0
1762982324.807827,66950.71875,66678.8359375,67188.71875,67000.0703125,67105.5703125,67161.453125,67313.3515625,67471.875,0.0
1762982324.8099074,68767.203125,68494.8671875,69013.3359375,68824.0625,68925.09375,68985.3515625,69130.28125,69290.140625,0.0
1762982324.81364,70677.2890625,70404.15625,70929.8671875,70738.4453125,70837.6875,70903.2265625,71040.1953125,71201.484375,0.0
1762982324.8204412,72568.25,72293.953125,72826.9921875,72632.265625,72730.609375,72800.6171875,72931.15625,73093.78125,0.0
1762982324.8329747,74524.296875,74249.4609375,74789.7421875,74591.796875,74688.890625,74763.28125,74887.6484375,75051.078125,0.0
1762982324.832994,76594.78125,76319.9453125,76867.3828125,76666.3046875,76761.9765625,76840.7421875,76958.578125,77123.4453125,0.0
1762982324.835866,78742.609375,78467.0546875,79021.46875,78816.8125,78912.2109375,78996.078125,79106.2265625,79272.7890625,0.0
1762982324.835883,80844.2109375,80568.7421875,81127.2734375,80920.921875,81016.671875,81105.0078125,81208.6328125,81376.359375,0.0
1762982324.8377953,82944.6484375,82669.453125,83228.515625,83022.7890625,83118.5390625,83210.0078125,83310.234375,83478.671875,0.0
1762982324.8423932,85110.53125,84835.421875,85394.7578125,85190.28125,85284.9609375,85376.15625,85476.921875,85646.6171875,0.0
1762982324.8448815,87357.4140625,87082.21875,87642.1796875,87438.421875,87532.5625,87623.3984375,87724.96875,87895.375,0.0
1762982324.8511426,89585.2578125,89310.6015625,89871.359375,89667.9609375,89761.3046875,89852.3203125,89954.6875,90125.90625,0.0
1762982324.8604724,91820.7890625,91546.7578125,92108.328125,91905.546875,91997.640625,92088.8359375,92192.1015625,92364.1171875,0.0
1762982324.8604991,94134.640625,93860.703125,94422.8046875,94221.1875,94312.296875,94402.8671875,94507.46875,94680.0234375,0.0
1762982324.8629885,96536.65625,96263.2421875,96826.0625,96624.8984375,96715.1953125,96805.5859375,96910.8203125,97084.4453125,0.0
1762982324.8630166,98938.75,98666.0546875,99228.875,99028.6953125,99118.0078125,99208.7578125,99314.8828125,99489.046875,0.0
1762982324.8673968,101345.3203125,101072.890625,101636.3359375,101436.9609375,101525.46875,101615.859375,101723.2421875,101898.296875,0.0
1762982324.8736577,103824.21875,103551.703125,104116.7578125,103917.6484375,104005.0,104095.390625,104203.65625,104379.8828125,0.0
1762982324.8761728,106379.109375,106107.046875,106672.8984375,106474.6875,106560.9609375,106651.0,106760.1640625,106937.3671875,0.0
1762982324.8786373,108930.4296875,108658.984375,109225.46875,109028.0625,109113.7109375,109203.1171875,109313.4453125,109491.6328125,0.0
1762982324.8873906,111439.7265625,111169.265625,111736.1953125,111539.59375,111624.4375,111713.3984375,111825.25,112004.2421875,0.0
1762982324.8917296,113943.7421875,113673.734375,114241.203125,114045.84375,114129.171875,114217.953125,114330.96875,114510.9453125,0.0
1762982324.8917515,116453.3125,116183.2109375,116751.5703125,116556.9296875,116639.7265625,116728.234375,116841.9609375,117023.0078125,0.0
1762982324.9023654,118966.1796875,118696.6171875,119265.609375,119071.859375,119153.84375,119241.8203125,119356.890625,119538.65625,0.0
1762982324.911724,121441.859375,121172.4765625,121741.8203125,121548.6171875,121630.2421875,121717.859375,121834.0859375,122016.3046875,0.0
1762982324.911746,123888.9296875,123619.90625,124189.515625,123997.0234375,124078.203125,124165.5546875,124282.765625,124465.78125,0.0
1762982324.9139817,126308.015625,126039.5234375,126609.765625,126417.8984375,126498.0078125,126585.359375,126703.734375,126887.375,0.0
1762982324.916143,128672.3828125,128404.7890625,128975.3828125,128783.875,128863.1796875,128949.9921875,129069.6171875,129254.15625,0.0
1762982324.9186532,130920.7890625,130654.5390625,131224.953125,131033.9765625,131112.484375,131199.03125,131319.8125,131505.0625,0.0
1762982324.9217436,133079.703125,132814.421875,133384.21875,133193.96875,133271.921875,133358.296875,133479.96875,133666.203125,0.0
1762982324.925282,135185.765625,134921.484375,135490.734375,135301.375,135378.359375,135464.625,135587.46875,135773.984375,0.0
1762982324.956782,137247.9375,136984.28125,137553.453125,137364.703125,137441.421875,137526.890625,137650.8125,137837.9375,0.0
1762982324.9568,139213.28125,138950.78125,139519.421875,139331.21875,139407.484375,139492.5,139617.40625,139805.078125,0.0
1762982324.959037,141106.921875,140845.6875,141413.765625,141226.015625,141301.828125,141386.328125,141512.203125,141700.59375,0.0
1762982324.9648936,142973.921875,142713.84375,143281.75,143094.359375,143169.453125,143253.953125,143380.09375,143569.46875,0.0
1762982324.9698937,144843.25,144584.328125,145151.609375,144964.921875,145039.5,145123.984375,145250.765625,145440.484375,0.0
1762982324.9724095,146686.015625,146428.15625,146994.46875,146808.859375,146882.703125,146966.84375,147094.515625,147284.59375,0.0
1762982324.9753163,148522.796875,148266.015625,148831.6875,148646.34375,148720.015625,148803.796875,148932.453125,149122.984375,0.0
1762982324.977391,150405.875,150149.28125,150714.953125,150530.15625,150603.46875,150687.15625,150816.53125,151007.859375,0.0
1762982324.9798934,152364.96875,152109.796875,152674.84375,152490.765625,152563.625,152647.140625,152777.125,152969.09375,0.0
1762982324.9824088,154362.765625,154108.9375,154673.28125,154489.984375,154562.5,154645.734375,154776.453125,154968.765625,0.0
1762982324.9936378,156358.78125,156105.9375,156669.90625,156486.625,156559.140625,156642.1875,156773.71875,156966.203125,0.0
1762982324.996147,158347.1875,158095.140625,158658.859375,158475.75,158548.625,158630.875,158763.546875,158955.875,0.0
1762982324.9986427,160212.75,159962.0625,160525.234375,160342.84375,160415.4375,160497.25,160630.640625,160823.40625,0.0
1762982325.0018797,161646.390625,161396.40625,161958.78125,161777.28125,161849.609375,161931.421875,162065.09375,162258.5625,0.0
1762982325.0036607,162715.609375,162465.984375,163028.171875,162847.046875,162919.546875,163000.8125,163135.28125,163328.3125,0.0
1762982325.0068612,163740.03125,163490.59375,164053.40625,163872.09375,163944.15625,164024.96875,164160.25,164353.640625,0.0
1762982325.0092685,164677.203125,164428.375,164990.65625,164809.96875,164881.765625,164962.3125,165098.03125,165291.421875,0.0
1762982325.011092,165557.046875,165309.3125,165871.046875,165690.71875,165762.15625,165842.796875,165978.96875,166172.359375,0.0
1762982325.0149393,166348.65625,166101.28125,166663.015625,166482.859375,166553.9375,166634.765625,166771.203125,166964.234375,0.0
1762982325.0205169,167046.578125,166799.359375,167361.203125,167181.046875,167252.203125,167333.125,167469.46875,167662.59375,0.0
1762982325.020547,167711.40625,167464.640625,168026.46875,167846.953125,167917.84375,167998.9375,168135.015625,168328.671875,0.0
1762982325.022914,168466.359375,168220.046875,168781.703125,168602.609375,168672.890625,168754.0625,168890.6875,169084.34375,0.0
1762982325.0249057,169281.921875,169035.96875,169597.984375,169418.71875,169488.90625,169569.640625,169706.796875,169900.53125,0.0
1762982325.028465,170086.40625,169840.546875,170402.734375,170223.390625,170293.84375,170374.21875,170511.453125,170705.28125,0.0
1762982325.0284784,170828.21875,170583.25,171144.90625,170965.8125,171036.0,171116.296875,171254.25,171448.171875,0.0
1762982325.02989,171548.75,171304.21875,171866.0625,171687.15625,171757.078125,171837.453125,171975.578125,172169.59375,0.0
1762982325.036144,172231.46875,171987.296875,172549.125,172370.5,172440.046875,172520.515625,172658.46875,172852.75,0.0
1762982325.0389233,172857.671875,172613.328125,173175.328125,172996.875,173066.4375,173146.71875,173285.125,173479.140625,0.0
1762982325.0421603,173420.484375,173176.671875,173738.328125,173560.140625,173629.515625,173709.265625,173848.21875,174042.578125,0.0
1762982325.042174,173953.984375,173710.25,174271.90625,174093.71875,174163.109375,174242.859375,174381.703125,174576.34375,0.0
1762982325.0499084,174431.859375,174188.140625,174749.796875,174571.78125,174640.984375,174721.265625,174859.9375,175054.21875,0.0
1762982325.072108,174807.375,174563.640625,175125.296875,174947.65625,175016.484375,175096.6875,175235.625,175429.828125,0.0
1762982325.0721254,175176.625,174933.078125,175495.0,175317.34375,175386.015625,175465.9375,175605.140625,175799.515625,0.0
1762982325.074056,175582.703125,175339.78125,175901.4375,175723.703125,175792.359375,175872.390625,176011.328125,176206.234375,0.0
1762982325.0786617,175956.78125,175713.421875,176275.34375,176097.6875,176166.0,176246.375,176385.484375,176580.40625,0.0
1762982325.0811265,176258.09375,176015.34375,176576.828125,176399.171875,176467.75,176547.859375,176687.328125,176882.0625,0.0
1762982325.083622,176528.1875,176285.890625,176847.375,176669.890625,176738.46875,176818.21875,176957.875,177152.515625,0.0
1762982325.0923765,176784.96875,176542.125,177103.875,176926.671875,176994.890625,177074.90625,177214.65625,177409.203125,0.0
1762982325.0948668,176999.53125,176756.984375,177318.546875,177141.515625,177209.828125,177289.484375,177429.671875,177624.046875,0.0
1762982325.0979478,177140.09375,176897.34375,177458.90625,177281.625,177349.65625,177429.671875,177569.515625,177764.6875,0.0
1762982325.0979614,177253.71875,177011.25,177573.078125,177395.703125,177463.5625,177543.671875,177683.6875,177878.59375,0.0
1762982325.1004415,177366.28125,177124.0,177685.921875,177508.984375,177576.75,177656.234375,177796.609375,177991.328125,0.0
1762982325.1004496,177450.421875,177207.59375,177769.421875,177592.75,177660.4375,177740.28125,177880.375,178075.375,0.0
1762982325.1023874,177447.015625,177204.015625,177766.03125,177589.0,177657.125,177736.515625,177876.796875,178071.890625,0.0
1762982325.1073785,177406.96875,177164.21875,177726.328125,177548.765625,177617.34375,177696.46875,177837.015625,178031.921875,0.0
1762982325.1099026,177370.84375,177127.65625,177689.765625,177512.90625,177580.59375,177660.25,177800.796875,177995.359375,0.0
1762982325.1167715,177331.234375,177088.234375,177650.0625,177473.21875,177541.171875,177620.65625,177760.921875,177955.65625,0.0
1762982325.1167846,177218.5,176975.578125,177537.859375,177360.5625,177428.515625,177508.078125,177648.09375,177843.359375,0.0
1762982325.1210885,177064.09375,176821.34375,177383.625,177206.0625,177274.375,177353.859375,177494.046875,177688.953125,0.0
1762982325.1311464,176895.46875,176652.640625,177214.5625,177037.359375,177105.671875,177185.140625,177325.25,177519.984375,0.0
1762982325.1336465,176711.203125,176468.015625,177029.765625,176852.546875,176921.046875,177000.796875,177140.359375,177335.34375,0.0
1762982325.136145,176459.078125,176215.96875,176777.984375,176600.515625,176668.734375,176749.109375,176888.234375,177083.3125,0.0
1762982325.1386473,176151.6875,175908.234375,176470.15625,176292.859375,176361.0,176440.921875,176580.671875,176775.21875,0.0
1762982325.1411614,175833.671875,175590.21875,176151.875,175974.75,176042.96875,176122.71875,176262.375,176456.84375,0.0
1762982325.1436539,175511.1875,175268.171875,175829.828125,175652.0,175720.65625,175800.6875,175940.0625,176134.703125,0.0
1762982325.1560996,175127.984375,174884.53125,175446.546875,175268.34375,175337.46875,175417.21875,175556.78125,175751.0625,0.0
1762982325.1561148,174676.03125,174431.765625,174994.140625,174815.953125,174884.890625,174964.90625,175104.203125,175298.21875,0.0
1762982325.1574073,174208.609375,173964.265625,174526.28125,174347.8125,174417.109375,174497.125,174636.328125,174830.4375,0.0
1762982325.1599152,173737.34375,173492.90625,174054.734375,173876.546875,173945.84375,174025.6875,174164.796875,174359.171875,0.0
1762982325.1691976,173208.6875,172963.96875,173526.078125,173347.53125,173417.265625,173497.015625,173635.78125,173830.234375,0.0
1762982325.1729906,172596.609375,172351.71875,172913.90625,172734.828125,172805.015625,172884.84375,173023.078125,173217.53125,0.0
1762982325.1730053,171965.03125,171719.875,172282.15625,172102.984375,172173.171875,172253.09375,172391.40625,172585.34375,0.0
1762982325.1748972,171329.34375,171084.1875,171646.03125,171467.21875,171537.390625,171617.5,171755.1875,171949.390625,0.0
1762982325.1837933,170646.90625,170401.578125,170963.671875,170784.6875,170854.59375,170935.0625,171072.75,171266.765625,0.0
1762982325.1904793,169869.875,169623.640625,170186.09375,170006.390625,170076.84375,170157.84375,170295.0,170488.921875,0.0
1762982325.1904988,169027.828125,168780.984375,169343.4375,169163.734375,169234.28125,169315.015625,169452.0625,169646.34375,0.0
1762982325.196724,168143.234375,167896.390625,168458.671875,168278.515625,168349.40625,168430.328125,168567.203125,168761.046875,0.0
1762982325.196739,167187.75,166940.265625,167502.546875,167322.3125,167393.296875,167474.484375,167610.828125,167804.296875,0.0
1762982325.2033944,166107.265625,165859.078125,166421.625,166241.28125,166312.28125,166393.640625,166529.265625,166722.921875,0.0
1762982325.203408,164972.6875,164724.046875,165286.953125,165106.171875,165176.984375,165258.4375,165393.796875,165587.09375,0.0
1762982325.209191,163832.578125,163584.015625,164146.5625,163965.15625,164036.515625,164117.953125,164253.140625,164446.265625,0.0
1762982325.2231607,162669.390625,162419.765625,162982.484375,162801.0,162872.609375,162953.96875,163088.609375,163281.828125,0.0
1762982325.2231753,161433.421875,161183.625,161746.265625,161564.765625,161636.46875,161717.921875,161852.203125,162045.0625,0.0
1762982325.230478,160143.015625,159892.234375,160455.3125,160273.546875,160345.078125,160426.875,160560.71875,160753.21875,0.0
1762982325.2304924,158801.828125,158550.3125,159113.40625,158931.28125,159003.078125,159085.59375,159218.71875,159410.6875,0.0
1762982325.232409,157426.828125,157174.53125,157737.96875,157555.390625,157627.28125,157710.15625,157842.65625,158034.53125,0.0
1762982325.2392223,155924.53125,155671.59375,156235.921875,156052.5625,156124.53125,156207.5,156339.1875,156531.328125,0.0
1762982325.2392485,154284.625,154030.796875,154595.671875,154411.84375,154484.0,154567.0625,154698.21875,154889.90625,0.0
1762982325.2479825,152539.125,152284.046875,152849.375,152665.109375,152737.609375,152820.765625,152951.109375,153142.71875,0.0
1762982325.2479973,150658.90625,150402.21875,150968.515625,150783.625,150856.3125,150940.359375,151069.375,151260.78125,0.0
1762982325.262322,148548.265625,148290.234375,148857.171875,148672.09375,148745.234375,148829.28125,148957.75,149148.1875,0.0
1762982325.2623484,146223.6875,145964.671875,146531.875,146346.09375,146420.03125,146504.25,146631.5625,146821.546875,0.0
1762982325.2623556,143780.015625,143519.578125,144087.21875,143900.625,143974.828125,144059.765625,144186.109375,144375.5625,0.0
1762982325.2654917,141248.640625,140986.9375,141555.03125,141367.640625,141442.828125,141528.03125,141653.375,141842.03125,0.0
1762982325.2655172,138585.734375,138323.15625,138891.953125,138703.671875,138779.484375,138865.046875,138989.234375,139176.8125,0.0
1762982325.267417,135797.9375,135533.828125,136103.4375,135914.265625,135991.0625,136077.25,136199.921875,136386.59375,0.0
1762982325.2811606,132973.484375,132707.234375,133278.1875,133088.109375,133165.265625,133251.984375,133373.40625,133559.546875,0.0
1762982325.284228,130173.8828125,129906.6484375,130477.328125,130286.8046875,130364.859375,130451.7578125,130572.28125,130757.171875,0.0
1762982325.2842467,127385.1875,127117.59375,127687.296875,127496.234375,127575.359375,127662.7109375,127781.7109375,127965.796875,0.0
1762982325.290481,124570.2109375,124301.6328125,124871.6953125,124679.6484375,124759.484375,124847.1015625,124965.03125,125148.2265625,0.0
1762982325.290501,121837.484375,121567.65625,122137.625,121944.7734375,122025.6875,122113.3046875,122229.984375,122412.5546875,0.0
1762982325.3017316,119251.5703125,118981.2890625,119550.453125,119356.890625,119438.7890625,119526.9453125,119642.28125,119823.7734375,0.0
1762982325.301756,116783.84375,116513.3046875,117081.84375,116887.46875,116969.90625,117058.7734375,117172.859375,117353.28125,0.0
1762982325.3036382,114336.8671875,114066.59375,114634.0546875,114438.96875,114522.5625,114611.1640625,114724.4453125,114904.15625,0.0
1762982325.306151,111976.078125,111705.3515625,112272.28125,112076.390625,112160.4296875,112249.6640625,112361.953125,112540.6796875,0.0
1762982325.3106308,109737.328125,109465.9765625,110032.1875,109835.765625,109920.7890625,110010.109375,110121.5078125,110299.0703125,0.0
1762982325.310649,107585.921875,107314.0390625,107879.984375,107682.84375,107768.765625,107858.078125,107968.140625,108145.4375,0.0
1762982325.3186505,105405.2890625,105133.1328125,105698.546875,105500.59375,105587.234375,105676.640625,105785.625,105962.7421875,0.0
1762982325.3229833,103232.1640625,102960.0078125,103524.5234375,103326.0390625,103413.125,103502.9765625,103611.15625,103787.46875,0.0
1762982325.3230028,101118.3125,100845.890625,101409.6875,101210.3125,101298.109375,101388.765625,101495.96875,101671.296875,0.0
1762982325.3299904,99060.96875,98788.1875,99351.5390625,99151.2734375,99240.3203125,99331.15625,99437.015625,99611.5390625,0.0
1762982325.3336885,96964.1953125,96690.96875,97253.609375,97053.15625,97142.7421875,97233.8515625,97338.8125,97512.4375,0.0
1762982325.338652,94858.5703125,94584.71875,95146.734375,94945.8359375,95036.3125,95127.2421875,95231.4921875,95404.40625,0.0
1762982325.3535903,92829.03125,92554.640625,93116.390625,92914.6875,93005.8828125,93097.078125,93200.4296875,93372.453125,0.0
1762982325.3536072,90890.3359375,90615.8515625,91177.0625,90974.375,91066.375,91158.109375,91260.5703125,91431.515625,0.0
1762982325.3536167,88949.578125,88674.109375,89235.40625,89032.1875,89125.078125,89216.8125,89318.5546875,89489.0546875,0.0
1762982325.3571048,87013.0234375,86737.5546875,87297.9609375,87094.109375,87187.8984375,87279.453125,87380.484375,87550.7109375,0.0
1762982325.3571196,85153.8046875,84878.609375,85438.4765625,85233.8203125,85328.59375,85420.6796875,85520.640625,85689.796875,0.0
1762982325.3586571,83389.359375,83114.0703125,83673.671875,83468.390625,83563.7890625,83655.7890625,83755.03125,83923.5625,0.0
1762982325.3624015,81660.8515625,81385.296875,81944.71875,81738.90625,81834.8359375,81926.75,82025.359375,82193.265625,0.0
1762982325.3715532,79939.5859375,79664.2109375,80222.921875,80016.8359375,80113.0390625,80205.484375,80303.203125,80470.21875,0.0
1762982325.3742337,78311.84375,78036.7421875,78594.8203125,78388.015625,78485.296875,78577.828125,78674.5703125,78840.7734375,0.0
1762982325.3742485,76820.265625,76545.25,77102.4375,76895.28125,76994.078125,77086.609375,77182.6328125,77347.9453125,0.0
1762982325.3864796,75416.578125,75142.1015625,75695.078125,75489.890625,75590.5625,75683.546875,75778.8515625,75943.0078125,0.0
1762982325.3887224,74038.640625,73764.25,74312.21875,74109.359375,74212.625,74305.7890625,74400.109375,74564.078125,0.0
1762982325.392132,72753.6796875,72479.5546875,73022.4375,72821.71875,72927.7578125,73020.828125,73114.6171875,73277.78125,0.0
1762982325.392151,71596.3046875,71322.8984375,71860.953125,71662.375,71770.3828125,71863.8984375,71956.8828125,72118.9765625,0.0
1762982325.3999045,70530.125,70256.8125,70790.8359375,70593.875,70704.296875,70797.8984375,70890.078125,71051.28125,0.0
1762982325.407168,69473.9609375,69200.6484375,69730.3828125,69535.1171875,69647.859375,69742.1875,69832.9296875,69993.6875,0.0
1762982325.4071827,68508.3671875,68235.3203125,68760.8515625,68567.6484375,68682.171875,68776.859375,68866.9765625,69026.9296875,0.0
1762982325.4086535,67681.625,67409.6484375,67931.6015625,67739.828125,67855.875,67950.9140625,68040.9453125,68199.9140625,0.0
1762982325.4111524,66957.515625,66685.984375,67204.6328125,67013.0390625,67132.0390625,67227.2578125,67316.3046875,67475.09375,0.0
1762982325.4136534,66220.625,65949.1796875,66463.8984375,66272.03125,66395.1484375,66490.09375,66578.96875,66736.859375,0.0
1762982325.4199054,65502.05859375,65230.9765625,65741.9375,65549.890625,65676.2265625,65772.0703125,65859.8671875,66017.3125,0.0
1762982325.4303355,64853.859375,64583.40234375,65090.4296875,64898.828125,65028.11328125,65124.13671875,65211.30859375,65368.6640625,0.0
1762982325.4303508,64274.14453125,64003.8671875,64507.94140625,64316.609375,64448.6640625,64544.33203125,64631.59375,64788.5,0.0
1762982325.4374125,63662.2421875,63392.234375,63893.1796875,63701.4921875,63836.40625,63932.609375,64019.15234375,64175.796875,0.0
1762982325.4400165,63020.8359375,62751.09375,63248.64453125,63056.95703125,63194.91015625,63291.47265625,63377.390625,63533.40625,0.0
1762982325.442744,62412.8671875,62143.39453125,62637.546875,62445.58984375,62586.85546875,62683.4140625,62768.6171875,62924.54296875,0.0
1762982325.4453073,61841.6484375,61572.53125,62063.109375,61871.41796875,62015.72265625,62112.73046875,62197.12890625,62352.96484375,0.0
1762982325.447852,61220.1796875,60951.2421875,61438.0625,61246.28515625,61394.1640625,61491.6171875,61575.3046875,61730.24609375,0.0
1762982325.4511535,60539.078125,60270.5,60753.4765625,60561.96484375,60713.2421875,60810.6953125,60894.2890625,61048.60546875,0.0
1762982325.4630022,59891.76953125,59623.7265625,60102.59375,59910.8125,60065.48828125,60163.12109375,60246.26953125,60400.31640625,0.0
1762982325.4630184,59299.5390625,59032.03125,59507.05078125,59315.453125,59472.98828125,59571.42578125,59653.76953125,59807.90625,0.0
1762982325.4654858,58707.12890625,58439.17578125,58910.796875,58719.2890625,58880.21875,58978.92578125,59060.375,59214.421875,0.0
1762982325.4655056,58080.83203125,57812.87890625,58280.12109375,58088.7890625,58253.296875,58352.2734375,58433.0078125,58586.6953125,0.0
1762982325.4761994,57519.4453125,57252.296875,57715.60546875,57524.54296875,57691.91015625,57790.97265625,57871.62109375,58024.7734375,0.0
1762982325.4797978,57067.671875,56800.5234375,57260.79296875,57070.17578125,57240.046875,57339.11328125,57419.30859375,57572.1953125,0.0
1762982325.4798126,56684.83203125,56417.953125,56858.7265625,56683.578125,56857.1171875,56956.44921875,57035.93359375,57188.8203125,0.0
1762982325.4811764,56297.25390625,56030.8203125,56218.3046875,56275.703125,56469.984375,56569.31640625,56647.7265625,56800.5234375,0.0
1762982325.4949045,55982.44921875,55716.1953125,55417.578125,55945.4375,56154.828125,56254.515625,56331.8515625,56484.91796875,0.0
1762982325.5005093,55777.70703125,55511.09765625,54870.13671875,55738.81640625,55949.7265625,56049.7734375,56126.84375,56279.37109375,0.0
1762982325.500523,55638.0546875,55371.3515625,54535.3984375,55598.359375,55809.984375,55910.12109375,55986.5625,56139.359375,0.0
1762982325.5027487,55476.49609375,55209.79296875,54186.53125,55436.44140625,55648.3359375,55748.47265625,55825.09375,55977.80078125,0.0
1762982325.5049293,55357.046875,55090.4375,54035.34375,55316.45703125,55529.15625,55629.29296875,55705.37890625,55858.44140625,0.0
1762982325.507418,55339.43359375,55073.26953125,54237.046875,55299.11328125,55512.078125,55611.94921875,55688.30078125,55840.828125,0.0
1762982325.511845,55414.53515625,55147.92578125,54725.65625,55374.75,55587.09375,55686.6015625,55763.58203125,55915.84375,0.0
1762982325.520697,55461.921875,55195.1328125,55177.25,55425.7109375,55633.8515625,55733.98828125,55810.87890625,55963.2265625,0.0
1762982325.5207143,55493.66015625,55227.40625,55561.34375,55478.4609375,55665.50390625,55765.63671875,55843.51171875,55996.12890625,0.0
1762982325.5226667,55633.13671875,55366.4375,55820.265625,55630.1875,55804.53125,55903.14453125,55983.5234375,56136.05078125,0.0
1762982325.528922,55898.85546875,55631.796875,56091.4375,55898.23046875,56069.35546875,56167.07421875,56249.2421875,56402.21484375,0.0
1762982325.5433574,56199.53125,55932.203125,56394.52734375,56200.87109375,56369.2265625,56465.6953125,56550.18359375,56703.0703125,0.0
1762982325.5433855,56524.078125,56257.375,56722.3828125,56528.3671875,56693.94921875,56788.6328125,56875.4453125,57028.69140625,0.0
1762982325.54491,56937.8515625,56670.703125,57139.375,56945.18359375,57107.19140625,57200.9765625,57289.58203125,57443.00390625,0.0
1762982325.547408,57451.13671875,57183.453125,57656.23828125,57461.421875,57619.84765625,57712.921875,57803.40234375,57956.734375,0.0
1762982325.5511556,57994.64453125,57726.6015625,58203.140625,58008.0546875,58163.17578125,58255.7109375,58347.53125,58500.6875,0.0
1762982325.5604975,58531.7109375,58263.66796875,58744.23046875,58548.87890625,58700.2421875,58791.9765625,58885.31640625,59038.91796875,0.0
1762982325.5605204,59129.0390625,58860.73046875,59345.94140625,59150.23046875,59297.9296875,59388.3203125,59483.62890625,59637.85546875,0.0
1762982325.5633376,59806.4765625,59537.80859375,60027.3125,59831.59765625,59975.1875,60065.30859375,60161.421875,60316.2734375,0.0
1762982325.5633528,60501.2578125,60232.5,60726.296875,60530.31640625,60670.328125,60760.1796875,60856.91796875,61011.68359375,0.0
1762982325.5687158,61160.54296875,60891.16015625,61389.60546875,61193.53515625,61329.5234375,61418.6640625,61516.296875,61671.68359375,0.0
1762982325.5942852,61859.08203125,61589.4296875,62092.1640625,61896.09765625,62028.1484375,62116.75390625,62215.1015625,62370.9375,0.0
1762982325.5943067,62641.83984375,62372.0078125,62879.57421875,62683.14453125,62811.625,62899.8671875,62998.3046875,63154.6796875,0.0
1762982325.5961711,63457.3203125,63187.04296875,63699.43359375,63503.09765625,63627.73046875,63716.421875,63814.6796875,63971.23046875,0.0
1762982325.5987868,64223.08984375,63952.3671875,64469.3203125,64272.80078125,64393.58984375,64482.91015625,64581.16796875,64737.8984375,0.0
1762982325.601159,65021.13671875,64749.96875,65272.19140625,65075.05078125,65192.26171875,65281.4921875,65379.5703125,65537.015625,0.0
1762982325.6036687,65890.796875,65619.359375,66146.234375,65949.1796875,66062.28125,66151.6015625,66249.9453125,66407.6640625,0.0
1762982325.6061497,66819.109375,66547.3125,67078.5703125,66880.890625,66990.8671875,67080.984375,67178.4375,67336.78125,0.0
1762982325.6089854,67731.421875,67459.359375,67994.546875,67795.6171875,67903.890625,67994.546875,68090.9296875,68249.984375,0.0
1762982325.611148,68674.6640625,68402.2421875,68940.828125,68740.46875,68847.578125,68938.4140625,69034.3515625,69193.765625,0.0
1762982325.6143348,69703.2890625,69430.421875,69973.3046875,69770.8828125,69876.5625,69968.296875,70063.2421875,70223.4609375,0.0
1762982325.6161456,70815.15625,70541.9296875,71089.0078125,70885.25,70989.234375,71082.21875,71175.828125,71336.7578125,0.0
1762982325.6192183,71920.046875,71646.109375,72197.5703125,71991.75,72093.9453125,72186.9296875,72280.8984375,72442.8125,0.0
1762982325.6192317,73042.2890625,72767.625,73323.109375,73115.5078125,73216.09375,73308.6328125,73403.21875,73566.125,0.0
1762982325.6300998,74240.0703125,73965.0546875,74522.59375,74314.28125,74413.875,74506.4140625,74601.453125,74765.15625,0.0
1762982325.632969,75524.671875,75249.4765625,75807.1953125,75599.0546875,75697.8515625,75790.1171875,75886.234375,76050.1171875,0.0
1762982325.6329772,76829.296875,76554.1015625,77111.9140625,76904.3984375,77002.4765625,77094.390625,77191.484375,77356.4375,0.0
1762982325.6352365,78156.8125,77881.171875,78439.515625,78232.359375,78330.0859375,78422.0859375,78519.71875,78685.5625,0.0
1762982325.6479728,79589.828125,79314.09375,79872.796875,79666.1796875,79763.1875,79855.1015625,79953.1796875,80120.1015625,0.0
1762982325.6479857,81186.3671875,80910.4609375,81469.5234375,81263.4375,81360.4453125,81451.640625,81550.2578125,81718.0703125,0.0
1762982325.6542196,82757.0703125,82481.3359375,83040.7578125,82834.9453125,82931.1484375,83022.515625,83121.9375,83290.3828125,0.0
1762982325.6542327,84185.703125,83910.328125,84470.2890625,84264.921875,84360.046875,84451.421875,84551.5546875,84720.8046875,0.0
1762982325.668309,85693.4609375,85418.625,85978.4921875,85773.9296875,85868.703125,85959.71875,86060.390625,86229.8125,0.0
1762982325.6683447,87278.9140625,87004.3515625,87564.84375,87360.546875,87454.6875,87545.796875,87647.09375,87816.96875,0.0
1762982325.67144,88957.8046875,88683.5,89244.53125,89040.953125,89134.0234375,89225.3046875,89327.234375,89498.0,0.0
1762982325.6714551,90629.0859375,90354.6953125,90916.0859375,90713.21875,90805.21875,90896.4140625,90999.140625,91170.7109375,0.0
1762982325.6714687,92224.375,91950.4296875,92512.0,92309.3984375,92401.046875,92492.234375,92595.7734375,92767.4296875,0.0
1762982325.677405,93956.1875,93682.421875,94244.703125,94042.8203125,94133.5703125,94224.765625,94328.65625,94501.3046875,0.0
1762982325.6799276,95769.0078125,95495.59375,96058.5,95857.0703125,95947.1953125,96038.1171875,96142.9921875,96316.4453125,0.0
1762982325.682418,97525.5859375,97252.625,97815.890625,97615.3515625,97704.7578125,97795.4140625,97901.09375,98074.8984375,0.0
1762982325.6961453,99344.5703125,99071.6953125,99635.3203125,99435.5859375,99524.453125,99614.84375,99721.0625,99895.765625,0.0
1762982325.6992407,101289.4375,101016.75,101581.0859375,101381.6171875,101470.0390625,101560.0703125,101667.2734375,101842.8671875,0.0
1762982325.699263,103342.7578125,103070.15625,103634.8515625,103436.1875,103523.71875,103613.84375,103721.578125,103897.796875,0.0
1762982325.7104955,105421.6484375,105149.8515625,105715.171875,105517.046875,105603.59375,105693.4453125,105802.2578125,105979.1953125,0.0
1762982325.710518,107551.234375,107279.703125,107845.7421875,107648.328125,107734.34375,107823.390625,107933.5390625,108111.1875,0.0
1762982325.713585,109780.8671875,109509.78125,110076.5390625,109879.75,109964.953125,110053.6484375,110164.6875,110343.5078125,0.0
1762982325.7136045,112107.59375,111836.6015625,112404.421875,112208.265625,112292.6640625,112381.0859375,112493.4765625,112672.2890625,0.0
1762982325.7136168,114452.0234375,114181.5703125,114749.75,114554.390625,114637.9921875,114726.234375,114839.78125,115019.3125,0.0
1762982325.717419,116817.640625,116547.453125,117115.6328125,116921.1796875,117003.96875,117092.125,117206.7421875,117387.1640625,0.0
1762982325.721154,119257.0234375,118987.375,119556.1796875,119362.2578125,119444.1484375,119532.125,119647.4609375,119829.2265625,0.0
1762982325.7324104,121783.125,121514.1953125,122083.8046875,121890.1484375,121971.6015625,122059.21875,122175.625,122358.1015625,0.0
1762982325.739246,124320.5,124051.921875,124622.25,124429.484375,124509.7734375,124597.3046875,124715.0546875,124898.2421875,0.0
1762982325.7392669,126862.15625,126594.4765625,127164.890625,126972.6640625,127052.0625,127139.234375,127258.234375,127442.765625,0.0
1762982325.7555008,129466.5859375,129199.8828125,129770.390625,129578.96875,129657.6484375,129744.375,129864.625,130049.96875,0.0
1762982325.7555218,132136.640625,131871.28125,132441.515625,132250.890625,132328.59375,132415.40625,132536.375,132722.78125,0.0
1762982325.7579951,134805.515625,134541.328125,135110.84375,134921.21875,134998.1875,135084.390625,135206.78125,135394.0,0.0
1762982325.75801,137409.859375,137146.90625,137715.8125,137526.890625,137603.421875,137688.890625,137812.640625,138000.390625,0.0
1762982325.760224,139975.21875,139713.34375,140281.796875,140093.5,140169.671875,140254.703125,140379.15625,140567.890625,0.0
1762982325.764546,142537.625,142277.265625,142845.0,142657.875,142733.0625,142817.46875,142943.34375,143132.984375,0.0
1762982325.7645695,145056.84375,144797.828125,145364.84375,145178.703125,145253.09375,145336.953125,145464.265625,145654.25,0.0
1762982325.773293,147467.78125,147209.40625,147775.703125,147590.09375,147663.671875,147747.8125,147875.921875,148066.8125,0.0
1762982325.773308,149831.890625,149575.203125,150141.0625,149956.15625,150029.125,150112.984375,150242.078125,150433.59375,0.0
1762982325.7753246,152168.984375,151913.546875,152479.046875,152294.875,152367.296875,152450.703125,152580.875,152772.75,0.0
1762982325.7861624,154449.484375,154195.21875,154760.0,154576.453125,154648.6875,154731.484375,154862.8125,155055.046875,0.0
1762982325.7897012,156599.375,156346.53125,156910.59375,156727.578125,156799.734375,156882.15625,157014.578125,157206.984375,0.0
1762982325.7897155,158655.46875,158403.953125,158967.21875,158785.015625,158856.8125,158938.796875,159072.28125,159265.03125,0.0
1762982325.7915637,160646.015625,160395.765625,160959.03125,160776.828125,160848.796875,160930.15625,161064.625,161257.65625,0.0
1762982325.800506,162546.625,162296.65625,162859.828125,162678.59375,162749.9375,162831.125,162966.046875,163159.34375,0.0
1762982325.8005204,164146.65625,163898.015625,164460.65625,164279.96875,164350.953125,164432.3125,164567.3125,164761.15625,0.0
1762982325.802764,165406.3125,165158.203125,165720.40625,165539.890625,165611.328125,165692.421875,165827.6875,166021.609375,0.0
1762982325.8111744,166588.453125,166341.515625,166903.171875,166723.375,166794.53125,166875.0,167011.171875,167205.0,0.0
1762982325.815507,167756.640625,167510.15625,168071.71875,167892.359375,167962.90625,168043.375,168179.984375,168374.0,0.0
1762982325.8155313,168813.875,168567.921875,169129.671875,168950.40625,169020.40625,169101.328125,169238.46875,169432.3125,0.0
1762982325.8238192,169843.3125,169597.796875,170159.28125,169980.109375,170050.296875,170130.9375,170268.71875,170462.546875,0.0
1762982325.827398,170804.96875,170559.46875,171121.390625,170942.65625,171012.484375,171092.859375,171230.828125,171424.5625,0.0
1762982325.8274217,171715.234375,171470.15625,172031.46875,171853.09375,171923.09375,172003.296875,172141.609375,172335.625,0.0
1762982325.8286765,172545.8125,172301.203125,172862.671875,172684.21875,172753.875,172834.0625,172972.46875,173167.28125,0.0
1762982325.8454497,173270.46875,173026.203125,173587.859375,173409.578125,173478.6875,173558.796875,173697.5625,173892.46875,0.0
1762982325.852093,173974.28125,173730.28125,174291.84375,174113.84375,174182.765625,174262.96875,174401.734375,174596.375,0.0
1762982325.8521087,174703.203125,174459.75,175021.234375,174843.75,174912.15625,174992.4375,175131.109375,175326.109375,0.0
1762982325.8535256,175389.9375,175146.21875,175708.328125,175530.671875,175598.984375,175679.171875,175818.203125,176013.203125,0.0
1762982325.8599207,175990.140625,175746.59375,176308.6875,176131.125,176199.25,176279.28125,176418.65625,176613.921875,0.0
1762982325.8627992,176577.0,176334.0,176895.5625,176718.53125,176786.578125,176866.5,177005.96875,177201.421875,0.0
1762982325.8649127,177157.703125,176914.953125,177476.796875,177299.328125,177367.625,177447.203125,177587.203125,177782.828125,0.0
1762982325.8674192,177692.0,177449.078125,178011.265625,177833.96875,177902.28125,177981.3125,178121.59375,178317.21875,0.0
1762982325.8704233,178154.5,177911.671875,178473.6875,178296.75,178364.609375,178443.640625,178584.71875,178780.171875,0.0
1762982325.8727207,178604.125,178361.46875,178923.578125,178746.90625,178814.328125,178893.359375,179034.890625,179230.25,0.0
1762982325.8792543,179061.078125,178818.96875,179380.625,179204.140625,179271.640625,179350.9375,179491.9375,179687.65625,0.0
1762982325.8792706,179501.328125,179259.65625,179820.515625,179644.5625,179712.140625,179791.265625,179932.453125,180127.890625,0.0
1762982325.8861516,179867.53125,179625.875,180187.25,180011.65625,180078.453125,180157.484375,180299.109375,180494.71875,0.0
1762982325.8886497,180182.25,179940.578125,180502.234375,180326.8125,180393.515625,180472.46875,180614.078125,180810.0625,0.0
1762982325.8929808,180495.171875,180253.328125,180814.984375,180639.65625,180706.53125,180784.9375,180926.734375,181122.90625,0.0
1762982325.8929963,180814.171875,180572.78125,181134.25,180958.65625,181025.359375,181104.484375,181246.375,181442.4375,0.0
1762982325.8986373,181084.1875,180843.0625,181404.625,181229.03125,181295.546875,181374.40625,181516.5625,181712.265625,0.0
1762982325.9024272,181289.203125,181047.796875,181609.546875,181434.125,181500.546875,181579.40625,181721.390625,181917.1875,0.0
1762982325.908646,181468.09375,181226.796875,181788.53125,181612.671875,181679.90625,181758.5,181900.5625,182096.453125,0.0
1762982325.920503,181647.625,181406.671875,181968.25,181792.375,181859.609375,181937.9375,182080.359375,182276.15625,0.0
1762982325.920521,181767.34375,181526.21875,182087.59375,181912.28125,181978.875,182057.375,182199.890625,182395.875,0.0
1762982325.9224153,181811.875,181570.65625,182132.390625,181956.984375,182023.3125,182102.171875,182244.515625,182440.671875,0.0
1762982325.9252963,181839.140625,181598.453125,182159.84375,181984.25,182050.859375,182129.53125,182272.3125,182468.296875,0.0
1762982325.9286497,181866.671875,181626.265625,182187.5625,182011.96875,182079.015625,182157.25,182300.203125,182496.09375,0.0
1762982325.9374087,181866.234375,181625.28125,182186.65625,182011.25,182078.03125,182156.171875,182298.953125,182495.296875,0.0
1762982325.9429731,181813.484375,181572.53125,182133.90625,181958.40625,182025.1875,182103.6875,182245.9375,182442.28125,0.0
1762982325.9429884,181735.25,181494.75,182055.765625,181880.265625,181947.5,182025.734375,182167.984375,182364.046875,0.0
1762982325.944909,181654.953125,181414.28125,181975.578125,181799.984375,181866.859375,181945.53125,182087.78125,182283.484375,0.0
1762982325.947413,181538.1875,181296.890625,181858.453125,181682.5,181749.828125,181828.328125,181970.75,182166.28125,0.0
1762982325.9636736,181339.984375,181099.109375,181660.953125,181484.90625,181551.96875,181630.375,181773.15625,181968.78125,0.0
1762982325.9667552,181098.140625,180857.1875,181418.75,181243.0625,181309.765625,181388.53125,181530.6875,181726.484375,0.0
1762982325.9667697,180848.859375,180607.5625,181169.125,180993.34375,181060.140625,181139.265625,181280.96875,181476.953125,0.0
1762982325.9686742,180590.296875,180348.8125,180910.109375,180734.609375,180801.390625,180880.609375,181022.40625,181217.9375,0.0
1762982325.9711835,180265.046875,180024.0,180585.203125,180409.515625,180476.671875,180555.515625,180697.40625,180892.59375,0.0
1762982325.9736624,179899.1875,179658.0625,180219.359375,180043.40625,180110.359375,180189.765625,180331.203125,180526.375,0.0
1762982325.986162,179517.859375,179276.109375,179837.671875,179661.359375,179728.78125,179807.90625,179949.4375,180144.609375,0.0
1762982325.9917612,179115.71875,178873.515625,179435.15625,179258.9375,179326.4375,179405.390625,179546.921875,179742.28125,0.0
1762982325.991785,178634.796875,178392.671875,178954.15625,178778.015625,178845.53125,178924.46875,179065.90625,179261.0,0.0
1762982325.9936678,178102.015625,177859.640625,178421.015625,178244.703125,178312.484375,178391.421875,178532.953125,178727.78125,0.0
1762982325.9986615,177562.359375,177319.703125,177881.359375,177704.609375,177772.734375,177852.125,177993.03125,178187.75,0.0
1762982326.0011718,177022.609375,176779.78125,177341.875,177164.671875,177232.71875,177312.28125,177453.28125,177647.734375,0.0
1762982326.006175,176433.6875,176190.578125,176752.421875,176574.859375,176643.25,176723.0,176863.375,177058.09375,0.0
1762982326.0117977,175803.625,175560.625,176122.28125,175944.796875,176013.203125,176093.125,176232.875,176427.328125,0.0
1762982326.0140643,175158.46875,174915.28125,175477.296875,175299.640625,175368.3125,175448.234375,175588.078125,175782.265625,0.0
1762982326.023594,174503.5625,174259.9375,174822.296875,174644.203125,174712.953125,174792.796875,174932.625,175126.90625,0.0
1762982326.0236115,173804.484375,173560.671875,174122.875,173944.765625,174013.796875,174093.546875,174232.65625,174426.859375,0.0
1762982326.0236192,173057.140625,172812.703125,173374.984375,173196.609375,173266.0,173346.09375,173484.765625,173678.96875,0.0
1762982326.0267627,172308.796875,172064.0,172626.640625,172448.09375,172517.484375,172597.859375,172736.25,172930.1875,0.0
1762982326.0267775,171584.6875,171339.71875,171902.265625,171723.359375,171793.453125,171873.5625,172011.515625,172205.53125,0.0
1762982326.0290632,170847.265625,170602.109375,171164.484375,170985.3125,171055.578125,171135.78125,171273.640625,171467.65625,0.0
1762982326.0374267,170050.46875,169805.140625,170367.5,170187.796875,170258.078125,170338.453125,170476.3125,170670.421875,0.0
1762982326.0448282,169234.09375,168987.875,169550.5,169370.796875,169441.15625,169521.359375,169659.046875,169852.609375,0.0
1762982326.0448432,168418.875,168172.296875,168734.84375,168555.046875,168625.6875,168706.140625,168843.390625,169036.78125,0.0
1762982326.0480132,167571.75,167324.90625,167887.453125,167707.296875,167778.109375,167858.921875,167995.546875,168189.203125,0.0
1762982326.0480275,166638.4375,166391.125,166953.6875,166773.171875,166844.421875,166925.15625,167061.328125,167255.078125,0.0
1762982326.0561695,165644.046875,165396.125,165958.84375,165778.0625,165849.5,165930.328125,166066.234375,166259.25,0.0
1762982326.0692549,164604.515625,164356.40625,164919.046875,164738.09375,164809.34375,164890.4375,165026.15625,165219.359375,0.0
1762982326.0692735,163474.3125,163225.234375,163788.046875,163606.90625,163678.4375,163759.4375,163894.890625,164088.09375,0.0
1762982326.0726712,162150.015625,161900.390625,162463.21875,162281.890625,162353.609375,162434.609375,162569.609375,162762.640625,0.0
1762982326.0726857,160642.359375,160392.1875,160955.359375,160773.25,160845.484375,160926.75,161060.78125,161253.890625,0.0
1762982326.072693,158976.515625,158725.203125,159288.828125,159106.34375,159178.484375,159260.203125,159393.515625,159586.359375,0.0
1762982326.076187,157147.078125,156894.765625,157458.921875,157276.1875,157348.0625,157430.40625,157562.90625,157755.3125,0.0
1762982326.084954,155092.765625,154839.21875,155403.90625,155220.53125,155292.859375,155375.296875,155507.0,155698.765625,0.0
1762982326.0892448,152854.015625,152599.296875,153164.703125,152980.265625,153052.859375,153136.28125,153266.453125,153458.234375,0.0
1762982326.0892673,150520.046875,150263.8125,150829.671875,150644.859375,150717.90625,150801.328125,150931.140625,151122.296875,0.0
1762982326.0979247,148133.421875,147876.640625,148442.953125,148257.609375,148331.015625,148415.046875,148543.796875,148734.234375,0.0
1762982326.1042545,145676.78125,145418.3125,145985.59375,145799.625,145873.296875,145957.703125,146085.28125,146275.09375,0.0
1762982326.1042857,143191.546875,142931.453125,143499.375,143312.328125,143387.15625,143471.828125,143598.15625,143787.265625,0.0
1762982326.1129973,140724.171875,140462.75,141031.015625,140843.4375,140919.078125,141004.015625,141129.28125,141317.390625,0.0
1762982326.1130152,138293.296875,138030.609375,138599.421875,138411.125,138487.484375,138572.859375,138697.046875,138884.1875,0.0
1762982326.1159232,135892.53125,135628.6875,136197.953125,136009.125,136085.828125,136171.84375,136294.78125,136481.453125,0.0
1762982326.115938,133516.28125,133251.265625,133821.234375,133631.34375,133708.671875,133795.140625,133916.8125,134103.046875,0.0
1762982326.129072,131220.21875,130954.140625,131524.46875,131333.9375,131412.078125,131498.53125,131619.421875,131804.9375,0.0
1762982326.1317587,129025.0078125,128758.3046875,129328.8125,129137.75,129216.6015625,129302.8828125,129423.1328125,129608.1171875,0.0
1762982326.131781,126877.5390625,126610.296875,127180.71875,126989.1171875,127068.421875,127155.1484375,127274.328125,127458.6796875,0.0
1762982326.1349103,124726.5859375,124458.453125,125028.8671875,124836.5546875,124916.84375,125003.8359375,125122.2109375,125305.3125,0.0
1762982326.1517537,122619.0859375,122350.59375,122920.1171875,122727.625,122808.359375,122895.7109375,123012.7421875,123195.578125,0.0
1762982326.1517713,120600.359375,120331.875,120900.9453125,120707.5625,120788.7421875,120876.984375,120992.7734375,121174.984375,0.0
1762982326.154251,118626.34375,118357.234375,118926.3046875,118731.7578125,118813.8359375,118901.984375,119017.140625,119198.640625,0.0
1762982326.1542664,116625.4140625,116355.5,116924.125,116729.578125,116811.921875,116900.34375,117014.4296875,117195.1171875,0.0
1762982326.1611536,114667.765625,114397.84375,114965.84375,114770.671875,114854.0859375,114941.9765625,115055.703125,115235.765625,0.0
1762982326.1635273,112795.046875,112524.5859375,113092.0546875,112895.8984375,112980.3828125,113068.71875,113181.1953125,113360.6328125,0.0
1762982326.174255,110961.9296875,110690.9375,111258.140625,111061.4453125,111146.3828125,111235.1640625,111346.6484375,111525.5546875,0.0
1762982326.174284,109084.8359375,108814.015625,109380.6796875,109183.1796875,109269.0078125,109357.8828125,109468.8359375,109647.0234375,0.0
1762982326.1824327,107231.6953125,106960.2578125,107526.734375,107328.8828125,107415.0703125,107504.203125,107614.53125,107791.828125,0.0
1762982326.1903298,105462.953125,105191.15625,105756.9296875,105558.7109375,105645.34375,105735.0234375,105844.1875,106020.6796875,0.0
1762982326.1924212,103783.890625,103512.2734375,104077.1484375,103878.578125,103965.8359375,104055.5078125,104163.875,104339.9140625,0.0
1762982326.1949182,102084.4453125,101812.2890625,102376.984375,102177.6953125,102265.40625,102355.2578125,102462.90625,102638.3203125,0.0
1762982326.1975973,100396.171875,100123.5703125,100687.640625,100487.90625,100576.328125,100666.359375,100773.2890625,100948.171875,0.0
1762982326.1999304,98787.1171875,98514.421875,99077.953125,98877.8671875,98966.6484375,99057.0390625,99163.1640625,99337.328125,0.0
1762982326.2024343,97252.984375,96979.84375,97543.015625,97342.296875,97431.9765625,97522.8125,97628.3984375,97801.7578125,0.0
1762982326.2052624,95732.6171875,95459.390625,96022.0234375,95821.125,95911.4296875,96002.265625,96107.234375,96279.7890625,0.0
1762982326.207453,94236.75,93963.34375,94525.625,94324.1015625,94414.84375,94506.1328125,94610.203125,94782.3984375,0.0
1762982326.2355108,92806.1484375,92532.2890625,93094.75,92892.421875,92983.796875,93074.9921875,93178.4375,93350.8125,0.0
1762982326.2355368,91472.375,91198.34375,91760.796875,91557.7578125,91649.7578125,91741.21875,91843.859375,92015.96875,0.0
1762982326.2400904,90185.359375,89910.8828125,90472.984375,90269.3984375,90361.8515625,90453.7578125,90555.6796875,90727.2578125,0.0
1762982326.2424276,88923.828125,88649.078125,89210.640625,89006.3515625,89099.6875,89191.3359375,89292.8984375,89463.7578125,0.0
1762982326.2453015,87756.171875,87481.2421875,88042.453125,87837.796875,87931.859375,88023.3203125,88124.7109375,88294.9375,0.0
1762982326.247866,86696.0703125,86420.7890625,86981.640625,86777.34375,86871.21875,86962.8671875,87063.4453125,87234.03125,0.0
1762982326.2524047,85679.0703125,85404.0546875,85964.3671875,85759.7109375,85854.0390625,85945.859375,86046.0859375,86216.1328125,0.0
1762982326.2549095,84657.328125,84382.21875,84942.4453125,84737.078125,84832.1171875,84924.0234375,85023.8046875,85193.3203125,0.0
1762982326.2615793,83701.2109375,83426.015625,83985.703125,83780.6875,83875.640625,83967.640625,84067.2421875,84236.0390625,0.0
1762982326.2666593,82839.3203125,82564.0390625,83123.1015625,82917.734375,83013.6640625,83105.4921875,83204.28125,83372.7265625,0.0
1762982326.2714145,82028.3125,81752.7578125,82311.640625,82105.921875,82202.296875,82294.1171875,82392.6484375,82560.734375,0.0
1762982326.2767572,81191.375,80915.9140625,81474.9765625,81268.265625,81365.1796875,81457.359375,81555.171875,81722.9921875,0.0
1762982326.276778,80403.7890625,80128.4140625,80687.03125,80480.234375,80577.4140625,80669.5078125,80767.140625,80934.8671875,0.0
1762982326.2793276,79727.2421875,79452.0546875,80010.21875,79803.8671875,79901.0546875,79993.140625,80090.7734375,80258.0546875,0.0
1762982326.283687,79141.8125,78866.6171875,79424.6015625,79218.0703125,79315.4375,79407.5234375,79504.8046875,79671.8125,0.0
1762982326.2865143,78561.2890625,78285.9140625,78843.9921875,78636.9296875,78734.5625,78827.0078125,78923.8359375,79090.4921875,0.0
1762982326.2953627,78041.65625,77766.28125,78324.1796875,78117.0234375,78214.9296875,78307.640625,78404.203125,78570.2265625,0.0
1762982326.2974193,77610.1796875,77334.984375,77892.796875,77685.7265625,77783.5390625,77876.34375,77972.8984375,78138.484375,0.0
1762982326.2999332,77256.0390625,76981.375,77538.921875,77332.03125,77430.203125,77522.828125,77618.7578125,77784.34375,0.0
1762982326.3049223,76851.6484375,76576.8984375,77134.4453125,76927.375,77025.546875,77118.078125,77214.1953125,77379.59375,0.0
1762982326.3079941,76436.796875,76161.875,76719.5078125,76511.9921875,76610.0703125,76702.7890625,76799.078125,76964.03125,0.0
1762982326.30801,76089.9921875,75815.421875,76372.9609375,76165.09375,76263.6171875,76356.3359375,76452.265625,76616.953125,0.0
1762982326.3099062,75807.2890625,75532.625,76090.078125,75882.390625,75981.0,76073.984375,76169.7421875,76334.1640625,0.0
1762982326.3176591,75470.0390625,75195.3828125,75751.9453125,75544.34375,75643.2265625,75736.296875,75832.140625,75996.46875,0.0
1762982326.3199165,75076.5625,74801.8125,75356.9453125,75150.4140625,75249.921875,75342.90625,75438.2109375,75602.453125,0.0
1762982326.3228557,74725.5546875,74451.25,75004.9453125,74799.1328125,74899.359375,74992.34375,75087.46875,75251.4453125,0.0
1762982326.3249328,74440.703125,74166.3984375,74719.0234375,74513.4765625,74614.5078125,74707.4921875,74802.53125,74966.234375,0.0
1762982326.3284357,74122.4140625,73847.84375,74399.0390625,74193.578125,74295.953125,74388.6640625,74483.4375,74647.140625,0.0
1762982326.328451,73739.484375,73465.2734375,74014.6796875,73810.0234375,73913.109375,74006.2734375,74100.4140625,74264.2109375,0.0
1762982326.3299391,73407.515625,73133.2109375,73681.0078125,73477.34375,73581.140625,73674.390625,73768.4453125,73931.6171875,0.0
1762982326.3324313,73159.140625,72885.1953125,73432.1015625,73228.5234375,73333.3046875,73426.0234375,73520.5234375,73683.3359375,0.0
1762982326.3349376,72911.6640625,72637.71875,73182.65625,72980.4140625,73085.828125,73178.5390625,73272.7734375,73435.765625,0.0
1762982326.3379972,72608.125,72334.1796875,72877.5078125,72676.1640625,72782.109375,72875.09375,72968.796875,73131.875,0.0
1762982326.338012,72365.03125,72091.265625,72633.25,72432.4375,72539.015625,72632.265625,72725.78125,72888.5078125,0.0
1762982326.341154,72231.8125,71958.2265625,72499.140625,72298.6875,72405.9765625,72498.8671875,72592.4765625,72755.109375,0.0
1762982326.363446,72148.484375,71875.1640625,72415.71875,72215.453125,72322.9140625,72415.6328125,72509.6015625,72671.875,0.0
1762982326.3634632,72034.3984375,71760.9921875,72301.1875,72101.1875,72208.65625,72301.546875,72395.15625,72557.4296875,0.0
1762982326.3649225,71984.3359375,71710.8359375,72250.5859375,72050.4921875,72158.5,72251.75,72345.09375,72507.09375,0.0
1762982326.3705206,72047.6328125,71774.046875,72314.421875,72113.8828125,72221.9765625,72315.3203125,72408.5703125,72570.84375,0.0
1762982326.3726768,72198.375,71924.6953125,72465.25,72264.8046875,72372.4453125,72465.609375,72559.0390625,72721.4921875,0.0
1762982326.3787339,72318.890625,72045.1328125,72586.0390625,72385.7734375,72492.7890625,72586.1328125,72679.46875,72842.1953125,0.0
1762982326.3811755,72473.65625,72199.984375,72741.609375,72540.890625,72647.4609375,72740.984375,72834.859375,72997.046875,0.0
1762982326.3840225,72726.234375,72452.375,72994.6328125,72794.09375,72900.21875,72993.6484375,73087.4375,73249.9765625,0.0
1762982326.3873618,73073.21875,72799.453125,73343.2265625,73141.6171875,73247.3828125,73340.640625,73434.0703125,73597.5,0.0
1762982326.3873854,73403.9375,73130.0859375,73674.75,73472.6015625,73577.8359375,73671.171875,73764.875,73928.7578125,0.0
1762982326.387396,73749.671875,73475.640625,74022.09375,73819.140625,73923.75,74017.0,74110.96875,74274.9375,0.0
1762982326.3899248,74192.59375,73918.5625,74466.71875,74263.046875,74366.40625,74459.296875,74553.890625,74718.0390625,0.0
1762982326.3928182,74729.0390625,74454.9140625,75005.125,74800.65625,74903.0234375,74995.9140625,75090.6875,75255.015625,0.0
1762982326.4036736,75256.984375,74982.953125,75534.6875,75329.671875,75431.1484375,75523.953125,75618.90625,75783.859375,0.0
1762982326.4080005,75792.4453125,75518.140625,76071.9296875,75866.4765625,75966.5234375,76059.328125,76154.5390625,76319.6796875,0.0
1762982326.4080276,76419.2734375,76144.7109375,76701.0,76494.46875,76593.265625,76685.890625,76781.734375,76947.1328125,0.0
1762982326.4196453,77169.21875,76894.1171875,77452.28125,77244.859375,77343.2109375,77435.65625,77531.5859375,77697.6171875,0.0
1762982326.4196606,77948.671875,77673.75,78231.9140625,78024.7578125,78122.8359375,78214.8359375,78311.3984375,78477.78125,0.0
1762982326.4241395,78719.8046875,78444.8828125,79003.40625,78796.34375,78893.796875,78985.96875,79083.25,79249.7265625,0.0
1762982326.4271145,79593.3125,79317.9375,79876.734375,79670.1171875,79766.8515625,79859.296875,79956.578125,80123.765625,0.0
1762982326.4271288,80585.9140625,80310.0,80869.6875,80663.15625,80759.5390625,80851.71875,80949.7109375,81117.5234375,0.0
1762982326.4286916,81630.9921875,81355.078125,81914.5859375,81708.953125,81804.703125,81896.8828125,81995.4140625,82163.5859375,0.0
1762982326.4374373,82666.5,82390.6796875,82950.3671875,82745.0,82840.84375,82932.484375,83031.546875,83200.078125,0.0
1762982326.4421732,83788.109375,83512.734375,84072.6953125,83867.5078125,83962.8125,84054.546875,84153.7890625,84322.671875,0.0
1762982326.442188,85041.1484375,84766.1328125,85326.1796875,85121.078125,85216.296875,85308.03125,85407.8984375,85577.0546875,0.0
1762982326.457415,86385.296875,86110.28125,86671.21875,86466.3828125,86560.796875,86652.796875,86753.296875,86922.6328125,0.0
1762982326.4688675,87718.890625,87443.9609375,88004.9921875,87801.0546875,87894.84375,87986.3046875,88087.78125,88257.7421875,0.0
1762982326.4688828,89117.390625,88843.0,89404.1171875,89200.8125,89293.6171875,89384.984375,89486.9140625,89657.6796875,0.0
1762982326.4688945,90637.046875,90363.0078125,90924.484375,90721.53125,90813.7109375,90905.171875,91007.7265625,91179.1171875,0.0
1762982326.4711802,92246.0078125,91972.3359375,92534.3515625,92332.0234375,92423.3046875,92514.765625,92617.8515625,92789.9609375,0.0
1762982326.4736767,93827.9765625,93554.390625,94116.9453125,93915.1484375,94005.984375,94096.9140625,94200.625,94373.8046875,0.0
1762982326.4760163,95426.9296875,95153.6171875,95716.4296875,95515.0859375,95605.390625,95696.2265625,95800.7421875,95974.28125,0.0
1762982326.4836843,97108.40625,96835.5390625,97398.7109375,97197.90625,97287.578125,97378.421875,97483.828125,97657.9921875,0.0
1762982326.4861674,98872.0546875,98599.359375,99162.890625,98963.0703125,99051.7578125,99142.6015625,99248.453125,99423.15625,0.0
1762982326.4886527,100604.3125,100331.7109375,100896.046875,100696.4921875,100784.734375,100875.0390625,100981.875,101157.5625,0.0
1762982326.4967644,102324.859375,102052.6171875,102617.671875,102418.9140625,102506.265625,102596.296875,102703.859375,102879.8125,0.0
1762982326.4967797,104109.6015625,103837.625,104403.0390625,104205.0,104291.546875,104381.578125,104489.8515625,104666.1640625,0.0
1762982326.5035808,105960.953125,105689.421875,106255.28125,106057.3359375,106143.4296875,106232.75,106342.453125,106519.5703125,0.0
1762982326.5035956,107795.5859375,107523.96875,108090.71875,107892.859375,107978.78125,108067.9140625,108178.421875,108355.8046875,0.0
1762982326.5036027,109604.9140625,109333.65625,109900.8515625,109703.7109375,109788.9140625,109877.9609375,109989.0078125,110167.375,0.0
1762982326.5067427,111469.40625,111198.5,111765.96875,111569.453125,111654.03125,111742.90625,111854.484375,112034.0078125,0.0
1762982326.5067668,113428.4921875,113157.9453125,113725.6796875,113529.7890625,113614.015625,113702.34375,113815.1796875,113995.0625,0.0
1762982326.5199206,115462.3203125,115191.8671875,115759.9609375,115564.6953125,115648.2890625,115736.7109375,115850.2578125,116030.6796875,0.0
1762982326.52677,117463.609375,117193.8671875,117762.4921875,117567.765625,117650.46875,117738.8046875,117853.3359375,118034.46875,0.0
1762982326.5267968,119342.40625,119072.9375,119642.3671875,119448.265625,119529.984375,119618.3203125,119733.3828125,119914.96875,0.0
1762982326.5286767,121275.03125,121005.8203125,121575.8828125,121381.8671875,121463.5,121551.3828125,121667.078125,121849.5546875,0.0
1762982326.5328052,123245.109375,122976.171875,123546.4140625,123352.9375,123434.296875,123521.6484375,123638.9453125,123821.9609375,0.0
1762982326.5421546,125212.78125,124944.109375,125514.4375,125321.859375,125402.3203125,125489.671875,125607.6875,125791.3359375,0.0
1762982326.5421693,127281.921875,127013.703125,127584.296875,127392.25,127472.359375,127559.1796875,127677.5546875,127862.625,0.0
1762982326.548016,129398.546875,129131.3984375,129701.3671875,129510.3046875,129589.609375,129675.890625,129795.8671875,129981.2109375,0.0
1762982326.548041,131528.75,131263.046875,131832.46875,131642.03125,131720.625,131806.71875,131927.78125,132113.5625,0.0
1762982326.5642593,133546.140625,133281.3125,133850.65625,133660.9375,133738.984375,133825.09375,133946.5,134133.09375,0.0
1762982326.5642805,135499.328125,135235.65625,135805.09375,135615.640625,135692.890625,135778.625,135901.203125,136088.515625,0.0
1762982326.5667763,137470.125,137207.078125,137776.0625,137587.328125,137664.21875,137749.609375,137873.078125,138060.734375,0.0
1762982326.5711813,139447.53125,139185.03125,139753.84375,139565.90625,139642.078125,139726.9375,139851.390625,140039.59375,0.0
1762982326.5740833,141331.25,141070.0,141638.0,141450.25,141526.328125,141610.734375,141736.171875,141925.0,0.0
1762982326.5794065,143166.859375,142906.328125,143474.25,143287.109375,143362.578125,143446.703125,143572.765625,143762.5,0.0
1762982326.5810342,145014.109375,144754.546875,145322.28125,145135.609375,145210.078125,145294.578125,145421.078125,145610.890625,0.0
1762982326.5942876,146885.65625,146627.1875,147194.5625,147008.234375,147082.359375,147166.578125,147293.890625,147484.5,0.0
1762982326.5997908,148708.046875,148450.546875,149016.765625,148831.421875,148905.1875,148989.046875,149117.078125,149308.3125,0.0
1762982326.5998044,150503.78125,150247.0,150812.859375,150628.0625,150701.375,150784.96875,150913.984375,151105.3125,0.0
1762982326.6011822,152371.9375,152116.59375,152681.828125,152497.5625,152570.328125,152653.484375,152783.84375,152975.4375,0.0
1762982326.611577,154357.671875,154103.65625,154668.09375,154484.625,154556.859375,154639.75,154771.265625,154962.953125,0.0
1762982326.6136737,156408.390625,156155.546875,156719.625,156536.34375,156608.484375,156691.015625,156823.421875,157015.640625,0.0
1762982326.6162422,158502.75,158251.15625,158814.515625,158631.953125,158704.1875,158786.078125,158919.296875,159111.796875,0.0
1762982326.6186917,160702.609375,160451.921875,161015.09375,160833.421875,160905.125,160986.84375,161120.5,161313.265625,0.0
1762982326.6215706,163015.390625,162766.21875,163328.765625,163147.625,163219.234375,163300.59375,163435.515625,163628.359375,0.0
1762982326.6236782,165315.828125,165068.0,165630.375,165449.671875,165520.9375,165602.203125,165737.921875,165931.3125,0.0
1762982326.6287043,167219.75,166973.4375,167535.265625,167355.390625,167426.375,167507.375,167643.453125,167837.296875,0.0
1762982326.6336913,168692.828125,168447.5,169009.234375,168829.53125,168900.609375,168981.078125,169117.78125,169311.703125,0.0
1762982326.6371443,170186.453125,169941.75,170503.5,170324.140625,170394.859375,170474.96875,170612.390625,170806.140625,0.0
1762982326.637161,171572.09375,171327.734375,171889.578125,171710.484375,171780.671875,171860.515625,171998.65625,172192.578125,0.0
1762982326.644938,172794.109375,172550.203125,173111.859375,172932.953125,173002.6875,173082.796875,173221.296875,173415.390625,0.0
1762982326.6478612,174048.921875,173805.109375,174366.765625,174188.3125,174257.6875,174338.078125,174476.65625,174671.46875,0.0
1762982326.6499405,175218.546875,174975.09375,175537.109375,175358.734375,175427.765625,175507.96875,175647.078125,175841.71875,0.0
1762982326.6530132,176377.796875,176135.15625,176696.890625,176519.15625,176587.8125,176667.65625,176807.5,177002.484375,0.0
1762982326.6530519,177472.328125,177230.03125,177791.59375,177614.125,177682.875,177762.53125,177902.8125,178097.8125,0.0
1762982326.655238,178496.21875,178254.09375,178816.015625,178639.171875,178707.21875,178786.515625,178927.0625,179122.421875,0.0
1762982326.657966,179635.609375,179393.859375,179955.953125,179779.921875,179846.796875,179926.359375,180067.265625,180263.15625,0.0
